# Blender 4.5.3 LTS
# www.blender.org
o Gun
v 0.467128 0.992985 -0.239268
v 0.467128 0.992985 -0.331124
v 0.469287 1.253031 -0.239268
v 0.469287 1.253031 -0.331124
v 0.073147 0.992985 -0.394446
v 0.073147 1.253031 -0.394446
v 0.107843 1.253031 -0.394446
v 0.073147 0.992985 -0.239268
v 0.073147 1.253031 -0.239268
v 0.309487 1.253031 -0.364018
v 0.373023 1.253031 -0.394446
v 0.370866 0.992985 -0.394446
v 0.307868 0.992985 -0.364018
v 0.314068 0.992985 -0.394446
v 0.315956 1.253031 -0.394446
v 0.107573 0.992985 -0.394446
v 0.157956 1.253031 -0.364018
v 0.157416 0.992985 -0.364018
v 0.164424 1.253031 -0.394446
v 0.163615 0.992985 -0.394446
v 0.233722 1.253031 -0.364018
v 0.232643 0.992985 -0.364018
v 0.240190 1.253031 -0.394446
v 0.238841 0.992985 -0.394446
v -0.262731 1.489964 -0.187869
v -0.262731 1.489964 -0.245839
v -0.262731 1.558378 -0.245839
v -0.358330 1.438497 -0.226267
v -0.422934 1.438497 -0.245839
v -0.422934 1.609846 -0.245839
v -0.691873 1.489964 -0.245839
v -0.691873 1.489964 -0.187869
v -0.691873 1.558378 -0.187869
v -0.640407 1.609846 -0.245839
v -0.691873 1.558378 -0.245839
v -0.430821 1.438497 -0.226267
v -0.430821 1.609846 -0.226267
v -0.314198 1.438497 -0.245839
v -0.350443 1.438497 -0.245839
v -0.350443 1.609846 -0.245839
v -0.314198 1.609846 -0.245839
v -0.640407 1.438497 -0.245839
v -0.358330 1.609846 -0.226267
v -0.314198 1.438497 -0.187869
v -0.262731 1.558378 -0.187869
v -0.640407 1.438497 -0.187869
v -0.640407 1.609846 -0.187869
v -0.314198 1.609846 -0.187869
v -0.575803 1.609846 -0.226267
v -0.575803 1.438497 -0.226267
v -0.503313 1.438497 -0.226267
v -0.567915 1.438497 -0.245839
v -0.567916 1.609846 -0.245839
v -0.495425 1.438497 -0.245839
v -0.495425 1.609846 -0.245839
v -0.503313 1.609846 -0.226267
v -0.278682 1.454448 -0.187869
v -0.267450 1.471467 -0.187869
v -0.658903 1.605126 -0.245839
v -0.687155 1.576875 -0.245839
v -0.675922 1.593894 -0.245839
v -0.278682 1.454448 -0.245839
v -0.295701 1.443216 -0.245839
v -0.675922 1.454448 -0.245839
v -0.658903 1.443216 -0.245839
v -0.267450 1.471467 -0.245839
v -0.278682 1.593894 -0.245839
v -0.295702 1.605126 -0.245839
v -0.267450 1.576875 -0.245839
v -0.295701 1.443216 -0.187869
v -0.278682 1.593894 -0.187869
v -0.267450 1.576875 -0.187869
v -0.675922 1.454448 -0.187869
v -0.687155 1.471467 -0.187869
v -0.675922 1.593894 -0.187869
v -0.687155 1.576875 -0.187869
v -0.658903 1.605126 -0.187869
v -0.687155 1.471467 -0.245839
v -0.295702 1.605126 -0.187869
v -0.658903 1.443216 -0.187869
v -2.074752 1.419842 -0.163181
v -2.074752 1.419842 -0.205529
v -2.168962 1.419842 -0.205529
v -2.165626 1.821667 -0.205529
v -2.392588 1.821667 -0.222888
v -2.486907 1.821667 -0.222888
v -2.074752 1.821667 -0.205529
v -2.629145 1.821667 -0.163181
v -2.629145 1.552382 -0.163181
v -2.301944 1.419842 -0.264426
v -2.255202 1.419842 -0.264426
v -2.251866 1.821667 -0.264426
v -2.629145 1.552382 -0.264426
v -2.581985 1.821667 -0.264426
v -2.629145 1.821667 -0.264426
v -2.422775 1.419843 -0.163181
v -2.300769 1.419842 -0.222888
v -2.298268 1.821667 -0.222888
v -2.299026 1.821667 -0.264426
v -2.487666 1.821667 -0.264426
v -2.488784 1.462237 -0.264426
v -2.487654 1.461511 -0.222888
v -2.582296 1.522293 -0.264426
v -2.422775 1.419843 -0.235403
v -2.394255 1.419843 -0.222888
v -2.395430 1.419843 -0.264426
v -2.393345 1.821667 -0.264426
v -2.074752 1.821667 -0.163181
v 0.871936 1.104392 -0.331124
v 0.760528 0.992985 -0.331124
v 0.868140 1.075558 -0.331124
v 0.857010 1.048689 -0.331124
v 0.839305 1.025615 -0.331124
v 0.816232 1.007910 -0.331124
v 0.789362 0.996781 -0.331124
v 0.760527 1.253031 -0.331124
v 0.871936 1.141623 -0.331124
v 0.789362 1.249235 -0.331124
v 0.816232 1.238105 -0.331124
v 0.839305 1.220401 -0.331124
v 0.857010 1.197327 -0.331124
v 0.868140 1.170458 -0.331124
v 0.871936 1.141623 -0.239268
v 0.760527 1.253031 -0.239268
v 0.868140 1.170458 -0.239268
v 0.857010 1.197327 -0.239268
v 0.839305 1.220401 -0.239268
v 0.816232 1.238105 -0.239268
v 0.789362 1.249235 -0.239268
v 0.760528 0.992985 -0.239268
v 0.871936 1.104392 -0.239268
v 0.789362 0.996781 -0.239268
v 0.816232 1.007910 -0.239268
v 0.839305 1.025615 -0.239268
v 0.857010 1.048689 -0.239268
v 0.868140 1.075558 -0.239268
v -0.433050 0.913647 -0.028806
v -0.785468 1.004930 -0.025824
v -0.329554 1.430718 -0.028806
v -0.345037 1.430718 -0.035010
v -0.382078 1.430718 -0.025824
v -0.800893 1.430718 -0.025824
v -0.557480 1.091580 -0.025824
v -0.563558 1.101993 -0.025824
v -0.556121 1.067802 -0.025824
v -0.554917 1.079798 -0.025824
v -0.668075 1.205270 -0.025824
v -0.579410 1.041687 -0.025824
v -0.568998 1.047765 -0.025824
v -0.560972 1.056763 -0.025824
v -0.547654 1.193191 -0.025824
v -0.549568 1.174118 -0.025824
v -0.557280 1.156570 -0.025824
v -0.543791 1.342052 -0.025824
v -0.521112 1.327477 -0.025824
v -0.531298 1.336560 -0.025824
v -0.482151 0.913647 -0.025824
v -0.671513 0.913647 -0.025824
v -0.570039 1.142265 -0.025824
v -0.539056 1.259214 -0.025824
v -0.551729 1.211922 -0.025824
v -0.561391 1.228476 -0.025824
v -0.575698 1.241235 -0.025824
v -0.565972 1.257675 -0.025824
v -0.593245 1.248948 -0.025824
v -0.578466 1.263167 -0.025824
v -0.588652 1.272250 -0.025824
v -0.612318 1.250862 -0.025824
v -0.647602 1.237125 -0.025824
v -0.597070 1.310954 -0.025824
v -0.660361 1.222818 -0.025824
v -0.629303 1.063618 -0.025824
v -0.623224 1.053205 -0.025824
v -0.586594 1.132601 -0.025824
v -0.583594 1.114869 -0.025824
v -0.605325 1.128528 -0.025824
v -0.595591 1.116072 -0.025824
v -0.614227 1.045180 -0.025824
v -0.624397 1.130441 -0.025824
v -0.617785 1.107432 -0.025824
v -0.625810 1.098433 -0.025824
v -0.631048 1.246787 -0.025824
v -0.598433 1.297374 -0.025824
v -0.656251 1.150913 -0.025824
v -0.641945 1.138154 -0.025824
v -0.630662 1.087396 -0.025824
v -0.607372 1.113509 -0.025824
v -0.603189 1.040328 -0.025824
v -0.557371 1.343415 -0.025824
v -0.591191 1.039124 -0.025824
v -0.665914 1.167468 -0.025824
v -0.572556 1.110018 -0.025824
v -0.669988 1.186197 -0.025824
v -0.527269 1.266094 -0.025824
v -0.518185 1.276279 -0.025824
v -0.570707 1.340513 -0.025824
v -0.582495 1.333633 -0.025824
v -0.591578 1.323447 -0.025824
v -0.595532 1.284038 -0.025824
v -0.514232 1.315689 -0.025824
v -0.512693 1.288773 -0.025824
v -0.511330 1.302353 -0.025824
v -0.446536 0.913647 -0.035399
v -0.552392 1.256313 -0.025824
v -0.631865 1.075399 -0.025824
v -0.445573 0.959466 -0.028806
v -0.433734 1.248719 -0.028806
v -0.404015 1.316070 -0.028806
v -0.461446 1.102342 -0.028806
v -0.453186 1.176671 -0.028806
v -0.365529 1.379018 -0.028806
v -0.509660 1.102996 -0.025824
v -0.506452 1.026113 -0.025824
v -0.480858 1.255131 -0.025824
v -0.501075 1.180248 -0.025824
v -0.412588 1.386757 -0.025824
v -0.450060 1.324983 -0.025824
v -0.458349 1.028325 -0.028806
v -0.493401 0.955413 -0.025824
v -0.378811 1.381165 -0.035262
v -0.446546 1.250464 -0.035453
v -0.416676 1.318523 -0.035393
v -0.474409 1.102517 -0.035512
v -0.466104 1.177637 -0.035494
v -0.458513 0.958370 -0.035479
v -0.471297 1.027729 -0.035506
v 0.467128 0.992985 0.239268
v 0.467128 0.992985 0.331124
v 0.469287 1.253031 0.239268
v 0.469287 1.253031 0.331124
v 0.073147 0.992985 0.394446
v 0.073147 1.253031 0.394446
v 0.107843 1.253031 0.394446
v 0.073147 0.992985 0.239268
v 0.073147 1.253031 0.239268
v 0.309487 1.253031 0.364018
v 0.373023 1.253031 0.394446
v 0.370866 0.992985 0.394446
v 0.307868 0.992985 0.364018
v 0.314068 0.992985 0.394446
v 0.315956 1.253031 0.394446
v 0.107573 0.992985 0.394446
v 0.157956 1.253031 0.364018
v 0.157416 0.992985 0.364018
v 0.164424 1.253031 0.394446
v 0.163615 0.992985 0.394446
v 0.233722 1.253031 0.364018
v 0.232643 0.992985 0.364018
v 0.240190 1.253031 0.394446
v 0.238841 0.992985 0.394446
v -0.262731 1.489964 0.187869
v -0.262731 1.489964 0.245839
v -0.262731 1.558378 0.245839
v -0.358330 1.438497 0.226267
v -0.422934 1.438497 0.245839
v -0.422934 1.609846 0.245839
v -0.691873 1.489964 0.245839
v -0.691873 1.489964 0.187869
v -0.691873 1.558378 0.187869
v -0.640407 1.609846 0.245839
v -0.691873 1.558378 0.245839
v -0.430821 1.438497 0.226267
v -0.430821 1.609846 0.226267
v -0.314198 1.438497 0.245839
v -0.350443 1.438497 0.245839
v -0.350443 1.609846 0.245839
v -0.314198 1.609846 0.245839
v -0.640407 1.438497 0.245839
v -0.358330 1.609846 0.226267
v -0.314198 1.438497 0.187869
v -0.262731 1.558378 0.187869
v -0.640407 1.438497 0.187869
v -0.640407 1.609846 0.187869
v -0.314198 1.609846 0.187869
v -0.575803 1.609846 0.226267
v -0.575803 1.438497 0.226267
v -0.503313 1.438497 0.226267
v -0.567915 1.438497 0.245839
v -0.567916 1.609846 0.245839
v -0.495425 1.438497 0.245839
v -0.495425 1.609846 0.245839
v -0.503313 1.609846 0.226267
v -0.278682 1.454448 0.187869
v -0.267450 1.471467 0.187869
v -0.658903 1.605126 0.245839
v -0.687155 1.576875 0.245839
v -0.675922 1.593894 0.245839
v -0.278682 1.454448 0.245839
v -0.295701 1.443216 0.245839
v -0.675922 1.454448 0.245839
v -0.658903 1.443216 0.245839
v -0.267450 1.471467 0.245839
v -0.278682 1.593894 0.245839
v -0.295702 1.605126 0.245839
v -0.267450 1.576875 0.245839
v -0.295701 1.443216 0.187869
v -0.278682 1.593894 0.187869
v -0.267450 1.576875 0.187869
v -0.675922 1.454448 0.187869
v -0.687155 1.471467 0.187869
v -0.675922 1.593894 0.187869
v -0.687155 1.576875 0.187869
v -0.658903 1.605126 0.187869
v -0.687155 1.471467 0.245839
v -0.295702 1.605126 0.187869
v -0.658903 1.443216 0.187869
v -2.074752 1.419842 0.163181
v -2.074752 1.419842 0.205529
v -2.168962 1.419842 0.205529
v -2.165626 1.821667 0.205529
v -2.392588 1.821667 0.222888
v -2.486907 1.821667 0.222888
v -2.074752 1.821667 0.205529
v -2.629145 1.821667 0.163181
v -2.629145 1.552382 0.163181
v -2.301944 1.419842 0.264426
v -2.255202 1.419842 0.264426
v -2.251866 1.821667 0.264426
v -2.629145 1.552382 0.264426
v -2.581985 1.821667 0.264426
v -2.629145 1.821667 0.264426
v -2.422775 1.419843 0.163181
v -2.300769 1.419842 0.222888
v -2.298268 1.821667 0.222888
v -2.299026 1.821667 0.264426
v -2.487666 1.821667 0.264426
v -2.488784 1.462237 0.264426
v -2.487654 1.461511 0.222888
v -2.582296 1.522293 0.264426
v -2.422775 1.419843 0.235403
v -2.394255 1.419843 0.222888
v -2.395430 1.419843 0.264426
v -2.393345 1.821667 0.264426
v -2.074752 1.821667 0.163181
v 0.871936 1.104392 0.331124
v 0.760528 0.992985 0.331124
v 0.868140 1.075558 0.331124
v 0.857010 1.048689 0.331124
v 0.839305 1.025615 0.331124
v 0.816232 1.007910 0.331124
v 0.789362 0.996781 0.331124
v 0.760527 1.253031 0.331124
v 0.871936 1.141623 0.331124
v 0.789362 1.249235 0.331124
v 0.816232 1.238105 0.331124
v 0.839305 1.220401 0.331124
v 0.857010 1.197327 0.331124
v 0.868140 1.170458 0.331124
v 0.871936 1.141623 0.239268
v 0.760527 1.253031 0.239268
v 0.868140 1.170458 0.239268
v 0.857010 1.197327 0.239268
v 0.839305 1.220401 0.239268
v 0.816232 1.238105 0.239268
v 0.789362 1.249235 0.239268
v 0.760528 0.992985 0.239268
v 0.871936 1.104392 0.239268
v 0.789362 0.996781 0.239268
v 0.816232 1.007910 0.239268
v 0.839305 1.025615 0.239268
v 0.857010 1.048689 0.239268
v 0.868140 1.075558 0.239268
v -0.433050 0.913647 0.028806
v -0.785468 1.004930 0.025824
v -0.329554 1.430718 0.028806
v -0.345037 1.430718 0.035010
v -0.382078 1.430718 0.025824
v -0.800893 1.430718 0.025824
v -0.557480 1.091580 0.025824
v -0.563558 1.101993 0.025824
v -0.556121 1.067802 0.025824
v -0.554917 1.079798 0.025824
v -0.668075 1.205270 0.025824
v -0.579410 1.041687 0.025824
v -0.568998 1.047765 0.025824
v -0.560972 1.056763 0.025824
v -0.547654 1.193191 0.025824
v -0.549568 1.174118 0.025824
v -0.557280 1.156570 0.025824
v -0.543791 1.342052 0.025824
v -0.521112 1.327477 0.025824
v -0.531298 1.336560 0.025824
v -0.482151 0.913647 0.025824
v -0.671513 0.913647 0.025824
v -0.570039 1.142265 0.025824
v -0.539056 1.259214 0.025824
v -0.551729 1.211922 0.025824
v -0.561391 1.228476 0.025824
v -0.575698 1.241235 0.025824
v -0.565972 1.257675 0.025824
v -0.593245 1.248948 0.025824
v -0.578466 1.263167 0.025824
v -0.588652 1.272250 0.025824
v -0.612318 1.250862 0.025824
v -0.647602 1.237125 0.025824
v -0.597070 1.310954 0.025824
v -0.660361 1.222818 0.025824
v -0.629303 1.063618 0.025824
v -0.623224 1.053205 0.025824
v -0.586594 1.132601 0.025824
v -0.583594 1.114869 0.025824
v -0.605325 1.128528 0.025824
v -0.595591 1.116072 0.025824
v -0.614227 1.045180 0.025824
v -0.624397 1.130441 0.025824
v -0.617785 1.107432 0.025824
v -0.625810 1.098433 0.025824
v -0.631048 1.246787 0.025824
v -0.598433 1.297374 0.025824
v -0.656251 1.150913 0.025824
v -0.641945 1.138154 0.025824
v -0.630662 1.087396 0.025824
v -0.607372 1.113509 0.025824
v -0.603189 1.040328 0.025824
v -0.557371 1.343415 0.025824
v -0.591191 1.039124 0.025824
v -0.665914 1.167468 0.025824
v -0.572556 1.110018 0.025824
v -0.669988 1.186197 0.025824
v -0.527269 1.266094 0.025824
v -0.518185 1.276279 0.025824
v -0.570707 1.340513 0.025824
v -0.582495 1.333633 0.025824
v -0.591578 1.323447 0.025824
v -0.595532 1.284038 0.025824
v -0.514232 1.315689 0.025824
v -0.512693 1.288773 0.025824
v -0.511330 1.302353 0.025824
v -0.446536 0.913647 0.035399
v -0.552392 1.256313 0.025824
v -0.631865 1.075399 0.025824
v -0.445573 0.959466 0.028806
v -0.433734 1.248719 0.028806
v -0.404015 1.316070 0.028806
v -0.461446 1.102342 0.028806
v -0.453186 1.176671 0.028806
v -0.365529 1.379018 0.028806
v -0.509660 1.102996 0.025824
v -0.506452 1.026113 0.025824
v -0.480858 1.255131 0.025824
v -0.501075 1.180248 0.025824
v -0.412588 1.386757 0.025824
v -0.450060 1.324983 0.025824
v -0.458349 1.028325 0.028806
v -0.493401 0.955413 0.025824
v -0.378811 1.381165 0.035262
v -0.446546 1.250464 0.035453
v -0.416676 1.318523 0.035393
v -0.474409 1.102517 0.035512
v -0.466104 1.177637 0.035494
v -0.458513 0.958370 0.035479
v -0.471297 1.027729 0.035506
v -0.329554 1.430718 0.000000
v -0.433050 0.913647 0.000000
v -0.445573 0.959466 0.000000
v -0.404015 1.316070 0.000000
v -0.453186 1.176671 0.000000
v -0.365529 1.379018 0.000000
v -0.433734 1.248719 0.000000
v -0.458349 1.028325 0.000000
v -0.461446 1.102342 0.000000
v -0.539056 1.259214 0.000000
v -0.625810 1.098433 0.000000
v -0.557280 1.156570 0.000000
v -0.612318 1.250862 0.000000
v -0.547654 1.193191 0.000000
v -0.552392 1.256313 0.000000
v -0.665914 1.167468 0.000000
v -0.631865 1.075399 0.000000
v -0.603189 1.040328 0.000000
v -0.630662 1.087396 0.000000
v -0.572556 1.110018 0.000000
v -0.578466 1.263167 0.000000
v -0.568998 1.047765 0.000000
v -0.565972 1.257675 0.000000
v -0.583594 1.114869 0.000000
v -0.575698 1.241235 0.000000
v -0.549568 1.174118 0.000000
v -0.647602 1.237125 0.000000
v -0.595591 1.116072 0.000000
v -0.512693 1.288773 0.000000
v -0.527269 1.266094 0.000000
v -0.582495 1.333633 0.000000
v -0.591578 1.323447 0.000000
v -0.660361 1.222818 0.000000
v -0.641945 1.138154 0.000000
v -0.511330 1.302353 0.000000
v -0.521112 1.327477 0.000000
v -0.570039 1.142265 0.000000
v -0.597070 1.310954 0.000000
v -0.668075 1.205270 0.000000
v -0.551729 1.211922 0.000000
v -0.591191 1.039124 0.000000
v -0.629303 1.063618 0.000000
v -0.624397 1.130441 0.000000
v -0.543791 1.342052 0.000000
v -0.607372 1.113509 0.000000
v -0.623224 1.053205 0.000000
v -0.570707 1.340513 0.000000
v -0.560972 1.056763 0.000000
v -0.586594 1.132601 0.000000
v -0.557480 1.091580 0.000000
v -0.588652 1.272250 0.000000
v -0.669988 1.186197 0.000000
v -0.614227 1.045180 0.000000
v -0.605325 1.128528 0.000000
v -0.557371 1.343415 0.000000
v -0.531298 1.336560 0.000000
v -0.556121 1.067802 0.000000
v -0.518185 1.276279 0.000000
v -0.631048 1.246787 0.000000
v -0.593245 1.248948 0.000000
v -0.617785 1.107432 0.000000
v -0.579410 1.041687 0.000000
v -0.561391 1.228476 0.000000
v -0.563558 1.101993 0.000000
v -0.514232 1.315689 0.000000
v -0.554917 1.079798 0.000000
v -0.595532 1.284038 0.000000
v -0.598433 1.297374 0.000000
v -0.656251 1.150913 0.000000
v 2.780696 2.399239 -0.145267
v 3.917414 2.399239 -0.145618
v -0.146903 1.978405 -0.258689
v -0.146903 1.978405 -0.292570
v 2.431494 2.399239 -0.145267
v 0.224029 2.399238 -0.145618
v -0.418068 1.877275 -0.258689
v -0.418068 1.877275 -0.292570
v -0.331843 1.978405 -0.292570
v -0.125174 2.399238 -0.145618
v -1.903440 2.399238 -0.145618
v -1.903440 1.877275 -0.292570
v -0.059548 1.877275 -0.258732
v 0.069833 1.732475 -0.258148
v -1.903440 2.029781 -0.292570
v 2.486761 2.307930 -0.181936
v 2.725428 2.307930 -0.181936
v 0.168760 2.307930 -0.181936
v -0.069906 2.307930 -0.181936
v 3.917414 2.341830 -0.102522
v 2.556988 2.341829 -0.102522
v -0.069906 2.307930 -0.133067
v 2.725428 2.307930 -0.133067
v -0.331843 1.978405 -0.258689
v 2.486761 2.307930 -0.133067
v 0.168760 2.307930 -0.133067
v -0.058804 1.876555 -0.291900
v 1.239342 1.732474 -0.258148
v 3.917414 1.871871 -0.292570
v 3.917414 2.029782 -0.292570
v 3.917414 2.029782 -0.220513
v 3.917414 1.871871 -0.220513
v 3.458548 1.871871 -0.242464
v 3.572004 1.871871 -0.242464
v 2.410623 1.871869 -0.292570
v 2.240570 2.007171 -0.292570
v 3.551911 2.029782 -0.292570
v 3.572004 2.009688 -0.292570
v 1.496414 2.007171 -0.292570
v 3.458548 2.009688 -0.292570
v 3.458548 1.871871 -0.292570
v 3.478642 2.029782 -0.292570
v 3.551911 2.029782 -0.242464
v 3.458548 2.009688 -0.242464
v 3.478642 2.029782 -0.242464
v 3.572004 2.009688 -0.242464
v 3.572004 1.871871 -0.292570
v 1.374173 1.876547 -0.291900
v 2.556988 2.029782 -0.220513
v 2.556988 1.948933 -0.220513
v 2.479925 1.871869 -0.220513
v 1.239342 1.732474 -0.238017
v -0.616886 1.877275 -0.238017
v 2.240570 2.007171 -0.238017
v 1.496414 2.007171 -0.238017
v 0.069833 1.732475 -0.238017
v -0.059548 1.877275 -0.238061
v -1.903440 1.877275 -0.238017
v -0.694846 1.436743 -0.238017
v -0.051710 1.436743 -0.238017
v 2.410623 1.871869 -0.238017
v -0.694846 1.436743 -0.183809
v -0.051710 1.436743 -0.183809
v -0.736745 1.792075 -0.238017
v -0.992439 1.792076 -0.238017
v -0.718155 1.725422 -0.238017
v -0.727009 1.790740 -0.238017
v -0.501402 1.790740 -0.238017
v -0.510256 1.784891 -0.238017
v -0.736745 1.718239 -0.238017
v -1.236889 1.719575 -0.238017
v -1.228035 1.725422 -0.238017
v -0.727009 1.719574 -0.238017
v -1.246626 1.718238 -0.238017
v -0.491664 1.718239 -0.238017
v -0.514826 1.775674 -0.238017
v -1.502320 1.718238 -0.238017
v -1.525480 1.775675 -0.238017
v -1.512055 1.790740 -0.238017
v -1.520910 1.784891 -0.238017
v -1.015600 1.734639 -0.238017
v -1.223465 1.734639 -0.238017
v -0.491665 1.792075 -0.238017
v -1.002176 1.719575 -0.238017
v -0.510256 1.725422 -0.238017
v -0.501401 1.719574 -0.238017
v -1.525480 1.734639 -0.238017
v -1.015600 1.775675 -0.238017
v -0.226234 1.719574 -0.238017
v -0.217381 1.725422 -0.238017
v -0.212811 1.734640 -0.238017
v -1.246626 1.792076 -0.238017
v -1.502320 1.792076 -0.238017
v -1.520910 1.725422 -0.238017
v -1.512055 1.719573 -0.238017
v -0.235971 1.718239 -0.238017
v -0.713585 1.775674 -0.238017
v -1.011030 1.725422 -0.238017
v -1.236889 1.790740 -0.238017
v -1.002176 1.790740 -0.238017
v -1.011030 1.784891 -0.238017
v -0.514826 1.734639 -0.238017
v -0.212811 1.775674 -0.238017
v -0.713585 1.734639 -0.238017
v -0.217381 1.784891 -0.238017
v -0.226234 1.790740 -0.238017
v -0.235971 1.792075 -0.238017
v -0.491664 1.718239 -0.206039
v -0.510256 1.784891 -0.206039
v -0.514826 1.775674 -0.206039
v -0.501402 1.719574 -0.206039
v -0.212811 1.734640 -0.206039
v -0.510256 1.725422 -0.206039
v -1.223465 1.775675 -0.206039
v -1.223465 1.775675 -0.238017
v -1.525480 1.734639 -0.206039
v -1.502320 1.718238 -0.206039
v -1.246626 1.718238 -0.206039
v -1.502320 1.792076 -0.206039
v -1.228035 1.784891 -0.206039
v -1.223465 1.734639 -0.206039
v -1.228035 1.725422 -0.206039
v -1.246626 1.792076 -0.206039
v -1.512055 1.719573 -0.206039
v -1.520910 1.725422 -0.206039
v -1.525480 1.775675 -0.206039
v -1.520910 1.784891 -0.206039
v -1.236889 1.790740 -0.206039
v -1.512055 1.790740 -0.206039
v -1.236889 1.719575 -0.206039
v -1.228035 1.784891 -0.238017
v -0.992439 1.718239 -0.238017
v -0.992439 1.718239 -0.206039
v -0.992439 1.792076 -0.206039
v -0.736745 1.718239 -0.206039
v -0.718155 1.784891 -0.206039
v -0.713585 1.775674 -0.206039
v -0.736745 1.792075 -0.206039
v -0.713585 1.734639 -0.206039
v -0.718155 1.725422 -0.206039
v -1.002176 1.719575 -0.206039
v -1.011030 1.725422 -0.206039
v -1.015600 1.775675 -0.206039
v -1.015600 1.734639 -0.206039
v -1.011030 1.784891 -0.206039
v -0.727009 1.790740 -0.206039
v -0.727009 1.719574 -0.206039
v -1.002176 1.790740 -0.206039
v -0.718155 1.784891 -0.238017
v -0.212811 1.775674 -0.206039
v -0.217381 1.784891 -0.206039
v -0.491665 1.792075 -0.206039
v -0.235971 1.718239 -0.206039
v -0.235971 1.792075 -0.206039
v -0.217381 1.725422 -0.206039
v -0.514826 1.734639 -0.206039
v -0.226234 1.790740 -0.206039
v -0.501402 1.790740 -0.206039
v -0.226234 1.719574 -0.206039
v -0.094732 1.610827 -0.238017
v -0.114316 1.612678 -0.238017
v -0.632242 1.612678 -0.238017
v -0.651824 1.610827 -0.238017
v -0.670467 1.603106 -0.238017
v -0.685274 1.588297 -0.238017
v -0.692995 1.569656 -0.238017
v -0.694846 1.550072 -0.238017
v -0.076091 1.603106 -0.238017
v -0.051710 1.550072 -0.238017
v -0.053561 1.569656 -0.238017
v -0.061283 1.588297 -0.238017
v -0.053561 1.569656 -0.183809
v -0.051710 1.550072 -0.183809
v -0.632242 1.612678 -0.183809
v -0.114316 1.612678 -0.183809
v -0.094732 1.610827 -0.183809
v -0.076091 1.603106 -0.183809
v -0.694846 1.550072 -0.183809
v -0.692995 1.569656 -0.183809
v -0.685274 1.588297 -0.183809
v -0.670467 1.603106 -0.183809
v -0.651824 1.610827 -0.183809
v -0.061283 1.588297 -0.183809
v 0.067560 0.990803 -0.331124
v 0.067560 0.990803 -0.238017
v 1.056382 0.713729 -0.331124
v 1.071229 1.437030 -0.331124
v 0.067560 1.255212 -0.331124
v 0.067560 1.436743 -0.331124
v 2.155410 1.727034 -0.331124
v 1.992711 1.889732 -0.253155
v 1.367404 1.727034 -0.331124
v 0.332983 0.646952 -0.306401
v 0.023544 0.646952 -0.306401
v -0.131399 0.713729 -0.331124
v -0.292025 0.199291 -0.147733
v 1.533566 1.889732 -0.253155
v -1.094767 -0.358291 -0.147733
v -1.041733 -0.658158 -0.072443
v -0.937007 -0.708748 -0.072443
v 0.757244 0.362055 -0.054078
v 2.410623 0.917912 -0.133553
v -0.500803 0.199291 -0.147733
v -0.756429 -0.156697 -0.147733
v -1.058284 -0.151254 -0.147733
v 2.410623 1.436743 -0.238017
v -0.779910 -0.492811 -0.147733
v 1.664422 0.918303 -0.133809
v 0.977586 0.214093 -0.054078
v -0.997121 -0.162287 -0.147733
v -0.921612 -0.169726 -0.147733
v -0.845833 -0.167853 -0.147733
v 0.762710 1.255212 -0.331124
v 0.874117 1.143804 -0.331124
v 0.791543 1.251416 -0.331124
v 0.818414 1.240287 -0.331124
v 0.841487 1.222582 -0.331124
v 0.859192 1.199508 -0.331124
v 0.870322 1.172639 -0.331124
v 0.874117 1.102211 -0.331124
v 0.762710 0.990803 -0.331124
v 0.870322 1.073376 -0.331124
v 0.859192 1.046507 -0.331124
v 0.841487 1.023434 -0.331124
v 0.818414 1.005729 -0.331124
v 0.791543 0.994599 -0.331124
v 1.533566 1.221037 -0.331124
v 2.410623 1.221037 -0.331124
v 2.410623 1.436743 -0.331124
v 0.992895 0.203812 -0.133553
v 2.211738 0.917912 -0.133553
v 0.813906 0.167767 -0.054078
v 0.776009 0.122604 -0.054078
v 0.753748 0.149133 -0.054078
v 0.840108 0.099273 -0.054078
v 0.741904 0.181676 -0.054078
v 0.799964 0.191915 -0.054078
v 0.806002 0.105288 -0.054078
v 0.741904 0.216308 -0.054078
v 0.804806 0.219374 -0.054078
v 0.799964 0.206071 -0.054078
v 0.854049 0.237297 -0.054078
v 0.840108 0.239756 -0.054078
v 0.826166 0.237297 -0.054078
v 0.875409 0.219374 -0.054078
v 0.813906 0.230219 -0.054078
v 0.866310 0.230219 -0.054078
v 0.880251 0.206071 -0.054078
v 0.926467 0.149133 -0.054078
v 0.875409 0.178612 -0.054078
v 0.880251 0.191915 -0.054078
v 0.854049 0.160688 -0.054078
v 0.866310 0.167767 -0.054078
v 0.904206 0.122604 -0.054078
v 0.874214 0.105288 -0.054078
v 0.826166 0.160688 -0.054078
v 0.840108 0.158230 -0.054078
v 0.804806 0.178612 -0.054078
v 1.712716 0.969449 -0.167144
v 2.096722 1.047659 -0.218119
v 1.775281 1.029671 -0.206395
v 1.849050 1.070633 -0.233093
v 1.931651 1.087870 -0.244328
v 2.161542 0.993728 -0.182968
v 2.018702 1.079795 -0.239065
v 0.067560 1.255212 -0.238017
v 0.067560 1.436743 -0.238017
v 1.992711 1.889732 -0.238017
v 1.533566 1.889732 -0.238017
v 1.367404 1.727034 -0.238017
v 1.071229 1.437030 -0.238017
v 3.545810 2.399239 -0.145443
v 2.971967 2.399239 -0.145354
v 2.240570 2.029782 -0.292570
v 1.496414 2.029780 -0.292570
v 1.376241 2.399240 -0.145443
v -0.146903 2.029780 -0.292570
v -0.331843 2.029780 -0.292570
v -1.903440 1.436742 -0.238017
v -1.121346 1.877275 -0.238017
v -0.625202 2.704525 -0.091500
v -0.711218 2.627430 -0.082381
v -0.711218 2.627430 -0.104857
v 0.787531 2.704035 -0.092124
v 1.192330 2.580156 -0.113048
v -0.518198 2.704525 -0.091500
v -0.313654 2.580156 -0.113048
v -0.125174 2.580156 -0.113048
v 1.646524 2.704526 -0.091500
v 1.978518 2.704526 -0.091500
v 2.234262 2.704035 -0.092124
v 2.971967 2.399142 -0.074787
v -0.468147 2.399141 -0.145618
v -0.965927 2.399141 -0.145618
v 0.063172 2.704035 -0.092124
v -0.564862 2.627430 -0.104857
v 1.693188 2.627431 -0.104857
v 1.931854 2.627431 -0.104857
v 3.488400 2.480598 -0.130297
v 3.766047 2.704036 -0.092124
v 3.029377 2.480598 -0.130297
v -0.069906 2.506619 -0.096792
v 0.224029 2.580156 -0.113048
v 0.168760 2.506619 -0.096792
v 3.029377 2.480598 -0.074787
v 3.216465 2.399142 -0.040224
v 3.258888 2.480598 -0.040224
v -0.564862 2.627430 -0.082381
v 1.931854 2.627431 -0.082381
v 1.693188 2.627431 -0.082381
v 3.908895 2.550214 -0.118236
v 3.898612 2.597034 -0.110124
v 3.873214 2.641883 -0.102354
v 3.833833 2.677245 -0.096227
v 3.786486 2.697691 -0.092685
v 1.670505 2.851943 -0.045632
v 1.591270 2.851943 -0.045632
v 1.591270 2.851943 -0.066217
v 1.670505 2.828282 -0.090381
v 1.670505 2.792150 -0.021468
v 1.591270 2.792150 -0.021468
v 1.591270 2.828283 -0.021468
v 3.659760 2.792151 -0.022351
v 3.659760 2.827679 -0.022351
v 3.485757 2.827679 -0.022351
v 3.620147 2.867292 -0.022351
v 3.525371 2.867292 -0.022351
v 3.485757 2.792151 -0.022351
v 3.187222 2.792150 -0.090381
v 3.155609 2.810425 -0.063959
v -0.486053 2.792149 -0.021468
v -0.258471 2.792150 -0.021468
v -0.258471 2.828305 -0.021468
v -0.176958 2.828304 -0.021468
v -0.176958 2.792150 -0.021468
v -0.097723 2.792150 -0.021468
v -0.016210 2.828302 -0.021468
v -0.016210 2.792150 -0.021468
v 0.063025 2.792150 -0.021468
v 0.144538 2.828299 -0.021468
v 0.144538 2.792150 -0.021468
v 0.223773 2.792150 -0.021468
v 0.305286 2.828298 -0.021468
v 0.305286 2.792150 -0.021468
v 0.384521 2.792150 -0.021468
v 0.466034 2.828296 -0.021468
v 0.466034 2.792150 -0.021468
v 0.545269 2.792150 -0.021468
v 0.626782 2.828295 -0.021468
v 0.626782 2.792150 -0.021468
v 0.706017 2.792150 -0.021468
v 0.787531 2.828292 -0.021468
v 0.787531 2.792150 -0.021468
v 0.866765 2.792150 -0.021468
v 0.948278 2.828291 -0.021468
v 0.948278 2.792150 -0.021468
v 1.027513 2.792150 -0.021468
v 1.109026 2.828289 -0.021468
v 1.109026 2.792150 -0.021468
v 1.188261 2.792150 -0.021468
v 1.269774 2.828287 -0.021468
v 1.269774 2.792150 -0.021468
v 1.349009 2.792150 -0.021468
v 1.430522 2.828284 -0.021468
v 1.430522 2.792150 -0.021468
v 1.509757 2.792150 -0.021468
v 1.752018 2.828281 -0.021468
v 1.752018 2.792150 -0.021468
v 1.831253 2.792150 -0.021468
v 1.912766 2.828279 -0.021468
v 1.912766 2.792150 -0.021468
v 1.992002 2.792150 -0.021468
v 2.073515 2.828277 -0.021468
v 2.073515 2.792150 -0.021468
v 2.152748 2.792150 -0.021468
v 2.234262 2.828275 -0.021468
v 2.234262 2.792150 -0.021468
v 2.513063 2.851943 -0.045325
v 2.513063 2.828273 -0.021468
v 3.071621 2.792150 -0.021468
v 3.187222 2.792150 -0.026866
v 3.155609 2.810425 -0.045325
v 2.513063 2.828273 -0.090381
v 2.234263 2.792150 -0.090381
v 2.152748 2.828276 -0.090381
v 2.152750 2.792150 -0.090381
v 2.073515 2.792150 -0.090381
v 1.992002 2.828278 -0.090381
v 1.912766 2.792150 -0.090381
v 1.831253 2.828281 -0.090381
v 1.752018 2.792150 -0.090381
v 1.670505 2.792150 -0.090381
v 1.591270 2.792150 -0.090381
v 1.509757 2.828284 -0.090381
v 1.430522 2.792150 -0.090381
v 1.349009 2.828285 -0.090381
v 1.349009 2.792150 -0.090381
v 1.269774 2.792150 -0.090381
v 1.188261 2.828288 -0.090381
v 1.188261 2.792150 -0.090381
v 1.027513 2.828289 -0.090381
v 0.948278 2.792150 -0.090381
v 0.866765 2.828291 -0.090381
v 0.866765 2.792150 -0.090381
v 0.787531 2.792150 -0.090381
v 0.706017 2.828293 -0.090381
v 0.545269 2.828296 -0.090381
v 0.466034 2.792150 -0.090381
v 0.384521 2.828297 -0.090381
v 0.384521 2.792150 -0.090381
v 0.305286 2.792150 -0.090381
v 0.223773 2.828299 -0.090381
v 0.223773 2.792150 -0.090381
v 0.063025 2.828300 -0.090381
v 0.063025 2.792150 -0.090381
v -0.097723 2.828303 -0.090381
v -0.097723 2.792150 -0.090381
v -0.176958 2.792150 -0.090381
v -0.258471 2.828305 -0.090381
v -0.258471 2.792150 -0.090381
v -0.486053 2.792150 -0.090381
v 2.152748 2.851943 -0.066217
v 2.073515 2.851943 -0.066217
v 2.073515 2.851943 -0.045632
v 1.992002 2.851943 -0.066217
v 1.912766 2.851943 -0.066217
v 1.912766 2.851943 -0.045632
v 1.831253 2.851943 -0.066217
v 1.752018 2.851943 -0.066217
v 1.752018 2.851943 -0.045632
v 1.430522 2.851943 -0.066217
v 1.430522 2.851943 -0.045632
v 1.509757 2.851943 -0.045632
v 1.269774 2.851943 -0.066217
v 1.269774 2.851943 -0.045632
v 1.349009 2.851943 -0.045632
v 1.188261 2.851943 -0.066217
v 1.109026 2.851943 -0.066217
v 1.109026 2.851943 -0.045632
v 1.027513 2.851943 -0.066217
v 0.948278 2.851943 -0.066217
v 0.948278 2.851943 -0.045632
v 0.866765 2.851943 -0.066217
v 0.787531 2.851943 -0.066217
v 0.787531 2.851943 -0.045632
v 0.626782 2.851943 -0.066217
v 0.626782 2.851943 -0.045632
v 0.706017 2.851943 -0.045632
v 0.466034 2.851942 -0.066217
v 0.466034 2.851942 -0.045632
v 0.545269 2.851943 -0.045632
v 0.305286 2.851942 -0.066217
v 0.305286 2.851942 -0.045632
v 0.384521 2.851942 -0.045632
v 0.223773 2.851942 -0.066217
v 0.144538 2.851942 -0.066217
v 0.144538 2.851942 -0.045632
v 0.063025 2.851942 -0.066217
v -0.016210 2.851942 -0.066217
v -0.016210 2.851942 -0.045632
v -0.097723 2.851942 -0.066217
v -0.176958 2.851942 -0.066217
v -0.176958 2.851942 -0.045632
v 2.234262 2.851943 -0.045325
v 2.513063 2.851943 -0.065911
v -0.258471 2.851942 -0.066217
v -0.439893 2.851942 -0.066217
v -0.439893 2.851942 -0.045632
v 3.071621 2.792150 -0.090381
v -0.458172 2.828307 -0.021468
v -0.458172 2.828307 -0.090381
v -0.097723 2.828303 -0.021468
v 0.063025 2.828300 -0.021468
v 0.223773 2.828299 -0.021468
v 0.384521 2.828297 -0.021468
v 0.545269 2.828296 -0.021468
v 0.706017 2.828293 -0.021468
v 0.866765 2.828291 -0.021468
v 1.027513 2.828289 -0.021468
v 1.188261 2.828288 -0.021468
v 1.349009 2.828285 -0.021468
v 1.509757 2.828284 -0.021468
v 1.831253 2.828281 -0.021468
v 1.992002 2.828278 -0.021468
v 2.152748 2.828276 -0.021468
v -0.097723 2.851942 -0.045632
v 0.063025 2.851942 -0.045632
v 0.223773 2.851942 -0.045632
v 0.866765 2.851943 -0.045632
v 1.027513 2.851943 -0.045632
v 1.188261 2.851943 -0.045632
v 1.831253 2.851943 -0.045632
v 1.992002 2.851943 -0.045632
v 2.152748 2.851943 -0.045632
v -0.258471 2.851942 -0.045632
v 2.234262 2.851943 -0.065911
v 2.234262 2.828275 -0.090381
v 2.073515 2.828277 -0.090381
v 1.912766 2.828279 -0.090381
v 1.752018 2.828281 -0.090381
v 1.430522 2.828284 -0.090381
v 1.269774 2.828287 -0.090381
v 0.545269 2.851943 -0.066217
v 1.109026 2.828289 -0.090381
v 0.384521 2.851942 -0.066217
v 0.948278 2.828291 -0.090381
v 0.787531 2.828292 -0.090381
v 0.706017 2.851943 -0.066217
v 0.626782 2.828295 -0.090381
v 0.466034 2.828296 -0.090381
v 0.305286 2.828298 -0.090381
v 0.144538 2.828299 -0.090381
v -0.016210 2.828302 -0.090381
v -0.176958 2.828304 -0.090381
v 3.766047 2.722569 -0.090381
v -0.584418 2.737572 -0.090381
v -0.557139 2.761227 -0.111610
v 3.727388 2.761228 -0.111610
v 3.696465 2.792150 -0.090381
v -0.521479 2.792150 -0.090381
v 3.751043 2.737573 -0.090381
v 1.509757 2.851943 -0.066217
v 1.349009 2.851943 -0.066217
v 2.234262 2.761227 -0.111610
v 2.234262 2.737572 -0.090381
v 0.063172 2.761227 -0.111610
v 0.787531 2.761227 -0.111610
v 1.590976 2.761227 -0.111610
v 0.063172 2.737572 -0.090381
v 0.787531 2.737572 -0.090381
v 1.590976 2.737573 -0.090381
v -0.016210 2.792150 -0.090381
v 0.144538 2.792150 -0.090381
v 0.545269 2.792150 -0.090381
v 0.626782 2.792150 -0.090381
v 0.706017 2.792150 -0.090381
v 1.027513 2.792150 -0.090381
v 1.109026 2.792150 -0.090381
v 1.509757 2.792150 -0.090381
v 1.831253 2.792150 -0.090381
v 1.992002 2.792150 -0.090381
v 1.670505 2.828282 -0.021468
v 1.591270 2.828283 -0.090381
v 1.670505 2.851943 -0.066217
v -1.121346 1.877275 -0.292570
v 0.874117 1.102211 -0.238017
v 0.762710 0.990803 -0.238017
v 0.870322 1.073376 -0.238017
v 0.859192 1.046507 -0.238017
v 0.841487 1.023434 -0.238017
v 0.818414 1.005729 -0.238017
v 0.791543 0.994599 -0.238017
v 0.762710 1.255212 -0.238017
v 0.874117 1.143804 -0.238017
v 0.791543 1.251416 -0.238017
v 0.818414 1.240287 -0.238017
v 0.841487 1.222582 -0.238017
v 0.859192 1.199508 -0.238017
v 0.870322 1.172639 -0.238017
v 0.697933 1.123008 -0.238017
v 2.556499 1.978619 -0.056688
v 3.997981 1.978619 -0.056688
v 2.556499 2.010729 -0.104746
v 3.997981 2.010731 -0.104746
v 2.556499 2.058787 -0.136856
v 3.997981 2.058787 -0.136856
v 2.556499 2.115475 -0.148133
v 3.997981 2.115475 -0.148133
v 2.556499 2.172163 -0.136856
v 3.997981 2.172163 -0.136856
v 2.556499 2.220221 -0.104746
v 3.997981 2.220221 -0.104746
v 2.556499 2.252331 -0.056688
v 3.997981 2.252331 -0.056688
v 2.410623 1.079914 -0.064716
v 2.490718 1.079914 -0.064716
v 2.410623 1.116572 -0.119581
v 2.490718 1.171437 -0.156239
v 2.490718 1.236153 -0.169113
v 2.410623 1.300870 -0.156239
v 2.490718 1.300870 -0.156239
v 2.410623 1.355733 -0.119581
v 2.490718 1.355733 -0.119581
v 2.410623 1.392392 -0.064716
v 2.611431 1.459095 -0.051372
v 2.611431 1.478924 -0.099241
v 2.410623 1.795945 -0.038887
v 2.611431 1.795945 -0.038887
v 2.410623 1.780934 -0.075125
v 2.611431 1.780934 -0.075125
v 2.410623 1.757057 -0.106243
v 2.611431 1.757057 -0.106243
v 2.410623 1.725939 -0.130120
v 2.611431 1.725939 -0.130120
v 2.410623 1.689702 -0.145130
v 2.611431 1.689702 -0.145130
v 2.410623 1.650814 -0.150250
v 2.611431 1.650814 -0.150250
v 2.410623 1.611927 -0.145130
v 2.611431 1.611927 -0.145130
v 2.410623 1.575690 -0.130120
v 2.611431 1.575690 -0.130120
v 2.410623 1.544571 -0.106243
v 2.611431 1.544571 -0.106243
v 2.410623 1.520694 -0.075126
v 2.611431 1.520694 -0.075126
v 2.410623 1.505684 -0.038887
v 2.611431 1.505684 -0.038887
v 2.611431 1.510466 -0.140348
v 2.611431 1.551573 -0.171890
v 2.611431 1.599444 -0.191720
v 2.611431 1.650814 -0.198483
v 2.611431 1.702185 -0.191719
v 2.611431 1.750056 -0.171890
v 2.611431 1.791162 -0.140348
v 2.611431 1.822704 -0.099241
v 2.611431 1.842533 -0.051371
v 3.208001 1.459096 -0.051372
v 3.208001 1.478924 -0.099241
v 3.208001 1.510466 -0.140348
v 3.208001 1.551573 -0.171890
v 3.208001 1.599444 -0.191720
v 3.208001 1.650814 -0.198483
v 3.208001 1.702186 -0.191719
v 3.208001 1.750056 -0.171890
v 3.208001 1.791162 -0.140348
v 3.208001 1.822706 -0.099241
v 3.208001 1.842534 -0.051371
v 3.208001 1.506488 -0.038673
v 3.208001 1.521414 -0.074709
v 3.208001 1.545160 -0.105655
v 3.208001 1.576105 -0.129400
v 3.208001 1.612142 -0.144327
v 3.208001 1.650814 -0.149419
v 3.208001 1.689487 -0.144327
v 3.208001 1.725523 -0.129400
v 3.208001 1.756469 -0.105655
v 3.208001 1.780214 -0.074709
v 3.208001 1.795142 -0.038673
v 3.815225 1.506488 -0.038673
v 3.815225 1.521414 -0.074709
v 3.815225 1.545160 -0.105655
v 3.815225 1.576105 -0.129400
v 3.815225 1.612143 -0.144327
v 3.815225 1.650814 -0.149419
v 3.815225 1.689487 -0.144327
v 3.815225 1.725523 -0.129400
v 3.815225 1.756469 -0.105655
v 3.815225 1.780214 -0.074709
v 3.815225 1.795142 -0.038673
v 3.815225 1.487913 -0.043649
v 3.815225 1.504762 -0.084324
v 3.815225 1.531563 -0.119252
v 3.815225 1.566490 -0.146052
v 3.815225 1.607165 -0.162901
v 3.815225 1.650814 -0.168648
v 3.815225 1.694463 -0.162901
v 3.815225 1.735138 -0.146052
v 3.815225 1.770066 -0.119251
v 3.815225 1.796868 -0.084324
v 3.815225 1.813715 -0.043649
v 3.932337 1.512292 -0.138522
v 3.932337 1.552865 -0.169655
v 3.932337 1.650814 -0.195900
v 3.932337 1.701518 -0.189225
v 3.932337 1.748765 -0.169655
v 3.932337 1.789337 -0.138522
v 3.932337 1.820469 -0.097950
v 3.932337 1.840039 -0.050702
v 4.452463 1.481161 -0.097950
v 4.452463 1.512292 -0.138522
v 4.452463 1.701518 -0.189225
v 4.452463 1.748765 -0.169655
v 4.452463 1.789337 -0.138522
v 4.452463 1.820469 -0.097950
v 4.452463 1.840039 -0.050702
v 4.452463 1.525739 -0.033514
v 4.452463 1.538675 -0.064744
v 4.452463 1.559253 -0.091561
v 4.452463 1.586071 -0.112139
v 4.452463 1.617301 -0.125075
v 4.452463 1.650814 -0.129487
v 4.452463 1.684328 -0.125075
v 4.452463 1.715558 -0.112139
v 4.452463 1.742375 -0.091561
v 4.452463 1.762953 -0.064744
v 4.452463 1.775889 -0.033514
v 2.493430 1.525740 -0.033514
v 2.493430 1.538675 -0.064744
v 2.493430 1.559253 -0.091561
v 2.493430 1.586071 -0.112139
v 2.493430 1.617301 -0.125075
v 2.493430 1.650814 -0.129487
v 2.493430 1.684328 -0.125075
v 2.493430 1.715558 -0.112139
v 2.493430 1.742375 -0.091561
v 2.493430 1.762953 -0.064744
v 2.493430 1.775889 -0.033514
v 4.251552 1.748765 -0.169655
v 4.251552 1.789337 -0.138522
v 3.932337 1.461590 -0.050702
v 3.932337 1.481160 -0.097950
v 4.251552 1.820469 -0.097950
v 4.251552 1.840039 -0.050702
v 3.932337 1.600112 -0.189225
v 4.251552 1.703791 -0.188925
v 4.251552 1.715558 -0.112139
v 4.251552 1.742375 -0.091561
v 4.251552 1.525739 -0.033514
v 4.251552 1.538675 -0.064744
v 4.251552 1.762953 -0.064744
v 4.251552 1.559253 -0.091561
v 4.251552 1.775889 -0.033514
v 4.251552 1.586071 -0.112139
v 4.251552 1.617301 -0.125075
v 4.251552 1.650814 -0.129487
v 4.251552 1.684328 -0.125075
v 4.361709 1.789337 -0.138522
v 4.361709 1.820469 -0.097950
v 4.361709 1.840039 -0.050702
v 4.452463 1.552865 -0.169655
v 4.452463 1.600112 -0.189225
v 4.452463 1.650814 -0.195900
v 4.361709 1.703791 -0.188925
v 4.361709 1.748765 -0.169655
v 4.452463 1.461589 -0.050702
v 4.361709 1.715558 -0.112139
v 4.361709 1.525739 -0.033514
v 4.361709 1.742375 -0.091561
v 4.361709 1.538675 -0.064744
v 4.361709 1.762953 -0.064744
v 4.361709 1.559253 -0.091561
v 4.361709 1.775889 -0.033514
v 4.361709 1.586071 -0.112139
v 4.361709 1.617301 -0.125075
v 4.361709 1.650814 -0.129487
v 4.361709 1.684328 -0.125075
v 4.251552 1.703894 -0.116970
v 4.361709 1.703894 -0.116970
v -3.767997 1.604194 -0.291990
v -4.385193 1.604195 -0.169239
v -3.767997 1.604194 -0.169239
v -3.963963 1.371570 -0.169239
v -4.385193 1.604195 -0.291990
v -4.550361 1.371570 -0.169239
v -4.550361 1.371570 -0.291990
v -5.714952 0.992198 -0.113624
v -5.563676 0.766746 -0.113624
v -5.714952 1.371570 -0.202488
v -5.714952 2.399238 -0.046117
v -5.551401 2.479514 -0.039678
v -5.405534 0.689073 -0.169239
v -5.621413 0.992198 -0.169239
v -5.598920 0.992198 -0.169239
v -5.621413 1.371570 -0.291692
v -5.621413 2.030743 -0.292287
v -5.621413 2.399238 -0.145618
v -5.616342 2.489800 -0.039678
v -5.593964 2.501201 -0.039678
v -5.692776 2.399238 -0.039678
v -5.547472 2.454709 -0.039678
v -5.569160 2.497272 -0.039678
v -2.074752 1.821667 -0.166674
v -5.558874 2.432333 -0.039678
v -5.604746 2.399238 -0.039678
v -5.097444 0.689072 -0.169239
v -5.598920 1.371570 -0.291692
v -5.597775 2.380720 -0.039678
v -5.597775 2.380720 -0.093955
v -2.986356 1.623936 -0.166674
v -2.986356 1.623936 -0.124956
v -5.714952 2.030743 -0.200673
v -2.074752 1.821667 -0.124956
v -2.074752 1.623938 -0.124956
v -5.414709 2.380720 -0.039678
v -5.606055 2.424860 -0.039678
v -5.623813 2.442618 -0.039678
v -5.581250 2.420932 -0.039678
v -5.627742 2.467423 -0.039678
v -5.217797 0.963578 -0.169239
v -5.398443 2.380720 -0.093955
v -5.363533 1.147964 -0.169239
v -5.691482 2.445979 -0.039678
v -5.686299 2.478699 -0.039678
v -5.671260 2.508217 -0.039678
v -5.647833 2.531641 -0.039678
v -5.618316 2.546681 -0.039678
v -5.585595 2.551865 -0.039678
v -5.552875 2.546681 -0.039678
v -5.523357 2.531641 -0.039678
v -5.499932 2.508217 -0.039678
v -3.753953 1.623936 -0.166674
v -4.607141 1.371570 -0.169239
v -4.932594 1.371570 -0.169239
v -5.598920 1.371570 -0.169239
v -5.363533 1.371570 -0.169239
v -2.979636 1.741356 -0.166674
v -2.856912 1.821667 -0.166674
v -2.906046 1.814948 -0.166674
v -2.951462 1.786772 -0.166674
v -2.951462 1.786773 -0.124956
v -2.979636 1.741356 -0.124956
v -2.986356 1.692222 -0.166674
v -2.856912 1.821667 -0.124956
v -2.986356 1.692222 -0.124956
v -2.906046 1.814948 -0.124956
v -2.074651 1.875937 -0.166674
v -2.074651 1.875937 -0.292570
v -2.074651 2.030744 -0.292570
v -2.074651 2.399238 -0.145618
v -3.513450 1.981307 -0.244904
v -3.513450 1.981307 -0.292570
v -3.315000 1.981307 -0.292570
v -3.315000 1.981307 -0.244904
v -3.253772 1.875936 -0.244904
v -3.582092 1.875936 -0.244904
v -3.253772 1.875936 -0.292570
v -2.599786 2.298026 -0.137192
v -2.599786 2.298026 -0.185981
v -2.798237 2.298026 -0.185981
v -2.798237 2.298026 -0.137192
v -2.857048 2.399238 -0.145618
v -2.540974 2.399238 -0.145618
v -5.604746 2.399238 -0.102322
v -3.580801 1.877916 -0.166674
v -5.398443 2.399238 -0.102322
v -5.398443 2.399238 -0.145618
v -3.779357 2.399237 -0.145618
v -5.159653 2.030743 -0.292570
v -4.052639 2.030743 -0.292570
v -4.114463 1.947378 -0.236535
v -5.105633 1.947378 -0.236535
v -5.065625 1.891343 -0.292570
v -5.105633 1.947378 -0.102322
v -4.154449 1.891343 -0.292570
v -0.721184 2.616029 -0.047129
v -0.695702 2.639158 -0.024001
v -0.965124 2.392901 -0.047129
v -1.064797 2.616029 -0.047129
v -1.297241 2.392901 -0.047129
v -1.040702 2.639158 -0.024001
v 2.780696 2.399239 0.145267
v 3.917414 2.399239 0.145618
v -0.146903 1.978405 0.258689
v -0.146903 1.978405 0.292570
v 2.431494 2.399239 0.145267
v 0.224029 2.399238 0.145618
v -0.418068 1.877275 0.258689
v -0.418068 1.877275 0.292570
v -0.331843 1.978405 0.292570
v -0.125174 2.399238 0.145618
v -1.903440 2.399238 0.145618
v -1.903440 1.877275 0.292570
v -0.059548 1.877275 0.258732
v 0.069833 1.732475 0.258148
v -1.903440 2.029781 0.292570
v 2.486761 2.307930 0.181936
v 2.725428 2.307930 0.181936
v 0.168760 2.307930 0.181936
v -0.069906 2.307930 0.181936
v 3.917414 2.341830 0.102522
v 2.556988 2.341829 0.102522
v -0.069906 2.307930 0.133067
v 2.725428 2.307930 0.133067
v -0.331843 1.978405 0.258689
v 2.486761 2.307930 0.133067
v 0.168760 2.307930 0.133067
v -0.058804 1.876555 0.291900
v 1.239342 1.732474 0.258148
v 3.917414 1.871871 0.292570
v 3.917414 2.029782 0.292570
v 3.917414 2.029782 0.220513
v 3.917414 1.871871 0.220513
v 3.458548 1.871871 0.242464
v 3.572004 1.871871 0.242464
v 2.410623 1.871869 0.292570
v 2.240570 2.007171 0.292570
v 3.551911 2.029782 0.292570
v 3.572004 2.009688 0.292570
v 1.496414 2.007171 0.292570
v 3.458548 2.009688 0.292570
v 3.458548 1.871871 0.292570
v 3.478642 2.029782 0.292570
v 3.551911 2.029782 0.242464
v 3.458548 2.009688 0.242464
v 3.478642 2.029782 0.242464
v 3.572004 2.009688 0.242464
v 3.572004 1.871871 0.292570
v 1.374173 1.876547 0.291900
v 2.556988 2.029782 0.220513
v 2.556988 1.948933 0.220513
v 2.479925 1.871869 0.220513
v 1.239342 1.732474 0.238017
v -0.616886 1.877275 0.238017
v 2.240570 2.007171 0.238017
v 1.496414 2.007171 0.238017
v 0.069833 1.732475 0.238017
v -0.059548 1.877275 0.238061
v -1.903440 1.877275 0.238017
v -0.694846 1.436743 0.238017
v -0.051710 1.436743 0.238017
v 2.410623 1.871869 0.238017
v -0.694846 1.436743 0.183809
v -0.051710 1.436743 0.183809
v -0.736745 1.792075 0.238017
v -0.992439 1.792076 0.238017
v -0.718155 1.725422 0.238017
v -0.727009 1.790740 0.238017
v -0.501402 1.790740 0.238017
v -0.510256 1.784891 0.238017
v -0.736745 1.718239 0.238017
v -1.236889 1.719575 0.238017
v -1.228035 1.725422 0.238017
v -0.727009 1.719574 0.238017
v -1.246626 1.718238 0.238017
v -0.491664 1.718239 0.238017
v -0.514826 1.775674 0.238017
v -1.502320 1.718238 0.238017
v -1.525480 1.775675 0.238017
v -1.512055 1.790740 0.238017
v -1.520910 1.784891 0.238017
v -1.015600 1.734639 0.238017
v -1.223465 1.734639 0.238017
v -0.491665 1.792075 0.238017
v -1.002176 1.719575 0.238017
v -0.510256 1.725422 0.238017
v -0.501401 1.719574 0.238017
v -1.525480 1.734639 0.238017
v -1.015600 1.775675 0.238017
v -0.226234 1.719574 0.238017
v -0.217381 1.725422 0.238017
v -0.212811 1.734640 0.238017
v -1.246626 1.792076 0.238017
v -1.502320 1.792076 0.238017
v -1.520910 1.725422 0.238017
v -1.512055 1.719573 0.238017
v -0.235971 1.718239 0.238017
v -0.713585 1.775674 0.238017
v -1.011030 1.725422 0.238017
v -1.236889 1.790740 0.238017
v -1.002176 1.790740 0.238017
v -1.011030 1.784891 0.238017
v -0.514826 1.734639 0.238017
v -0.212811 1.775674 0.238017
v -0.713585 1.734639 0.238017
v -0.217381 1.784891 0.238017
v -0.226234 1.790740 0.238017
v -0.235971 1.792075 0.238017
v -0.491664 1.718239 0.206039
v -0.510256 1.784891 0.206039
v -0.514826 1.775674 0.206039
v -0.501402 1.719574 0.206039
v -0.212811 1.734640 0.206039
v -0.510256 1.725422 0.206039
v -1.223465 1.775675 0.206039
v -1.223465 1.775675 0.238017
v -1.525480 1.734639 0.206039
v -1.502320 1.718238 0.206039
v -1.246626 1.718238 0.206039
v -1.502320 1.792076 0.206039
v -1.228035 1.784891 0.206039
v -1.223465 1.734639 0.206039
v -1.228035 1.725422 0.206039
v -1.246626 1.792076 0.206039
v -1.512055 1.719573 0.206039
v -1.520910 1.725422 0.206039
v -1.525480 1.775675 0.206039
v -1.520910 1.784891 0.206039
v -1.236889 1.790740 0.206039
v -1.512055 1.790740 0.206039
v -1.236889 1.719575 0.206039
v -1.228035 1.784891 0.238017
v -0.992439 1.718239 0.238017
v -0.992439 1.718239 0.206039
v -0.992439 1.792076 0.206039
v -0.736745 1.718239 0.206039
v -0.718155 1.784891 0.206039
v -0.713585 1.775674 0.206039
v -0.736745 1.792075 0.206039
v -0.713585 1.734639 0.206039
v -0.718155 1.725422 0.206039
v -1.002176 1.719575 0.206039
v -1.011030 1.725422 0.206039
v -1.015600 1.775675 0.206039
v -1.015600 1.734639 0.206039
v -1.011030 1.784891 0.206039
v -0.727009 1.790740 0.206039
v -0.727009 1.719574 0.206039
v -1.002176 1.790740 0.206039
v -0.718155 1.784891 0.238017
v -0.212811 1.775674 0.206039
v -0.217381 1.784891 0.206039
v -0.491665 1.792075 0.206039
v -0.235971 1.718239 0.206039
v -0.235971 1.792075 0.206039
v -0.217381 1.725422 0.206039
v -0.514826 1.734639 0.206039
v -0.226234 1.790740 0.206039
v -0.501402 1.790740 0.206039
v -0.226234 1.719574 0.206039
v -0.094732 1.610827 0.238017
v -0.114316 1.612678 0.238017
v -0.632242 1.612678 0.238017
v -0.651824 1.610827 0.238017
v -0.670467 1.603106 0.238017
v -0.685274 1.588297 0.238017
v -0.692995 1.569656 0.238017
v -0.694846 1.550072 0.238017
v -0.076091 1.603106 0.238017
v -0.051710 1.550072 0.238017
v -0.053561 1.569656 0.238017
v -0.061283 1.588297 0.238017
v -0.053561 1.569656 0.183809
v -0.051710 1.550072 0.183809
v -0.632242 1.612678 0.183809
v -0.114316 1.612678 0.183809
v -0.094732 1.610827 0.183809
v -0.076091 1.603106 0.183809
v -0.694846 1.550072 0.183809
v -0.692995 1.569656 0.183809
v -0.685274 1.588297 0.183809
v -0.670467 1.603106 0.183809
v -0.651824 1.610827 0.183809
v -0.061283 1.588297 0.183809
v 0.067560 0.990803 0.331124
v 0.067560 0.990803 0.238017
v 1.056382 0.713729 0.331124
v 1.071229 1.437030 0.331124
v 0.067560 1.255212 0.331124
v 0.067560 1.436743 0.331124
v 2.155410 1.727034 0.331124
v 1.992711 1.889732 0.253155
v 1.367404 1.727034 0.331124
v 0.332983 0.646952 0.306401
v 0.023544 0.646952 0.306401
v -0.131399 0.713729 0.331124
v -0.292025 0.199291 0.147733
v 1.533566 1.889732 0.253155
v -1.094767 -0.358291 0.147733
v -1.041733 -0.658158 0.072443
v -0.937007 -0.708748 0.072443
v 0.757244 0.362055 0.054078
v 2.410623 0.917912 0.133553
v -0.500803 0.199291 0.147733
v -0.756429 -0.156697 0.147733
v -1.058284 -0.151254 0.147733
v 2.410623 1.436743 0.238017
v -1.175088 -0.105750 0.147733
v -0.779910 -0.492811 0.147733
v 1.664422 0.918303 0.133809
v 0.977586 0.214093 0.054078
v -0.997121 -0.162287 0.147733
v -0.921612 -0.169726 0.147733
v -0.845833 -0.167853 0.147733
v 0.762710 1.255212 0.331124
v 0.874117 1.143804 0.331124
v 0.791543 1.251416 0.331124
v 0.818414 1.240287 0.331124
v 0.841487 1.222582 0.331124
v 0.859192 1.199508 0.331124
v 0.870322 1.172639 0.331124
v 0.874117 1.102211 0.331124
v 0.762710 0.990803 0.331124
v 0.870322 1.073376 0.331124
v 0.859192 1.046507 0.331124
v 0.841487 1.023434 0.331124
v 0.818414 1.005729 0.331124
v 0.791543 0.994599 0.331124
v 1.533566 1.221037 0.331124
v 2.410623 1.221037 0.331124
v 2.410623 1.436743 0.331124
v 0.992895 0.203812 0.133553
v 2.211738 0.917912 0.133553
v 0.813906 0.167767 0.054078
v 0.776009 0.122604 0.054078
v 0.753748 0.149133 0.054078
v 0.840108 0.099273 0.054078
v 0.741904 0.181676 0.054078
v 0.799964 0.191915 0.054078
v 0.806002 0.105288 0.054078
v 0.741904 0.216308 0.054078
v 0.804806 0.219374 0.054078
v 0.799964 0.206071 0.054078
v 0.854049 0.237297 0.054078
v 0.840108 0.239756 0.054078
v 0.826166 0.237297 0.054078
v 0.875409 0.219374 0.054078
v 0.813906 0.230219 0.054078
v 0.866310 0.230219 0.054078
v 0.880251 0.206071 0.054078
v 0.926467 0.149133 0.054078
v 0.875409 0.178612 0.054078
v 0.880251 0.191915 0.054078
v 0.854049 0.160688 0.054078
v 0.866310 0.167767 0.054078
v 0.904206 0.122604 0.054078
v 0.874214 0.105288 0.054078
v 0.826166 0.160688 0.054078
v 0.840108 0.158230 0.054078
v 0.804806 0.178612 0.054078
v 1.712716 0.969449 0.167144
v 2.096722 1.047659 0.218119
v 1.775281 1.029671 0.206395
v 1.849050 1.070633 0.233093
v 1.931651 1.087870 0.244328
v 2.161542 0.993728 0.182968
v 2.018702 1.079795 0.239065
v 0.067560 1.255212 0.238017
v 0.067560 1.436743 0.238017
v 1.992711 1.889732 0.238017
v 1.533566 1.889732 0.238017
v 1.367404 1.727034 0.238017
v 1.071229 1.437030 0.238017
v 3.545810 2.399239 0.145443
v 2.971967 2.399239 0.145354
v 2.240570 2.029782 0.292570
v 1.496414 2.029780 0.292570
v 1.376241 2.399240 0.145443
v -0.146903 2.029780 0.292570
v -0.331843 2.029780 0.292570
v -1.903440 1.436742 0.238017
v -1.121346 1.877275 0.238017
v -0.625202 2.704525 0.091500
v -0.711218 2.627430 0.082381
v -0.711218 2.627430 0.104857
v 0.787531 2.704035 0.092124
v 1.192330 2.580156 0.113048
v -0.518198 2.704525 0.091500
v -0.313654 2.580156 0.113048
v -0.125174 2.580156 0.113048
v 1.646524 2.704526 0.091500
v 1.978518 2.704526 0.091500
v 2.234262 2.704035 0.092124
v 2.971967 2.399142 0.074787
v -0.468147 2.399141 0.145618
v -0.965927 2.399141 0.145618
v 0.063172 2.704035 0.092124
v -0.564862 2.627430 0.104857
v 1.693188 2.627431 0.104857
v 1.931854 2.627431 0.104857
v 3.488400 2.480598 0.130297
v 3.766047 2.704036 0.092124
v 3.029377 2.480598 0.130297
v -0.069906 2.506619 0.096792
v 0.224029 2.580156 0.113048
v 0.168760 2.506619 0.096792
v 3.029377 2.480598 0.074787
v 3.216465 2.399142 0.040224
v 3.258888 2.480598 0.040224
v -0.564862 2.627430 0.082381
v 1.931854 2.627431 0.082381
v 1.693188 2.627431 0.082381
v 3.908895 2.550214 0.118236
v 3.898612 2.597034 0.110124
v 3.873214 2.641883 0.102354
v 3.833833 2.677245 0.096227
v 3.786486 2.697691 0.092685
v 1.670505 2.851943 0.045632
v 1.591270 2.851943 0.045632
v 1.591270 2.851943 0.066217
v 1.670505 2.828282 0.090381
v 1.670505 2.792150 0.021468
v 1.591270 2.792150 0.021468
v 1.591270 2.828283 0.021468
v 3.659760 2.792151 0.022351
v 3.659760 2.827679 0.022351
v 3.485757 2.827679 0.022351
v 3.620147 2.867292 0.022351
v 3.525371 2.867292 0.022351
v 3.485757 2.792151 0.022351
v 3.187222 2.792150 0.090381
v 3.155609 2.810425 0.063959
v -0.486053 2.792149 0.021468
v -0.258471 2.792150 0.021468
v -0.258471 2.828305 0.021468
v -0.176958 2.828304 0.021468
v -0.176958 2.792150 0.021468
v -0.097723 2.792150 0.021468
v -0.016210 2.828302 0.021468
v -0.016210 2.792150 0.021468
v 0.063025 2.792150 0.021468
v 0.144538 2.828299 0.021468
v 0.144538 2.792150 0.021468
v 0.223773 2.792150 0.021468
v 0.305286 2.828298 0.021468
v 0.305286 2.792150 0.021468
v 0.384521 2.792150 0.021468
v 0.466034 2.828296 0.021468
v 0.466034 2.792150 0.021468
v 0.545269 2.792150 0.021468
v 0.626782 2.828295 0.021468
v 0.626782 2.792150 0.021468
v 0.706017 2.792150 0.021468
v 0.787531 2.828292 0.021468
v 0.787531 2.792150 0.021468
v 0.866765 2.792150 0.021468
v 0.948278 2.828291 0.021468
v 0.948278 2.792150 0.021468
v 1.027513 2.792150 0.021468
v 1.109026 2.828289 0.021468
v 1.109026 2.792150 0.021468
v 1.188261 2.792150 0.021468
v 1.269774 2.828287 0.021468
v 1.269774 2.792150 0.021468
v 1.349009 2.792150 0.021468
v 1.430522 2.828284 0.021468
v 1.430522 2.792150 0.021468
v 1.509757 2.792150 0.021468
v 1.752018 2.828281 0.021468
v 1.752018 2.792150 0.021468
v 1.831253 2.792150 0.021468
v 1.912766 2.828279 0.021468
v 1.912766 2.792150 0.021468
v 1.992002 2.792150 0.021468
v 2.073515 2.828277 0.021468
v 2.073515 2.792150 0.021468
v 2.152748 2.792150 0.021468
v 2.234262 2.828275 0.021468
v 2.234262 2.792150 0.021468
v 2.513063 2.851943 0.045325
v 2.513063 2.828273 0.021468
v 3.071621 2.792150 0.021468
v 3.187222 2.792150 0.026866
v 3.155609 2.810425 0.045325
v 2.513063 2.828273 0.090381
v 2.234263 2.792150 0.090381
v 2.152748 2.828276 0.090381
v 2.152750 2.792150 0.090381
v 2.073515 2.792150 0.090381
v 1.992002 2.828278 0.090381
v 1.912766 2.792150 0.090381
v 1.831253 2.828281 0.090381
v 1.752018 2.792150 0.090381
v 1.670505 2.792150 0.090381
v 1.591270 2.792150 0.090381
v 1.509757 2.828284 0.090381
v 1.430522 2.792150 0.090381
v 1.349009 2.828285 0.090381
v 1.349009 2.792150 0.090381
v 1.269774 2.792150 0.090381
v 1.188261 2.828288 0.090381
v 1.188261 2.792150 0.090381
v 1.027513 2.828289 0.090381
v 0.948278 2.792150 0.090381
v 0.866765 2.828291 0.090381
v 0.866765 2.792150 0.090381
v 0.787531 2.792150 0.090381
v 0.706017 2.828293 0.090381
v 0.545269 2.828296 0.090381
v 0.466034 2.792150 0.090381
v 0.384521 2.828297 0.090381
v 0.384521 2.792150 0.090381
v 0.305286 2.792150 0.090381
v 0.223773 2.828299 0.090381
v 0.223773 2.792150 0.090381
v 0.063025 2.828300 0.090381
v 0.063025 2.792150 0.090381
v -0.097723 2.828303 0.090381
v -0.097723 2.792150 0.090381
v -0.176958 2.792150 0.090381
v -0.258471 2.828305 0.090381
v -0.258471 2.792150 0.090381
v -0.486053 2.792150 0.090381
v 2.152748 2.851943 0.066217
v 2.073515 2.851943 0.066217
v 2.073515 2.851943 0.045632
v 1.992002 2.851943 0.066217
v 1.912766 2.851943 0.066217
v 1.912766 2.851943 0.045632
v 1.831253 2.851943 0.066217
v 1.752018 2.851943 0.066217
v 1.752018 2.851943 0.045632
v 1.430522 2.851943 0.066217
v 1.430522 2.851943 0.045632
v 1.509757 2.851943 0.045632
v 1.269774 2.851943 0.066217
v 1.269774 2.851943 0.045632
v 1.349009 2.851943 0.045632
v 1.188261 2.851943 0.066217
v 1.109026 2.851943 0.066217
v 1.109026 2.851943 0.045632
v 1.027513 2.851943 0.066217
v 0.948278 2.851943 0.066217
v 0.948278 2.851943 0.045632
v 0.866765 2.851943 0.066217
v 0.787531 2.851943 0.066217
v 0.787531 2.851943 0.045632
v 0.626782 2.851943 0.066217
v 0.626782 2.851943 0.045632
v 0.706017 2.851943 0.045632
v 0.466034 2.851942 0.066217
v 0.466034 2.851942 0.045632
v 0.545269 2.851943 0.045632
v 0.305286 2.851942 0.066217
v 0.305286 2.851942 0.045632
v 0.384521 2.851942 0.045632
v 0.223773 2.851942 0.066217
v 0.144538 2.851942 0.066217
v 0.144538 2.851942 0.045632
v 0.063025 2.851942 0.066217
v -0.016210 2.851942 0.066217
v -0.016210 2.851942 0.045632
v -0.097723 2.851942 0.066217
v -0.176958 2.851942 0.066217
v -0.176958 2.851942 0.045632
v 2.234262 2.851943 0.045325
v 2.513063 2.851943 0.065911
v -0.258471 2.851942 0.066217
v -0.439893 2.851942 0.066217
v -0.439893 2.851942 0.045632
v 3.071621 2.792150 0.090381
v -0.458172 2.828307 0.021468
v -0.458172 2.828307 0.090381
v -0.097723 2.828303 0.021468
v 0.063025 2.828300 0.021468
v 0.223773 2.828299 0.021468
v 0.384521 2.828297 0.021468
v 0.545269 2.828296 0.021468
v 0.706017 2.828293 0.021468
v 0.866765 2.828291 0.021468
v 1.027513 2.828289 0.021468
v 1.188261 2.828288 0.021468
v 1.349009 2.828285 0.021468
v 1.509757 2.828284 0.021468
v 1.831253 2.828281 0.021468
v 1.992002 2.828278 0.021468
v 2.152748 2.828276 0.021468
v -0.097723 2.851942 0.045632
v 0.063025 2.851942 0.045632
v 0.223773 2.851942 0.045632
v 0.866765 2.851943 0.045632
v 1.027513 2.851943 0.045632
v 1.188261 2.851943 0.045632
v 1.831253 2.851943 0.045632
v 1.992002 2.851943 0.045632
v 2.152748 2.851943 0.045632
v -0.258471 2.851942 0.045632
v 2.234262 2.851943 0.065911
v 2.234262 2.828275 0.090381
v 2.073515 2.828277 0.090381
v 1.912766 2.828279 0.090381
v 1.752018 2.828281 0.090381
v 1.430522 2.828284 0.090381
v 1.269774 2.828287 0.090381
v 0.545269 2.851943 0.066217
v 1.109026 2.828289 0.090381
v 0.384521 2.851942 0.066217
v 0.948278 2.828291 0.090381
v 0.787531 2.828292 0.090381
v 0.706017 2.851943 0.066217
v 0.626782 2.828295 0.090381
v 0.466034 2.828296 0.090381
v 0.305286 2.828298 0.090381
v 0.144538 2.828299 0.090381
v -0.016210 2.828302 0.090381
v -0.176958 2.828304 0.090381
v 3.766047 2.722569 0.090381
v -0.584418 2.737572 0.090381
v -0.557139 2.761227 0.111610
v 3.727388 2.761228 0.111610
v 3.696465 2.792150 0.090381
v -0.521479 2.792150 0.090381
v 3.751043 2.737573 0.090381
v 1.509757 2.851943 0.066217
v 1.349009 2.851943 0.066217
v 2.234262 2.761227 0.111610
v 2.234262 2.737572 0.090381
v 0.063172 2.761227 0.111610
v 0.787531 2.761227 0.111610
v 1.590976 2.761227 0.111610
v 0.063172 2.737572 0.090381
v 0.787531 2.737572 0.090381
v 1.590976 2.737573 0.090381
v -0.016210 2.792150 0.090381
v 0.144538 2.792150 0.090381
v 0.545269 2.792150 0.090381
v 0.626782 2.792150 0.090381
v 0.706017 2.792150 0.090381
v 1.027513 2.792150 0.090381
v 1.109026 2.792150 0.090381
v 1.509757 2.792150 0.090381
v 1.831253 2.792150 0.090381
v 1.992002 2.792150 0.090381
v 1.670505 2.828282 0.021468
v 1.591270 2.828283 0.090381
v 1.670505 2.851943 0.066217
v -1.121346 1.877275 0.292570
v 0.874117 1.102211 0.238017
v 0.762710 0.990803 0.238017
v 0.870322 1.073376 0.238017
v 0.859192 1.046507 0.238017
v 0.841487 1.023434 0.238017
v 0.818414 1.005729 0.238017
v 0.791543 0.994599 0.238017
v 0.762710 1.255212 0.238017
v 0.874117 1.143804 0.238017
v 0.791543 1.251416 0.238017
v 0.818414 1.240287 0.238017
v 0.841487 1.222582 0.238017
v 0.859192 1.199508 0.238017
v 0.870322 1.172639 0.238017
v 0.697933 1.123008 0.238017
v 2.556499 1.978619 0.056688
v 3.997981 1.978619 0.056688
v 2.556499 2.010729 0.104746
v 3.997981 2.010731 0.104746
v 2.556499 2.058787 0.136856
v 3.997981 2.058787 0.136856
v 2.556499 2.115475 0.148133
v 3.997981 2.115475 0.148133
v 2.556499 2.172163 0.136856
v 3.997981 2.172163 0.136856
v 2.556499 2.220221 0.104746
v 3.997981 2.220221 0.104746
v 2.556499 2.252331 0.056688
v 3.997981 2.252331 0.056688
v 2.410623 1.079914 0.064716
v 2.490718 1.116572 0.119581
v 2.490718 1.171437 0.156239
v 2.410623 1.355733 0.119581
v 2.490718 1.392392 0.064716
v 2.611431 1.459095 0.051372
v 2.611431 1.478924 0.099241
v 2.410623 1.795945 0.038887
v 2.611431 1.795945 0.038887
v 2.410623 1.780934 0.075125
v 2.611431 1.780934 0.075125
v 2.410623 1.757057 0.106243
v 2.611431 1.757057 0.106243
v 2.410623 1.725939 0.130120
v 2.611431 1.725939 0.130120
v 2.410623 1.689702 0.145130
v 2.611431 1.689702 0.145130
v 2.410623 1.650814 0.150250
v 2.611431 1.650814 0.150250
v 2.410623 1.611927 0.145130
v 2.611431 1.611927 0.145130
v 2.410623 1.575690 0.130120
v 2.611431 1.575690 0.130120
v 2.410623 1.544571 0.106243
v 2.611431 1.544571 0.106243
v 2.410623 1.520694 0.075126
v 2.611431 1.520694 0.075126
v 2.410623 1.505684 0.038887
v 2.611431 1.505684 0.038887
v 2.611431 1.510466 0.140348
v 2.611431 1.551573 0.171890
v 2.611431 1.599444 0.191720
v 2.611431 1.650814 0.198483
v 2.611431 1.702185 0.191719
v 2.611431 1.750056 0.171890
v 2.611431 1.791162 0.140348
v 2.611431 1.822704 0.099241
v 2.611431 1.842533 0.051371
v 3.208001 1.459096 0.051372
v 3.208001 1.478924 0.099241
v 3.208001 1.510466 0.140348
v 3.208001 1.551573 0.171890
v 3.208001 1.599444 0.191720
v 3.208001 1.650814 0.198483
v 3.208001 1.702186 0.191719
v 3.208001 1.750056 0.171890
v 3.208001 1.791162 0.140348
v 3.208001 1.822706 0.099241
v 3.208001 1.842534 0.051371
v 3.208001 1.506488 0.038673
v 3.208001 1.521414 0.074709
v 3.208001 1.545160 0.105655
v 3.208001 1.576105 0.129400
v 3.208001 1.612142 0.144327
v 3.208001 1.650814 0.149419
v 3.208001 1.689487 0.144327
v 3.208001 1.725523 0.129400
v 3.208001 1.756469 0.105655
v 3.208001 1.780214 0.074709
v 3.208001 1.795142 0.038673
v 3.815225 1.506488 0.038673
v 3.815225 1.521414 0.074709
v 3.815225 1.545160 0.105655
v 3.815225 1.576105 0.129400
v 3.815225 1.612143 0.144327
v 3.815225 1.650814 0.149419
v 3.815225 1.689487 0.144327
v 3.815225 1.725523 0.129400
v 3.815225 1.756469 0.105655
v 3.815225 1.780214 0.074709
v 3.815225 1.795142 0.038673
v 3.815225 1.487913 0.043649
v 3.815225 1.504762 0.084324
v 3.815225 1.531563 0.119252
v 3.815225 1.566490 0.146052
v 3.815225 1.607165 0.162901
v 3.815225 1.650814 0.168648
v 3.815225 1.694463 0.162901
v 3.815225 1.735138 0.146052
v 3.815225 1.770066 0.119251
v 3.815225 1.796868 0.084324
v 3.815225 1.813715 0.043649
v 3.932337 1.512292 0.138522
v 3.932337 1.552865 0.169655
v 3.932337 1.650814 0.195900
v 3.932337 1.701518 0.189225
v 3.932337 1.748765 0.169655
v 3.932337 1.789337 0.138522
v 3.932337 1.820469 0.097950
v 3.932337 1.840039 0.050702
v 4.452463 1.481161 0.097950
v 4.452463 1.512292 0.138522
v 4.452463 1.701518 0.189225
v 4.452463 1.748765 0.169655
v 4.452463 1.789337 0.138522
v 4.452463 1.820469 0.097950
v 4.452463 1.840039 0.050702
v 4.452463 1.525739 0.033514
v 4.452463 1.538675 0.064744
v 4.452463 1.559253 0.091561
v 4.452463 1.586071 0.112139
v 4.452463 1.617301 0.125075
v 4.452463 1.650814 0.129487
v 4.452463 1.684328 0.125075
v 4.452463 1.715558 0.112139
v 4.452463 1.742375 0.091561
v 4.452463 1.762953 0.064744
v 4.452463 1.775889 0.033514
v 2.493430 1.525740 0.033514
v 2.493430 1.538675 0.064744
v 2.493430 1.559253 0.091561
v 2.493430 1.586071 0.112139
v 2.493430 1.617301 0.125075
v 2.493430 1.650814 0.129487
v 2.493430 1.684328 0.125075
v 2.493430 1.715558 0.112139
v 2.493430 1.742375 0.091561
v 2.493430 1.762953 0.064744
v 2.493430 1.775889 0.033514
v 4.251552 1.748765 0.169655
v 4.251552 1.789337 0.138522
v 3.932337 1.461590 0.050702
v 3.932337 1.481160 0.097950
v 4.251552 1.820469 0.097950
v 4.251552 1.840039 0.050702
v 3.932337 1.600112 0.189225
v 4.251552 1.703791 0.188925
v 4.251552 1.715558 0.112139
v 4.251552 1.742375 0.091561
v 4.251552 1.525739 0.033514
v 4.251552 1.538675 0.064744
v 4.251552 1.762953 0.064744
v 4.251552 1.559253 0.091561
v 4.251552 1.775889 0.033514
v 4.251552 1.586071 0.112139
v 4.251552 1.617301 0.125075
v 4.251552 1.650814 0.129487
v 4.251552 1.684328 0.125075
v 4.361709 1.789337 0.138522
v 4.361709 1.820469 0.097950
v 4.361709 1.840039 0.050702
v 4.452463 1.552865 0.169655
v 4.452463 1.600112 0.189225
v 4.452463 1.650814 0.195900
v 4.361709 1.703791 0.188925
v 4.361709 1.748765 0.169655
v 4.452463 1.461589 0.050702
v 4.361709 1.715558 0.112139
v 4.361709 1.525739 0.033514
v 4.361709 1.742375 0.091561
v 4.361709 1.538675 0.064744
v 4.361709 1.762953 0.064744
v 4.361709 1.559253 0.091561
v 4.361709 1.775889 0.033514
v 4.361709 1.586071 0.112139
v 4.361709 1.617301 0.125075
v 4.361709 1.650814 0.129487
v 4.361709 1.684328 0.125075
v 4.251552 1.703894 0.116970
v 4.361709 1.703894 0.116970
v -3.767997 1.604194 0.291990
v -4.385193 1.604195 0.169239
v -3.767997 1.604194 0.169239
v -3.963963 1.371570 0.169239
v -4.385193 1.604195 0.291990
v -4.550361 1.371570 0.169239
v -4.550361 1.371570 0.291990
v -5.714952 0.992198 0.113624
v -5.563676 0.766746 0.113624
v -5.714952 1.371570 0.202488
v -5.714952 2.399238 0.046117
v -5.551401 2.479514 0.039678
v -5.405534 0.689073 0.169239
v -5.621413 0.992198 0.169239
v -5.598920 0.992198 0.169239
v -5.621413 1.371570 0.291692
v -5.621413 2.030743 0.292287
v -5.621413 2.399238 0.145618
v -5.616342 2.489800 0.039678
v -5.593964 2.501201 0.039678
v -5.692776 2.399238 0.039678
v -5.547472 2.454709 0.039678
v -5.569160 2.497272 0.039678
v -2.074752 1.821667 0.166674
v -5.558874 2.432333 0.039678
v -5.604746 2.399238 0.039678
v -5.097444 0.689072 0.169239
v -5.598920 1.371570 0.291692
v -5.597775 2.380720 0.039678
v -5.597775 2.380720 0.093955
v -2.986356 1.623936 0.166674
v -2.986356 1.623936 0.124956
v -5.714952 2.030743 0.200673
v -2.074752 1.821667 0.124956
v -2.074752 1.623938 0.124956
v -5.414709 2.380720 0.039678
v -5.606055 2.424860 0.039678
v -5.623813 2.442618 0.039678
v -5.581250 2.420932 0.039678
v -5.627742 2.467423 0.039678
v -5.217797 0.963578 0.169239
v -5.398443 2.380720 0.093955
v -5.363533 1.147964 0.169239
v -5.691482 2.445979 0.039678
v -5.686299 2.478699 0.039678
v -5.671260 2.508217 0.039678
v -5.647833 2.531641 0.039678
v -5.618316 2.546681 0.039678
v -5.585595 2.551865 0.039678
v -5.552875 2.546681 0.039678
v -5.523357 2.531641 0.039678
v -5.499932 2.508217 0.039678
v -3.753953 1.623936 0.166674
v -4.607141 1.371570 0.169239
v -4.932594 1.371570 0.169239
v -5.598920 1.371570 0.169239
v -5.363533 1.371570 0.169239
v -2.979636 1.741356 0.166674
v -2.856912 1.821667 0.166674
v -2.906046 1.814948 0.166674
v -2.951462 1.786772 0.166674
v -2.951462 1.786773 0.124956
v -2.979636 1.741356 0.124956
v -2.986356 1.692222 0.166674
v -2.856912 1.821667 0.124956
v -2.986356 1.692222 0.124956
v -2.906046 1.814948 0.124956
v -2.074651 1.875937 0.166674
v -2.074651 1.875937 0.292570
v -2.074651 2.030744 0.292570
v -2.074651 2.399238 0.145618
v -3.513450 1.981307 0.244904
v -3.513450 1.981307 0.292570
v -3.315000 1.981307 0.292570
v -3.315000 1.981307 0.244904
v -3.253772 1.875936 0.244904
v -3.582092 1.875936 0.244904
v -3.253772 1.875936 0.292570
v -2.599786 2.298026 0.137192
v -2.599786 2.298026 0.185981
v -2.798237 2.298026 0.185981
v -2.798237 2.298026 0.137192
v -2.857048 2.399238 0.145618
v -2.540974 2.399238 0.145618
v -5.604746 2.399238 0.102322
v -3.580801 1.877916 0.166674
v -5.398443 2.399238 0.102322
v -5.398443 2.399238 0.145618
v -3.779357 2.399237 0.145618
v -5.159653 2.030743 0.292570
v -4.052639 2.030743 0.292570
v -4.114463 1.947378 0.236535
v -5.105633 1.947378 0.236535
v -5.065625 1.891343 0.292570
v -5.105633 1.947378 0.102322
v -4.154449 1.891343 0.292570
v -0.721184 2.616029 0.047129
v -0.695702 2.639158 0.024001
v -0.965124 2.392901 0.047129
v -1.064797 2.616029 0.047129
v -1.297241 2.392901 0.047129
v -1.040702 2.639158 0.024001
v 2.490718 1.236153 0.000000
v 0.840108 0.158230 0.000000
v 0.826166 0.160688 0.000000
v 0.804806 0.178612 0.000000
v 0.799964 0.191915 0.000000
v 0.804806 0.219374 0.000000
v 0.813906 0.230219 0.000000
v 0.826166 0.237297 0.000000
v 0.840108 0.239756 0.000000
v 0.854049 0.237297 0.000000
v 0.866310 0.230219 0.000000
v 0.875409 0.219374 0.000000
v 0.880251 0.206071 0.000000
v 0.880251 0.191915 0.000000
v 0.866310 0.167767 0.000000
v 0.854049 0.160688 0.000000
v 0.799964 0.206071 0.000000
v 0.875409 0.178612 0.000000
v 0.813906 0.167767 0.000000
v 2.556988 1.948933 0.000000
v -0.468147 2.399141 0.000000
v -0.313654 2.580156 0.000000
v -0.125174 2.580156 0.000000
v -0.069906 2.506619 0.000000
v 0.168760 2.506619 0.000000
v 0.224029 2.580156 0.000000
v 1.192330 2.580156 0.000000
v 1.376241 2.399141 0.000000
v 3.488400 2.480598 0.000000
v 3.545810 2.399142 0.000000
v 3.258888 2.480598 0.000000
v 3.216465 2.399142 0.000000
v 2.556499 1.967343 0.000000
v 3.997981 1.967343 0.000000
v 2.556499 2.263608 0.000000
v 3.997981 2.263608 0.000000
v 2.410623 1.067041 0.000000
v 2.490718 1.067041 0.000000
v 2.490718 1.405266 0.000000
v 2.410623 1.500564 0.000000
v 2.611431 1.500564 0.000000
v 2.410623 1.801064 0.000000
v 2.611431 1.801064 0.000000
v 2.611431 1.849297 0.000000
v 2.611431 1.452332 0.000000
v 3.208001 1.849297 0.000000
v 3.208001 1.452332 0.000000
v 3.208001 1.800233 0.000000
v 3.208001 1.501397 0.000000
v 3.815225 1.800233 0.000000
v 3.815225 1.501397 0.000000
v 3.815225 1.819462 0.000000
v 3.815225 1.482167 0.000000
v 3.932337 1.846715 0.000000
v 3.932338 1.454914 0.000000
v 4.452463 1.846714 0.000000
v 4.452463 1.454914 0.000000
v 4.452463 1.780301 0.000000
v 4.452463 1.521327 0.000000
v 2.493430 1.780301 0.000000
v 2.493430 1.521327 0.000000
v 4.251552 1.846714 0.000000
v 4.251552 1.521328 0.000000
v 4.251552 1.780301 0.000000
v 4.361709 1.846714 0.000000
v 4.361709 1.521327 0.000000
v 4.361709 1.780301 0.000000
v -3.963963 1.371570 0.000000
v -5.563676 0.766746 0.000000
v -5.714952 0.992198 0.000000
v -5.714952 2.399238 0.000000
v -5.097444 0.689072 0.000000
v -5.714952 2.030743 0.000000
v -5.414709 2.380720 0.000000
v -5.105633 1.947378 0.000000
v -4.114463 1.947378 0.000000
v -5.398443 2.380720 0.000000
v -2.074752 1.623938 0.000000
v -5.363533 1.147964 0.000000
v -5.217797 0.963578 0.000000
v -5.691482 2.445979 0.000000
v -5.686299 2.478699 0.000000
v -5.671260 2.508217 0.000000
v -5.647833 2.531641 0.000000
v -5.618316 2.546681 0.000000
v -5.585595 2.551865 0.000000
v -5.552875 2.546681 0.000000
v -5.523357 2.531641 0.000000
v -5.499932 2.508217 0.000000
v -5.714952 1.371570 0.000000
v -5.405534 0.689073 0.000000
v -5.692776 2.399238 0.000000
v -3.779357 2.398065 0.000000
v -3.753953 1.623936 0.000000
v -4.607141 1.371570 0.000000
v -4.932594 1.371570 0.000000
v -5.363533 1.371570 0.000000
v -2.074651 2.398066 0.000000
v 2.493430 1.650814 0.000000
v 3.997981 2.115476 0.000000
v 0.992895 0.203812 0.000000
v -0.711218 2.627430 0.000000
v 2.410623 0.917912 0.000000
v -0.521479 2.792150 0.000000
v 3.917414 2.341830 0.000000
v 1.931651 1.087870 0.000000
v 3.873214 2.641883 0.000000
v -0.097723 2.792150 0.000000
v 1.775281 1.029671 0.000000
v 3.917414 2.399239 0.000000
v 0.384521 2.792150 0.000000
v 0.977586 0.214093 0.000000
v -0.965927 2.399141 0.000000
v 1.664422 0.918303 0.000000
v 3.786486 2.697691 0.000000
v 3.485757 2.827679 0.000000
v 3.766047 2.704036 0.000000
v 0.926467 0.149133 0.000000
v 2.479925 1.871869 0.000000
v 3.525371 2.867292 0.000000
v 3.696465 2.792150 0.000000
v -0.016210 2.792150 0.000000
v 1.712716 0.969449 0.000000
v 1.752018 2.792150 0.000000
v -0.131399 0.713729 0.000000
v -1.094767 -0.358291 0.000000
v 1.849050 1.070633 0.000000
v 0.305286 2.792150 0.000000
v 2.556988 2.341829 0.000000
v -0.292025 0.199291 0.000000
v -0.937007 -0.708748 0.000000
v -1.175088 -0.105750 0.000000
v 0.545269 2.792150 0.000000
v 0.904206 0.122604 0.000000
v -1.041733 -0.658158 0.000000
v 0.023544 0.646952 0.000000
v 0.626782 2.792150 0.000000
v 0.466034 2.792150 0.000000
v 0.806002 0.105288 0.000000
v 2.096722 1.047659 0.000000
v 1.430522 2.792150 0.000000
v -0.176958 2.792150 0.000000
v 0.063025 2.792150 0.000000
v 3.485757 2.792151 0.000000
v 0.144538 2.792150 0.000000
v 0.753748 0.149133 0.000000
v 0.741904 0.216308 0.000000
v 1.992002 2.792150 0.000000
v 3.071621 2.792150 0.000000
v 2.152748 2.792150 0.000000
v 1.188261 2.792150 0.000000
v 1.509757 2.792150 0.000000
v -0.258471 2.792150 0.000000
v 3.766047 2.722569 0.000000
v 3.659760 2.827679 0.000000
v 1.591270 2.792150 0.000000
v 1.912766 2.792150 0.000000
v 1.831253 2.792150 0.000000
v 2.073515 2.792150 0.000000
v 2.234262 2.792150 0.000000
v 1.670505 2.792150 0.000000
v 3.620147 2.867292 0.000000
v 3.659760 2.792151 0.000000
v 1.269774 2.792150 0.000000
v 1.349009 2.792150 0.000000
v 1.027513 2.792150 0.000000
v 1.109026 2.792150 0.000000
v 0.840108 0.099273 0.000000
v 2.211738 0.917912 0.000000
v 0.741904 0.181676 0.000000
v 0.776009 0.122604 0.000000
v -0.779910 -0.492811 0.000000
v 0.706017 2.792150 0.000000
v 0.787531 2.792150 0.000000
v 2.410623 1.871869 0.000000
v 2.410623 1.436743 0.000000
v 2.161542 0.993728 0.000000
v 3.187222 2.792150 0.000000
v 0.757244 0.362055 0.000000
v 2.018702 1.079795 0.000000
v 3.908895 2.550214 0.000000
v 3.833833 2.677245 0.000000
v 3.898612 2.597034 0.000000
v 0.874214 0.105288 0.000000
v 0.223773 2.792150 0.000000
v 0.948278 2.792150 0.000000
v 0.866765 2.792150 0.000000
v -0.486053 2.792149 0.000000
v -1.903440 2.399238 0.000000
v -0.921612 -0.169726 0.000000
v -0.997121 -0.162287 0.000000
v -1.903440 1.436742 0.000000
v -1.903440 1.877275 0.000000
v -0.500803 0.199291 0.000000
v -0.845833 -0.167853 0.000000
v -0.694846 1.436743 0.000000
v -0.051710 1.436743 0.000000
v 0.067560 1.436743 0.000000
v 0.067560 0.990803 0.000000
v -1.058284 -0.151254 0.000000
v 0.067560 1.255212 0.000000
v -0.756429 -0.156697 0.000000
v -0.584418 2.737572 0.000000
v -0.625202 2.704525 0.000000
v -5.593964 2.501201 0.000000
v -5.551401 2.479514 0.000000
v -5.623813 2.442618 0.000000
v -5.627742 2.467423 0.000000
v -5.547472 2.454709 0.000000
v -5.606055 2.424860 0.000000
v -5.581250 2.420932 0.000000
v -5.558874 2.432333 0.000000
v -5.569160 2.497272 0.000000
v -5.616342 2.489800 0.000000
v 0.332983 0.646952 0.000000
v 3.751043 2.737573 0.000000
v 3.727388 2.761228 0.000000
v -1.040702 2.639158 0.000000
v -1.297241 2.392901 0.000000
v -1.064797 2.616029 0.000000
v -0.695702 2.639158 0.000000
v -0.965124 2.392901 0.000000
v 0.654786 0.151761 -0.081620
v 0.597590 0.399314 -0.217199
v 0.253450 0.642136 -0.217199
v 0.120666 0.642136 -0.217199
v -1.022976 -0.858618 -0.150701
v 0.039070 0.642136 -0.150701
v -0.955591 -0.883193 -0.217199
v -0.440008 -1.071224 -0.217199
v -0.440008 -1.071224 -0.149947
v -0.373098 -1.070577 -0.149947
v -0.206547 -1.068964 -0.081620
v 0.641956 0.368011 -0.149947
v 0.666077 0.350991 -0.157216
v 0.253450 0.642136 -0.149947
v -0.966986 -0.879037 -0.149947
v 0.079854 0.642136 -0.149947
v -0.673763 -1.061205 -0.149948
v -0.423148 -1.141510 -0.149948
v -0.967718 -1.063204 -0.149948
v 0.731889 0.495467 -0.149947
v 0.208173 0.823996 -0.149947
v -2.069912 2.433226 -0.176234
v -1.907240 2.433226 -0.164610
v -2.057894 2.433226 -0.208846
v -2.000705 2.433226 -0.245599
v -1.966048 2.433226 -0.242983
v -1.935480 2.433226 -0.226447
v -1.914760 2.433226 -0.198542
v -2.033223 2.433226 -0.233326
v -1.914761 1.420795 -0.198542
v -1.935479 1.420795 -0.226447
v -2.033223 1.420795 -0.233326
v -2.057894 1.420795 -0.208846
v -2.069912 1.420795 -0.176234
v -1.907240 1.420795 -0.164610
v -2.000706 1.420795 -0.245599
v -1.966048 1.420795 -0.242983
v -0.131221 0.942825 -0.152819
v 0.067560 0.990803 -0.152819
v 0.067560 1.436743 -0.152819
v -0.149033 1.404494 -0.152819
v -0.597162 1.404362 -0.152819
v -0.597162 1.436743 -0.152819
v -0.603886 0.853200 -0.152819
v -0.934253 0.950988 -0.152819
v -0.470026 0.942726 -0.152819
v -0.470026 0.853200 -0.152819
v -0.160514 0.942811 -0.116232
v -0.201615 0.942799 -0.084854
v -0.249340 0.942787 -0.064949
v -0.300624 0.942773 -0.058325
v -0.351907 0.942758 -0.064949
v -0.399632 0.942745 -0.084854
v -0.440733 0.942734 -0.116232
v -0.085041 0.964809 -0.152819
v -0.038434 0.997706 -0.152819
v -0.001000 1.042116 -0.152819
v 0.024560 1.095521 -0.152819
v 0.036454 1.154342 -0.152819
v 0.033794 1.214578 -0.152819
v 0.016697 1.272084 -0.152819
v -0.013692 1.322858 -0.152819
v -0.055263 1.363367 -0.152819
v -0.105094 1.390822 -0.152819
v -0.738166 1.313321 -0.079484
v -0.824716 1.298914 -0.152819
v -0.741478 1.371345 -0.152819
v -0.534997 0.942709 -0.152819
v -0.722687 0.974094 -0.121250
v -0.855837 1.243797 -0.152819
v -0.869951 1.165023 -0.152819
v -0.741963 0.961641 -0.152819
v -0.666931 0.934542 -0.152819
v -0.867594 1.107283 -0.152819
v -0.829929 1.159010 -0.096210
v -0.816677 1.239896 -0.099526
v -0.698104 0.990671 -0.083073
v -0.780112 1.143051 -0.045791
v -0.777614 1.347359 -0.152819
v -0.803540 1.001878 -0.152819
v -0.642026 0.942125 -0.132915
v -0.637218 1.400344 -0.152819
v -0.620228 0.951125 -0.117079
v -0.815624 1.057392 -0.114170
v -0.675656 1.372684 -0.117417
v -0.596411 0.933406 -0.152819
v -0.842587 1.055259 -0.152819
v -0.753161 1.058068 -0.056264
v -0.774841 1.232683 -0.054217
v -0.708169 1.386361 -0.152819
v -0.691859 1.379468 -0.134671
v -1.292415 0.003609 -0.106271
v -1.459554 -0.202439 -0.092676
v -1.459554 -0.202439 -0.147733
v -1.238670 -0.069210 -0.147733
v -1.433880 0.268254 -0.147733
v -1.315922 0.086743 -0.069930
v -1.422821 0.155357 -0.117261
v -1.295450 0.165041 -0.052491
v -0.767525 0.901636 -0.063576
v -1.896124 0.025719 -0.147733
v -1.175088 -0.105750 -0.147733
v -1.309800 -0.021677 -0.147733
v -1.352549 0.206929 -0.069254
v -0.850370 0.926159 -0.081796
v -1.372422 0.070300 -0.109961
v -1.369921 0.116203 -0.084508
v -1.422976 0.104656 -0.147733
v -1.407911 0.247542 -0.105962
v -0.909957 0.943796 -0.116058
v -1.693624 0.014570 -0.147733
v -1.795287 -0.056685 -0.147733
v -1.844234 -0.027678 -0.147733
v -1.450608 0.185358 -0.147733
v -1.795287 -0.056685 -0.092676
v -1.475234 -0.081694 -0.092676
v -1.693624 0.014570 -0.092676
v -1.374169 0.034512 -0.147733
v -1.475234 -0.081694 -0.147733
v -1.571024 1.441852 -0.085192
v -1.454503 1.441502 -0.147733
v -1.638072 1.441502 -0.074934
v -1.533805 1.183778 -0.071241
v -1.746015 0.784398 -0.073909
v -1.890880 0.602157 -0.076255
v -1.586641 0.971123 -0.072425
v -1.974402 0.399989 -0.079507
v -1.358913 1.191460 -0.147733
v -1.441928 0.908268 -0.147733
v -1.895332 0.185625 -0.147733
v -1.858401 0.377766 -0.147733
v -1.622913 0.707572 -0.147733
v -1.772795 0.543076 -0.147733
v -1.963021 0.177257 -0.094360
v -1.490128 0.926671 -0.100527
v -1.819052 0.564248 -0.100538
v -1.520815 1.442904 -0.100532
v -1.910432 0.387418 -0.100489
v -1.665322 0.733315 -0.100565
v -1.412902 1.188953 -0.100468
v -1.937581 0.182200 -0.108320
v -1.553333 1.290034 -0.072544
v -1.540956 1.077072 -0.071621
v -1.710096 0.761753 -0.082130
v -1.501051 1.305811 -0.081650
v -1.953401 0.395663 -0.084041
v -1.666925 0.875592 -0.072764
v -1.704207 0.623977 -0.147733
v -1.625415 0.852170 -0.081736
v -1.488206 1.065029 -0.081332
v -1.943135 0.503623 -0.077778
v -1.476168 1.186156 -0.081200
v -1.879901 0.283602 -0.147733
v -1.822219 0.693588 -0.075262
v -1.917747 0.494077 -0.083452
v -1.983161 0.279913 -0.082209
v -1.542645 0.949814 -0.081614
v -1.862337 0.586243 -0.082932
v -1.790803 0.674450 -0.082594
v -1.532781 0.800231 -0.147733
v -1.390223 1.336291 -0.147733
v -1.824701 0.462433 -0.147733
v -1.376015 1.043328 -0.147733
v -1.442013 1.322763 -0.100484
v -1.747707 0.648587 -0.100557
v -1.874136 0.478643 -0.100510
v -1.576776 0.824322 -0.100561
v -1.428453 1.052675 -0.100481
v -1.933586 0.282435 -0.100629
v -1.277160 -0.280365 -0.147733
v -0.201615 0.770040 -0.084854
v -0.351907 0.770040 -0.064949
v -0.249340 0.770040 -0.064949
v -0.131221 0.770040 -0.152819
v -0.160514 0.770040 -0.116232
v -0.300624 0.770040 -0.058325
v -0.090926 0.770040 -0.152819
v -0.407397 0.770040 -0.089720
v -0.440733 0.814305 -0.116232
v -0.759488 1.327249 -0.110220
v -1.124611 2.477666 -0.097122
v -1.150790 2.503020 -0.331815
v -1.170905 2.530729 -0.097122
v -1.170905 2.424240 -0.097122
v -1.172558 2.511723 -0.331815
v -1.142088 2.477666 -0.331815
v -1.323792 2.487254 -0.331815
v -1.311352 2.506227 -0.331815
v -1.294467 2.511723 -0.331815
v -1.294467 2.443610 -0.331815
v -1.323792 2.468079 -0.331815
v -1.311352 2.449107 -0.331815
v -1.150790 2.452314 -0.331815
v -1.138171 2.515639 -0.314340
v -1.138171 2.439694 -0.314340
v -1.138171 2.439694 -0.097122
v -1.138171 2.515639 -0.097122
v -1.124611 2.477666 -0.314340
v -1.297663 2.530729 -0.314340
v -1.170905 2.529199 -0.314340
v -1.170905 2.426135 -0.314340
v -1.297663 2.424240 -0.314340
v -1.172558 2.443610 -0.331815
v -0.956191 2.424240 -0.048227
v -0.956191 2.424240 -0.056101
v -0.839164 2.530729 -0.056101
v -1.343013 2.477485 -0.048227
v -1.297663 2.530729 -0.048227
v -0.839164 2.530729 -0.048227
v -0.989335 2.530729 -0.097122
v -1.297663 2.424240 -0.048227
v -1.106360 2.424240 -0.097122
v -0.862080 2.530729 -0.071763
v -0.979106 2.424240 -0.071763
v -1.323586 2.432545 -0.048227
v -1.323586 2.522423 -0.048227
v -1.337320 2.451091 -0.048227
v -1.337320 2.503877 -0.048227
v -1.132154 2.477666 -0.127812
v -1.178215 2.529199 -0.127832
v -1.178215 2.426135 -0.127832
v -1.179326 2.426135 -0.283924
v -1.146833 2.515639 -0.283952
v -1.146833 2.439694 -0.283952
v -1.323586 2.432545 -0.314340
v -1.337320 2.503877 -0.314340
v -1.323586 2.522423 -0.314340
v -1.337320 2.451091 -0.314340
v -1.343013 2.477485 -0.314340
v -1.133274 2.477666 -0.283952
v -1.179326 2.529199 -0.283924
v -1.145713 2.515639 -0.127812
v -1.145713 2.439694 -0.127812
v -1.139006 2.477666 -0.158658
v -1.184858 2.426135 -0.158687
v -1.152565 2.515639 -0.158658
v -1.152565 2.439694 -0.158658
v -1.185619 2.529199 -0.252998
v -1.188682 2.529199 -0.221592
v -1.188422 2.529199 -0.190039
v -1.184858 2.529199 -0.158687
v -1.185619 2.426135 -0.252998
v -1.188682 2.426135 -0.221592
v -1.188422 2.426135 -0.190039
v -1.143013 2.477666 -0.221613
v -1.142743 2.477666 -0.190026
v -1.139801 2.477666 -0.253038
v -1.156572 2.515639 -0.221613
v -1.156302 2.515639 -0.190026
v -1.153361 2.515639 -0.253038
v -1.156572 2.439694 -0.221613
v -1.156302 2.439694 -0.190026
v -1.153361 2.439694 -0.253038
v 0.654786 0.151761 0.081620
v 0.597590 0.399314 0.217199
v 0.253450 0.642136 0.217199
v 0.120666 0.642136 0.217199
v -1.022976 -0.858618 0.150701
v 0.039070 0.642136 0.150701
v -0.955591 -0.883193 0.217199
v -0.440008 -1.071224 0.217199
v -0.440008 -1.071224 0.149947
v -0.373098 -1.070577 0.149947
v -0.206547 -1.068964 0.081620
v 0.641956 0.368011 0.149947
v 0.666077 0.350991 0.157216
v 0.253450 0.642136 0.149947
v -0.966986 -0.879037 0.149947
v 0.079854 0.642136 0.149947
v -0.673763 -1.061205 0.149948
v -0.423148 -1.141510 0.149948
v -0.967718 -1.063204 0.149948
v 0.731889 0.495467 0.149947
v 0.208173 0.823996 0.149947
v -2.069912 2.433226 0.176234
v -1.907240 2.433226 0.164610
v -2.057894 2.433226 0.208846
v -2.000705 2.433226 0.245599
v -1.966048 2.433226 0.242983
v -1.935480 2.433226 0.226447
v -1.914760 2.433226 0.198542
v -2.033223 2.433226 0.233326
v -1.914761 1.420795 0.198542
v -1.935479 1.420795 0.226447
v -2.033223 1.420795 0.233326
v -2.057894 1.420795 0.208846
v -2.069912 1.420795 0.176234
v -1.907240 1.420795 0.164610
v -2.000706 1.420795 0.245599
v -1.966048 1.420795 0.242983
v -0.131221 0.942825 0.152819
v 0.067560 0.990803 0.152819
v 0.067560 1.436743 0.152819
v -0.149033 1.404494 0.152819
v -0.597162 1.404362 0.152819
v -0.597162 1.436743 0.152819
v -0.603886 0.853200 0.152819
v -0.934253 0.950988 0.152819
v -0.470026 0.942726 0.152819
v -0.470026 0.853200 0.152819
v -0.160514 0.942811 0.116232
v -0.201615 0.942799 0.084854
v -0.249340 0.942787 0.064949
v -0.300624 0.942773 0.058325
v -0.351907 0.942758 0.064949
v -0.399632 0.942745 0.084854
v -0.440733 0.942734 0.116232
v -0.085041 0.964809 0.152819
v -0.038434 0.997706 0.152819
v -0.001000 1.042116 0.152819
v 0.024560 1.095521 0.152819
v 0.036454 1.154342 0.152819
v 0.033794 1.214578 0.152819
v 0.016697 1.272084 0.152819
v -0.013692 1.322858 0.152819
v -0.055263 1.363367 0.152819
v -0.105094 1.390822 0.152819
v -0.738166 1.313321 0.079484
v -0.824716 1.298914 0.152819
v -0.741478 1.371345 0.152819
v -0.534997 0.942709 0.152819
v -0.722687 0.974094 0.121250
v -0.855837 1.243797 0.152819
v -0.869951 1.165023 0.152819
v -0.741963 0.961641 0.152819
v -0.666931 0.934542 0.152819
v -0.867594 1.107283 0.152819
v -0.829929 1.159010 0.096210
v -0.816677 1.239896 0.099526
v -0.698104 0.990671 0.083073
v -0.780112 1.143051 0.045791
v -0.777614 1.347359 0.152819
v -0.803540 1.001878 0.152819
v -0.642026 0.942125 0.132915
v -0.637218 1.400344 0.152819
v -0.620228 0.951125 0.117079
v -0.815624 1.057392 0.114170
v -0.675656 1.372684 0.117417
v -0.596411 0.933406 0.152819
v -0.842587 1.055259 0.152819
v -0.753161 1.058068 0.056264
v -0.774841 1.232683 0.054217
v -0.708169 1.386361 0.152819
v -0.691859 1.379468 0.134671
v -1.292415 0.003609 0.106271
v -1.459554 -0.202439 0.092676
v -1.459554 -0.202439 0.147733
v -1.238670 -0.069210 0.147733
v -1.433880 0.268254 0.147733
v -1.315922 0.086743 0.069930
v -1.422821 0.155357 0.117261
v -1.295450 0.165041 0.052491
v -0.767525 0.901636 0.063576
v -1.896124 0.025719 0.147733
v -1.309800 -0.021677 0.147733
v -1.352549 0.206929 0.069254
v -0.850370 0.926159 0.081796
v -1.372422 0.070300 0.109961
v -1.369921 0.116203 0.084508
v -1.422976 0.104656 0.147733
v -1.407911 0.247542 0.105962
v -0.909957 0.943796 0.116058
v -1.693624 0.014570 0.147733
v -1.795287 -0.056685 0.147733
v -1.844234 -0.027678 0.147733
v -1.450608 0.185358 0.147733
v -1.795287 -0.056685 0.092676
v -1.475234 -0.081694 0.092676
v -1.693624 0.014570 0.092676
v -1.374169 0.034512 0.147733
v -1.475234 -0.081694 0.147733
v -1.571024 1.441852 0.085192
v -1.454503 1.441502 0.147733
v -1.638072 1.441502 0.074934
v -1.533805 1.183778 0.071241
v -1.746015 0.784398 0.073909
v -1.890880 0.602157 0.076255
v -1.586641 0.971123 0.072425
v -1.974402 0.399989 0.079507
v -1.358913 1.191460 0.147733
v -1.441928 0.908268 0.147733
v -1.895332 0.185625 0.147733
v -1.858401 0.377766 0.147733
v -1.622913 0.707572 0.147733
v -1.772795 0.543076 0.147733
v -1.963021 0.177257 0.094360
v -1.490128 0.926671 0.100527
v -1.819052 0.564248 0.100538
v -1.520815 1.442904 0.100532
v -1.910432 0.387418 0.100489
v -1.665322 0.733315 0.100565
v -1.412902 1.188953 0.100468
v -1.937581 0.182200 0.108320
v -1.553333 1.290034 0.072544
v -1.540956 1.077072 0.071621
v -1.710096 0.761753 0.082130
v -1.501051 1.305811 0.081650
v -1.953401 0.395663 0.084041
v -1.666925 0.875592 0.072764
v -1.704207 0.623977 0.147733
v -1.625415 0.852170 0.081736
v -1.488206 1.065029 0.081332
v -1.943135 0.503623 0.077778
v -1.476168 1.186156 0.081200
v -1.879901 0.283602 0.147733
v -1.822219 0.693588 0.075262
v -1.917747 0.494077 0.083452
v -1.983161 0.279913 0.082209
v -1.542645 0.949814 0.081614
v -1.862337 0.586243 0.082932
v -1.790803 0.674450 0.082594
v -1.532781 0.800231 0.147733
v -1.390223 1.336291 0.147733
v -1.824701 0.462433 0.147733
v -1.376015 1.043328 0.147733
v -1.442013 1.322763 0.100484
v -1.747707 0.648587 0.100557
v -1.874136 0.478643 0.100510
v -1.576776 0.824322 0.100561
v -1.428453 1.052675 0.100481
v -1.933586 0.282435 0.100629
v -1.277160 -0.280365 0.147733
v -0.201615 0.770040 0.084854
v -0.351907 0.770040 0.064949
v -0.249340 0.770040 0.064949
v -0.131221 0.770040 0.152819
v -0.160514 0.770040 0.116232
v -0.300624 0.770040 0.058325
v -0.090926 0.770040 0.152819
v -0.407397 0.770040 0.089720
v -0.440733 0.814305 0.116232
v -0.759488 1.327249 0.110220
v -1.124611 2.477666 0.097122
v -1.150790 2.503020 0.331815
v -1.170905 2.530729 0.097122
v -1.170905 2.424240 0.097122
v -1.172558 2.511723 0.331815
v -1.142088 2.477666 0.331815
v -1.323792 2.487254 0.331815
v -1.311352 2.506227 0.331815
v -1.294467 2.511723 0.331815
v -1.294467 2.443610 0.331815
v -1.323792 2.468079 0.331815
v -1.311352 2.449107 0.331815
v -1.150790 2.452314 0.331815
v -1.138171 2.515639 0.314340
v -1.138171 2.439694 0.314340
v -1.138171 2.439694 0.097122
v -1.138171 2.515639 0.097122
v -1.124611 2.477666 0.314340
v -1.297663 2.530729 0.314340
v -1.170905 2.529199 0.314340
v -1.170905 2.426135 0.314340
v -1.297663 2.424240 0.314340
v -1.172558 2.443610 0.331815
v -0.956191 2.424240 0.048227
v -0.956191 2.424240 0.056101
v -0.839164 2.530729 0.056101
v -1.343013 2.477485 0.048227
v -1.297663 2.530729 0.048227
v -0.839164 2.530729 0.048227
v -0.989335 2.530729 0.097122
v -1.297663 2.424240 0.048227
v -1.106360 2.424240 0.097122
v -0.862080 2.530729 0.071763
v -0.979106 2.424240 0.071763
v -1.323586 2.432545 0.048227
v -1.323586 2.522423 0.048227
v -1.337320 2.451091 0.048227
v -1.337320 2.503877 0.048227
v -1.132154 2.477666 0.127812
v -1.178215 2.529199 0.127832
v -1.178215 2.426135 0.127832
v -1.179326 2.426135 0.283924
v -1.146833 2.515639 0.283952
v -1.146833 2.439694 0.283952
v -1.323586 2.432545 0.314340
v -1.337320 2.503877 0.314340
v -1.323586 2.522423 0.314340
v -1.337320 2.451091 0.314340
v -1.343013 2.477485 0.314340
v -1.133274 2.477666 0.283952
v -1.179326 2.529199 0.283924
v -1.145713 2.515639 0.127812
v -1.145713 2.439694 0.127812
v -1.139006 2.477666 0.158658
v -1.184858 2.426135 0.158687
v -1.152565 2.515639 0.158658
v -1.152565 2.439694 0.158658
v -1.185619 2.529199 0.252998
v -1.188682 2.529199 0.221592
v -1.188422 2.529199 0.190039
v -1.184858 2.529199 0.158687
v -1.185619 2.426135 0.252998
v -1.188682 2.426135 0.221592
v -1.188422 2.426135 0.190039
v -1.143013 2.477666 0.221613
v -1.142743 2.477666 0.190026
v -1.139801 2.477666 0.253038
v -1.156572 2.515639 0.221613
v -1.156302 2.515639 0.190026
v -1.153361 2.515639 0.253038
v -1.156572 2.439694 0.221613
v -1.156302 2.439694 0.190026
v -1.153361 2.439694 0.253038
v 0.079854 0.642136 0.000000
v -0.967718 -1.063204 0.000000
v -0.423148 -1.141510 0.000000
v 0.641956 0.368011 0.000000
v -0.373098 -1.070577 0.000000
v 0.654786 0.151761 0.000000
v 0.039070 0.642136 0.000000
v -0.966986 -0.879037 0.000000
v 0.666077 0.350991 0.000000
v -0.206547 -1.068964 0.000000
v -1.022976 -0.858618 0.000000
v -0.673763 -1.061205 0.000000
v 0.731889 0.495467 0.000000
v 0.208173 0.823996 0.000000
v -2.069912 2.433226 0.000000
v -1.907240 2.433226 0.000000
v -1.907240 1.420795 0.000000
v -2.069912 1.420795 0.000000
v -0.201615 0.942799 0.000000
v -0.131221 0.942825 0.000000
v -0.300624 0.942773 0.000000
v -0.249340 0.942787 0.000000
v -0.149033 1.404494 0.000000
v 0.024560 1.095521 0.000000
v -0.597162 1.404362 0.000000
v -1.896124 0.025719 0.000000
v -1.746015 0.784398 0.000000
v -1.638072 1.441502 0.000000
v -1.586641 0.971123 0.000000
v -0.131221 0.770040 0.000000
v -0.407397 0.770040 0.000000
v -0.603886 0.853200 0.000000
v -1.295450 0.165041 0.000000
v -1.533805 1.183778 0.000000
v -1.553333 1.290034 0.000000
v -1.822219 0.693588 0.000000
v -0.249340 0.770040 0.000000
v -1.890880 0.602157 0.000000
v -1.844234 -0.027678 0.000000
v -0.351907 0.770040 0.000000
v -1.795287 -0.056685 0.000000
v -0.090926 0.770040 0.000000
v -1.292415 0.003609 0.000000
v -1.666925 0.875592 0.000000
v -1.943135 0.503623 0.000000
v -0.300624 0.770040 0.000000
v -1.459554 -0.202439 0.000000
v -0.698104 0.990671 0.000000
v -0.160514 0.770040 0.000000
v -0.105094 1.390822 0.000000
v -0.001000 1.042116 0.000000
v -1.983161 0.279913 0.000000
v -1.277160 -0.280365 0.000000
v -1.963021 0.177257 0.000000
v -1.238670 -0.069210 0.000000
v -0.013692 1.322858 0.000000
v -1.540956 1.077072 0.000000
v -0.774841 1.232683 0.000000
v -0.738166 1.313321 0.000000
v -0.753161 1.058068 0.000000
v -0.780112 1.143051 0.000000
v -0.534997 0.942709 0.000000
v -0.201615 0.770040 0.000000
v -0.767525 0.901636 0.000000
v -1.974402 0.399989 0.000000
v -0.160514 0.942811 0.000000
v -1.315922 0.086743 0.000000
v 0.016697 1.272084 0.000000
v -0.085041 0.964809 0.000000
v -0.055263 1.363367 0.000000
v -0.620228 0.951125 0.000000
v -0.038434 0.997706 0.000000
v 0.033794 1.214578 0.000000
v 0.036454 1.154342 0.000000
v -0.470026 0.853200 0.000000
v -0.675656 1.372684 0.000000
v 2.410623 1.116572 0.119581
v 2.490718 1.079914 0.064716
v 2.410623 1.300870 0.156239
v 2.490718 1.300870 0.156239
v 2.490718 1.355733 0.119581
v 2.490718 1.116572 -0.119581
v 2.410623 1.392392 0.064716
v 2.410623 1.171437 0.156239
v 2.410623 1.171437 -0.156239
v 2.490718 1.392392 -0.064716
v 2.410623 1.236153 0.169113
v 2.410623 1.405266 0.000000
v 2.410623 1.236153 -0.169113
v 2.490718 1.236153 0.169113
vn -0.8346 -0.5509 -0.0000
vn -0.0000 -0.0000 -1.0000
vn -1.0000 -0.0000 -0.0000
vn -0.9790 0.0025 -0.2038
vn 0.2899 -0.0000 -0.9570
vn -0.5508 -0.8346 -0.0000
vn -0.9922 0.1245 -0.0000
vn -0.9922 -0.1245 -0.0000
vn -0.1374 -0.9905 -0.0000
vn -0.1246 -0.9922 -0.0000
vn -0.2472 -0.9690 -0.0000
vn -0.0000 -1.0000 -0.0000
vn 0.9979 0.0654 -0.0000
vn 0.9979 -0.0654 -0.0000
vn -0.9275 -0.0000 -0.3738
vn -0.9790 0.0046 -0.2038
vn -0.2473 0.9689 -0.0000
vn -0.1246 0.9922 -0.0000
vn -0.1375 0.9905 -0.0000
vn 0.8346 0.5508 -0.0000
vn -0.0000 1.0000 -0.0000
vn 0.1246 0.9922 -0.0000
vn -0.9690 0.2472 -0.0000
vn 0.9690 -0.2472 -0.0000
vn 0.9922 -0.1246 -0.0000
vn -0.9690 -0.2472 -0.0000
vn 0.1246 -0.9922 -0.0000
vn -0.8346 0.5509 -0.0000
vn 0.2472 -0.9690 -0.0000
vn 0.9690 0.2472 -0.0000
vn 0.9922 0.1246 -0.0000
vn 0.5508 -0.8346 -0.0000
vn 0.5508 0.8346 -0.0000
vn 0.8346 -0.5508 -0.0000
vn -0.9790 0.0066 -0.2038
vn -0.0000 -0.0000 1.0000
vn 0.5496 -0.0046 -0.8354
vn 0.4027 -0.0015 -0.9153
vn 0.5200 -0.0008 -0.8541
vn 0.0654 0.9979 -0.0000
vn 0.4027 -0.0023 -0.9153
vn 0.2473 0.9689 -0.0000
vn 0.2588 0.9659 -0.0000
vn 0.9659 -0.2588 -0.0000
vn 0.7071 -0.7071 -0.0000
vn 0.5000 -0.8660 -0.0000
vn -0.9997 0.0047 0.0233
vn 0.5000 0.8660 -0.0000
vn 0.8660 -0.5000 -0.0000
vn 0.7071 0.7071 -0.0000
vn 0.8660 0.5000 -0.0000
vn 0.4009 -0.0006 -0.9161
vn 0.4006 -0.0013 -0.9163
vn 0.4015 -0.0016 -0.9159
vn 0.4003 -0.0012 -0.9164
vn -0.9997 0.0026 0.0228
vn 0.5640 -0.0047 -0.8258
vn 0.9659 0.2588 -0.0000
vn -0.9997 0.0067 0.0233
vn 1.0000 -0.0000 -0.0000
vn -0.5404 -0.8414 -0.0000
vn 0.4011 -0.0023 -0.9160
vn 0.0654 -0.9979 -0.0000
vn 0.2588 -0.9659 -0.0000
vn -0.5508 0.8346 -0.0000
vn 0.9154 -0.4024 -0.0000
vn 0.6655 0.7464 -0.0000
vn 0.5041 -0.8637 -0.0000
vn -0.7463 0.6656 -0.0000
vn -0.2648 0.0089 -0.9643
vn -0.2628 0.0485 -0.9636
vn -0.2626 0.0513 -0.9636
vn -0.2648 0.0094 -0.9643
vn 0.8636 0.5041 -0.0000
vn -0.6656 -0.7463 -0.0000
vn 0.2126 -0.9771 -0.0000
vn -0.9155 0.4024 -0.0000
vn 0.9748 0.2232 -0.0000
vn 0.9646 0.2636 -0.0000
vn -0.2579 0.0886 -0.9621
vn -0.2571 0.0938 -0.9618
vn 0.4368 -0.1579 -0.8856
vn 0.4389 -0.1501 -0.8859
vn 0.4171 -0.2109 -0.8840
vn 0.4126 -0.2199 -0.8839
vn -0.9950 0.0999 -0.0000
vn -0.9155 0.4023 -0.0000
vn -0.9771 -0.2126 -0.0000
vn 0.4024 0.9155 -0.0000
vn -0.0999 -0.9950 -0.0000
vn 0.9771 0.2126 -0.0000
vn 0.0998 0.9950 -0.0000
vn -0.2125 0.9772 -0.0000
vn -0.5041 0.8636 -0.0000
vn 0.8637 0.5041 -0.0000
vn -0.6655 -0.7464 -0.0000
vn -0.2641 -0.0291 -0.9641
vn -0.2640 -0.0306 -0.9640
vn 0.8636 0.5042 -0.0000
vn 0.9772 0.2125 -0.0000
vn 0.5040 -0.8637 -0.0000
vn -0.4024 -0.9155 -0.0000
vn -0.2126 0.9771 -0.0000
vn 0.7463 -0.6656 -0.0000
vn -0.4023 -0.9155 -0.0000
vn -0.0998 -0.9950 -0.0000
vn 0.4585 -0.0161 -0.8885
vn 0.4585 -0.0153 -0.8886
vn 0.4527 -0.0831 -0.8878
vn 0.4520 -0.0875 -0.8877
vn 0.0999 0.9950 -0.0000
vn -0.8637 -0.5041 -0.0000
vn 0.4415 0.1187 -0.8894
vn 0.4478 0.0998 -0.8885
vn 0.4469 0.1025 -0.8887
vn 0.9429 -0.3331 -0.0000
vn 0.9825 -0.1861 -0.0000
vn 0.9950 -0.0998 -0.0000
vn -0.2407 0.1599 -0.9573
vn -0.2422 0.1555 -0.9577
vn -0.2385 0.1665 -0.9568
vn 0.9155 -0.4024 -0.0000
vn 0.6656 0.7463 -0.0000
vn -0.4024 -0.9154 -0.0000
vn 0.9950 -0.0999 -0.0000
vn -0.8636 -0.5041 -0.0000
vn 0.7464 -0.6655 -0.0000
vn 0.8374 -0.5466 -0.0000
vn 0.8860 -0.4637 -0.0000
vn 0.9994 -0.0344 -0.0000
vn 0.9937 0.1124 -0.0000
vn -0.2614 -0.0587 -0.9634
vn -0.2612 -0.0606 -0.9634
vn 0.8208 -0.5712 -0.0000
vn -0.2501 0.1272 -0.9598
vn -0.2484 0.1337 -0.9594
vn 0.4562 0.0526 -0.8883
vn 0.4565 0.0501 -0.8883
vn 0.3841 -0.2504 -0.8887
vn 0.3906 -0.2475 -0.8867
vn 0.3735 -0.2551 -0.8919
vn -0.2597 -0.0706 -0.9631
vn 0.4017 -0.0016 -0.9158
vn 0.4018 -0.0012 -0.9157
vn -0.9790 0.0025 0.2038
vn 0.2899 -0.0000 0.9570
vn -0.9275 -0.0000 0.3738
vn -0.9790 0.0046 0.2038
vn -0.9790 0.0066 0.2038
vn 0.5496 -0.0046 0.8354
vn 0.4027 -0.0015 0.9153
vn 0.5200 -0.0008 0.8541
vn 0.4027 -0.0023 0.9153
vn -0.9997 0.0047 -0.0233
vn 0.4009 -0.0006 0.9161
vn 0.4006 -0.0013 0.9163
vn 0.4003 -0.0012 0.9164
vn 0.4015 -0.0016 0.9159
vn -0.9997 0.0026 -0.0228
vn 0.5640 -0.0047 0.8258
vn -0.9997 0.0067 -0.0233
vn 0.4011 -0.0023 0.9160
vn -0.2648 0.0089 0.9643
vn -0.2648 0.0094 0.9643
vn -0.2626 0.0513 0.9636
vn -0.2628 0.0485 0.9636
vn -0.2579 0.0886 0.9621
vn -0.2571 0.0938 0.9618
vn 0.4368 -0.1579 0.8856
vn 0.4126 -0.2199 0.8839
vn 0.4171 -0.2109 0.8840
vn 0.4389 -0.1501 0.8859
vn -0.2641 -0.0291 0.9641
vn -0.2640 -0.0306 0.9640
vn 0.4585 -0.0161 0.8885
vn 0.4520 -0.0875 0.8877
vn 0.4527 -0.0831 0.8878
vn 0.4585 -0.0153 0.8886
vn 0.4415 0.1187 0.8894
vn 0.4469 0.1025 0.8887
vn 0.4478 0.0998 0.8885
vn -0.2407 0.1599 0.9573
vn -0.2385 0.1665 0.9568
vn -0.2422 0.1555 0.9577
vn -0.2614 -0.0587 0.9634
vn -0.2612 -0.0606 0.9634
vn -0.2501 0.1272 0.9598
vn -0.2484 0.1337 0.9594
vn 0.4565 0.0501 0.8883
vn 0.4562 0.0526 0.8883
vn 0.3841 -0.2504 0.8887
vn 0.3735 -0.2551 0.8919
vn 0.3906 -0.2475 0.8867
vn -0.2597 -0.0706 0.9631
vn 0.4018 -0.0012 0.9157
vn 0.4017 -0.0016 0.9158
vn 0.7301 -0.6833 -0.0000
vn -0.7494 -0.6621 -0.0012
vn -0.7565 -0.6539 -0.0014
vn -0.7513 -0.6599 -0.0018
vn -0.8555 0.5178 -0.0000
vn 0.9996 0.0282 -0.0000
vn 0.9997 0.0235 -0.0000
vn 0.7610 -0.6488 -0.0000
vn -0.0000 0.5660 -0.8244
vn -0.0001 0.3699 -0.9291
vn -0.0015 0.2920 -0.9564
vn -0.0003 0.2772 -0.9608
vn -0.0002 0.3698 -0.9291
vn -0.0000 -0.1324 -0.9912
vn -0.3827 -0.9239 -0.0000
vn -0.0654 0.9979 -0.0000
vn 0.8173 -0.5762 -0.0000
vn -0.1736 0.9848 -0.0000
vn 0.1736 0.9848 -0.0000
vn -0.5000 -0.8660 -0.0000
vn 0.9397 -0.3420 -0.0000
vn -0.0000 0.7146 0.6996
vn -0.9659 -0.2588 -0.0000
vn -0.8660 -0.5000 -0.0000
vn -0.0003 1.0000 -0.0000
vn -0.1737 -0.9848 -0.0000
vn -0.8338 -0.5520 -0.0000
vn -0.7994 -0.6008 -0.0000
vn -0.4350 -0.9004 -0.0000
vn 0.3965 0.9181 -0.0000
vn 0.3484 0.9373 -0.0000
vn 0.3470 0.9379 -0.0000
vn -0.0000 -0.5460 -0.8378
vn -0.0000 -0.6679 -0.7442
vn 0.1437 -0.0881 -0.9857
vn -0.9397 -0.3420 -0.0000
vn -0.0654 -0.9979 -0.0000
vn 0.9397 0.3420 -0.0000
vn 0.1379 0.9904 -0.0000
vn 0.2715 0.9624 -0.0000
vn -0.5000 0.8660 -0.0000
vn -0.7071 0.7071 -0.0000
vn 0.7483 0.6632 0.0141
vn 0.7510 0.6603 -0.0000
vn 0.7322 0.6757 0.0855
vn 0.7660 -0.6428 -0.0000
vn -0.3929 -0.9196 -0.0000
vn -0.7661 -0.6427 -0.0000
vn -0.8660 0.5000 -0.0000
vn -0.9659 0.2588 -0.0000
vn -0.0000 0.7146 -0.6996
vn -0.0000 1.0000 0.0006
vn -0.0002 1.0000 -0.0000
vn -0.0003 0.1096 -0.9940
vn -0.0005 0.0516 -0.9987
vn 0.0002 0.0476 -0.9989
vn 0.0001 0.1074 -0.9942
vn -0.0000 0.7148 -0.6993
vn -0.5000 -0.8661 -0.0000
vn -0.0002 0.2877 -0.9577
vn 0.0001 0.1701 -0.9854
vn 0.0004 0.0566 -0.9984
vn -0.0011 0.1111 -0.9938
vn -0.0005 0.1736 -0.9848
vn -0.0007 0.0560 -0.9984
vn -0.2588 -0.9659 -0.0000
vn 0.0145 0.0584 -0.9982
vn 0.0932 0.0932 -0.9913
vn 0.0177 0.1268 -0.9918
vn -0.8123 0.5833 -0.0000
vn -0.7014 -0.7128 -0.0003
vn -0.7014 -0.7128 -0.0000
vn -0.0000 0.1758 -0.9844
vn 0.0004 0.1752 -0.9845
vn 0.0001 0.2896 -0.9572
vn -0.0000 0.3338 -0.9426
vn 0.7105 -0.7037 -0.0000
vn 0.7058 -0.7084 -0.0000
vn 0.5688 -0.8225 -0.0000
vn 0.5945 -0.8041 -0.0000
vn 0.9907 0.1359 -0.0000
vn 0.9919 0.1271 -0.0000
vn 0.2965 0.9550 -0.0000
vn 0.0681 -0.9977 -0.0000
vn 0.1359 -0.9907 -0.0000
vn -0.0000 0.7145 -0.6996
vn 0.7760 -0.6307 -0.0000
vn 0.7859 -0.6184 -0.0000
vn 0.1737 -0.9848 -0.0000
vn 0.0322 0.9995 -0.0000
vn 0.0323 0.9995 -0.0000
vn -0.0000 0.7146 0.6995
vn -0.0000 0.7145 0.6996
vn 0.7287 -0.6849 -0.0000
vn 0.7278 -0.6858 -0.0000
vn 0.7279 -0.6857 -0.0000
vn -0.5512 -0.8344 -0.0000
vn 0.5512 -0.8344 -0.0000
vn -0.0000 -0.0002 -1.0000
vn -0.0001 -0.0001 -1.0000
vn -0.0002 -0.0001 -1.0000
vn -0.0002 -0.0002 -1.0000
vn -0.0001 -0.0004 -1.0000
vn -0.8172 -0.5763 -0.0002
vn -0.8172 -0.5763 -0.0000
vn -0.0000 0.7145 -0.6997
vn -0.8959 0.4442 -0.0000
vn -0.0000 0.7145 0.6997
vn 0.5005 0.8657 -0.0000
vn -0.9979 0.0654 -0.0000
vn 0.0367 0.9993 -0.0000
vn -0.0000 0.3700 -0.9290
vn 0.0012 0.2934 -0.9560
vn 0.5511 0.8344 -0.0000
vn -0.0000 0.4322 -0.9018
vn -0.0001 0.0002 -1.0000
vn -0.7457 -0.6663 -0.0002
vn -0.0681 0.9977 -0.0000
vn 0.0681 0.9977 -0.0000
vn -0.0001 -0.0003 -1.0000
vn 0.0226 0.7096 0.7043
vn 0.0232 0.7096 0.7043
vn 0.0444 0.7117 0.7010
vn 0.0337 0.7325 0.6799
vn -0.0001 -0.0636 -0.9980
vn -0.0000 -0.2281 -0.9736
vn 0.0005 -0.0654 -0.9979
vn -0.7071 -0.7071 -0.0000
vn -0.0000 0.7148 0.6994
vn -0.7660 -0.6428 -0.0000
vn 0.4855 -0.8743 -0.0000
vn -0.0000 0.7147 -0.6994
vn 0.3977 -0.3741 -0.8378
vn 0.8959 0.4442 -0.0000
vn -0.7661 0.6427 -0.0000
vn 0.7660 0.6428 -0.0000
vn -0.0000 1.0000 0.0010
vn -0.0001 1.0000 0.0008
vn -0.0001 1.0000 0.0006
vn -0.0000 0.1665 -0.9860
vn -0.0000 0.7144 -0.6997
vn -0.0000 0.7147 0.6994
vn 0.8130 -0.5822 -0.0000
vn 0.8134 -0.5817 -0.0000
vn 0.7606 -0.6492 -0.0000
vn -0.0000 -0.1362 -0.9907
vn -0.6396 -0.7687 -0.0000
vn 0.8086 -0.5883 -0.0000
vn -0.0000 1.0000 0.0007
vn -0.9986 0.0524 -0.0000
vn 0.8959 -0.4442 -0.0000
vn 0.8555 0.5178 -0.0000
vn 0.7302 0.6768 0.0934
vn -0.0681 -0.9977 -0.0000
vn -0.9979 -0.0654 -0.0000
vn -0.9847 -0.1742 -0.0000
vn 0.9239 -0.3827 -0.0000
vn 0.0008 -0.3435 -0.9392
vn 0.0022 -0.3364 -0.9417
vn 0.0018 -0.3386 -0.9409
vn 0.0001 -0.0001 -1.0000
vn 0.0001 0.0562 -0.9984
vn -0.0000 -0.1175 -0.9931
vn -0.0000 -0.0843 -0.9964
vn -0.6996 0.7145 -0.0000
vn -0.0000 0.7146 -0.6995
vn -0.0000 0.7144 0.6997
vn 0.7072 -0.7071 -0.0000
vn -0.2588 0.9659 -0.0000
vn -0.5575 -0.8302 -0.0000
vn -0.1135 -0.2573 -0.9597
vn -0.0000 0.3698 -0.9291
vn -0.0000 0.3704 -0.9289
vn -0.0001 0.3698 -0.9291
vn -0.0000 0.3696 -0.9292
vn -0.0001 0.3696 -0.9292
vn 0.0046 -0.0000 -1.0000
vn 0.0013 -0.0015 -1.0000
vn -0.0000 -0.0001 -1.0000
vn 0.1358 -0.9907 -0.0000
vn -0.7457 -0.6663 -0.0000
vn -0.0012 -0.0012 -1.0000
vn 0.4319 0.9019 -0.0000
vn 0.0001 1.0000 -0.0000
vn 0.3826 -0.9239 -0.0000
vn -0.0001 1.0000 -0.0000
vn -0.0000 0.3697 -0.9292
vn 0.0001 0.3699 -0.9291
vn -0.5512 -0.8343 -0.0000
vn -0.3809 -0.9246 -0.0000
vn -0.9989 -0.0471 -0.0000
vn 0.2043 -0.9789 -0.0000
vn -0.0000 0.3703 -0.9289
vn -0.0682 0.9977 -0.0000
vn -0.7916 0.6111 -0.0000
vn -0.7919 0.6106 -0.0000
vn -0.0031 0.1722 -0.9851
vn -0.0744 0.9972 -0.0000
vn -0.1238 0.9923 -0.0000
vn -0.0000 -0.2158 -0.9764
vn 0.8869 -0.4619 -0.0000
vn 0.0093 0.1668 -0.9859
vn -0.8959 -0.4443 -0.0000
vn 0.0013 0.1742 -0.9847
vn -0.0000 0.7099 0.7043
vn -0.6226 -0.7825 -0.0000
vn 0.0003 0.0416 -0.9991
vn -0.0011 0.0512 -0.9987
vn -0.0000 0.7149 0.6993
vn -0.0005 0.2529 -0.9675
vn -0.1359 0.9907 -0.0000
vn -0.8959 -0.4442 -0.0000
vn 0.5512 0.8344 -0.0000
vn -0.9397 0.3420 -0.0000
vn -0.7910 0.6118 -0.0000
vn -0.9956 -0.0941 -0.0000
vn 0.0015 0.1728 -0.9849
vn -0.0000 0.7148 -0.6994
vn -0.0006 0.1682 -0.9858
vn 0.0001 0.2548 -0.9670
vn -0.5511 0.8344 -0.0000
vn -0.1358 -0.9907 -0.0000
vn -0.5511 0.8345 -0.0000
vn 0.6681 0.7441 -0.0000
vn 0.0010 0.1718 -0.9851
vn 0.0645 0.9979 -0.0000
vn -0.0000 0.7148 0.6993
vn 0.1358 0.9907 -0.0000
vn -0.0000 0.0338 -0.9994
vn -0.0941 -0.9956 -0.0000
vn -0.0471 -0.9989 -0.0000
vn -0.6551 0.7555 -0.0000
vn -0.6442 0.7649 -0.0000
vn -0.1360 0.9907 -0.0000
vn -0.0000 0.7149 -0.6993
vn 0.0024 0.1716 -0.9852
vn 0.8959 -0.4443 -0.0000
vn 0.8702 0.4928 -0.0000
vn 0.0315 0.7368 0.6754
vn -0.0002 0.1707 -0.9853
vn -0.0000 0.7188 -0.6952
vn 0.0238 0.7246 -0.6887
vn 0.0245 0.7248 -0.6885
vn -0.1359 -0.9907 -0.0000
vn -0.9239 -0.3827 -0.0000
vn 0.8172 -0.5763 -0.0004
vn -0.9945 0.1047 -0.0000
vn -0.5512 0.8344 -0.0000
vn 0.5511 0.8345 -0.0000
vn 0.0082 0.8082 -0.5889
vn 0.0427 0.7420 -0.6691
vn 0.9989 -0.0471 -0.0000
vn 0.7994 -0.6008 -0.0000
vn -0.0033 -0.0000 -1.0000
vn -0.1358 0.9907 -0.0000
vn 0.0471 -0.9989 -0.0000
vn -0.6424 0.7663 -0.0000
vn 0.1359 0.9907 -0.0000
vn 0.0010 0.1737 -0.9848
vn 0.9956 -0.0941 -0.0000
vn 0.0941 -0.9956 -0.0000
vn -0.0000 0.8224 -0.5688
vn 0.1360 -0.9907 -0.0000
vn -0.6487 0.7610 -0.0000
vn -0.6483 0.7614 -0.0000
vn 0.0020 0.1723 -0.9851
vn -0.0000 -0.3537 0.9354
vn 0.0015 -0.3614 -0.9324
vn 0.0003 -0.3499 -0.9368
vn 0.0014 -0.3605 -0.9328
vn -0.0000 -0.9808 -0.1951
vn -0.0000 -0.8315 -0.5556
vn -0.0000 -0.5556 -0.8315
vn -0.0000 -0.1951 -0.9808
vn -0.0000 0.1951 -0.9808
vn -0.0000 0.5556 -0.8315
vn -0.0000 0.8315 -0.5556
vn -0.0000 0.9808 -0.1951
vn -0.0000 -0.5000 -0.8660
vn -0.0000 -0.2588 -0.9659
vn -0.0000 0.8660 -0.5000
vn -0.0000 0.7071 -0.7071
vn -0.0000 0.9659 -0.2588
vn -0.0000 0.5000 -0.8660
vn -0.0000 0.2588 -0.9659
vn -0.0000 -0.9659 -0.2588
vn -0.0000 -0.8660 -0.5000
vn -0.0000 -0.7071 -0.7071
vn -0.2267 0.6887 -0.6887
vn -0.2266 0.8435 -0.4870
vn -0.1130 0.8605 -0.4968
vn -0.1130 0.7026 -0.7026
vn -0.2267 -0.4870 -0.8435
vn -0.2266 -0.2521 -0.9408
vn -0.1130 -0.2572 -0.9597
vn -0.1130 -0.4968 -0.8605
vn -0.2266 -0.8435 -0.4870
vn -0.2267 -0.6887 -0.6887
vn -0.1130 -0.7026 -0.7026
vn -0.1130 -0.8605 -0.4968
vn -0.2266 -0.0000 -0.9740
vn -0.1130 -0.0000 -0.9936
vn -0.2266 0.9408 -0.2521
vn -0.1130 0.9597 -0.2572
vn -0.2267 0.2521 -0.9408
vn -0.1133 0.2583 -0.9594
vn -0.2267 0.9740 -0.0000
vn -0.1130 0.9936 -0.0000
vn -0.2267 0.4870 -0.8435
vn -0.1132 0.4981 -0.8597
vn -0.2266 -0.9740 -0.0000
vn -0.2266 -0.9408 -0.2521
vn -0.1130 -0.9597 -0.2572
vn -0.1130 -0.9936 -0.0000
vn -0.0000 1.0000 -0.0014
vn -0.0000 0.7071 0.7071
vn -0.0000 0.5000 0.8660
vn -0.0005 0.5026 -0.8645
vn -0.0009 0.3881 -0.9216
vn -0.0000 0.9659 0.2588
vn -0.0000 -0.2588 0.9659
vn -0.0000 0.8660 0.5000
vn 0.0017 0.5026 -0.8645
vn -0.0000 0.1305 -0.9914
vn 0.0033 0.3881 -0.9216
vn -0.0000 -0.7071 0.7071
vn -0.0000 -0.8660 0.5000
vn -0.0000 -0.9659 0.2588
vn -0.0000 0.2588 0.9659
vn -0.0000 -0.5000 0.8660
vn -0.0000 -0.3827 0.9239
vn -0.6950 0.0007 -0.7190
vn -0.6548 -0.1000 -0.7492
vn -0.6489 -0.1131 -0.7524
vn 0.8498 -0.5272 -0.0000
vn -0.4540 0.8910 -0.0000
vn -0.5267 -0.2749 -0.8044
vn -0.5432 -0.2616 -0.7978
vn 1.0000 -0.0005 0.0008
vn 1.0000 -0.0005 0.0002
vn 1.0000 -0.0001 -0.0000
vn -0.4409 -0.8976 -0.0000
vn 0.8122 -0.5834 -0.0000
vn -0.0000 -0.3072 -0.9517
vn 0.0679 -0.9977 -0.0000
vn 0.8255 -0.5644 -0.0004
vn 0.8252 -0.5649 -0.0055
vn 0.8286 -0.5594 -0.0212
vn 0.5272 -0.8498 -0.0000
vn -0.8196 0.5729 -0.0000
vn 0.0001 -0.0017 -1.0000
vn 0.0001 -0.0015 -1.0000
vn -0.0000 -0.0017 -1.0000
vn 0.7845 0.6201 -0.0000
vn 0.4540 0.8910 -0.0000
vn 0.7980 -0.6027 0.0020
vn 0.7713 -0.6364 -0.0000
vn 0.7668 -0.6419 -0.0000
vn 0.7668 -0.6419 0.0056
vn 0.7729 0.6345 -0.0000
vn -0.9877 0.1565 -0.0000
vn -0.9957 0.0923 -0.0000
vn -0.7071 0.7072 -0.0000
vn -0.0002 -0.0009 -1.0000
vn -0.0000 -0.0009 -1.0000
vn -0.0007 -0.0009 -1.0000
vn -0.0000 1.0000 0.0080
vn 0.8392 0.5438 -0.0000
vn 0.8374 0.5466 0.0060
vn 0.1355 -0.9908 -0.0000
vn 0.1565 0.9877 -0.0000
vn 0.8154 -0.5789 -0.0000
vn -0.9996 0.0277 -0.0000
vn -0.0003 -0.0011 -1.0000
vn 0.9977 -0.0679 -0.0000
vn -0.1565 0.9877 -0.0000
vn -0.6871 0.2749 -0.6726
vn -0.8304 -0.5572 -0.0000
vn 1.0000 -0.0019 -0.0000
vn -0.8910 0.4540 -0.0000
vn -0.4641 -0.3224 -0.8250
vn 0.8192 -0.5736 -0.0014
vn 0.9908 -0.1355 -0.0000
vn -0.8026 0.5965 -0.0000
vn -0.8037 0.5950 -0.0017
vn -0.8053 0.5928 -0.0066
vn -0.0004 0.3700 -0.9290
vn -0.8646 -0.5024 -0.0000
vn 0.9359 0.3523 -0.0000
vn -0.8646 0.5024 -0.0000
vn -0.0000 -0.0011 -1.0000
vn 0.8646 0.5024 -0.0000
vn -0.0000 -1.0000 0.0009
vn -0.0007 -0.9999 0.0136
vn 0.8303 -0.5562 -0.0339
vn -0.0000 -0.0830 -0.9966
vn -0.0000 0.4117 0.9113
vn -0.0000 -0.0003 -1.0000
vn 0.0002 -0.0012 -1.0000
vn 0.5363 0.3475 0.7691
vn 0.8286 0.5599 -0.0000
vn 0.8286 0.5589 0.0327
vn 0.8342 0.5512 0.0158
vn -0.0011 -0.9998 0.0208
vn 0.4540 -0.8910 -0.0000
vn -0.1564 -0.9877 -0.0000
vn 0.8314 0.5557 -0.0000
vn -0.6674 0.7447 -0.0000
vn -0.6925 0.7214 -0.0000
vn 0.1564 0.9877 -0.0000
vn 0.8910 -0.4539 -0.0000
vn 0.9877 0.1564 -0.0000
vn -0.9877 -0.1565 -0.0000
vn 0.9767 0.2145 -0.0000
vn -0.0924 -0.9957 -0.0000
vn -0.0000 1.0000 0.0081
vn -0.8041 0.5944 0.0048
vn -0.8035 0.5953 -0.0000
vn -0.8075 0.5897 -0.0135
vn -0.7494 -0.6621 0.0012
vn -0.7513 -0.6599 0.0018
vn -0.7565 -0.6539 0.0014
vn -0.0000 0.5660 0.8244
vn -0.0001 0.3699 0.9291
vn -0.0002 0.3698 0.9291
vn -0.0003 0.2772 0.9608
vn -0.0015 0.2920 0.9564
vn -0.0000 -0.1324 0.9912
vn -0.0000 -0.5460 0.8378
vn -0.0000 -0.6679 0.7442
vn 0.1437 -0.0881 0.9857
vn 0.7483 0.6632 -0.0141
vn 0.7322 0.6757 -0.0855
vn -0.0000 1.0000 -0.0006
vn -0.0003 0.1096 0.9940
vn 0.0001 0.1074 0.9942
vn 0.0002 0.0476 0.9989
vn -0.0005 0.0516 0.9987
vn -0.0002 0.2877 0.9577
vn 0.0004 0.0566 0.9984
vn 0.0001 0.1701 0.9854
vn -0.0011 0.1111 0.9938
vn -0.0007 0.0560 0.9984
vn -0.0005 0.1736 0.9848
vn 0.0145 0.0584 0.9982
vn 0.0177 0.1268 0.9918
vn 0.0932 0.0932 0.9913
vn -0.7014 -0.7128 0.0003
vn -0.0000 0.1758 0.9844
vn -0.0000 0.3338 0.9426
vn 0.0001 0.2896 0.9572
vn 0.0004 0.1752 0.9845
vn -0.0000 -0.0002 1.0000
vn -0.0002 -0.0001 1.0000
vn -0.0001 -0.0001 1.0000
vn -0.0001 -0.0004 1.0000
vn -0.0002 -0.0002 1.0000
vn -0.8172 -0.5763 0.0002
vn -0.0000 0.3700 0.9290
vn 0.0012 0.2934 0.9560
vn -0.0000 0.4322 0.9018
vn -0.0001 0.0002 1.0000
vn -0.7457 -0.6663 0.0002
vn -0.0001 -0.0003 1.0000
vn 0.0226 0.7096 -0.7043
vn 0.0337 0.7325 -0.6799
vn 0.0444 0.7117 -0.7010
vn 0.0232 0.7096 -0.7043
vn -0.0001 -0.0636 0.9980
vn 0.0005 -0.0654 0.9979
vn -0.0000 -0.2281 0.9736
vn 0.3977 -0.3741 0.8378
vn -0.0000 1.0000 -0.0010
vn -0.0001 1.0000 -0.0006
vn -0.0001 1.0000 -0.0008
vn -0.0000 0.1665 0.9860
vn -0.0000 -0.1362 0.9907
vn -0.0000 1.0000 -0.0007
vn 0.7302 0.6768 -0.0934
vn 0.0008 -0.3435 0.9392
vn 0.0018 -0.3386 0.9409
vn 0.0022 -0.3364 0.9417
vn 0.0001 -0.0001 1.0000
vn 0.0001 0.0562 0.9984
vn -0.0000 -0.0843 0.9964
vn -0.0000 -0.1175 0.9931
vn -0.1135 -0.2573 0.9597
vn -0.0000 0.3698 0.9291
vn -0.0001 0.3698 0.9291
vn -0.0000 0.3704 0.9289
vn -0.0000 0.3696 0.9292
vn -0.0001 0.3696 0.9292
vn -0.0012 -0.0012 1.0000
vn 0.0013 -0.0015 1.0000
vn -0.0000 -0.0001 1.0000
vn 0.0046 -0.0000 1.0000
vn 0.0001 0.3699 0.9291
vn -0.0000 0.3697 0.9292
vn -0.0000 0.3703 0.9289
vn -0.0031 0.1722 0.9851
vn -0.0000 -0.2158 0.9764
vn 0.0093 0.1668 0.9859
vn 0.0013 0.1742 0.9847
vn -0.0000 0.7099 -0.7043
vn 0.0003 0.0416 0.9991
vn -0.0011 0.0512 0.9987
vn -0.0005 0.2529 0.9675
vn 0.0015 0.1728 0.9849
vn -0.0006 0.1682 0.9858
vn 0.0001 0.2548 0.9670
vn 0.0010 0.1718 0.9851
vn -0.0000 0.0338 0.9994
vn 0.0024 0.1716 0.9852
vn 0.0315 0.7368 -0.6754
vn -0.0002 0.1707 0.9853
vn -0.0000 0.7188 0.6952
vn 0.0245 0.7248 0.6885
vn 0.0238 0.7246 0.6887
vn 0.8172 -0.5763 0.0004
vn 0.0082 0.8082 0.5889
vn 0.0427 0.7420 0.6691
vn -0.0033 -0.0000 1.0000
vn 0.0010 0.1737 0.9848
vn -0.0000 0.8224 0.5688
vn 0.0020 0.1723 0.9851
vn -0.0000 -0.3537 -0.9354
vn 0.0015 -0.3614 0.9324
vn 0.0014 -0.3605 0.9328
vn 0.0003 -0.3499 0.9368
vn -0.0000 -0.9808 0.1951
vn -0.0000 -0.8315 0.5556
vn -0.0000 -0.5556 0.8315
vn -0.0000 -0.1951 0.9808
vn -0.0000 0.1951 0.9808
vn -0.0000 0.5556 0.8315
vn -0.0000 0.8315 0.5556
vn -0.0000 0.9808 0.1951
vn -0.2267 0.6887 0.6887
vn -0.1130 0.7026 0.7026
vn -0.1130 0.8605 0.4968
vn -0.2266 0.8435 0.4870
vn -0.2267 -0.4870 0.8435
vn -0.1130 -0.4968 0.8605
vn -0.1130 -0.2572 0.9597
vn -0.2266 -0.2521 0.9408
vn -0.2266 -0.8435 0.4870
vn -0.1130 -0.8605 0.4968
vn -0.1130 -0.7026 0.7026
vn -0.2267 -0.6887 0.6887
vn -0.1130 -0.0000 0.9936
vn -0.2266 -0.0000 0.9740
vn -0.1130 0.9597 0.2572
vn -0.2266 0.9408 0.2521
vn -0.1133 0.2583 0.9594
vn -0.2267 0.2521 0.9408
vn -0.1132 0.4981 0.8597
vn -0.2267 0.4870 0.8435
vn -0.1130 -0.9597 0.2572
vn -0.2266 -0.9408 0.2521
vn -0.0000 1.0000 0.0014
vn -0.0009 0.3881 0.9216
vn -0.0005 0.5026 0.8645
vn 0.0017 0.5026 0.8645
vn -0.0000 0.1305 0.9914
vn 0.0033 0.3881 0.9216
vn -0.0000 -0.3827 -0.9239
vn -0.6950 0.0007 0.7190
vn -0.6489 -0.1131 0.7524
vn -0.6548 -0.1000 0.7492
vn -0.5432 -0.2616 0.7978
vn -0.5267 -0.2749 0.8044
vn 1.0000 -0.0005 -0.0008
vn 1.0000 -0.0005 -0.0002
vn -0.0000 -0.3072 0.9517
vn 0.8255 -0.5644 0.0004
vn 0.8286 -0.5594 0.0212
vn 0.8252 -0.5649 0.0055
vn 0.0001 -0.0017 1.0000
vn -0.0000 -0.0017 1.0000
vn 0.0001 -0.0015 1.0000
vn 0.7980 -0.6027 -0.0020
vn 0.7668 -0.6419 -0.0056
vn -0.0002 -0.0009 1.0000
vn -0.0007 -0.0009 1.0000
vn -0.0000 -0.0009 1.0000
vn -0.0000 1.0000 -0.0080
vn 0.8374 0.5466 -0.0060
vn -0.0003 -0.0011 1.0000
vn -0.6871 0.2749 0.6726
vn -0.4641 -0.3224 0.8250
vn 0.8192 -0.5736 0.0014
vn -0.8053 0.5928 0.0066
vn -0.8037 0.5950 0.0017
vn -0.0004 0.3700 0.9290
vn -0.0000 -0.0011 1.0000
vn -0.0000 -1.0000 -0.0009
vn -0.0007 -0.9999 -0.0136
vn 0.8303 -0.5562 0.0339
vn -0.0000 -0.0830 0.9966
vn -0.0000 0.4117 -0.9113
vn 0.0002 -0.0012 1.0000
vn -0.0000 -0.0003 1.0000
vn 0.5363 0.3475 -0.7691
vn 0.8286 0.5589 -0.0327
vn 0.8342 0.5512 -0.0158
vn -0.0011 -0.9998 -0.0208
vn -0.0000 1.0000 -0.0081
vn -0.8041 0.5944 -0.0048
vn -0.8075 0.5897 0.0135
vn -0.8163 0.5777 -0.0000
vn -0.3426 -0.9395 -0.0000
vn 0.5765 0.8171 -0.0000
vn -0.5713 0.4037 -0.7146
vn -1.0000 0.0040 -0.0000
vn 0.4755 -0.3355 -0.8132
vn 0.0068 -1.0000 -0.0000
vn -0.3051 -0.9523 -0.0000
vn 0.0097 -1.0000 -0.0000
vn 0.9984 -0.0566 -0.0000
vn 0.8171 -0.5765 -0.0000
vn -0.8171 0.5765 -0.0000
vn 0.6549 -0.0000 -0.7558
vn 0.2817 -0.0000 -0.9595
vn -0.1423 -0.0000 -0.9898
vn 0.9096 -0.0000 -0.4154
vn 0.9941 -0.0000 -0.1088
vn -0.8413 -0.0000 -0.5406
vn -0.9845 -0.0000 -0.1756
vn -0.5406 -0.0000 -0.8413
vn -0.9862 -0.1658 -0.0000
vn -0.9155 -0.4024 -0.0000
vn 0.6886 -0.7251 -0.0000
vn -0.6762 0.7368 -0.0000
vn -0.5051 0.8631 -0.0000
vn -0.8401 0.5425 -0.0000
vn -0.9483 0.3174 -0.0000
vn -0.0005 1.0000 -0.0000
vn -0.0004 1.0000 -0.0000
vn 0.7614 0.1898 -0.6198
vn 0.8099 -0.0607 -0.5834
vn 0.7504 0.0205 -0.6607
vn 0.3675 0.7311 -0.5748
vn 0.4917 0.6086 -0.6227
vn 0.5131 0.6340 -0.5786
vn -0.9970 0.0776 -0.0000
vn -0.6979 -0.7162 -0.0000
vn -0.7845 -0.6201 -0.0000
vn -0.5000 -0.0000 -0.8660
vn -0.3849 -0.0000 -0.9229
vn 0.1281 -0.0000 -0.9918
vn -0.1281 -0.0000 -0.9918
vn 0.7806 -0.0000 -0.6250
vn 0.7016 -0.0015 -0.7126
vn 0.6617 -0.0022 -0.7498
vn 0.4762 0.0015 -0.8794
vn 0.5054 0.0006 -0.8629
vn -0.4298 0.9029 -0.0000
vn -0.7656 0.6434 -0.0000
vn -0.7605 0.6493 -0.0000
vn -0.0008 0.0018 -1.0000
vn 0.2228 0.8046 -0.5505
vn 0.2635 0.8008 -0.5379
vn 0.3810 0.7429 -0.5503
vn -0.3918 -0.9200 -0.0000
vn -0.4826 -0.8759 -0.0000
vn -0.0964 0.8647 -0.4929
vn -0.0806 0.8754 -0.4765
vn -0.0257 0.9082 -0.4177
vn 0.7126 0.3361 -0.6158
vn 0.7316 0.4241 -0.5338
vn 0.7513 -0.1371 -0.6456
vn 0.7015 -0.1245 -0.7017
vn 0.2481 -0.7981 -0.5490
vn 0.2838 -0.7836 -0.5527
vn 0.1258 -0.8438 -0.5217
vn 0.4614 0.5981 -0.6553
vn 0.6431 -0.4588 -0.6131
vn 0.6495 -0.4830 -0.5872
vn 0.5059 -0.6197 -0.6001
vn 0.6934 0.5072 -0.5118
vn 0.7215 -0.4074 -0.5600
vn 0.2291 -0.7963 -0.5599
vn 0.1202 -0.8414 -0.5269
vn 0.2033 0.8058 -0.5562
vn 0.6890 0.2557 -0.6781
vn 0.3463 -0.7320 -0.5867
vn 0.9103 -0.4140 -0.0000
vn 0.6564 0.4803 -0.5817
vn 0.7261 0.3709 -0.5789
vn 0.7728 0.3152 -0.5508
vn 0.6848 0.3509 -0.6387
vn -0.7608 0.6490 -0.0000
vn -0.6189 -0.7855 -0.0000
vn -0.5098 -0.8603 -0.0000
vn -0.4734 -0.8808 -0.0000
vn 0.6525 -0.4785 -0.5876
vn 0.5521 0.0236 -0.8334
vn 0.4707 0.0563 -0.8805
vn 0.4255 0.0734 -0.9020
vn 0.5740 -0.8189 -0.0000
vn 0.8311 0.2846 -0.4777
vn 0.4882 0.6381 -0.5954
vn 0.4979 0.6307 -0.5953
vn 0.4466 0.6683 -0.5949
vn 0.4983 0.8670 -0.0000
vn 0.3917 -0.2907 -0.8730
vn 0.3328 0.1067 -0.9369
vn 0.1767 -0.1408 -0.9741
vn -0.4033 -0.9150 -0.0000
vn 0.4273 0.4461 -0.7864
vn 0.7646 -0.0971 -0.6371
vn 0.5932 0.5717 -0.5668
vn 0.8128 -0.5825 -0.0000
vn -0.9917 -0.1288 -0.0000
vn -0.2012 0.1790 -0.9631
vn -0.1488 0.1313 -0.9801
vn -0.1407 0.1345 -0.9809
vn -0.1915 0.1837 -0.9642
vn -0.1640 0.1176 -0.9794
vn -0.2200 0.1587 -0.9625
vn -0.2442 0.1220 -0.9620
vn -0.1832 0.0914 -0.9788
vn -0.5550 0.4056 -0.7262
vn -0.5165 0.4655 -0.7186
vn -0.5136 0.4695 -0.7181
vn -0.5506 0.4131 -0.7254
vn -0.1552 -0.0704 -0.9854
vn -0.2225 -0.0956 -0.9702
vn -0.2368 -0.0137 -0.9715
vn -0.1692 -0.0118 -0.9855
vn -0.6388 0.2008 -0.7427
vn -0.6600 0.1231 -0.7411
vn -0.6614 0.1190 -0.7405
vn -0.6403 0.1951 -0.7429
vn -0.2838 -0.9589 -0.0000
vn -0.1409 0.1291 -0.9816
vn -0.1931 0.1756 -0.9654
vn -0.9183 0.3960 -0.0000
vn -0.5998 0.3144 -0.7358
vn -0.6035 0.3053 -0.7366
vn -0.2651 0.1691 -0.9493
vn -0.2432 0.2185 -0.9451
vn -0.2134 0.1414 -0.9667
vn -0.5548 0.0645 -0.8295
vn -0.6760 0.0521 -0.7351
vn -0.8727 -0.4882 -0.0000
vn -0.5173 0.4653 -0.7182
vn -0.5006 0.4869 -0.7157
vn -0.5141 0.4696 -0.7178
vn -0.6113 -0.2431 -0.7531
vn -0.6574 -0.0324 -0.7528
vn -0.6574 -0.0328 -0.7528
vn -0.6058 -0.2568 -0.7530
vn -0.1537 0.1029 -0.9827
vn -0.9984 -0.0574 -0.0000
vn -0.9983 -0.0577 -0.0000
vn -0.9978 0.0669 -0.0000
vn -0.2534 0.2284 -0.9400
vn -0.2779 0.2048 -0.9385
vn -0.2670 0.0782 -0.9605
vn -0.1982 0.0563 -0.9785
vn -0.4407 0.0707 -0.8949
vn -0.6255 0.0307 -0.7796
vn -0.5679 0.3811 -0.7296
vn -0.5756 0.3660 -0.7312
vn -0.1694 0.0484 -0.9844
vn -0.2353 0.0687 -0.9695
vn -0.2920 -0.0152 -0.9563
vn -0.2883 0.0813 -0.9541
vn -0.5610 -0.3563 -0.7472
vn -0.3370 0.1032 -0.9358
vn -0.3098 0.1586 -0.9375
vn -0.6395 0.1816 -0.7470
vn -0.6369 0.1931 -0.7464
vn -0.3647 0.0646 -0.9289
vn -0.3717 0.0677 -0.9259
vn -0.1463 -0.0991 -0.9843
vn -0.1909 -0.1247 -0.9737
vn -0.2411 0.2317 -0.9424
vn -0.2793 -0.1121 -0.9536
vn -0.2687 -0.1693 -0.9482
vn -0.7988 -0.6016 -0.0000
vn 0.3972 0.0040 -0.9177
vn -0.6989 -0.0000 -0.7152
vn -0.7806 -0.0000 -0.6250
vn -0.3947 -0.9188 -0.0000
vn 0.6072 -0.4755 -0.6365
vn 0.3776 -0.7213 -0.5807
vn 0.5400 -0.6488 -0.5361
vn 0.7959 -0.1486 -0.5869
vn 0.0150 0.9280 -0.3723
vn -0.0067 0.0018 -1.0000
vn -0.0076 0.0014 -1.0000
vn -0.0018 -0.0000 -1.0000
vn -0.0080 0.0015 -1.0000
vn -0.0104 -0.0001 -0.9999
vn -0.0108 0.0033 -0.9999
vn -0.0104 0.0007 -0.9999
vn -0.0094 0.0032 -1.0000
vn -0.0095 -0.0042 -0.9999
vn -0.0074 0.0054 -1.0000
vn -0.0055 0.0120 -0.9999
vn -0.0087 -0.0024 -1.0000
vn -0.0059 0.0122 -0.9999
vn -0.0063 0.0085 -0.9999
vn 0.3861 -0.9200 -0.0665
vn 0.3953 -0.9122 -0.1076
vn 0.3929 -0.9139 -0.1023
vn 0.3864 -0.9202 -0.0627
vn -0.1002 -0.6661 -0.7391
vn 0.0052 -0.6883 -0.7254
vn -0.1013 -0.6658 -0.7392
vn -0.9775 0.2109 -0.0000
vn 0.1911 -0.2100 -0.9589
vn 0.6901 -0.2426 -0.6818
vn 0.9400 0.3357 -0.0605
vn 0.9401 0.3357 -0.0591
vn 0.9301 0.3321 -0.1566
vn 0.9296 0.3319 -0.1600
vn 0.9096 -0.3248 0.2593
vn 0.9167 -0.3274 0.2289
vn 0.9175 -0.3276 0.2256
vn 0.0137 0.9999 0.0004
vn 0.0127 0.9999 0.0017
vn 0.0133 0.9999 0.0011
vn 0.3832 -0.9187 0.0955
vn 0.3865 -0.9203 0.0611
vn 0.3868 -0.9204 0.0574
vn 0.3837 -0.9189 0.0916
vn 0.0167 -0.9999 -0.0005
vn 0.0147 -0.9999 -0.0021
vn 0.0072 -0.9999 -0.0084
vn 0.0122 0.9999 0.0029
vn 0.6901 0.2426 -0.6818
vn 0.3837 0.9189 0.0916
vn 0.3868 0.9204 0.0574
vn 0.3865 0.9202 0.0611
vn 0.3832 0.9187 0.0955
vn 0.0135 0.9999 -0.0004
vn 0.0058 1.0000 -0.0068
vn -0.8036 0.5951 -0.0000
vn 0.3817 -0.9180 0.1072
vn -0.3051 0.9523 -0.0000
vn 0.4795 -0.5270 -0.7016
vn 0.3886 0.9213 0.0172
vn 0.3886 0.9212 0.0183
vn 0.9315 -0.3326 0.1472
vn 0.9319 -0.3328 0.1439
vn 0.3884 -0.9212 -0.0234
vn 0.3884 -0.9212 -0.0250
vn 0.9198 0.3284 -0.2146
vn 0.9175 0.3276 -0.2255
vn 0.9196 0.3284 -0.2156
vn 0.0001 0.9998 -0.0190
vn 0.0119 0.9999 -0.0017
vn -0.2070 0.6421 -0.7381
vn -0.1029 0.6708 -0.7345
vn -0.1016 0.6711 -0.7344
vn 0.9409 0.3360 0.0434
vn 0.9408 0.3359 0.0444
vn 0.0002 -0.9997 -0.0235
vn -0.0083 -0.9997 -0.0215
vn -0.5404 0.3770 -0.7523
vn 0.0121 0.9999 0.0033
vn -0.8036 -0.5951 -0.0000
vn 0.3884 0.9212 -0.0250
vn 0.3884 0.9212 -0.0234
vn 0.3864 0.9202 -0.0627
vn 0.3862 0.9200 -0.0665
vn -0.9775 -0.2108 -0.0000
vn -0.0067 0.9998 -0.0174
vn 0.6730 -0.7396 -0.0000
vn 0.3912 0.9149 -0.0995
vn 0.3931 0.9136 -0.1041
vn 0.0165 -0.9999 0.0014
vn 0.0170 -0.9999 0.0004
vn 0.9175 0.3276 0.2256
vn 0.9320 0.3328 0.1439
vn 0.9315 0.3326 0.1472
vn 0.9168 0.3274 0.2289
vn 0.9296 -0.3320 -0.1600
vn 0.9301 -0.3321 -0.1566
vn 0.9401 -0.3357 -0.0591
vn 0.9400 -0.3357 -0.0605
vn -0.7036 -0.0005 -0.7106
vn -0.6894 -0.0692 -0.7211
vn -0.7046 -0.1520 -0.6932
vn -0.5372 -0.3747 -0.7557
vn 0.3817 0.9180 0.1073
vn 0.0157 -0.9999 0.0022
vn -0.7061 0.1523 -0.6915
vn -0.6902 0.0698 -0.7202
vn 0.0151 -0.9999 0.0036
vn 0.3885 -0.9212 0.0183
vn 0.3886 -0.9213 0.0172
vn 0.2739 0.6706 -0.6893
vn 0.0149 -0.9999 0.0041
vn -0.2050 -0.6358 -0.7441
vn 0.0043 0.6919 -0.7220
vn 0.9409 -0.3360 0.0434
vn 0.9408 -0.3360 0.0444
vn 0.9196 -0.3284 -0.2156
vn 0.9198 -0.3285 -0.2146
vn 0.9175 -0.3276 -0.2255
vn 0.9096 0.3248 0.2593
vn 0.2739 -0.6706 -0.6893
vn 0.4032 -0.9065 -0.1255
vn 0.3993 0.9091 -0.1192
vn 0.0983 0.9952 -0.0000
vn 0.0491 0.9988 -0.0000
vn 0.0420 0.9991 -0.0000
vn 0.9532 0.3023 -0.0000
vn 0.9983 -0.0587 -0.0000
vn -0.9836 0.1806 -0.0000
vn -0.9978 -0.0661 -0.0000
vn -0.9982 -0.0604 -0.0000
vn -0.9833 0.1819 -0.0000
vn -0.9496 -0.3136 -0.0000
vn -0.9539 -0.3000 -0.0000
vn 0.7744 0.6326 -0.0000
vn 0.4528 0.8916 -0.0000
vn -0.3956 -0.9184 -0.0000
vn -0.9248 0.3805 -0.0000
vn -0.9251 0.3796 -0.0000
vn 0.9623 0.2721 -0.0000
vn 0.8046 0.5938 -0.0000
vn -0.4549 -0.8905 -0.0000
vn -0.8441 0.5361 -0.0000
vn -0.8444 0.5357 -0.0000
vn -0.7832 0.6217 -0.0000
vn -0.7831 0.6219 -0.0000
vn -0.9835 -0.1808 -0.0000
vn 0.9675 -0.2530 -0.0000
vn -0.9148 -0.4039 -0.0000
vn -0.7172 -0.6969 -0.0000
vn 0.3742 -0.9273 -0.0000
vn -0.2971 -0.9548 -0.0000
vn 0.0003 -1.0000 -0.0000
vn -0.5713 0.4037 0.7146
vn 0.4755 -0.3355 0.8132
vn 0.6549 -0.0000 0.7558
vn 0.2817 -0.0000 0.9595
vn -0.1423 -0.0000 0.9898
vn 0.9096 -0.0000 0.4154
vn 0.9941 -0.0000 0.1088
vn -0.8413 -0.0000 0.5406
vn -0.9845 -0.0000 0.1756
vn -0.5406 -0.0000 0.8413
vn 0.7614 0.1898 0.6198
vn 0.7504 0.0205 0.6607
vn 0.8099 -0.0607 0.5834
vn 0.3675 0.7311 0.5748
vn 0.5131 0.6340 0.5786
vn 0.4917 0.6086 0.6227
vn -0.5000 -0.0000 0.8660
vn -0.3849 -0.0000 0.9229
vn 0.1281 -0.0000 0.9918
vn -0.1281 -0.0000 0.9918
vn 0.7806 -0.0000 0.6250
vn 0.6617 -0.0022 0.7498
vn 0.7016 -0.0015 0.7126
vn 0.4762 0.0015 0.8794
vn 0.5054 0.0006 0.8629
vn -0.0008 0.0018 1.0000
vn 0.2228 0.8046 0.5505
vn 0.3810 0.7429 0.5503
vn 0.2635 0.8008 0.5379
vn -0.0964 0.8647 0.4929
vn -0.0257 0.9082 0.4177
vn -0.0806 0.8754 0.4765
vn 0.7126 0.3361 0.6158
vn 0.7316 0.4241 0.5338
vn 0.7513 -0.1371 0.6456
vn 0.7015 -0.1245 0.7017
vn 0.2481 -0.7981 0.5490
vn 0.1258 -0.8438 0.5217
vn 0.2838 -0.7836 0.5527
vn 0.4614 0.5981 0.6553
vn 0.6431 -0.4588 0.6131
vn 0.5059 -0.6197 0.6001
vn 0.6495 -0.4830 0.5872
vn 0.6934 0.5072 0.5118
vn 0.7215 -0.4074 0.5600
vn 0.2291 -0.7963 0.5599
vn 0.1202 -0.8414 0.5269
vn 0.2033 0.8058 0.5562
vn 0.6890 0.2557 0.6781
vn 0.3463 -0.7320 0.5867
vn 0.6564 0.4803 0.5817
vn 0.6848 0.3509 0.6387
vn 0.7728 0.3152 0.5508
vn 0.7261 0.3709 0.5789
vn 0.6525 -0.4785 0.5876
vn 0.5521 0.0236 0.8334
vn 0.4255 0.0734 0.9020
vn 0.4707 0.0563 0.8805
vn 0.8311 0.2846 0.4777
vn 0.4882 0.6381 0.5954
vn 0.4466 0.6683 0.5949
vn 0.4979 0.6307 0.5953
vn 0.3917 -0.2907 0.8730
vn 0.3328 0.1067 0.9369
vn 0.1767 -0.1408 0.9741
vn 0.4273 0.4461 0.7864
vn 0.7646 -0.0971 0.6371
vn 0.5932 0.5717 0.5668
vn -0.2012 0.1790 0.9631
vn -0.1915 0.1837 0.9642
vn -0.1407 0.1345 0.9809
vn -0.1488 0.1313 0.9801
vn -0.1640 0.1176 0.9794
vn -0.1832 0.0914 0.9788
vn -0.2442 0.1220 0.9620
vn -0.2200 0.1587 0.9625
vn -0.5550 0.4056 0.7262
vn -0.5506 0.4131 0.7254
vn -0.5136 0.4695 0.7181
vn -0.5165 0.4655 0.7186
vn -0.1552 -0.0704 0.9854
vn -0.1692 -0.0118 0.9855
vn -0.2368 -0.0137 0.9715
vn -0.2225 -0.0956 0.9702
vn -0.6388 0.2008 0.7427
vn -0.6403 0.1951 0.7429
vn -0.6614 0.1190 0.7405
vn -0.6600 0.1231 0.7411
vn -0.1931 0.1756 0.9654
vn -0.1409 0.1291 0.9816
vn -0.5998 0.3144 0.7358
vn -0.6035 0.3053 0.7366
vn -0.2651 0.1691 0.9493
vn -0.2134 0.1414 0.9667
vn -0.2432 0.2185 0.9451
vn -0.5548 0.0645 0.8295
vn -0.6760 0.0521 0.7351
vn -0.5173 0.4653 0.7182
vn -0.5141 0.4696 0.7178
vn -0.5006 0.4869 0.7157
vn -0.6113 -0.2431 0.7531
vn -0.6058 -0.2568 0.7530
vn -0.6574 -0.0328 0.7528
vn -0.6574 -0.0324 0.7528
vn -0.1537 0.1029 0.9827
vn -0.2779 0.2048 0.9385
vn -0.2534 0.2284 0.9400
vn -0.1982 0.0563 0.9785
vn -0.2670 0.0782 0.9605
vn -0.4407 0.0707 0.8949
vn -0.6255 0.0307 0.7796
vn -0.5679 0.3811 0.7296
vn -0.5756 0.3660 0.7312
vn -0.1694 0.0484 0.9844
vn -0.2353 0.0687 0.9695
vn -0.2883 0.0813 0.9541
vn -0.2920 -0.0152 0.9563
vn -0.5610 -0.3563 0.7472
vn -0.3370 0.1032 0.9358
vn -0.3098 0.1586 0.9375
vn -0.6369 0.1931 0.7464
vn -0.6395 0.1816 0.7470
vn -0.3647 0.0646 0.9289
vn -0.3717 0.0677 0.9259
vn -0.1909 -0.1247 0.9736
vn -0.1463 -0.0991 0.9843
vn -0.2411 0.2317 0.9424
vn -0.2793 -0.1121 0.9536
vn -0.2687 -0.1693 0.9482
vn 0.3972 0.0040 0.9177
vn -0.6989 -0.0000 0.7152
vn -0.7806 -0.0000 0.6250
vn 0.6072 -0.4755 0.6365
vn 0.3776 -0.7213 0.5807
vn 0.5400 -0.6488 0.5361
vn 0.7959 -0.1486 0.5869
vn 0.0150 0.9280 0.3723
vn -0.0067 0.0018 1.0000
vn -0.0076 0.0014 1.0000
vn -0.0018 -0.0000 1.0000
vn -0.0080 0.0015 1.0000
vn -0.0104 -0.0001 0.9999
vn -0.0108 0.0033 0.9999
vn -0.0104 0.0007 0.9999
vn -0.0094 0.0032 1.0000
vn -0.0074 0.0054 1.0000
vn -0.0095 -0.0042 0.9999
vn -0.0055 0.0120 0.9999
vn -0.0087 -0.0024 1.0000
vn -0.0059 0.0122 0.9999
vn -0.0063 0.0085 0.9999
vn 0.3861 -0.9200 0.0665
vn 0.3864 -0.9202 0.0627
vn 0.3929 -0.9139 0.1023
vn 0.3953 -0.9122 0.1076
vn -0.1002 -0.6661 0.7391
vn -0.1013 -0.6658 0.7392
vn 0.0052 -0.6883 0.7254
vn 0.1911 -0.2100 0.9589
vn 0.6901 -0.2426 0.6818
vn 0.9400 0.3357 0.0605
vn 0.9296 0.3319 0.1600
vn 0.9301 0.3321 0.1566
vn 0.9401 0.3357 0.0591
vn 0.9096 -0.3248 -0.2593
vn 0.9175 -0.3276 -0.2256
vn 0.9167 -0.3274 -0.2289
vn 0.0137 0.9999 -0.0004
vn 0.0133 0.9999 -0.0011
vn 0.0127 0.9999 -0.0017
vn 0.3832 -0.9187 -0.0955
vn 0.3837 -0.9189 -0.0916
vn 0.3868 -0.9204 -0.0574
vn 0.3865 -0.9203 -0.0611
vn 0.0167 -0.9999 0.0005
vn 0.0072 -0.9999 0.0084
vn 0.0147 -0.9999 0.0021
vn 0.0122 0.9999 -0.0029
vn 0.6901 0.2426 0.6818
vn 0.3837 0.9189 -0.0916
vn 0.3832 0.9187 -0.0955
vn 0.3865 0.9202 -0.0611
vn 0.3868 0.9204 -0.0574
vn 0.0135 0.9999 0.0004
vn 0.0058 1.0000 0.0068
vn 0.3817 -0.9180 -0.1072
vn 0.4795 -0.5270 0.7016
vn 0.3886 0.9212 -0.0183
vn 0.3886 0.9213 -0.0172
vn 0.9319 -0.3328 -0.1439
vn 0.9315 -0.3326 -0.1472
vn 0.3884 -0.9212 0.0234
vn 0.3884 -0.9212 0.0250
vn 0.9198 0.3284 0.2146
vn 0.9196 0.3284 0.2156
vn 0.9175 0.3276 0.2255
vn 0.0119 0.9999 0.0017
vn 0.0001 0.9998 0.0190
vn -0.2070 0.6421 0.7381
vn -0.1016 0.6711 0.7344
vn -0.1029 0.6708 0.7345
vn 0.9409 0.3360 -0.0434
vn 0.9408 0.3359 -0.0444
vn 0.0002 -0.9997 0.0235
vn -0.0083 -0.9997 0.0215
vn -0.5404 0.3770 0.7523
vn 0.0121 0.9999 -0.0033
vn 0.3884 0.9212 0.0250
vn 0.3862 0.9200 0.0665
vn 0.3864 0.9202 0.0627
vn 0.3884 0.9212 0.0234
vn -0.0067 0.9998 0.0174
vn 0.3931 0.9136 0.1041
vn 0.3912 0.9149 0.0995
vn 0.0170 -0.9999 -0.0004
vn 0.0165 -0.9999 -0.0014
vn 0.9175 0.3276 -0.2256
vn 0.9168 0.3274 -0.2289
vn 0.9315 0.3326 -0.1472
vn 0.9320 0.3328 -0.1439
vn 0.9296 -0.3320 0.1600
vn 0.9400 -0.3357 0.0605
vn 0.9401 -0.3357 0.0591
vn 0.9301 -0.3321 0.1566
vn -0.7036 -0.0005 0.7106
vn -0.7046 -0.1520 0.6932
vn -0.6894 -0.0692 0.7211
vn -0.5372 -0.3747 0.7557
vn 0.3817 0.9180 -0.1073
vn 0.0157 -0.9999 -0.0022
vn -0.7061 0.1523 0.6915
vn -0.6902 0.0698 0.7202
vn 0.0151 -0.9999 -0.0036
vn 0.3886 -0.9213 -0.0172
vn 0.3885 -0.9212 -0.0183
vn 0.2739 0.6706 0.6893
vn 0.0149 -0.9999 -0.0041
vn -0.2050 -0.6358 0.7441
vn 0.0043 0.6919 0.7220
vn 0.9409 -0.3360 -0.0434
vn 0.9408 -0.3360 -0.0444
vn 0.9198 -0.3285 0.2146
vn 0.9196 -0.3284 0.2156
vn 0.9175 -0.3276 0.2255
vn 0.9096 0.3248 -0.2593
vn 0.2739 -0.6706 0.6893
vn 0.4032 -0.9065 0.1255
vn 0.3993 0.9091 0.1192
vn -0.0000 -0.9239 -0.3827
vn -0.0000 0.3827 -0.9239
vn -0.0000 0.9239 -0.3827
vn -0.0000 -0.9239 0.3827
vn -0.0000 0.3827 0.9239
vn -0.0000 0.9239 0.3827
s 1
f 74//1 78//1 64//1 73//1
f 7//2 16//2 5//2 6//2
f 6//3 5//3 8//3 9//3
f 19//4 20//4 18//4 17//4
f 34//5 49//5 50//5 42//5
f 65//6 80//6 73//6 64//6
f 35//2 60//2 59//2
f 33//7 35//7 31//8 32//8
f 42//9 46//10 80//11 65//11
f 2//12 1//12 13//12
f 123//13 131//14 109//14 117//13
f 51//15 56//15 55//15 54//15
f 53//5 56//5 51//5 52//5
f 112//2 110//2 109//2
f 23//16 24//16 22//16 21//16
f 59//17 77//17 47//18 34//19
f 37//15 30//15 29//15 36//15
f 67//20 71//20 72//20 69//20
f 47//18 56//21 49//21
f 56//21 48//22 37//21
f 35//7 33//7 76//23 60//23
f 49//15 53//15 52//15 50//15
f 58//24 66//24 26//25 25//25
f 32//8 31//8 78//26 74//26
f 50//12 46//10 42//9
f 28//12 44//27 36//12
f 60//28 76//28 75//28 61//28
f 55//5 37//5 36//5 54//5
f 63//29 70//29 44//27 38//27
f 69//30 72//30 45//31 27//31
f 62//32 57//32 70//32 63//32
f 68//33 79//33 71//33 67//33
f 57//34 62//34 66//34 58//34
f 56//21 37//21 55//21
f 15//35 14//35 13//35 10//35
f 131//36 132//36 134//36
f 27//31 45//31 25//25 26//25
f 43//21 48//22 41//22
f 43//21 41//22 40//21
f 36//12 44//27 51//12
f 37//21 43//21 30//21
f 49//21 56//21 53//21
f 38//27 28//12 39//12
f 47//18 49//21 34//19
f 12//37 11//37 4//37 2//37
f 68//2 27//2 41//2
f 46//10 51//12 44//27
f 50//12 51//12 46//10
f 21//38 22//38 20//38 19//38
f 30//5 43//5 28//5 29//5
f 11//2 12//2 14//2 15//2
f 17//39 18//39 16//39 7//39
f 4//21 3//21 124//40
f 10//41 13//41 24//41 23//41
f 43//15 40//15 39//15 28//15
f 37//21 48//22 43//21
f 68//42 41//22 48//22 79//42
f 44//27 28//12 38//27
f 118//43 116//40 124//40 129//43
f 10//21 11//21 15//21
f 111//44 109//14 131//14 136//44
f 113//45 134//45 133//46 114//46
f 48//22 56//21 47//18
f 105//47 85//47 107//47 106//47
f 118//43 129//43 128//48 119//48
f 111//44 136//44 135//49 112//49
f 120//50 127//50 126//51 121//51
f 95//2 94//2 103//2 93//2
f 21//21 3//21 10//21
f 13//12 22//12 24//12
f 112//49 135//49 134//45 113//45
f 103//52 94//52 86//52 102//52
f 84//2 87//2 82//2 83//2
f 90//2 99//2 92//2 91//2
f 85//53 101//54 100//55
f 97//12 96//12 105//12
f 36//12 51//12 54//12
f 102//56 86//56 100//56 101//56
f 91//57 92//57 84//57 83//57
f 108//36 96//36 81//36
f 88//3 95//3 93//3 89//3
f 28//12 36//12 29//12
f 10//21 4//21 11//21
f 18//12 22//12 8//12
f 12//12 13//12 14//12
f 8//12 22//12 1//12
f 17//21 9//21 21//21
f 3//21 4//21 10//21
f 121//51 126//51 125//58 122//58
f 97//59 98//59 99//59 90//59
f 82//60 87//60 108//60 81//60
f 89//61 102//61 96//61
f 106//62 107//62 98//62 97//62
f 47//36 32//36 46//36
f 4//21 124//40 116//40
f 22//12 18//12 20//12
f 130//63 2//12 110//63
f 1//12 2//12 130//63
f 2//12 13//12 12//12
f 5//12 16//12 8//12
f 120//50 119//48 128//48 127//50
f 88//21 85//21 86//21
f 18//12 8//12 16//12
f 51//12 50//12 52//12
f 117//13 122//58 125//58 123//13
f 13//12 1//12 22//12
f 9//21 7//21 6//21
f 114//46 133//46 132//64 115//64
f 21//21 10//21 23//21
f 17//21 21//21 19//21
f 115//64 132//64 130//63 110//63
f 3//21 21//21 9//21
f 17//21 7//21 9//21
f 81//12 83//12 82//12
f 83//12 97//12 91//12
f 91//12 97//12 90//12
f 97//12 105//12 106//12
f 96//12 83//12 81//12
f 105//12 96//12 104//12
f 83//12 96//12 97//12
f 96//61 102//61 104//61
f 104//61 102//61 101//61
f 102//61 89//61 103//61
f 103//61 89//61 93//61
f 84//21 108//21 87//21
f 88//21 94//21 95//21
f 86//21 85//21 100//21
f 88//21 86//21 94//21
f 84//21 98//21 108//21
f 108//21 85//21 88//21
f 99//21 98//21 92//21
f 92//21 98//21 84//21
f 85//21 98//21 107//21
f 108//21 98//21 85//21
f 61//65 75//65 77//65 59//65
f 484//66 490//66 170//66 198//66
f 503//67 473//67 166//67 167//67
f 499//68 483//68 197//68 196//68
f 489//69 464//69 153//69 159//69
f 212//70 215//71 224//72 223//73
f 521//74 184//74 191//74 468//74
f 516//75 472//75 192//75 144//75
f 499//76 196//76 189//76 507//76
f 510//77 481//77 201//77 195//77
f 206//78 455//78 454//79 137//79
f 214//80 221//81 224//72 215//71
f 207//82 221//83 222//84 208//85
f 509//86 518//86 146//86 145//86
f 464//87 478//87 152//87 153//87
f 466//88 492//88 161//88 151//88
f 473//89 475//89 164//89 166//89
f 512//90 465//90 168//90 165//90
f 518//88 502//88 143//88 146//88
f 519//91 199//91 183//91 520//91
f 495//92 506//92 176//92 179//92
f 468//91 191//91 193//91 504//91
f 501//93 174//93 176//93 506//93
f 501//94 489//94 159//94 174//94
f 503//95 167//95 199//95 519//95
f 194//2 161//2 160//2
f 488//96 508//96 156//96 155//96
f 500//87 509//87 145//87 150//87
f 482//69 510//69 195//69 194//69
f 158//2 172//2 173//2
f 213//97 212//70 223//73 226//98
f 494//99 498//99 173//99 172//99
f 494//100 172//100 205//100 469//100
f 497//101 513//101 180//101 187//101
f 477//102 512//102 165//102 163//102
f 493//103 514//103 148//103 190//103
f 513//104 463//104 181//104 180//104
f 481//86 487//86 202//86 201//86
f 472//105 476//105 175//105 192//105
f 476//106 480//106 177//106 175//106
f 496//90 507//90 189//90 154//90
f 514//94 474//94 149//94 148//94
f 209//107 223//108 224//109 210//110
f 480//76 497//76 187//76 177//76
f 487//88 517//88 200//88 202//88
f 470//111 493//111 190//111 188//111
f 465//76 511//76 182//76 168//76
f 492//112 515//112 162//112 161//112
f 137//113 203//113 225//114 206//115
f 207//116 459//116 457//117 210//117
f 491//118 504//118 193//118 147//118
f 517//112 488//112 155//112 200//112
f 505//89 470//89 188//89 178//89
f 220//119 216//120 141//121 140//121
f 491//122 147//122 171//122 485//122
f 463//66 471//66 186//66 181//66
f 469//118 205//118 186//118 471//118
f 498//123 505//123 178//123 173//123
f 508//124 496//124 154//124 156//124
f 520//125 183//125 170//125 490//125
f 482//94 194//94 160//94 462//94
f 515//75 477//75 163//75 162//75
f 474//69 500//69 150//69 149//69
f 478//86 466//86 151//86 152//86
f 502//126 516//126 144//126 143//126
f 483//127 484//127 198//127 197//127
f 163//2 164//2 162//2
f 485//104 171//104 169//104 479//104
f 486//89 495//89 179//89 185//89
f 467//103 462//103 160//103 204//103
f 211//128 458//128 456//129 208//129
f 210//117 457//117 461//130 209//130
f 209//130 461//130 460//131 218//131
f 219//132 213//97 226//98 225//133
f 211//128 139//134 453//134 458//128
f 217//135 222//136 221//81 214//80
f 223//108 209//107 218//137 226//138
f 211//139 220//140 140//141 139//141
f 221//83 207//82 210//110 224//109
f 207//116 208//129 456//129 459//116
f 217//135 216//120 220//119 222//136
f 206//115 225//114 226//138 218//137
f 219//132 225//133 203//142 157//142
f 208//85 222//84 220//140 211//139
f 206//78 218//131 460//131 455//78
f 148//2 219//2 190//2
f 190//2 219//2 158//2
f 158//2 219//2 157//2
f 219//2 148//2 213//2
f 148//2 149//2 213//2
f 150//2 213//2 149//2
f 213//2 145//2 212//2
f 150//2 145//2 213//2
f 145//2 146//2 212//2
f 212//2 153//2 215//2
f 146//2 143//2 212//2
f 143//2 144//2 212//2
f 215//2 161//2 214//2
f 212//2 144//2 153//2
f 153//2 152//2 215//2
f 214//2 202//2 217//2
f 152//2 151//2 215//2
f 216//2 154//2 141//2
f 141//2 189//2 142//2
f 154//2 189//2 141//2
f 192//2 159//2 144//2
f 217//2 156//2 216//2
f 142//2 197//2 198//2
f 142//2 196//2 197//2
f 175//2 174//2 192//2
f 144//2 159//2 153//2
f 142//2 189//2 196//2
f 138//2 184//2 205//2
f 205//2 184//2 186//2
f 191//2 138//2 193//2
f 184//2 138//2 191//2
f 186//2 185//2 181//2
f 186//2 184//2 185//2
f 181//2 179//2 180//2
f 185//2 179//2 181//2
f 180//2 179//2 187//2
f 176//2 187//2 179//2
f 176//2 177//2 187//2
f 174//2 177//2 176//2
f 216//2 156//2 154//2
f 174//2 175//2 177//2
f 159//2 192//2 174//2
f 217//2 155//2 156//2
f 217//2 200//2 155//2
f 217//2 202//2 200//2
f 202//2 214//2 201//2
f 151//2 161//2 215//2
f 194//2 195//2 214//2
f 201//2 214//2 195//2
f 214//2 161//2 194//2
f 204//2 160//2 162//2
f 162//2 160//2 161//2
f 205//2 172//2 138//2
f 138//2 172//2 158//2
f 158//2 188//2 190//2
f 158//2 178//2 188//2
f 158//2 173//2 178//2
f 170//2 142//2 198//2
f 142//2 147//2 138//2
f 138//2 147//2 193//2
f 183//2 182//2 170//2
f 170//2 169//2 142//2
f 199//2 182//2 183//2
f 170//2 182//2 169//2
f 142//2 171//2 147//2
f 142//2 169//2 171//2
f 167//2 168//2 199//2
f 168//2 182//2 199//2
f 166//2 165//2 167//2
f 167//2 165//2 168//2
f 162//2 164//2 204//2
f 164//2 163//2 166//2
f 166//2 163//2 165//2
f 184//123 521//123 486//123 185//123
f 182//68 511//68 479//68 169//68
f 164//92 475//92 467//92 204//92
f 35//2 42//2 31//2
f 31//2 65//2 78//2
f 78//2 65//2 64//2
f 65//2 31//2 42//2
f 42//2 35//2 34//2
f 34//2 35//2 59//2
f 59//2 60//2 61//2
f 118//2 117//2 116//2
f 116//2 110//2 4//2
f 4//2 110//2 2//2
f 110//2 112//2 115//2
f 115//2 112//2 114//2
f 114//2 112//2 113//2
f 112//2 109//2 111//2
f 109//2 116//2 117//2
f 117//2 118//2 122//2
f 122//2 120//2 121//2
f 120//2 122//2 119//2
f 119//2 122//2 118//2
f 116//2 109//2 110//2
f 132//36 131//36 130//36
f 130//36 3//36 1//36
f 1//36 9//36 8//36
f 9//36 1//36 3//36
f 3//36 130//36 124//36
f 123//36 128//36 124//36
f 124//36 128//36 129//36
f 128//36 126//36 127//36
f 126//36 128//36 125//36
f 125//36 128//36 123//36
f 123//36 130//36 131//36
f 131//36 134//36 136//36
f 136//36 134//36 135//36
f 134//36 132//36 133//36
f 124//36 130//36 123//36
f 41//2 27//2 40//2
f 40//2 27//2 39//2
f 39//2 26//2 38//2
f 38//2 26//2 63//2
f 63//2 66//2 62//2
f 66//2 63//2 26//2
f 26//2 39//2 27//2
f 27//2 68//2 69//2
f 69//2 68//2 67//2
f 101//54 105//143 104//144
f 105//143 101//54 85//53
f 96//36 88//36 89//36
f 88//36 96//36 108//36
f 58//36 70//36 57//36
f 70//36 58//36 44//36
f 44//36 48//36 46//36
f 45//36 79//36 48//36
f 46//36 74//36 80//36
f 80//36 74//36 73//36
f 74//36 46//36 32//36
f 32//36 47//36 33//36
f 33//36 77//36 76//36
f 76//36 77//36 75//36
f 77//36 33//36 47//36
f 47//36 46//36 48//36
f 79//36 72//36 71//36
f 45//36 72//36 79//36
f 45//36 44//36 25//36
f 25//36 44//36 58//36
f 48//36 44//36 45//36
f 300//1 299//1 290//1 304//1
f 233//36 232//36 231//36 242//36
f 232//3 235//3 234//3 231//3
f 245//145 243//145 244//145 246//145
f 260//146 268//146 276//146 275//146
f 291//6 290//6 299//6 306//6
f 261//36 285//36 286//36
f 259//7 258//8 257//8 261//7
f 268//9 291//11 306//11 272//10
f 228//12 239//12 227//12
f 349//13 343//13 335//14 357//14
f 277//147 280//147 281//147 282//147
f 279//146 278//146 277//146 282//146
f 338//36 335//36 336//36
f 249//148 247//148 248//148 250//148
f 285//17 260//19 273//18 303//17
f 263//147 262//147 255//147 256//147
f 293//20 295//20 298//20 297//20
f 273//18 275//21 282//21
f 282//21 263//21 274//22
f 261//7 286//23 302//23 259//7
f 275//147 276//147 278//147 279//147
f 284//24 251//25 252//25 292//24
f 258//8 300//26 304//26 257//8
f 276//12 268//9 272//10
f 254//12 262//12 270//27
f 286//28 287//28 301//28 302//28
f 281//146 280//146 262//146 263//146
f 289//29 264//27 270//27 296//29
f 295//30 253//31 271//31 298//30
f 288//32 289//32 296//32 283//32
f 294//33 293//33 297//33 305//33
f 283//34 284//34 292//34 288//34
f 282//21 281//21 263//21
f 241//149 236//149 239//149 240//149
f 357//2 360//2 358//2
f 253//31 252//25 251//25 271//31
f 269//21 267//22 274//22
f 269//21 266//21 267//22
f 262//12 277//12 270//27
f 263//21 256//21 269//21
f 275//21 279//21 282//21
f 264//27 265//12 254//12
f 273//18 260//19 275//21
f 238//150 228//150 230//150 237//150
f 294//36 267//36 253//36
f 272//10 270//27 277//12
f 276//12 272//10 277//12
f 247//151 245//151 246//151 248//151
f 256//146 255//146 254//146 269//146
f 237//36 241//36 240//36 238//36
f 243//152 233//152 242//152 244//152
f 230//21 350//40 229//21
f 236//153 249//153 250//153 239//153
f 269//147 254//147 265//147 266//147
f 263//21 269//21 274//22
f 294//42 305//42 274//22 267//22
f 270//27 264//27 254//12
f 344//43 355//43 350//40 342//40
f 236//21 241//21 237//21
f 337//44 362//44 357//14 335//14
f 339//45 340//46 359//46 360//45
f 274//22 273//18 282//21
f 331//154 332//154 333//154 311//154
f 344//43 345//48 354//48 355//43
f 337//44 338//49 361//49 362//44
f 346//50 347//51 352//51 353//50
f 321//36 319//36 329//36 320//36
f 247//21 236//21 229//21
f 239//12 250//12 248//12
f 338//49 339//45 360//45 361//49
f 329//155 328//155 312//155 320//155
f 310//36 309//36 308//36 313//36
f 316//36 317//36 318//36 325//36
f 311//156 326//157 327//158
f 323//12 331//12 322//12
f 262//12 280//12 277//12
f 328//159 327//159 326//159 312//159
f 317//160 309//160 310//160 318//160
f 334//2 307//2 322//2
f 314//3 315//3 319//3 321//3
f 254//12 255//12 262//12
f 236//21 237//21 230//21
f 244//12 234//12 248//12
f 238//12 240//12 239//12
f 234//12 227//12 248//12
f 243//21 247//21 235//21
f 229//21 236//21 230//21
f 347//51 348//58 351//58 352//51
f 323//161 316//161 325//161 324//161
f 308//60 307//60 334//60 313//60
f 315//61 322//61 328//61
f 332//162 323//162 324//162 333//162
f 273//2 272//2 258//2
f 230//21 342//40 350//40
f 248//12 246//12 244//12
f 356//63 336//63 228//12
f 227//12 356//63 228//12
f 228//12 238//12 239//12
f 231//12 234//12 242//12
f 346//50 353//50 354//48 345//48
f 314//21 312//21 311//21
f 244//12 242//12 234//12
f 277//12 278//12 276//12
f 343//13 349//13 351//58 348//58
f 239//12 248//12 227//12
f 235//21 232//21 233//21
f 340//46 341//64 358//64 359//46
f 247//21 249//21 236//21
f 243//21 245//21 247//21
f 341//64 336//63 356//63 358//64
f 229//21 235//21 247//21
f 243//21 235//21 233//21
f 307//12 308//12 309//12
f 309//12 317//12 323//12
f 317//12 316//12 323//12
f 323//12 332//12 331//12
f 322//12 307//12 309//12
f 331//12 330//12 322//12
f 309//12 323//12 322//12
f 322//61 330//61 328//61
f 330//61 327//61 328//61
f 328//61 329//61 315//61
f 329//61 319//61 315//61
f 310//21 313//21 334//21
f 314//21 321//21 320//21
f 312//21 326//21 311//21
f 314//21 320//21 312//21
f 310//21 334//21 324//21
f 334//21 314//21 311//21
f 325//21 318//21 324//21
f 318//21 310//21 324//21
f 311//21 333//21 324//21
f 334//21 311//21 324//21
f 287//65 285//65 303//65 301//65
f 484//66 424//66 396//66 490//66
f 503//67 393//67 392//67 473//67
f 499//68 422//68 423//68 483//68
f 489//69 385//69 379//69 464//69
f 438//163 449//164 450//165 441//166
f 521//74 468//74 417//74 410//74
f 516//75 370//75 418//75 472//75
f 499//76 507//76 415//76 422//76
f 510//77 421//77 427//77 481//77
f 432//78 363//79 454//79 455//78
f 440//167 441//166 450//165 447//168
f 433//169 434//170 448//171 447//172
f 509//86 371//86 372//86 518//86
f 464//87 379//87 378//87 478//87
f 466//88 377//88 387//88 492//88
f 473//89 392//89 390//89 475//89
f 512//90 391//90 394//90 465//90
f 518//88 372//88 369//88 502//88
f 519//91 520//91 409//91 425//91
f 495//92 405//92 402//92 506//92
f 468//91 504//91 419//91 417//91
f 501//93 506//93 402//93 400//93
f 501//94 400//94 385//94 489//94
f 503//95 519//95 425//95 393//95
f 420//36 386//36 387//36
f 488//96 381//96 382//96 508//96
f 500//87 376//87 371//87 509//87
f 482//69 420//69 421//69 510//69
f 384//36 399//36 398//36
f 439//173 452//174 449//164 438//163
f 494//99 398//99 399//99 498//99
f 494//100 469//100 431//100 398//100
f 497//101 413//101 406//101 513//101
f 477//102 389//102 391//102 512//102
f 493//103 416//103 374//103 514//103
f 513//104 406//104 407//104 463//104
f 481//86 427//86 428//86 487//86
f 472//105 418//105 401//105 476//105
f 476//106 401//106 403//106 480//106
f 496//90 380//90 415//90 507//90
f 514//94 374//94 375//94 474//94
f 435//175 436//176 450//177 449//178
f 480//76 403//76 413//76 497//76
f 487//88 428//88 426//88 517//88
f 470//111 414//111 416//111 493//111
f 465//76 394//76 408//76 511//76
f 492//112 387//112 388//112 515//112
f 363//179 432//180 451//181 429//179
f 433//116 436//117 457//117 459//116
f 491//118 373//118 419//118 504//118
f 517//112 426//112 381//112 488//112
f 505//89 404//89 414//89 470//89
f 446//182 366//183 367//183 442//184
f 491//122 485//122 397//122 373//122
f 463//66 407//66 412//66 471//66
f 469//118 471//118 412//118 431//118
f 498//123 399//123 404//123 505//123
f 508//124 382//124 380//124 496//124
f 520//125 490//125 396//125 409//125
f 482//94 462//94 386//94 420//94
f 515//75 388//75 389//75 477//75
f 474//69 375//69 376//69 500//69
f 478//86 378//86 377//86 466//86
f 502//126 369//126 370//126 516//126
f 483//127 423//127 424//127 484//127
f 389//36 388//36 390//36
f 485//104 479//104 395//104 397//104
f 486//89 411//89 405//89 495//89
f 467//103 430//103 386//103 462//103
f 437//128 434//129 456//129 458//128
f 436//117 435//130 461//130 457//117
f 435//130 444//131 460//131 461//130
f 445//185 451//186 452//174 439//173
f 437//128 458//128 453//134 365//134
f 443//187 440//167 447//168 448//188
f 449//178 452//189 444//190 435//175
f 437//191 365//192 366//192 446//193
f 447//172 450//177 436//176 433//169
f 433//116 459//116 456//129 434//129
f 443//187 448//188 446//182 442//184
f 432//180 444//190 452//189 451//181
f 445//185 383//194 429//194 451//186
f 434//170 437//191 446//193 448//171
f 432//78 455//78 460//131 444//131
f 374//36 416//36 445//36
f 416//36 384//36 445//36
f 384//36 383//36 445//36
f 445//36 439//36 374//36
f 374//36 439//36 375//36
f 376//36 375//36 439//36
f 439//36 438//36 371//36
f 376//36 439//36 371//36
f 371//36 438//36 372//36
f 438//36 441//36 379//36
f 372//36 438//36 369//36
f 369//36 438//36 370//36
f 441//36 440//36 387//36
f 438//36 379//36 370//36
f 379//36 441//36 378//36
f 440//36 443//36 428//36
f 378//36 441//36 377//36
f 442//36 367//36 380//36
f 367//36 368//36 415//36
f 380//36 367//36 415//36
f 418//36 370//36 385//36
f 443//36 442//36 382//36
f 368//36 424//36 423//36
f 368//36 423//36 422//36
f 401//36 418//36 400//36
f 370//36 379//36 385//36
f 368//36 422//36 415//36
f 364//36 431//36 410//36
f 431//36 412//36 410//36
f 417//36 419//36 364//36
f 410//36 417//36 364//36
f 412//36 407//36 411//36
f 412//36 411//36 410//36
f 407//36 406//36 405//36
f 411//36 407//36 405//36
f 406//36 413//36 405//36
f 402//36 405//36 413//36
f 402//36 413//36 403//36
f 400//36 402//36 403//36
f 442//36 380//36 382//36
f 400//36 403//36 401//36
f 385//36 400//36 418//36
f 443//36 382//36 381//36
f 443//36 381//36 426//36
f 443//36 426//36 428//36
f 428//36 427//36 440//36
f 377//36 441//36 387//36
f 420//36 440//36 421//36
f 427//36 421//36 440//36
f 440//36 420//36 387//36
f 430//36 388//36 386//36
f 388//36 387//36 386//36
f 431//36 364//36 398//36
f 364//36 384//36 398//36
f 384//36 416//36 414//36
f 384//36 414//36 404//36
f 384//36 404//36 399//36
f 396//36 424//36 368//36
f 368//36 364//36 373//36
f 364//36 419//36 373//36
f 409//36 396//36 408//36
f 396//36 368//36 395//36
f 425//36 409//36 408//36
f 396//36 395//36 408//36
f 368//36 373//36 397//36
f 368//36 397//36 395//36
f 393//36 425//36 394//36
f 394//36 425//36 408//36
f 392//36 393//36 391//36
f 393//36 394//36 391//36
f 388//36 430//36 390//36
f 390//36 392//36 389//36
f 392//36 391//36 389//36
f 410//123 411//123 486//123 521//123
f 408//68 395//68 479//68 511//68
f 390//92 430//92 467//92 475//92
f 261//36 257//36 268//36
f 257//36 304//36 291//36
f 304//36 290//36 291//36
f 291//36 268//36 257//36
f 268//36 260//36 261//36
f 260//36 285//36 261//36
f 285//36 287//36 286//36
f 344//36 342//36 343//36
f 342//36 230//36 336//36
f 230//36 228//36 336//36
f 336//36 341//36 338//36
f 341//36 340//36 338//36
f 340//36 339//36 338//36
f 338//36 337//36 335//36
f 335//36 343//36 342//36
f 343//36 348//36 344//36
f 348//36 347//36 346//36
f 346//36 345//36 348//36
f 345//36 344//36 348//36
f 342//36 336//36 335//36
f 358//2 356//2 357//2
f 356//2 227//2 229//2
f 227//2 234//2 235//2
f 235//2 229//2 227//2
f 229//2 350//2 356//2
f 349//2 350//2 354//2
f 350//2 355//2 354//2
f 354//2 353//2 352//2
f 352//2 351//2 354//2
f 351//2 349//2 354//2
f 349//2 357//2 356//2
f 357//2 362//2 360//2
f 362//2 361//2 360//2
f 360//2 359//2 358//2
f 350//2 349//2 356//2
f 267//36 266//36 253//36
f 266//36 265//36 253//36
f 265//36 264//36 252//36
f 264//36 289//36 252//36
f 289//36 288//36 292//36
f 292//36 252//36 289//36
f 252//36 253//36 265//36
f 253//36 295//36 294//36
f 295//36 293//36 294//36
f 327//158 330//195 331//196
f 331//196 311//156 327//158
f 322//2 315//2 314//2
f 314//2 334//2 322//2
f 284//2 283//2 296//2
f 296//2 270//2 284//2
f 270//2 272//2 274//2
f 271//2 274//2 305//2
f 272//2 306//2 300//2
f 306//2 299//2 300//2
f 300//2 258//2 272//2
f 258//2 259//2 273//2
f 259//2 302//2 303//2
f 302//2 301//2 303//2
f 303//2 273//2 259//2
f 273//2 274//2 272//2
f 305//2 297//2 298//2
f 271//2 305//2 298//2
f 271//2 251//2 270//2
f 251//2 284//2 270//2
f 274//2 271//2 270//2
f 723//60 749//60 1098//60
f 749//60 750//60 727//60
f 1098//60 1096//60 723//60
f 727//60 1101//60 749//60
f 2335//12 715//12 714//12 2414//12
f 569//197 560//197 576//197
f 534//198 524//199 525//199 548//200
f 540//21 543//21 547//21 539//21
f 569//197 576//197 573//197
f 538//201 544//201 522//201
f 567//2 565//2 566//2 564//2
f 2309//202 2304//60 541//60 523//203
f 583//2 699//2 694//2 584//2
f 527//201 539//201 547//201
f 530//204 545//204 528//204 529//204
f 1047//205 932//205 931//205
f 558//206 793//207 523//208 551//209
f 526//210 522//210 544//210 546//210
f 2327//21 2310//21 866//21 865//21
f 549//197 569//197 573//197
f 664//2 666//2 663//2 665//2
f 672//2 671//2 633//2 676//2
f 574//12 801//12 1066//12
f 1062//21 893//21 895//21 908//21
f 698//211 697//211 681//211 689//211
f 561//60 565//60 554//60 562//60
f 706//21 1068//212 742//212 705//21
f 2329//213 717//213 715//213 2335//213
f 778//214 2201//214 2215//214 773//214
f 985//3 1017//3 1018//3 897//3
f 777//215 2202//215 2201//215 778//215
f 576//2 575//2 789//2 790//2
f 2370//216 754//216 759//216 2338//216
f 2216//217 762//217 761//217 2205//217
f 1039//205 1045//205 990//205
f 882//218 1002//218 957//218 956//218
f 1080//219 1079//220 739//220 740//219
f 975//21 1026//21 973//21 974//21
f 788//221 792//221 708//221 710//221
f 763//222 2209//222 2208//222 764//222
f 2368//223 2376//223 785//223 752//223
f 936//60 935//60 994//60 860//60
f 809//224 823//224 2223//224 2222//224
f 787//3 788//3 710//3 709//3
f 925//60 924//60 999//60 875//60
f 2334//225 720//225 721//225 2330//225
f 2381//226 835//226 836//227 2314//228
f 699//2 695//2 696//2 694//2
f 749//229 786//229 784//229
f 1039//230 1042//230 1046//230 1045//230
f 826//231 828//231 827//231 813//231
f 594//2 607//2 683//2
f 769//232 2212//232 2211//232 766//232
f 639//2 644//2 649//2 651//2
f 709//12 734//233 1074//233 787//12
f 1047//205 1054//205 934//205
f 730//2 766//2 768//2
f 2203//234 779//234 758//234 2204//234
f 2336//21 2372//21 872//21 871//21
f 2390//235 731//235 726//236 2399//236
f 528//12 534//12 578//12
f 1072//237 1071//238 745//238 746//237
f 605//2 653//2 580//2
f 874//3 873//3 1028//3 926//3
f 1047//230 1050//230 1037//230 1038//230
f 1047//205 1053//205 936//205
f 727//239 750//240 711//241
f 981//21 1008//21 979//21 980//21
f 2205//242 761//242 767//242 2206//242
f 2979//243 2591//243 719//243 2325//243
f 766//244 2211//244 2210//244 768//244
f 905//205 1045//205 907//205
f 1070//245 1069//246 743//246 744//245
f 955//247 1044//247 917//247 1023//247
f 531//248 814//221 2220//249
f 978//3 977//3 1033//3 861//3
f 865//3 864//3 1032//3 932//3
f 816//250 1050//251 1051//252 805//253
f 983//254 982//254 937//254 1035//254
f 2310//21 2337//21 868//21 866//21
f 768//255 2210//255 2209//255 763//255
f 2368//12 752//12 723//12 2302//12
f 1071//238 1070//245 744//245 745//238
f 797//256 806//257 810//258
f 842//3 843//3 1064//3 914//3
f 923//2 1027//2 922//2 1058//2
f 646//2 648//2 650//2 645//2
f 812//259 819//260 811//261
f 1076//262 1074//233 734//233 736//262
f 1042//263 1036//264 821//265
f 897//3 1018//3 905//3 898//3
f 954//21 1043//21 952//21 953//21
f 553//36 571//36 572//36
f 1062//205 1045//205 910//205
f 953//3 952//3 1022//3 885//3
f 1060//60 915//60 1003//60 887//60
f 716//266 706//266 705//266
f 910//2 1020//2 909//2 1062//2
f 732//2 733//2 728//2
f 1055//205 1048//205 929//205
f 883//3 882//3 1023//3 919//3
f 625//2 618//2 597//2 623//2
f 806//267 797//267 2227//268 2226//268
f 727//60 1105//60 1103//60
f 804//269 817//270 814//271 815//272
f 2322//273 780//274 782//275 2308//276
f 1049//205 1048//205 921//205
f 1046//230 1052//230 1049//230 1045//230
f 592//2 605//2 580//2
f 2380//277 2309//202 523//203 832//278
f 2316//279 2314//228 836//227 821//279
f 2350//21 2363//21 883//21 881//21
f 942//2 992//2 940//2 941//2
f 655//280 669//281 621//281 586//280
f 574//12 528//12 578//12
f 1049//205 913//205 912//205
f 2318//45 572//45 571//45 2219//45
f 839//282 1065//282 840//282 1064//282
f 895//3 894//3 1019//3 908//3
f 775//2 776//2 773//2 774//2
f 2385//21 877//21 875//21 2386//21
f 638//2 640//2 644//2 639//2
f 2315//3 846//3 849//3 2343//3
f 907//205 1045//205 908//205
f 741//2 735//2 748//2
f 2317//283 770//283 730//284 2311//284
f 764//285 2208//285 2207//285 765//285
f 1057//60 927//60 998//60 872//60
f 984//21 1007//21 982//21 983//21
f 570//60 2219//60 571//60
f 1044//60 957//60 1002//60 917//60
f 986//286 1017//21 985//21 899//287
f 1010//288 966//288 873//288 999//288
f 1062//60 909//60 1005//60 893//60
f 2369//232 757//232 755//232 2345//232
f 843//289 1063//289 837//289 838//289
f 2300//290 751//290 729//291 2313//292
f 964//60 1010//60 999//60 924//60
f 893//36 1005//36 891//36 892//36
f 963//21 1011//21 961//21 962//21
f 838//3 839//3 1064//3 843//3
f 853//60 941//60 940//60 854//60
f 641//293 649//293 620//293 652//293
f 669//294 666//294 622//294 621//294
f 2400//3 787//3 706//3 2398//3
f 1058//205 1059//205 1048//205
f 578//295 682//296 612//296 624//297
f 1059//2 1025//2 920//2 921//2
f 1048//205 1047//205 929//205
f 578//295 626//298 627//299
f 793//300 2229//301 2228//301 820//300
f 909//302 1020//302 947//302 946//302
f 1077//216 1076//262 736//262 737//216
f 676//303 633//303 612//303 611//303
f 980//254 979//254 935//254 1034//254
f 1097//60 2200//60 2237//60
f 956//3 955//3 1023//3 882//3
f 2392//3 536//3 579//3
f 712//21 718//21 790//21 789//21
f 765//2 767//2 722//2
f 533//2 536//2 1066//2
f 919//2 1023//2 917//2 918//2
f 669//2 655//2 654//2 662//2
f 948//304 891//304 1005//304 1014//304
f 2372//21 2373//21 874//21 872//21
f 850//305 851//305 903//305 902//305
f 765//46 2207//46 2206//46 767//46
f 1047//205 931//205 929//205
f 670//2 590//2 597//2 618//2
f 890//36 1004//36 888//36 889//36
f 1069//246 1067//306 741//306 743//246
f 866//36 996//36 864//36 865//36
f 739//2 738//2 708//2
f 2387//21 852//21 1041//21 2303//21
f 818//21 831//21 830//21 819//21
f 1045//205 1049//205 910//205
f 613//2 614//2 801//2
f 2389//307 732//307 731//235 2390//235
f 2324//266 2398//266 706//266 716//266
f 1047//205 941//205 939//205
f 710//2 708//2 734//2
f 850//21 902//21 849//21
f 563//308 794//309 793//207
f 990//205 850//205 1039//205
f 679//2 632//2 634//2 630//2
f 2396//12 584//12 788//12 2397//12
f 1049//205 914//205 913//205
f 596//2 617//2 682//296 683//2
f 1045//205 905//205 990//205
f 634//310 632//310 607//310 606//310
f 758//2 757//2 760//2 762//2
f 1056//205 1048//205 1055//205
f 546//21 544//21 538//21 537//21
f 712//311 711//311 713//311 718//311
f 885//289 1003//289 954//289 953//289
f 528//312 545//312 524//312 534//312
f 585//2 574//2 588//2
f 1060//205 1049//205 916//205
f 837//21 1065//21 839//21 838//21
f 548//200 535//313 534//198
f 656//314 591//314 653//315 654//315
f 578//295 627//299 628//316
f 899//317 900//318 901//319 903//320
f 569//321 549//322 535//322 548//323
f 905//2 1018//2 904//2 990//2
f 1078//324 1077//216 737//216 738//324
f 817//201 829//201 807//201
f 1009//325 978//325 861//325 995//325
f 2345//326 755//326 754//326 2370//326
f 2308//276 782//275 783//327 2326//327
f 612//296 682//296 611//2
f 845//2 844//2 849//2 846//2
f 928//328 1031//328 970//328 1024//328
f 620//2 621//2 622//2 652//2
f 929//2 1031//2 928//2 1055//2
f 951//3 950//3 1021//3 888//3
f 748//329 729//329 751//329 707//329
f 854//36 991//36 852//36 853//36
f 637//330 646//330 615//330 608//330
f 774//331 2214//331 2217//331 771//331
f 923//21 925//21 875//21 877//21
f 598//2 800//2 616//2
f 703//2 695//2 699//2 700//2
f 1049//205 912//205 1061//205
f 2218//332 753//332 779//332 2203//332
f 878//36 1000//36 876//36 877//36
f 2367//285 756//285 776//285 2383//285
f 794//333 813//333 827//334 793//335
f 806//257 824//336 805//253
f 2333//242 775//242 770//283 2317//283
f 932//21 934//21 863//21 865//21
f 579//2 801//2 614//2
f 944//337 943//337 906//337 1019//337
f 2313//292 729//291 780//274 2322//273
f 932//2 1032//2 930//2 931//2
f 563//308 793//207 558//206
f 971//338 867//338 997//338 972//338
f 2371//339 728//340 717//213 2329//213
f 1000//60 922//60 961//60 1011//60
f 960//21 1012//21 958//21 959//21
f 963//288 876//288 1000//288 1011//288
f 755//2 779//2 753//2 754//2
f 921//21 881//21 883//21 919//21
f 1061//60 911//60 1004//60 890//60
f 814//341 808//341 2221//341 2220//341
f 527//342 547//342 543//342 531//342
f 860//36 994//36 858//36 859//36
f 2376//343 2339//343 781//343 785//343
f 850//205 1040//205 1039//205
f 550//2 568//2 559//2 551//2
f 2330//344 721//344 728//340 2371//339
f 797//345 527//345 2227//21
f 900//36 898//36 901//36
f 2346//346 760//346 757//3 2369//3
f 945//21 1015//21 943//21 944//21
f 602//2 603//2 636//2 609//2
f 630//347 631//347 597//347 590//347
f 526//348 546//348 537//348
f 789//349 727//239 711//241 712//349
f 613//350 644//350 640//280 614//280
f 551//2 559//2 558//2
f 945//3 944//3 1019//3 894//3
f 1075//351 1080//219 740//219 735//351
f 763//2 764//2 722//2
f 629//315 674//314 617//314 596//315
f 753//2 777//2 759//2 754//2
f 1073//2 1068//2 1081//2
f 1067//306 1075//351 735//351 741//306
f 948//21 1014//21 946//21 947//21
f 2325//352 719//352 720//352 2334//352
f 2338//222 759//222 756//222 2367//222
f 2216//60 2204//60 758//60 762//60
f 896//36 1006//36 894//36 895//36
f 701//353 700//353 687//353 686//353
f 753//48 2218//48 2202//48 777//48
f 715//354 717//355 724//355 716//356
f 881//36 1001//36 879//36 880//36
f 761//2 760//2 767//2
f 788//2 577//357 573//2 792//2
f 772//3 2213//3 2212//3 769//3
f 527//345 531//248 2220//249
f 758//2 779//2 755//2 757//2
f 884//36 1002//36 882//36 883//36
f 807//358 829//359 803//359 802//360
f 713//361 708//361 792//361 791//361
f 591//2 683//2 684//2
f 847//2 845//2 846//2 848//2
f 965//362 964//362 924//362 1028//362
f 2396//12 2395//12 583//12 584//12
f 707//2 746//2 745//2
f 718//361 713//361 791//361 790//361
f 535//12 549//12 573//12 577//12
f 1048//205 925//205 923//205
f 908//205 1045//205 1062//205
f 1034//3 858//3 981//3 980//3
f 585//350 659//350 655//280 586//280
f 2361//21 847//21 848//21 2319//21
f 1015//363 945//363 894//363 1006//363
f 702//364 701//364 686//364 685//364
f 2320//21 1040//21 844//21 2362//21
f 1049//205 1061//205 910//205
f 852//21 942//21 1041//21
f 1079//220 1078//324 738//324 739//220
f 1068//212 1073//365 747//365 742//212
f 1073//365 1072//237 746//237 747//365
f 673//2 675//2 674//2 629//2
f 773//237 2215//237 2214//237 774//237
f 529//12 528//12 1066//12
f 572//12 582//12 556//12
f 730//366 722//366 751//366
f 720//367 719//367 728//367 721//367
f 591//2 594//2 683//2
f 804//21 803//21 829//21 817//21
f 2319//238 848//238 846//238 2315//238
f 713//2 711//2 749//2 748//2
f 653//2 687//2 688//2
f 796//368 797//256 537//369 795//370
f 1052//230 1051//230 1048//230 1049//230
f 799//371 531//372 540//371 798//371
f 548//323 525//373 798//374
f 577//357 689//2 681//375
f 525//12 524//12 545//12 530//12
f 748//2 707//2 743//2
f 975//338 974//338 864//338 996//338
f 673//280 679//376 589//376 604//280
f 577//377 578//377 534//198 535//313
f 661//303 660//303 625//303 587//303
f 823//12 825//12 2224//12 2223//12
f 1064//2 840//2 913//2 914//2
f 921//60 920//60 1001//60 881//60
f 633//3 671//3 624//3 612//3
f 683//2 607//2 596//2
f 536//2 530//2 1066//2
f 764//2 765//2 722//2
f 677//330 634//330 606//330 623//330
f 543//348 540//348 531//348
f 1047//205 936//205 1054//205
f 756//2 778//2 773//2 776//2
f 569//321 548//323 798//374 796//378
f 810//348 831//348 818//348
f 2399//236 726//236 2523//379 2331//379
f 568//3 555//3 567//3 559//3
f 2388//380 2312//380 815//380 532//380
f 645//2 650//2 640//2 638//2
f 1059//21 1058//21 878//21 880//21
f 907//21 896//21 898//21 905//21
f 703//381 702//381 685//381 684//381
f 793//335 827//334 2231//382 2229//382
f 605//2 592//2 593//2 619//2
f 743//2 707//2 744//2
f 968//3 967//3 1030//3 870//3
f 2337//21 2332//21 869//21 868//21
f 2373//21 2386//21 875//21 874//21
f 556//2 557//2 561//2 562//2
f 2364//21 2340//21 886//21 884//21
f 949//60 1013//60 1004//60 911//60
f 2385//21 2365//21 878//21 877//21
f 799//371 814//271 531//372
f 796//368 539//383 527//384 797//256
f 2393//266 2324//266 716//266 724//266
f 777//2 778//2 756//2 759//2
f 939//21 941//21 853//21 856//21
f 737//2 736//2 708//2
f 620//2 801//2 621//2
f 672//385 678//385 627//385 626//385
f 2379//386 786//386 781//386 2339//386
f 919//205 918//205 1049//205
f 581//3 584//3 694//387 690//387
f 801//2 574//2 585//2 586//2
f 916//205 1049//205 918//205
f 798//371 540//371 539//383 796//368
f 2326//388 783//388 784//388 2305//388
f 563//45 566//45 565//45 561//45
f 604//2 574//2 628//316
f 563//308 538//389 794//309
f 690//2 577//357 788//2
f 979//60 1008//60 994//60 935//60
f 639//390 595//390 598//315 638//315
f 760//2 722//2 767//2
f 936//21 860//21 862//21 1054//21
f 992//391 942//392 852//392 991//391
f 650//294 648//294 601//294 600//294
f 793//207 820//393 821//265
f 708//2 713//2 748//2
f 2394//394 2401//395 725//395 733//394
f 824//396 825//396 823//396 809//396
f 828//397 2230//397 2231//397 827//397
f 2332//21 2336//21 871//21 869//21
f 974//3 973//3 1032//3 864//3
f 661//2 657//2 658//2 660//2
f 793//207 821//265 836//398
f 966//3 965//3 1028//3 873//3
f 652//2 622//2 609//2 636//2
f 525//373 530//2 799//2 798//374
f 880//3 879//3 1025//3 1059//3
f 635//399 641//399 652//399 636//399
f 523//208 793//207 832//400
f 929//21 931//21 866//21 868//21
f 899//317 985//401 897//401 900//318
f 557//402 556//402 582//402 575//402
f 889//3 888//3 1021//3 912//3
f 1048//205 1059//205 921//205
f 1052//403 1046//404 811//261
f 946//60 1014//60 1005//60 909//60
f 665//330 663//330 619//330 602//330
f 878//60 1058//60 922//60 1000//60
f 2377//21 2343//21 849//21 902//21
f 938//205 1053//205 1047//205
f 2321//21 2342//21 860//21 859//21
f 971//3 970//3 1031//3 867//3
f 657//293 667//293 588//293 670//293
f 948//3 947//3 1020//3 891//3
f 1024//60 972//60 997//60 928//60
f 2361//50 2354//50 845//50 847//50
f 583//12 800//12 580//12
f 1016//405 989//405 991//405 854//405
f 2384//21 2327//21 865//21 863//21
f 810//258 811//261 830//359 831//359
f 794//309 522//406 812//259
f 653//2 688//2 580//2
f 892//3 891//3 1020//3 910//3
f 1038//205 1041//205 942//205
f 960//3 959//3 1025//3 879//3
f 656//314 668//407 594//407 591//314
f 978//21 1009//21 976//21 977//21
f 530//2 529//2 1066//2
f 926//2 1028//2 924//2 925//2
f 708//2 748//2 735//2
f 671//408 672//408 626//408 624//408
f 914//205 1049//205 1060//205
f 646//409 645//409 616//409 615//409
f 771//410 2217//410 2213//410 772//410
f 611//2 682//296 610//2
f 900//36 897//36 898//36
f 887//21 842//21 914//21 1060//21
f 726//2 719//2 2591//2 2523//2
f 1046//404 1042//263 821//265 812//259
f 1048//205 926//205 925//205
f 988//411 992//391 991//391 989//411
f 694//387 693//412 691//412 690//387
f 927//328 1030//328 967//328 1029//328
f 606//2 587//2 625//2 623//2
f 577//357 690//2 691//2
f 559//324 567//324 564//324 558//324
f 1035//3 939//3 856//3 855//3
f 615//2 800//2 608//2
f 879//288 1001//288 1012//288 960//288
f 1043//60 954//60 1003//60 915//60
f 793//207 836//398 835//413
f 726//2 731//2 719//2
f 966//21 1010//21 964//21 965//21
f 820//12 828//12 826//12 822//12
f 1033//414 977//414 976//414 933//414
f 875//36 999//36 873//36 874//36
f 730//2 769//2 766//2
f 809//415 816//250 824//336
f 1056//2 1030//2 927//2 1057//2
f 2228//12 2230//12 828//12 820//12
f 797//256 526//416 537//369
f 844//21 1040//21 850//21 849//21
f 2365//21 2366//21 880//21 878//21
f 912//2 1021//2 911//2 1061//2
f 528//12 574//12 1066//12
f 806//257 805//253 810//258
f 1056//21 1055//21 869//21 871//21
f 2355//21 842//21 887//21 2351//21
f 819//201 830//201 811//201
f 599//2 579//2 601//2
f 668//417 661//417 587//417 594//417
f 1054//2 1033//2 933//2 934//2
f 678//418 675//350 628//350 627//418
f 522//406 526//416 819//260
f 704//324 698//324 689//324 692//324
f 578//295 577//357 681//375
f 816//250 805//253 824//336
f 872//36 998//36 870//36 871//36
f 3015//60 749//60 1101//60
f 887//36 1003//36 885//36 886//36
f 770//2 775//2 774//2 771//2
f 600//2 579//2 614//2
f 651//419 643//419 593//419 592//419
f 959//362 958//362 920//362 1025//362
f 679//2 673//2 629//2 632//2
f 857//36 993//36 855//36 856//36
f 555//2 554//2 565//2 567//2
f 938//60 937//60 993//60 857//60
f 2306//420 834//420 835//420 2381//420
f 820//393 822//421 812//259 821//265
f 647//60 637//60 608//60 599//60
f 673//280 604//280 628//350 675//350
f 951//289 888//289 1004//289 1013//289
f 601//2 579//2 600//2
f 811//261 1046//404 812//259
f 594//2 587//2 606//2 607//2
f 851//422 986//286 899//287 903//422
f 824//12 806//12 2226//12 2225//12
f 969//60 998//60 927//60 1029//60
f 2383//46 776//46 775//46 2333//46
f 2323//21 2357//21 890//21 889//21
f 675//2 678//2 680//2 674//2
f 1066//12 801//12 579//12 533//12
f 981//423 858//423 994//423 1008//423
f 584//12 581//12 788//12
f 2360//21 2323//21 889//21 841//21
f 607//424 632//424 629//315 596//315
f 957//21 1044//21 955//21 956//21
f 709//2 710//2 734//2
f 717//2 728//2 725//2 724//2
f 807//358 1037//425 1050//251
f 697//426 696//427 682//427 681//426
f 1057//205 1048//205 1056//205
f 1061//21 890//21 892//21 910//21
f 951//21 1013//21 949//21 950//21
f 574//2 578//295 628//316
f 1041//428 1038//428 1037//429
f 653//2 591//2 686//2 687//2
f 735//2 740//2 708//2
f 613//2 801//2 620//2
f 922//362 1027//362 962//362 961//362
f 984//423 855//423 993//423 1007//423
f 693//2 697//2 698//2 704//2
f 2392//3 579//3 800//3 2391//3
f 682//296 578//295 681//375
f 863//36 995//36 861//36 862//36
f 664//60 665//60 602//60 609//60
f 639//390 651//430 592//430 595//390
f 1051//230 1050//230 1047//230 1048//230
f 982//60 1007//60 993//60 937//60
f 969//21 1029//21 967//21 968//21
f 984//3 983//3 1035//3 855//3
f 678//2 672//2 676//2 680//2
f 792//2 573//2 791//2
f 988//431 987//431 940//431 992//431
f 1026//60 975//60 996//60 930//60
f 643//2 641//2 635//2 642//2
f 919//205 1049//205 921//205
f 934//60 933//60 995//60 863//60
f 913//60 840//60 1063//60 841//60
f 2377//21 902//21 901//21 2348//21
f 795//370 537//369 538//389 563//308
f 1016//60 854//60 940//60 987//60
f 841//21 889//21 912//21 913//21
f 679//294 630//294 590//294 589//294
f 2366//21 2350//21 881//21 880//21
f 2354//60 2362//60 844//60 845//60
f 793//207 833//432 832//400
f 588//2 574//2 589//2
f 2349//21 2359//21 898//21 896//21
f 2347//21 2358//21 895//21 893//21
f 2357//21 2356//21 892//21 890//21
f 2363//21 2364//21 884//21 883//21
f 2342//21 2344//21 862//21 860//21
f 2307//21 857//21 856//21 2341//21
f 608//2 800//2 579//2 599//2
f 648//433 647//433 599//433 601//433
f 2382//434 833//434 834//434 2306//434
f 642//3 635//3 636//3 603//3
f 903//320 901//319 902//435
f 807//358 816//250 809//415 808//436
f 916//2 1022//2 915//2 1060//2
f 722//2 730//2 763//2
f 656//2 659//2 667//2 668//2
f 915//282 1022//282 952//282 1043//282
f 616//2 800//2 615//2
f 815//272 814//271 799//371
f 923//205 1058//205 1048//205
f 577//357 691//2 692//2
f 1017//437 986//438 904//439 1018//437
f 968//338 870//338 998//338 969//338
f 660//3 658//3 618//3 625//3
f 649//440 644//350 613//350 620//440
f 538//389 522//406 794//309
f 958//60 1012//60 1001//60 920//60
f 976//60 1009//60 995//60 933//60
f 668//2 667//2 657//2 661//2
f 931//60 930//60 996//60 866//60
f 591//2 684//2 685//2
f 693//441 704//441 692//441 691//441
f 1033//3 1054//3 862//3 861//3
f 667//440 659//350 585//350 588//440
f 2318//12 2374//12 582//12 572//12
f 2394//394 733//394 732//307 2389//307
f 558//12 564//12 566//12 563//12
f 730//2 768//2 763//2
f 682//296 617//2 610//2
f 631//60 677//60 623//60 597//60
f 907//60 906//60 1006//60 896//60
f 822//442 826//442 813//442 794//442
f 2378//443 722//443 760//346 2346//346
f 680//444 676//444 611//444 610//444
f 841//36 1063//36 843//36 842//36
f 663//445 662//445 605//445 619//445
f 851//446 990//447 904//439 986//438
f 822//421 794//309 812//259
f 799//2 530//2 536//2
f 688//448 699//448 583//60 580//60
f 825//449 824//449 2225//449 2224//449
f 1053//2 1034//2 935//2 936//2
f 963//3 962//3 1027//3 876//3
f 560//450 796//378 795//2 557//2
f 674//314 680//451 610//451 617//314
f 560//12 557//12 575//12 576//12
f 1047//205 934//205 932//205
f 916//21 918//21 884//21 886//21
f 694//2 696//2 697//2 693//2
f 696//427 695//452 683//452 682//427
f 658//408 657//408 670//408 618//408
f 552//60 553//60 550//60 551//60
f 551//60 523//203 541//60 552//60
f 817//270 807//358 808//436 814//271
f 869//36 997//36 867//36 868//36
f 886//3 885//3 1022//3 916//3
f 2402//453 2303//428 1041//428 1037//429
f 770//2 772//2 769//2
f 626//298 578//295 624//297
f 589//2 574//2 604//2
f 1065//60 837//60 1063//60 840//60
f 918//60 917//60 1002//60 884//60
f 943//60 1015//60 1006//60 906//60
f 595//2 592//2 580//2
f 1055//60 928//60 997//60 869//60
f 662//454 654//315 653//315 605//454
f 591//2 685//2 686//2
f 557//2 795//2 563//2 561//2
f 621//2 801//2 586//2
f 2220//249 2227//21 527//345
f 575//2 582//2 727//2 789//2
f 588//2 589//2 590//2 670//2
f 1053//3 859//3 858//3 1034//3
f 738//2 737//2 708//2
f 577//357 692//2 689//2
f 619//2 593//2 603//2 602//2
f 526//416 797//256 818//455 819//260
f 643//303 642//303 603//303 593//303
f 911//282 1021//282 950//282 949//282
f 666//433 664//433 609//433 622//433
f 666//2 669//2 662//2 663//2
f 595//2 580//2 800//2 598//2
f 550//12 553//12 555//12 568//12
f 972//21 1024//21 970//21 971//21
f 630//2 634//2 677//2 631//2
f 655//2 659//2 656//2 654//2
f 700//456 699//448 688//448 687//456
f 808//12 809//12 2222//12 2221//12
f 805//253 1051//252 1052//403 810//258
f 942//205 941//205 1038//205
f 871//3 870//3 1030//3 1056//3
f 908//2 1019//2 906//2 907//2
f 536//371 532//371 815//272 799//371
f 554//12 572//12 556//12 562//12
f 616//454 645//454 638//315 598//315
f 573//2 576//2 790//2 791//2
f 555//12 553//12 572//12 554//12
f 877//3 876//3 1027//3 923//3
f 695//452 703//457 684//457 683//452
f 939//2 1035//2 937//2 938//2
f 973//328 1026//328 930//328 1032//328
f 850//458 990//447 851//446
f 989//21 1016//21 987//21 988//21
f 640//280 650//459 600//459 614//280
f 2360//21 841//21 842//21 2355//21
f 702//2 703//2 700//2 701//2
f 926//21 1057//21 872//21 874//21
f 749//229 723//229 785//229
f 711//2 750//2 749//2
f 780//229 729//229 748//229
f 651//2 649//2 641//2 643//2
f 748//2 743//2 741//2
f 714//366 751//366 722//366
f 522//406 819//260 812//259
f 782//229 780//229 748//229
f 810//258 1052//403 811//261
f 716//2 705//2 742//2 707//2
f 719//2 731//2 732//2 728//2
f 797//256 810//258 818//455
f 733//2 725//2 728//2
f 740//2 739//2 708//2
f 707//2 745//2 744//2
f 2403//460 2402//453 1037//429 802//461
f 761//2 762//2 760//2
f 783//229 782//229 748//229
f 793//207 835//413 834//462
f 793//207 834//462 833//432
f 723//229 752//229 785//229
f 783//229 748//229 784//229
f 749//229 781//229 786//229
f 748//229 749//229 784//229
f 707//2 742//2 747//2
f 770//2 771//2 772//2
f 736//2 734//2 708//2
f 730//2 770//2 769//2
f 749//229 785//229 781//229
f 926//205 1048//205 1057//205
f 939//205 938//205 1047//205
f 1047//205 1038//205 941//205
f 637//2 647//2 648//2 646//2
f 581//2 690//2 788//2
f 707//2 747//2 746//2
f 1053//21 938//21 857//21 859//21
f 570//463 552//463 541//463 542//463
f 1031//3 929//3 868//3 867//3
f 1068//2 706//2 1081//2
f 706//2 787//2 1081//2
f 787//2 1074//2 1081//2
f 1074//2 1076//2 1081//2
f 1076//2 1077//2 1081//2
f 1077//2 1078//2 1081//2
f 1078//2 1079//2 1081//2
f 1079//2 1080//2 1081//2
f 1080//2 1075//2 1081//2
f 1075//2 1067//2 1081//2
f 1067//2 1069//2 1081//2
f 1069//2 1070//2 1081//2
f 1070//2 1071//2 1081//2
f 1071//2 1072//2 1081//2
f 1072//2 1073//2 1081//2
f 751//464 714//465 707//466
f 714//465 715//354 716//356 707//466
f 2232//467 1082//467 1083//467 2233//467
f 1082//468 1084//468 1085//468 1083//468
f 1084//469 1086//469 1087//469 1085//469
f 1086//470 1088//470 1089//470 1087//470
f 1088//471 1090//471 1091//471 1089//471
f 1090//472 1092//472 1093//472 1091//472
f 1092//473 1094//473 1095//473 1093//473
f 1094//474 2234//474 2235//474 1095//474
f 2316//60 821//60 1036//60 2353//60
f 1131//475 1132//476 1143//476 1142//475
f 1110//477 1111//477 1113//478 1112//478
f 1137//477 1138//479 1149//479 1148//477
f 1118//2 1119//2 1121//476 1120//476
f 1112//478 1113//478 1115//480 1114//480
f 1134//481 1135//480 1146//480 1145//481
f 2240//3 1129//3 1106//3 2244//3
f 1106//482 1107//483 1140//483 1139//482
f 1122//475 1123//475 1125//484 1124//484
f 1127//3 1125//3 1130//3 1107//3
f 1116//481 1117//481 1119//2 1118//2
f 1121//3 1119//3 1133//3 1132//3
f 1115//3 1113//3 1136//3 1135//3
f 1113//3 1111//3 1137//3 1136//3
f 2241//21 2242//21 1109//479 1108//479
f 1133//2 1134//481 1145//481 1144//2
f 1117//3 1115//3 1135//3 1134//3
f 1109//3 2242//3 2243//3 1138//3
f 1120//476 1121//476 1123//475 1122//475
f 1111//3 1109//3 1138//3 1137//3
f 1136//478 1137//477 1148//477 1147//478
f 1114//480 1115//480 1117//481 1116//481
f 2244//12 1106//482 1139//482 2246//12
f 1124//484 1125//484 1127//483 1126//483
f 1138//479 2243//21 2245//21 1149//479
f 1126//483 1127//483 1129//482 1128//482
f 1129//3 1127//3 1107//3 1106//3
f 1108//479 1109//479 1111//477 1110//477
f 1125//3 1123//3 1131//3 1130//3
f 1135//480 1136//478 1147//478 1146//480
f 1107//483 1130//484 1141//484 1140//483
f 1128//482 1129//482 2240//12 2239//12
f 1130//484 1131//475 1142//475 1141//484
f 1119//3 1117//3 1134//3 1133//3
f 1132//476 1133//2 1144//2 1143//476
f 1123//3 1121//3 1132//3 1131//3
f 1147//60 1148//60 1159//60 1158//60
f 1144//60 1145//60 1156//60 1155//60
f 1140//60 1141//60 1152//60 1151//60
f 1148//60 1149//60 1160//60 1159//60
f 1141//60 1142//60 1153//60 1152//60
f 1149//60 2245//60 2247//60 1160//60
f 2246//60 1139//60 1150//60 2248//60
f 1142//60 1143//60 1154//60 1153//60
f 1146//60 1147//60 1158//60 1157//60
f 1143//60 1144//60 1155//60 1154//60
f 1139//60 1140//60 1151//60 1150//60
f 1145//60 1146//60 1157//60 1156//60
f 1158//478 1159//477 1170//477 1169//478
f 1153//475 1154//476 1165//476 1164//475
f 1151//483 1152//484 1163//484 1162//483
f 1154//476 1155//2 1166//2 1165//476
f 1159//477 1160//479 1171//479 1170//477
f 1155//2 1156//481 1167//481 1166//2
f 1160//479 2247//21 2249//21 1171//479
f 1156//481 1157//480 1168//480 1167//481
f 1152//484 1153//475 1164//475 1163//484
f 2248//12 1150//482 1161//482 2250//12
f 1157//480 1158//478 1169//478 1168//480
f 1150//482 1151//483 1162//483 1161//482
f 1162//3 1163//3 1174//3 1173//3
f 1167//3 1168//3 1179//3 1178//3
f 1170//3 1171//3 1182//3 1181//3
f 1163//3 1164//3 1175//3 1174//3
f 1171//3 2249//3 2251//3 1182//3
f 1164//3 1165//3 1176//3 1175//3
f 1168//3 1169//3 1180//3 1179//3
f 1165//3 1166//3 1177//3 1176//3
f 1161//3 1162//3 1173//3 1172//3
f 1166//3 1167//3 1178//3 1177//3
f 1169//3 1170//3 1181//3 1180//3
f 2250//3 1161//3 1172//3 2252//3
f 1180//485 1181//486 1189//487 1188//488
f 1175//489 1176//490 1226//491 1184//492
f 1173//493 1174//494 1183//495 1223//496
f 1176//490 1177//497 1185//498 1226//491
f 1181//486 1182//499 1190//500 1189//487
f 1177//497 1178//501 1186//502 1185//498
f 1182//499 2251//503 2253//504 1190//500
f 1178//501 1179//505 1187//506 1186//502
f 1174//494 1175//489 1184//492 1183//495
f 2252//507 1172//508 1222//509 2254//510
f 1179//505 1180//485 1188//488 1187//506
f 1172//508 1173//493 1223//496 1222//509
f 1227//511 1259//511 1260//511 1245//511
f 1253//512 1255//513 1235//513 1233//512
f 1186//502 1187//506 1220//514 1227//515
f 1190//500 2253//504 2261//21 1225//479
f 1188//488 1189//487 1224//477 1221//478
f 1187//506 1188//488 1221//478 1220//514
f 2265//21 1249//516 1230//516 2262//21
f 1257//36 1258//517 1238//517 1237//36
f 1251//518 1253//512 1233//512 1231//518
f 1246//519 1239//478 1195//478 1194//519
f 1244//2 1245//520 1193//520
f 1239//478 1240//477 1196//477 1195//478
f 1245//521 1246//519 1194//519 1193//521
f 1240//477 1241//479 1197//479 1196//477
f 1241//479 2264//21 2255//21 1197//479
f 1230//516 1231//518 1210//518 1209//516
f 1229//522 1232//523 1218//523 1217//522
f 1231//518 1233//512 1211//512 1210//518
f 1232//523 1234//524 1219//524 1218//523
f 1233//512 1235//513 1212//513 1211//512
f 1234//524 2263//12 2259//12 1219//524
f 1235//513 1236//525 1213//525 1212//513
f 1236//525 1237//36 1214//36 1213//525
f 1237//36 1238//517 1215//517 1214//36
f 2262//21 1230//516 1209//516 2260//21
f 1216//526 1259//527 1228//526
f 1242//60 1243//60 1202//60 1201//60
f 1192//60 1242//60 1201//60 1200//60
f 1228//526 1229//522 1217//522 1216//526
f 1197//60 2255//60 2257//60 1208//60
f 1196//60 1197//60 1208//60 1207//60
f 1191//60 1192//60 1200//60 1199//60
f 1195//60 1196//60 1207//60 1206//60
f 1247//60 1191//60 1199//60 1198//60
f 1194//60 1195//60 1206//60 1205//60
f 2256//60 1247//60 1198//60 2258//60
f 1193//60 1194//60 1205//60 1204//60
f 1244//60 1193//60 1204//60 1203//60
f 1201//513 1202//525 1256//525 1255//513
f 1202//525 1203//36 1257//36 1256//525
f 1199//518 1200//512 1253//512 1251//518
f 1205//526 1206//522 1250//522 1248//526
f 1223//496 1183//495 1192//484 1191//483
f 1184//492 1226//491 1243//476 1242//475
f 1185//498 1227//520 1245//520 1244//2
f 1249//516 1251//518 1231//518 1230//516
f 1256//525 1257//36 1237//36 1236//525
f 1189//487 1190//500 1225//479 1224//477
f 1185//498 1186//502 1227//520
f 1255//513 1256//525 1236//525 1235//513
f 1258//517 1260//527 1259//527 1238//517
f 2254//510 1222//509 1247//482 2256//12
f 1226//491 1185//498 1244//2 1243//476
f 1183//495 1184//492 1242//475 1192//484
f 1222//509 1223//496 1191//483 1247//482
f 1198//516 1199//518 1251//518 1249//516
f 1206//522 1207//523 1252//523 1250//522
f 1207//523 1208//524 1254//524 1252//523
f 1200//512 1201//513 1255//513 1253//512
f 1203//36 1204//517 1258//517 1257//36
f 1208//524 2257//12 2266//12 1254//524
f 1260//527 1205//526 1248//526
f 1243//60 1244//60 1203//60 1202//60
f 2258//21 1198//516 1249//516 2265//21
f 1252//3 1240//3 1239//3 1250//3
f 2266//3 2264//3 1241//3 1254//3
f 1260//3 1248//3 1246//3 1245//3
f 1234//60 1225//60 2261//60 2263//60
f 1250//3 1239//3 1246//3 1248//3
f 1220//60 1221//60 1229//60 1228//60
f 1221//60 1224//60 1232//60 1229//60
f 1259//60 1227//60 1220//60 1228//60
f 1254//3 1241//3 1240//3 1252//3
f 1232//60 1224//60 1225//60 1234//60
f 2290//12 1273//12 1287//12 2271//12
f 1293//528 1277//528 1276//529 1270//530
f 1300//2 1304//2 1305//2
f 1346//2 1318//2 1324//2
f 1346//2 1328//2 1284//2 1319//2
f 1313//2 1346//2 1291//2
f 1321//531 1322//531 1323//531 1318//531
f 1283//2 1310//2 1311//2
f 1275//2 1303//2 1301//2 1273//2
f 2284//532 1308//532 1307//532 2283//532
f 1270//530 1276//529 1274//533 1268//534
f 1262//12 1265//12 1261//12 1263//12
f 1330//60 1328//535 1329//60
f 1294//536 1328//535 2297//537
f 1355//21 1352//21 1353//21
f 1269//538 1273//538 2290//538 2268//538
f 1274//2 1275//2 1273//2
f 1326//2 1295//2 1292//2
f 1287//539 1314//539 2294//539 2271//539
f 2297//537 1330//60 1331//60
f 2296//12 1317//12 1315//12 2295//12
f 1276//540 1288//540 1275//540 1274//540
f 1325//541 1319//541 1284//12 1294//12
f 1296//21 1302//21 1290//21 1289//21
f 1346//542 1261//543 1337//544
f 2277//60 1294//536 2297//537
f 1287//2 1301//2 1315//2 1314//2
f 1320//545 1327//545 1322//545 1321//545
f 1301//546 2279//546 2295//546 1315//546
f 1287//2 1273//2 1301//2
f 1356//547 1261//548 1265//549
f 1303//550 2278//550 2279//550 1301//550
f 2287//551 1311//551 1310//551 2286//551
f 1279//2 1300//2 1305//2 1306//2
f 1263//552 2293//553 2267//554 1264//555
f 1303//2 1275//2 1316//2 1317//2
f 1271//3 1293//3 2272//3 2270//3
f 2288//556 1312//556 1311//50 2287//50
f 2281//557 1305//557 1304//558 2280//558
f 1291//2 1346//2 1324//2
f 1283//2 1280//2 1309//2 1310//2
f 1309//2 1280//2 1308//2
f 1264//2 1266//2 1262//2 1263//2
f 2283//559 1307//559 1306//559 2282//559
f 1288//560 1276//561 1277//562
f 1344//563 2297//21 1331//563
f 1355//564 1350//565 1348//564 1347//564
f 1283//2 1311//2 1312//2 1272//2
f 1308//2 1280//2 1279//2 1307//2
f 1320//566 1319//541 1325//541 1327//566
f 2286//567 1310//567 1309//567 2285//567
f 1266//568 1267//568 1265//568 1262//568
f 1304//558 1281//569 2291//569 2280//558
f 1354//570 1356//547 1265//549
f 1292//60 1291//60 1324//571 1326//571
f 1321//2 1346//2 1320//2
f 2269//3 2289//3 1270//3 1268//3
f 2285//572 1309//572 1308//572 2284//572
f 1271//573 1278//573 1277//573 1293//573
f 2268//574 2269//574 1268//574 1269//574
f 1317//60 2296//60 2278//60 1303//60
f 1294//536 2277//60 1295//60
f 2293//12 1292//12 1295//12 2277//12
f 1328//535 1294//536 1284//575
f 1307//2 1279//2 1306//2
f 2282//576 1306//576 1305//576 2281//576
f 1288//12 1317//12 1316//12
f 1330//60 2297//537 1328//535
f 1268//534 1274//533 1273//577 1269//577
f 1288//60 1316//60 1275//60
f 1304//2 1300//2 1298//2 1281//2
f 1293//3 1270//3 2289//3 2272//3
f 1313//578 2293//553 1263//552
f 1320//2 1346//2 1319//2
f 1329//2 1338//2 1334//2 1330//2
f 1318//579 1323//579 1326//571 1324//571
f 1346//542 1313//578 1261//543
f 1261//543 1313//578 1263//552
f 1346//2 1321//2 1318//2
f 1345//21 1347//21 1348//21 1278//21
f 1277//562 1350//562 1354//570 1288//560
f 1341//21 1342//21 1339//21 1340//21
f 2275//580 1351//581 1352//582
f 1348//583 1350//583 1277//583 1278//583
f 1332//2 1335//2 1336//2 1337//2
f 1338//584 1336//584 1335//584 1334//584
f 1354//478 1353//478 1352//478 1356//478
f 1286//585 1289//585 1290//585 1345//585
f 1340//586 1339//586 1344//586
f 1288//560 1354//570 1265//549 1267//587
f 1334//12 1335//12 1332//12 1333//12
f 1343//588 1342//588 1341//588
f 1328//589 1336//590 1338//12 1329//12
f 1351//369 1349//369 1343//369 1341//369
f 1332//591 1337//544 1261//543 1333//591
f 1339//592 1342//592 1343//592 1344//592
f 1302//593 1347//593 1345//593 1290//593
f 1330//2 1334//2 1333//594 1351//595
f 1351//595 1333//594 1261//548 1356//547
f 1302//596 1355//596 1347//596
f 1302//597 2276//597 2274//597 1355//597
f 1266//12 2294//12 1314//12 1267//12
f 1264//12 2267//12 2294//12 1266//12
f 1314//12 1315//12 1267//12
f 1267//12 1315//12 1317//12 1288//12
f 1281//21 1271//21 2270//21 2291//21
f 1281//21 1345//21 1278//21 1271//21
f 1286//21 1345//21 1281//21
f 1354//598 1350//565 1353//599
f 1353//599 1350//565 1355//564
f 1313//12 1292//12 2293//12
f 1291//12 1292//12 1313//12
f 1323//2 1295//2 1326//2
f 1322//2 1295//2 1323//2
f 1327//2 1295//2 1322//2
f 1325//2 1295//2 1327//2
f 1294//2 1295//2 1325//2
f 1346//600 1337//600 1336//590 1328//589
f 1330//369 1340//369 1344//369 1331//369
f 1351//369 1341//369 1340//369 1330//369
f 2413//601 1279//601 1280//601 2404//601
f 2273//21 2276//21 1302//21 1296//21
f 2404//602 1280//602 1283//602 2412//602
f 1296//603 1312//556 2288//556 2273//603
f 1297//2 1286//2 1281//2 1298//2
f 1299//2 1289//2 1286//2 1297//2
f 1299//2 1285//2 1296//2 1289//2
f 1296//2 1285//2 1282//2
f 1312//2 1296//2 1282//2 1272//2
f 2259//60 2298//60 1219//60
f 1219//60 2298//60 1218//60
f 1218//60 2298//60 1217//60
f 1217//60 2298//60 1216//60
f 1216//60 2298//60 1215//60
f 1215//60 2298//60 1214//60
f 1214//60 2298//60 1213//60
f 1213//60 2298//60 1212//60
f 1212//60 2298//60 1211//60
f 1211//60 2298//60 1210//60
f 1210//60 2298//60 1209//60
f 1209//60 2298//60 2260//60
f 1083//60 2299//60 2233//60
f 2235//60 2299//60 1095//60
f 1095//60 2299//60 1093//60
f 1093//60 2299//60 1091//60
f 1091//60 2299//60 1089//60
f 1089//60 2299//60 1087//60
f 1087//60 2299//60 1085//60
f 1085//60 2299//60 1083//60
f 727//60 1103//60 1101//60
f 727//60 582//60 1116//60 1118//60
f 804//604 815//604 803//604
f 2238//60 2200//60 3012//60
f 3012//60 2200//60 1104//60
f 1104//60 2200//60 1102//60
f 1102//60 2200//60 1100//60
f 1100//60 2200//60 1099//60
f 1099//60 2200//60 3008//60
f 3008//60 2200//60 1097//60
f 582//60 1114//60 1116//60
f 582//60 1112//60 1114//60
f 1120//60 727//60 1118//60
f 1122//60 727//60 1120//60
f 582//60 1110//60 1112//60
f 582//60 1108//60 1110//60
f 1124//60 727//60 1122//60
f 1126//60 727//60 1124//60
f 2374//60 2241//60 582//60
f 582//60 2241//60 1108//60
f 1128//60 727//60 1126//60
f 2239//60 727//60 1128//60
f 2239//60 2375//60 727//60
f 2420//21 1358//21 1362//21 2417//21
f 2418//605 2419//605 1360//605 1361//605
f 1357//478 1360//478 1362//478 1358//478
f 1357//2 1359//2 1361//2 1360//2
f 2421//12 2418//12 1361//12 1359//12
f 1362//605 1360//605 2419//605 2417//605
f 1039//50 2416//50 2415//50 1042//50
f 1285//532 1299//532 2410//532 2411//532
f 1299//606 1297//606 2409//606 2410//606
f 1282//576 1285//576 2411//576 2408//576
f 1300//607 1279//607 2413//607 2407//607
f 1298//608 1300//608 2407//608 2406//608
f 1297//50 1298//50 2406//50 2409//50
f 1283//324 1272//324 2405//324 2412//324
f 1272//609 1282//609 2408//609 2405//609
f 787//3 2400//3 2397//3 788//3
f 725//266 2401//266 2393//266 724//266
f 833//610 2382//610 2380//277 832//278
f 722//366 2378//366 2414//366 714//366
f 1042//50 2415//50 2353//50 1036//50
f 852//21 2387//21 2352//21 853//21
f 895//21 2358//21 2349//21 896//21
f 898//21 2359//21 2348//21 901//21
f 892//21 2356//21 2347//21 893//21
f 862//21 2344//21 2384//21 863//21
f 853//21 2352//21 2341//21 856//21
f 886//21 2340//21 2351//21 887//21
f 1040//50 2320//50 2416//50 1039//50
f 857//21 2307//21 2321//21 859//21
f 784//611 786//611 2379//611 2305//611
f 542//12 541//12 2304//12 2328//12
f 1096//60 2236//60 2302//60 723//60
f 802//461 803//604 2301//604 2403//460
f 803//604 815//604 2312//604 2301//604
f 751//366 2300//366 2311//366 730//366
f 570//60 542//60 2328//60 2219//60
f 571//36 552//36 570//36
f 552//36 571//36 553//36
f 532//3 536//3 2388//3
f 2388//3 536//3 2392//3
f 579//3 536//3 533//3
f 800//12 583//12 2391//12
f 2391//12 583//12 2395//12
f 1037//425 807//358 802//360
f 807//358 1050//251 816//250
f 1259//527 1215//517 1238//517
f 1215//517 1259//527 1216//526
f 1205//526 1260//527 1204//517
f 1204//517 1260//527 1258//517
f 1352//21 1355//21 2275//21
f 2275//21 1355//21 2274//21
f 2297//21 1343//612 2292//21
f 2292//21 1343//612 1349//563
f 1343//612 2297//21 1344//563
f 1349//613 1351//581 2292//614
f 2292//614 1351//581 2275//580
f 1352//582 1351//581 1356//615
f 727//60 2375//60 3014//60 1105//60
f 3011//60 1098//60 749//60
f 3015//60 3011//60 749//60
f 1564//60 3003//60 1591//60
f 1591//60 1568//60 1592//60
f 3003//60 1564//60 1938//60
f 1568//60 1591//60 3005//60
f 2335//12 2414//12 1555//12 1556//12
f 1410//197 1417//197 1401//197
f 1375//616 1389//617 1366//618 1365//618
f 1381//21 1380//21 1388//21 1384//21
f 1410//197 1414//197 1417//197
f 1379//201 1363//201 1385//201
f 1408//36 1405//36 1407//36 1406//36
f 2309//202 1364//203 1382//60 2304//60
f 1424//36 1425//36 1535//36 1540//36
f 1368//201 1388//201 1380//201
f 1371//204 1370//204 1369//204 1386//204
f 1889//619 1773//619 1774//619
f 1399//620 1392//621 1364//622 1635//623
f 1367//624 1387//624 1385//624 1363//624
f 2327//21 1707//21 1708//21 2310//21
f 1390//197 1414//197 1410//197
f 1505//36 1506//36 1504//36 1507//36
f 1513//36 1517//36 1474//36 1512//36
f 1415//12 1908//12 1643//12
f 1904//21 1750//21 1737//21 1735//21
f 1539//211 1530//211 1522//211 1538//211
f 1402//60 1403//60 1395//60 1406//60
f 1547//21 1546//21 1584//212 1910//212
f 2329//213 2335//213 1556//213 1558//213
f 1620//214 1615//214 2215//214 2201//214
f 1827//3 1739//3 1860//3 1859//3
f 1619//215 1620//215 2201//215 2202//215
f 1417//36 1632//36 1631//36 1416//36
f 2370//216 2338//216 1601//216 1596//216
f 2216//217 2205//217 1603//217 1604//217
f 1881//619 1832//619 1887//619
f 1724//247 1798//247 1799//247 1844//247
f 1922//219 1582//219 1581//220 1921//220
f 1817//21 1816//21 1815//21 1868//21
f 1630//221 1551//221 1549//221 1634//221
f 1605//222 1606//222 2208//222 2209//222
f 2368//223 1594//223 1627//223 2376//223
f 1778//60 1702//60 1836//60 1777//60
f 1651//224 2222//224 2223//224 1665//224
f 1629//3 1550//3 1551//3 1630//3
f 1767//60 1717//60 1841//60 1766//60
f 2334//225 2330//225 1562//225 1561//225
f 2381//226 2314//228 1678//227 1677//226
f 1540//36 1535//36 1537//36 1536//36
f 1591//625 1626//625 1628//625
f 1881//626 1887//626 1888//626 1884//626
f 1668//627 1655//627 1669//627 1670//627
f 1435//36 1524//36 1448//36
f 1611//232 1608//232 2211//232 2212//232
f 1480//36 1492//36 1490//36 1485//36
f 1550//12 1629//12 1916//233 1576//233
f 1889//619 1776//619 1896//619
f 1572//36 1610//36 1608//36
f 2203//234 2204//234 1600//234 1621//234
f 2336//21 1713//21 1714//21 2372//21
f 2390//235 2399//236 1567//236 1573//235
f 1369//12 1419//12 1375//12
f 1914//237 1588//237 1587//238 1913//238
f 1446//36 1421//36 1494//36
f 1716//3 1768//3 1870//3 1715//3
f 1889//626 1880//626 1879//626 1892//626
f 1889//619 1778//619 1895//619
f 1568//628 1552//629 1592//240
f 1823//21 1822//21 1821//21 1850//21
f 2205//242 2206//242 1609//242 1603//242
f 2979//243 2325//243 1560//243 2843//243
f 1608//244 1610//244 2210//244 2211//244
f 1747//619 1749//619 1887//619
f 1912//245 1586//245 1585//246 1911//246
f 1797//218 1865//218 1759//218 1886//218
f 1372//630 2220//249 1656//221
f 1820//3 1703//3 1875//3 1819//3
f 1707//3 1774//3 1874//3 1706//3
f 1658//631 1647//632 1893//633 1892//634
f 1825//423 1877//423 1779//423 1824//423
f 2310//21 1708//21 1710//21 2337//21
f 1610//255 1605//255 2209//255 2210//255
f 2368//12 2302//12 1564//12 1594//12
f 1913//238 1587//238 1586//245 1912//245
f 1639//635 1652//636 1648//637
f 1684//3 1756//3 1906//3 1685//3
f 1765//36 1900//36 1764//36 1869//36
f 1487//36 1486//36 1491//36 1489//36
f 1654//638 1653//639 1661//640
f 1918//262 1578//262 1576//233 1916//233
f 1884//641 1663//642 1878//643
f 1739//3 1740//3 1747//3 1860//3
f 1796//21 1795//21 1794//21 1885//21
f 1394//2 1413//2 1412//2
f 1904//619 1752//619 1887//619
f 1795//3 1727//3 1864//3 1794//3
f 1902//60 1729//60 1845//60 1757//60
f 1557//266 1546//266 1547//266
f 1752//36 1904//36 1751//36 1862//36
f 1574//36 1570//36 1575//36
f 1897//619 1771//619 1890//619
f 1725//3 1761//3 1865//3 1724//3
f 1466//36 1464//36 1438//36 1459//36
f 1648//644 2226//268 2227//268 1639//644
f 1568//60 1941//60 3009//60
f 1646//645 1657//646 1656//647 1659//648
f 2322//273 2308//276 1624//275 1622//274
f 1891//619 1763//619 1890//619
f 1888//626 1887//626 1891//626 1894//626
f 1433//36 1421//36 1446//36
f 2380//277 1674//278 1364//203 2309//202
f 2316//279 1663//279 1678//227 2314//228
f 2350//21 1723//21 1725//21 2363//21
f 1784//36 1783//36 1782//36 1834//36
f 1496//280 1427//280 1462//281 1510//281
f 1415//12 1419//12 1369//12
f 1891//619 1754//619 1755//619
f 2318//45 2219//45 1412//45 1413//45
f 1681//289 1906//289 1682//289 1907//289
f 1737//3 1750//3 1861//3 1736//3
f 1617//36 1616//36 1615//36 1618//36
f 2385//21 2386//21 1717//21 1719//21
f 1479//36 1480//36 1485//36 1481//36
f 2315//3 2343//3 1691//3 1688//3
f 1749//619 1750//619 1887//619
f 1583//36 1590//36 1577//36
f 2317//283 2311//284 1572//284 1612//283
f 1606//285 1607//285 2207//285 2208//285
f 1899//60 1714//60 1840//60 1769//60
f 1826//21 1825//21 1824//21 1849//21
f 1411//60 1412//60 2219//60
f 1886//60 1759//60 1844//60 1799//60
f 1828//286 1741//287 1827//21 1859//21
f 1852//362 1841//362 1715//362 1808//362
f 1904//60 1735//60 1847//60 1751//60
f 2369//232 2345//232 1597//232 1599//232
f 1685//282 1680//282 1679//282 1905//282
f 2300//290 2313//292 1571//291 1593//290
f 1806//60 1766//60 1841//60 1852//60
f 1735//2 1734//2 1733//2 1847//2
f 1805//21 1804//21 1803//21 1853//21
f 1680//3 1685//3 1906//3 1681//3
f 1695//60 1696//60 1782//60 1783//60
f 1482//293 1493//293 1461//293 1490//293
f 1510//294 1462//294 1463//294 1507//294
f 2400//3 2398//3 1547//3 1629//3
f 1900//619 1890//619 1901//619
f 1419//649 1465//650 1453//651 1523//651
f 1901//36 1763//36 1762//36 1867//36
f 1890//619 1771//619 1889//619
f 1419//649 1468//652 1467//653
f 1635//654 1662//654 2228//301 2229//301
f 1751//304 1788//304 1789//304 1862//304
f 1919//216 1579//216 1578//262 1918//262
f 1517//303 1452//303 1453//303 1474//303
f 1822//423 1876//423 1777//423 1821//423
f 3004//60 2237//60 2200//60
f 1798//3 1724//3 1865//3 1797//3
f 2392//3 1420//3 1377//3
f 1553//21 1631//21 1632//21 1559//21
f 1607//36 1563//36 1609//36
f 1374//36 1908//36 1377//36
f 1761//36 1760//36 1759//36 1865//36
f 1510//36 1503//36 1495//36 1496//36
f 1790//302 1856//302 1847//302 1733//302
f 2372//21 1714//21 1716//21 2373//21
f 1692//305 1744//305 1745//305 1693//305
f 1607//46 1609//46 2206//46 2207//46
f 1889//619 1771//619 1773//619
f 1511//36 1459//36 1438//36 1431//36
f 1732//2 1731//2 1730//2 1846//2
f 1911//246 1585//246 1583//306 1909//306
f 1708//2 1707//2 1706//2 1838//2
f 1581//36 1549//36 1580//36
f 2387//21 2303//21 1883//21 1694//21
f 1660//21 1661//21 1672//21 1673//21
f 1887//619 1752//619 1891//619
f 1454//36 1643//36 1455//36
f 2389//307 2390//235 1573//235 1574//307
f 2324//266 1557//266 1547//266 2398//266
f 1889//619 1781//619 1783//619
f 1551//36 1576//36 1549//36
f 1692//21 1691//21 1744//21
f 1404//655 1635//623 1636//656
f 1832//619 1881//619 1692//619
f 1520//36 1471//36 1475//36 1473//36
f 2396//12 2397//12 1630//12 1425//12
f 1891//619 1755//619 1756//619
f 1437//36 1524//36 1523//651 1458//36
f 1887//619 1832//619 1747//619
f 1475//310 1447//310 1448//310 1473//310
f 1600//36 1604//36 1602//36 1599//36
f 1898//619 1897//619 1890//619
f 1387//21 1378//21 1379//21 1385//21
f 1553//657 1559//657 1554//657 1552//657
f 1727//282 1795//282 1796//282 1845//282
f 1369//658 1375//658 1365//658 1386//658
f 1426//36 1429//36 1415//36
f 1902//619 1758//619 1891//619
f 1679//21 1680//21 1681//21 1907//21
f 1389//617 1375//616 1376//659
f 1497//314 1495//315 1494//315 1432//314
f 1419//649 1469//660 1468//652
f 1741//661 1745//662 1743//663 1742//664
f 1410//665 1389//666 1376//667 1390//667
f 1747//36 1832//36 1746//36 1860//36
f 1920//324 1580//324 1579//216 1919//216
f 1659//201 1649//201 1671//201
f 1851//414 1837//414 1703//414 1820//414
f 2345//326 2370//326 1596//326 1597//326
f 2308//276 2326//327 1625//327 1624//275
f 1453//651 1452//36 1523//651
f 1687//36 1688//36 1691//36 1686//36
f 1770//338 1866//338 1812//338 1873//338
f 1461//36 1493//36 1463//36 1462//36
f 1771//36 1897//36 1770//36 1873//36
f 1793//3 1730//3 1863//3 1792//3
f 1590//668 1548//668 1593//668 1571//668
f 1696//2 1695//2 1694//2 1833//2
f 1478//330 1449//330 1456//330 1487//330
f 1616//331 1613//331 2217//331 2214//331
f 1765//21 1719//21 1717//21 1767//21
f 1439//36 1457//36 1642//36
f 1544//36 1541//36 1540//36 1536//36
f 1891//619 1903//619 1754//619
f 2218//332 2203//332 1621//332 1595//332
f 1720//2 1719//2 1718//2 1842//2
f 2367//285 2383//285 1618//285 1598//285
f 1636//669 1635//670 1669//671 1655//669
f 1648//637 1647//632 1666//672
f 2333//242 2317//283 1612//283 1617//242
f 1774//21 1707//21 1705//21 1776//21
f 1420//36 1455//36 1643//36
f 1786//363 1861//363 1748//363 1785//363
f 2313//292 2322//273 1622//274 1571//291
f 1774//36 1773//36 1772//36 1874//36
f 1404//655 1399//620 1635//623
f 1813//328 1814//328 1839//328 1709//328
f 2371//339 2329//213 1558//213 1570//340
f 1842//60 1853//60 1803//60 1764//60
f 1802//21 1801//21 1800//21 1854//21
f 1805//362 1853//362 1842//362 1718//362
f 1597//36 1596//36 1595//36 1621//36
f 1763//21 1761//21 1725//21 1723//21
f 1903//60 1732//60 1846//60 1753//60
f 1656//341 2220//341 2221//341 1650//341
f 1368//673 1372//673 1384//673 1388//673
f 1702//2 1701//2 1700//2 1836//2
f 2376//343 1627//343 1623//343 2339//343
f 1692//619 1881//619 1882//619
f 1391//36 1392//36 1400//36 1409//36
f 2330//344 2371//339 1570//340 1562//344
f 1639//674 2227//21 1368//674
f 1742//2 1743//2 1740//2
f 2346//346 2369//3 1599//3 1602//346
f 1787//21 1786//21 1785//21 1857//21
f 1443//36 1450//36 1477//36 1444//36
f 1471//347 1431//347 1438//347 1472//347
f 1367//348 1378//348 1387//348
f 1631//675 1553//675 1552//629 1568//628
f 1454//350 1455//280 1481//280 1485//350
f 1392//36 1399//36 1400//36
f 1787//3 1736//3 1861//3 1786//3
f 1917//351 1577//351 1582//219 1922//219
f 1605//36 1563//36 1606//36
f 1470//315 1437//315 1458//314 1515//314
f 1595//36 1596//36 1601//36 1619//36
f 1915//36 1923//36 1910//36
f 1909//306 1583//306 1577//351 1917//351
f 1790//21 1789//21 1788//21 1856//21
f 2325//352 2334//352 1561//352 1560//352
f 2338//222 2367//222 1598//222 1601//222
f 2216//60 1604//60 1600//60 2204//60
f 1738//2 1737//2 1736//2 1848//2
f 1542//353 1527//353 1528//353 1541//353
f 1595//48 1619//48 2202//48 2218//48
f 1556//676 1557//677 1565//678 1558//678
f 1723//2 1722//2 1721//2 1843//2
f 1603//36 1609//36 1602//36
f 1630//36 1634//36 1414//36 1418//679
f 1614//3 1611//3 2212//3 2213//3
f 1368//674 2220//249 1372//630
f 1600//36 1599//36 1597//36 1621//36
f 1726//2 1725//2 1724//2 1844//2
f 1649//680 1644//681 1645//682 1671//682
f 1554//361 1633//361 1634//361 1549//361
f 1432//36 1525//36 1524//36
f 1689//36 1690//36 1688//36 1687//36
f 1807//288 1870//288 1766//288 1806//288
f 2396//12 1425//12 1424//12 2395//12
f 1548//36 1587//36 1588//36
f 1559//361 1632//361 1633//361 1554//361
f 1376//12 1418//12 1414//12 1390//12
f 1890//619 1765//619 1767//619
f 1750//619 1904//619 1887//619
f 1876//3 1822//3 1823//3 1700//3
f 1426//350 1427//280 1496//280 1500//350
f 2361//21 2319//21 1690//21 1689//21
f 1857//337 1848//337 1736//337 1787//337
f 1543//364 1526//364 1527//364 1542//364
f 2320//21 2362//21 1686//21 1882//21
f 1891//619 1752//619 1903//619
f 1694//21 1883//21 1784//21
f 1921//220 1581//220 1580//324 1920//324
f 1910//212 1584//212 1589//365 1915//365
f 1915//365 1589//365 1588//237 1914//237
f 1514//36 1470//36 1515//36 1516//36
f 1615//237 1616//237 2214//237 2215//237
f 1370//12 1908//12 1369//12
f 1413//12 1397//12 1423//12
f 1572//366 1593//366 1563//366
f 1561//683 1562//683 1570//683 1560//683
f 1432//36 1524//36 1435//36
f 1646//21 1659//21 1671//21 1645//21
f 2319//238 2315//238 1688//238 1690//238
f 1554//36 1590//36 1591//36 1552//36
f 1494//36 1529//36 1528//36
f 1638//684 1637//685 1378//686 1639//635
f 1894//626 1891//626 1890//626 1893//626
f 1641//687 1640//687 1381//687 1372//688
f 1389//666 1410//665 1638//689 1640//690
f 1418//679 1522//691 1530//36
f 1366//12 1371//12 1386//12 1365//12
f 1590//36 1585//36 1548//36
f 1817//328 1838//328 1706//328 1816//328
f 1514//280 1445//280 1430//376 1520//376
f 1418//377 1376//659 1375//616 1419//377
f 1502//303 1428//303 1466//303 1501//303
f 1665//12 2223//12 2224//12 1667//12
f 1906//36 1756//36 1755//36 1682//36
f 1763//60 1723//60 1843//60 1762//60
f 1474//3 1453//3 1465//3 1512//3
f 1524//36 1437//36 1448//36
f 1377//36 1908//36 1371//36
f 1606//36 1563//36 1607//36
f 1518//330 1464//330 1447//330 1475//330
f 1384//348 1372//348 1381//348
f 1889//619 1896//619 1778//619
f 1598//36 1618//36 1615//36 1620//36
f 1366//692 1389//666 1640//690
f 1652//348 1660//348 1673//348
f 2399//236 2331//379 1569//379 1567//236
f 1409//3 1400//3 1408//3 1396//3
f 2388//380 1373//380 1657//380 2312//380
f 1486//36 1479//36 1481//36 1491//36
f 1901//21 1722//21 1720//21 1900//21
f 1749//21 1747//21 1740//21 1738//21
f 1544//381 1525//381 1526//381 1543//381
f 1635//670 2229//382 2231//382 1669//671
f 1446//36 1460//36 1434//36 1433//36
f 1585//36 1586//36 1548//36
f 1810//3 1712//3 1872//3 1809//3
f 2337//21 1710//21 1711//21 2332//21
f 2373//21 1716//21 1717//21 2386//21
f 1397//36 1403//36 1402//36 1398//36
f 2364//21 1726//21 1728//21 2340//21
f 1791//60 1753//60 1846//60 1855//60
f 2385//21 1719//21 1720//21 2365//21
f 1641//687 1372//688 1656//647
f 1638//684 1639//635 1368//693 1380//694
f 2393//266 1565//266 1557//266 2324//266
f 1619//36 1601//36 1598//36 1620//36
f 1781//21 1698//21 1695//21 1783//21
f 1579//36 1549//36 1578//36
f 1461//36 1462//36 1643//36
f 1513//385 1467//385 1468//385 1519//385
f 2379//386 2339//386 1623//386 1628//386
f 1761//619 1891//619 1760//619
f 1422//3 1531//387 1535//387 1425//3
f 1643//36 1427//36 1426//36 1415//36
f 1758//619 1760//619 1891//619
f 1640//687 1638//684 1380//694 1381//687
f 2326//388 2305//388 1626//388 1625//388
f 1404//45 1402//45 1406//45 1407//45
f 1445//36 1469//660 1415//36
f 1404//655 1636//656 1379//695
f 1531//36 1630//36 1418//679
f 1821//60 1777//60 1836//60 1850//60
f 1480//390 1479//315 1439//315 1436//390
f 1602//36 1609//36 1563//36
f 1778//21 1896//21 1704//21 1702//21
f 1834//391 1833//391 1694//392 1784//392
f 1491//294 1441//294 1442//294 1489//294
f 1635//623 1663//642 1662//696
f 1549//36 1590//36 1554//36
f 2394//394 1575//394 1566//395 2401//395
f 1666//697 1651//697 1665//697 1667//697
f 1670//397 1669//397 2231//397 2230//397
f 2332//21 1711//21 1713//21 2336//21
f 1816//3 1706//3 1874//3 1815//3
f 1502//36 1501//36 1499//36 1498//36
f 1635//623 1678//698 1663//642
f 1808//3 1715//3 1870//3 1807//3
f 1493//36 1477//36 1450//36 1463//36
f 1366//692 1640//690 1641//36 1371//36
f 1722//3 1901//3 1867//3 1721//3
f 1476//399 1477//399 1493//399 1482//399
f 1364//622 1674//699 1635//623
f 1771//21 1710//21 1708//21 1773//21
f 1741//661 1742//664 1739//700 1827//700
f 1398//402 1416//402 1423//402 1397//402
f 1731//3 1754//3 1863//3 1730//3
f 1890//619 1763//619 1901//619
f 1894//701 1653//639 1888//702
f 1788//60 1751//60 1847//60 1856//60
f 1506//330 1443//330 1460//330 1504//330
f 1720//60 1842//60 1764//60 1900//60
f 2377//21 1744//21 1691//21 2343//21
f 1780//619 1889//619 1895//619
f 2321//21 1701//21 1702//21 2342//21
f 1813//3 1709//3 1873//3 1812//3
f 1498//293 1511//293 1429//293 1508//293
f 1790//3 1733//3 1862//3 1789//3
f 1866//60 1770//60 1839//60 1814//60
f 2361//50 1689//50 1687//50 2354//50
f 1424//12 1421//12 1642//12
f 1858//431 1696//431 1833//431 1831//431
f 2384//21 1705//21 1707//21 2327//21
f 1652//636 1673//682 1672//682 1653//639
f 1636//656 1654//638 1363//703
f 1494//36 1421//36 1529//36
f 1734//3 1752//3 1862//3 1733//3
f 1880//619 1784//619 1883//619
f 1802//3 1721//3 1867//3 1801//3
f 1497//314 1432//314 1435//407 1509//407
f 1820//21 1819//21 1818//21 1851//21
f 1371//36 1908//36 1370//36
f 1768//36 1767//36 1766//36 1870//36
f 1549//36 1577//36 1590//36
f 1512//408 1465//408 1467//408 1513//408
f 1756//619 1902//619 1891//619
f 1487//409 1456//409 1457//409 1486//409
f 1613//410 1614//410 2213//410 2217//410
f 1452//36 1451//36 1523//651
f 1742//2 1740//2 1739//2
f 1729//21 1902//21 1756//21 1684//21
f 1567//36 1569//36 2843//36 1560//36
f 1888//702 1654//638 1663//642 1884//641
f 1890//619 1767//619 1768//619
f 1830//411 1831//411 1833//391 1834//391
f 1535//387 1531//387 1532//412 1534//412
f 1769//338 1871//338 1809//338 1872//338
f 1447//36 1464//36 1466//36 1428//36
f 1418//679 1532//36 1531//36
f 1400//324 1399//324 1405//324 1408//324
f 1877//3 1697//3 1698//3 1781//3
f 1456//36 1449//36 1642//36
f 1721//362 1802//362 1854//362 1843//362
f 1885//60 1757//60 1845//60 1796//60
f 1635//623 1677//704 1678//698
f 1567//36 1560//36 1573//36
f 1808//21 1807//21 1806//21 1852//21
f 1662//12 1664//12 1668//12 1670//12
f 1875//325 1775//325 1818//325 1819//325
f 1717//2 1716//2 1715//2 1841//2
f 1572//36 1608//36 1611//36
f 1651//705 1666//672 1658//631
f 1898//36 1899//36 1769//36 1872//36
f 2228//12 1662//12 1670//12 2230//12
f 1639//635 1378//686 1367//706
f 1686//21 1691//21 1692//21 1882//21
f 2365//21 1720//21 1722//21 2366//21
f 1754//36 1903//36 1753//36 1863//36
f 1369//12 1908//12 1415//12
f 1648//637 1652//636 1647//632
f 1898//21 1713//21 1711//21 1897//21
f 2355//21 2351//21 1729//21 1684//21
f 1661//201 1653//201 1672//201
f 1440//36 1442//36 1420//36
f 1509//417 1435//417 1428//417 1502//417
f 1896//36 1776//36 1775//36 1875//36
f 1519//418 1468//418 1469//350 1516//350
f 1363//703 1661//640 1367//706
f 1545//324 1533//324 1530//324 1539//324
f 1419//649 1522//691 1418//679
f 1658//631 1666//672 1647//632
f 1714//2 1713//2 1712//2 1840//2
f 3013//60 3005//60 1591//60
f 1729//2 1728//2 1727//2 1845//2
f 1612//36 1613//36 1616//36 1617//36
f 1441//36 1455//36 1420//36
f 1492//419 1433//419 1434//419 1484//419
f 1801//288 1867//288 1762//288 1800//288
f 1520//36 1473//36 1470//36 1514//36
f 1699//2 1698//2 1697//2 1835//2
f 1396//36 1408//36 1406//36 1395//36
f 1780//60 1699//60 1835//60 1779//60
f 2306//420 2381//420 1677//420 1676//420
f 1662//696 1663//642 1654//638 1664//707
f 1488//60 1440//60 1449//60 1478//60
f 1514//280 1516//350 1469//350 1445//280
f 1793//282 1855//282 1846//282 1730//282
f 1442//36 1441//36 1420//36
f 1653//639 1654//638 1888//702
f 1435//36 1448//36 1447//36 1428//36
f 1693//422 1745//422 1741//287 1828//286
f 1666//12 2225//12 2226//12 1648//12
f 1811//60 1871//60 1769//60 1840//60
f 2383//46 2333//46 1617//46 1618//46
f 2323//21 1731//21 1732//21 2357//21
f 1516//36 1515//36 1521//36 1519//36
f 1908//12 1374//12 1420//12 1643//12
f 1823//254 1850//254 1836//254 1700//254
f 1425//12 1630//12 1422//12
f 2360//21 1683//21 1731//21 2323//21
f 1448//424 1437//315 1470//315 1473//424
f 1799//21 1798//21 1797//21 1886//21
f 1550//36 1576//36 1551//36
f 1558//36 1565//36 1566//36 1570//36
f 1649//680 1892//634 1879//708
f 1538//426 1522//426 1523//427 1537//427
f 1899//619 1898//619 1890//619
f 1903//21 1752//21 1734//21 1732//21
f 1793//21 1792//21 1791//21 1855//21
f 1415//36 1469//660 1419//649
f 1883//428 1879//429 1880//428
f 1494//36 1528//36 1527//36 1432//36
f 1577//36 1549//36 1582//36
f 1454//36 1461//36 1643//36
f 1764//288 1803//288 1804//288 1869//288
f 1826//254 1849//254 1835//254 1697//254
f 1534//36 1545//36 1539//36 1538//36
f 2392//3 2391//3 1642//3 1420//3
f 1523//651 1522//691 1419//649
f 1705//2 1704//2 1703//2 1837//2
f 1505//60 1450//60 1443//60 1506//60
f 1480//390 1436//390 1433//430 1492//430
f 1893//626 1890//626 1889//626 1892//626
f 1824//60 1779//60 1835//60 1849//60
f 1811//21 1810//21 1809//21 1871//21
f 1826//3 1697//3 1877//3 1825//3
f 1519//36 1521//36 1517//36 1513//36
f 1634//36 1633//36 1414//36
f 1830//405 1834//405 1782//405 1829//405
f 1868//60 1772//60 1838//60 1817//60
f 1484//36 1483//36 1476//36 1482//36
f 1761//619 1763//619 1891//619
f 1776//60 1705//60 1837//60 1775//60
f 1755//60 1683//60 1905//60 1682//60
f 2377//21 2348//21 1743//21 1744//21
f 1637//685 1404//655 1379//695 1378//686
f 1858//60 1829//60 1782//60 1696//60
f 1683//21 1755//21 1754//21 1731//21
f 1520//294 1430//294 1431//294 1471//294
f 2366//21 1722//21 1723//21 2350//21
f 2354//60 1687//60 1686//60 2362//60
f 1635//623 1674//699 1675//709
f 1429//36 1430//36 1415//36
f 2349//21 1738//21 1740//21 2359//21
f 2347//21 1735//21 1737//21 2358//21
f 2357//21 1732//21 1734//21 2356//21
f 2363//21 1725//21 1726//21 2364//21
f 2342//21 1702//21 1704//21 2344//21
f 2307//21 2341//21 1698//21 1699//21
f 1449//36 1440//36 1420//36 1642//36
f 1489//433 1442//433 1440//433 1488//433
f 2382//434 2306//434 1676//434 1675//434
f 1483//3 1444//3 1477//3 1476//3
f 1745//662 1744//710 1743//663
f 1649//680 1650//711 1651//705 1658//631
f 1758//36 1902//36 1757//36 1864//36
f 1563//36 1605//36 1572//36
f 1497//36 1509//36 1508//36 1500//36
f 1757//289 1885//289 1794//289 1864//289
f 1457//36 1456//36 1642//36
f 1657//646 1641//687 1656//647
f 1765//619 1890//619 1900//619
f 1418//679 1533//36 1532//36
f 1859//712 1860//712 1746//713 1828//714
f 1810//328 1811//328 1840//328 1712//328
f 1501//3 1466//3 1459//3 1499//3
f 1490//440 1461//440 1454//350 1485//350
f 1379//695 1636//656 1363//703
f 1800//60 1762//60 1843//60 1854//60
f 1818//60 1775//60 1837//60 1851//60
f 1509//36 1502//36 1498//36 1508//36
f 1773//60 1708//60 1838//60 1772//60
f 1432//36 1526//36 1525//36
f 1534//441 1532//441 1533//441 1545//441
f 1875//3 1703//3 1704//3 1896//3
f 1508//440 1429//440 1426//350 1500//350
f 2318//12 1413//12 1423//12 2374//12
f 2394//394 2389//307 1574//307 1575//394
f 1399//12 1404//12 1407//12 1405//12
f 1572//36 1605//36 1610//36
f 1523//651 1451//36 1458//36
f 1472//60 1438//60 1464//60 1518//60
f 1749//60 1738//60 1848//60 1748//60
f 1664//715 1636//715 1655//715 1668//715
f 2378//443 2346//346 1602//346 1563//443
f 1521//444 1451//444 1452//444 1517//444
f 1683//2 1684//2 1685//2 1905//2
f 1504//445 1460//445 1446//445 1503//445
f 1693//716 1828//714 1746//713 1832//717
f 1664//707 1654//638 1636//656
f 1641//36 1377//36 1371//36
f 1529//448 1421//60 1424//60 1540//448
f 1667//449 2224//449 2225//449 1666//449
f 1895//36 1778//36 1777//36 1876//36
f 1805//3 1718//3 1869//3 1804//3
f 1401//718 1398//36 1637//36 1638//689
f 1515//314 1458//314 1451//451 1521//451
f 1401//12 1417//12 1416//12 1398//12
f 1889//619 1774//619 1776//619
f 1758//21 1728//21 1726//21 1760//21
f 1535//36 1534//36 1538//36 1537//36
f 1537//427 1523//427 1524//452 1536//452
f 1499//408 1459//408 1511//408 1498//408
f 1393//60 1392//60 1391//60 1394//60
f 1392//60 1393//60 1382//60 1364//203
f 1659//648 1656//647 1650//711 1649//680
f 1711//2 1710//2 1709//2 1839//2
f 1728//3 1758//3 1864//3 1727//3
f 2402//453 1879//429 1883//428 2303//428
f 1612//36 1611//36 1614//36
f 1467//653 1465//650 1419//649
f 1430//36 1445//36 1415//36
f 1907//60 1682//60 1905//60 1679//60
f 1760//60 1726//60 1844//60 1759//60
f 1785//60 1748//60 1848//60 1857//60
f 1436//36 1421//36 1433//36
f 1897//60 1711//60 1839//60 1770//60
f 1503//454 1446//454 1494//315 1495//315
f 1432//36 1527//36 1526//36
f 1398//36 1402//36 1404//36 1637//36
f 1462//36 1427//36 1643//36
f 2220//249 1368//674 2227//21
f 1416//36 1631//36 1568//36 1423//36
f 1429//36 1511//36 1431//36 1430//36
f 1895//3 1876//3 1700//3 1701//3
f 1580//36 1549//36 1579//36
f 1418//679 1530//36 1533//36
f 1460//36 1443//36 1444//36 1434//36
f 1367//706 1661//640 1660//719 1639//635
f 1484//303 1434//303 1444//303 1483//303
f 1753//289 1791//289 1792//289 1863//289
f 1507//433 1463//433 1450//433 1505//433
f 1507//36 1504//36 1503//36 1510//36
f 1436//36 1439//36 1642//36 1421//36
f 1391//12 1409//12 1396//12 1394//12
f 1814//21 1813//21 1812//21 1866//21
f 1471//36 1472//36 1518//36 1475//36
f 1496//36 1495//36 1497//36 1500//36
f 1541//456 1528//456 1529//448 1540//448
f 1650//12 2221//12 2222//12 1651//12
f 1647//632 1652//636 1894//701 1893//633
f 1784//619 1880//619 1783//619
f 1713//3 1898//3 1872//3 1712//3
f 1750//36 1749//36 1748//36 1861//36
f 1377//687 1641//687 1657//646 1373//687
f 1395//12 1403//12 1397//12 1413//12
f 1457//454 1439//315 1479//315 1486//454
f 1414//36 1633//36 1632//36 1417//36
f 1396//12 1395//12 1413//12 1394//12
f 1719//3 1765//3 1869//3 1718//3
f 1536//452 1524//452 1525//457 1544//457
f 1781//36 1780//36 1779//36 1877//36
f 1815//338 1874//338 1772//338 1868//338
f 1692//720 1693//716 1832//717
f 1831//21 1830//21 1829//21 1858//21
f 1481//280 1455//280 1441//459 1491//459
f 2360//21 2355//21 1684//21 1683//21
f 1543//36 1542//36 1541//36 1544//36
f 1768//21 1716//21 1714//21 1899//21
f 1591//625 1627//625 1564//625
f 1552//36 1591//36 1592//36
f 1622//625 1590//625 1571//625
f 1492//36 1484//36 1482//36 1490//36
f 1590//36 1583//36 1585//36
f 1555//366 1563//366 1593//366
f 1363//703 1654//638 1661//640
f 1624//625 1590//625 1622//625
f 1652//636 1653//639 1894//701
f 1557//36 1548//36 1584//36 1546//36
f 1560//36 1570//36 1574//36 1573//36
f 1639//635 1660//719 1652//636
f 1575//36 1570//36 1566//36
f 1582//36 1549//36 1581//36
f 1548//36 1586//36 1587//36
f 2403//460 1644//461 1879//429 2402//453
f 1603//36 1602//36 1604//36
f 1625//625 1590//625 1624//625
f 1635//623 1676//721 1677//704
f 1635//623 1675//709 1676//721
f 1564//625 1627//625 1594//625
f 1625//625 1626//625 1590//625
f 1591//625 1628//625 1623//625
f 1590//625 1626//625 1591//625
f 1548//36 1589//36 1584//36
f 1612//36 1614//36 1613//36
f 1578//36 1549//36 1576//36
f 1572//36 1611//36 1612//36
f 1591//625 1623//625 1627//625
f 1768//619 1899//619 1890//619
f 1781//619 1889//619 1780//619
f 1889//619 1783//619 1880//619
f 1478//36 1487//36 1489//36 1488//36
f 1422//36 1630//36 1531//36
f 1548//36 1588//36 1589//36
f 1895//21 1701//21 1699//21 1780//21
f 1411//722 1383//722 1382//722 1393//722
f 1873//3 1709//3 1710//3 1771//3
f 1910//36 1923//36 1547//36
f 1547//36 1923//36 1629//36
f 1629//36 1923//36 1916//36
f 1916//36 1923//36 1918//36
f 1918//36 1923//36 1919//36
f 1919//36 1923//36 1920//36
f 1920//36 1923//36 1921//36
f 1921//36 1923//36 1922//36
f 1922//36 1923//36 1917//36
f 1917//36 1923//36 1909//36
f 1909//36 1923//36 1911//36
f 1911//36 1923//36 1912//36
f 1912//36 1923//36 1913//36
f 1913//36 1923//36 1914//36
f 1914//36 1923//36 1915//36
f 1593//723 1548//724 1555//725
f 1555//725 1548//724 1557//677 1556//676
f 2232//726 2233//726 1925//726 1924//726
f 1924//727 1925//727 1927//727 1926//727
f 1926//728 1927//728 1929//728 1928//728
f 1928//729 1929//729 1931//729 1930//729
f 1930//730 1931//730 1933//730 1932//730
f 1932//731 1933//731 1935//731 1934//731
f 1934//732 1935//732 1937//732 1936//732
f 1936//733 1937//733 2235//733 2234//733
f 2316//60 2353//60 1878//60 1663//60
f 1968//526 1979//526 1980//517 1969//517
f 1947//518 1949//512 1950//512 1948//518
f 1974//518 1985//518 1986//516 1975//516
f 1955//36 1957//517 1958//517 1956//36
f 1949//512 1951//513 1952//513 1950//512
f 1971//525 1982//525 1983//513 1972//513
f 2240//3 2244//3 1943//3 1966//3
f 1943//524 1976//524 1977//523 1944//523
f 1959//526 1961//522 1962//522 1960//526
f 1964//3 1944//3 1967//3 1962//3
f 1953//525 1955//36 1956//36 1954//525
f 1958//3 1969//3 1970//3 1956//3
f 1952//3 1972//3 1973//3 1950//3
f 1950//3 1973//3 1974//3 1948//3
f 2241//21 1945//516 1946//516 2242//21
f 1970//36 1981//36 1982//525 1971//525
f 1954//3 1971//3 1972//3 1952//3
f 1946//3 1975//3 2243//3 2242//3
f 1957//517 1959//526 1960//526 1958//517
f 1948//3 1974//3 1975//3 1946//3
f 1973//512 1984//512 1985//518 1974//518
f 1951//513 1953//525 1954//525 1952//513
f 2244//12 2246//12 1976//524 1943//524
f 1961//522 1963//523 1964//523 1962//522
f 1975//516 1986//516 2245//21 2243//21
f 1963//523 1965//524 1966//524 1964//523
f 1966//3 1943//3 1944//3 1964//3
f 1945//516 1947//518 1948//518 1946//516
f 1962//3 1967//3 1968//3 1960//3
f 1972//513 1983//513 1984//512 1973//512
f 1944//523 1977//523 1978//522 1967//522
f 1965//524 2239//12 2240//12 1966//524
f 1967//522 1978//522 1979//526 1968//526
f 1956//3 1970//3 1971//3 1954//3
f 1969//517 1980//517 1981//36 1970//36
f 1960//3 1968//3 1969//3 1958//3
f 1984//60 1995//60 1996//60 1985//60
f 1981//60 1992//60 1993//60 1982//60
f 1977//60 1988//60 1989//60 1978//60
f 1985//60 1996//60 1997//60 1986//60
f 1978//60 1989//60 1990//60 1979//60
f 1986//60 1997//60 2247//60 2245//60
f 2246//60 2248//60 1987//60 1976//60
f 1979//60 1990//60 1991//60 1980//60
f 1983//60 1994//60 1995//60 1984//60
f 1980//60 1991//60 1992//60 1981//60
f 1976//60 1987//60 1988//60 1977//60
f 1982//60 1993//60 1994//60 1983//60
f 1995//512 2006//512 2007//518 1996//518
f 1990//526 2001//526 2002//517 1991//517
f 1988//523 1999//523 2000//522 1989//522
f 1991//517 2002//517 2003//36 1992//36
f 1996//518 2007//518 2008//516 1997//516
f 1992//36 2003//36 2004//525 1993//525
f 1997//516 2008//516 2249//21 2247//21
f 1993//525 2004//525 2005//513 1994//513
f 1989//522 2000//522 2001//526 1990//526
f 2248//12 2250//12 1998//524 1987//524
f 1994//513 2005//513 2006//512 1995//512
f 1987//524 1998//524 1999//523 1988//523
f 1999//3 2010//3 2011//3 2000//3
f 2004//3 2015//3 2016//3 2005//3
f 2007//3 2018//3 2019//3 2008//3
f 2000//3 2011//3 2012//3 2001//3
f 2008//3 2019//3 2251//3 2249//3
f 2001//3 2012//3 2013//3 2002//3
f 2005//3 2016//3 2017//3 2006//3
f 2002//3 2013//3 2014//3 2003//3
f 1998//3 2009//3 2010//3 1999//3
f 2003//3 2014//3 2015//3 2004//3
f 2006//3 2017//3 2018//3 2007//3
f 2250//3 2252//3 2009//3 1998//3
f 2017//734 2025//735 2026//736 2018//737
f 2012//738 2021//739 2063//740 2013//741
f 2010//742 2060//743 2020//744 2011//745
f 2013//741 2063//740 2022//746 2014//747
f 2018//737 2026//736 2027//748 2019//749
f 2014//747 2022//746 2023//750 2015//751
f 2019//749 2027//748 2253//504 2251//503
f 2015//751 2023//750 2024//752 2016//753
f 2011//745 2020//744 2021//739 2012//738
f 2252//507 2254//510 2059//754 2009//755
f 2016//753 2024//752 2025//735 2017//734
f 2009//755 2059//754 2060//743 2010//742
f 2064//756 2082//756 2097//756 2096//756
f 2090//478 2070//478 2072//480 2092//480
f 2023//750 2064//757 2057//758 2024//752
f 2027//748 2062//516 2261//21 2253//504
f 2025//735 2058//512 2061//518 2026//736
f 2024//752 2057//758 2058//512 2025//735
f 2265//21 2262//21 2067//479 2086//479
f 2094//2 2074//2 2075//476 2095//476
f 2088//477 2068//477 2070//478 2090//478
f 2083//759 2031//759 2032//512 2076//512
f 2081//36 2030//760 2082//760
f 2076//512 2032//512 2033//518 2077//518
f 2082//761 2030//761 2031//759 2083//759
f 2077//518 2033//518 2034//516 2078//516
f 2078//516 2034//516 2255//21 2264//21
f 2067//479 2046//479 2047//477 2068//477
f 2066//484 2054//484 2055//483 2069//483
f 2068//477 2047//477 2048//478 2070//478
f 2069//483 2055//483 2056//482 2071//482
f 2070//478 2048//478 2049//480 2072//480
f 2071//482 2056//482 2259//12 2263//12
f 2072//480 2049//480 2050//481 2073//481
f 2073//481 2050//481 2051//2 2074//2
f 2074//2 2051//2 2052//476 2075//476
f 2262//21 2260//21 2046//479 2067//479
f 2053//475 2065//475 2096//762
f 2079//60 2038//60 2039//60 2080//60
f 2029//60 2037//60 2038//60 2079//60
f 2065//475 2053//475 2054//484 2066//484
f 2034//60 2045//60 2257//60 2255//60
f 2033//60 2044//60 2045//60 2034//60
f 2028//60 2036//60 2037//60 2029//60
f 2032//60 2043//60 2044//60 2033//60
f 2084//60 2035//60 2036//60 2028//60
f 2031//60 2042//60 2043//60 2032//60
f 2256//60 2258//60 2035//60 2084//60
f 2030//60 2041//60 2042//60 2031//60
f 2081//60 2040//60 2041//60 2030//60
f 2038//480 2092//480 2093//481 2039//481
f 2039//481 2093//481 2094//2 2040//2
f 2036//477 2088//477 2090//478 2037//478
f 2042//475 2085//475 2087//484 2043//484
f 2060//743 2028//523 2029//522 2020//744
f 2021//739 2079//526 2080//517 2063//740
f 2022//746 2081//36 2082//760 2064//760
f 2086//479 2067//479 2068//477 2088//477
f 2093//481 2073//481 2074//2 2094//2
f 2026//736 2061//518 2062//516 2027//748
f 2022//746 2064//760 2023//750
f 2092//480 2072//480 2073//481 2093//481
f 2095//476 2075//476 2096//762 2097//762
f 2254//510 2256//12 2084//524 2059//754
f 2063//740 2080//517 2081//36 2022//746
f 2020//744 2029//522 2079//526 2021//739
f 2059//754 2084//524 2028//523 2060//743
f 2035//479 2086//479 2088//477 2036//477
f 2043//484 2087//484 2089//483 2044//483
f 2044//483 2089//483 2091//482 2045//482
f 2037//478 2090//478 2092//480 2038//480
f 2040//2 2094//2 2095//476 2041//476
f 2045//482 2091//482 2266//12 2257//12
f 2097//762 2085//475 2042//475
f 2080//60 2039//60 2040//60 2081//60
f 2258//21 2265//21 2086//479 2035//479
f 2089//3 2087//3 2076//3 2077//3
f 2266//3 2091//3 2078//3 2264//3
f 2097//3 2082//3 2083//3 2085//3
f 2071//60 2263//60 2261//60 2062//60
f 2087//3 2085//3 2083//3 2076//3
f 2057//60 2065//60 2066//60 2058//60
f 2058//60 2066//60 2069//60 2061//60
f 2096//60 2065//60 2057//60 2064//60
f 2091//3 2089//3 2077//3 2078//3
f 2069//60 2071//60 2062//60 2061//60
f 2290//12 2271//12 2124//12 2110//12
f 2130//763 2107//764 2113//765 2114//763
f 2137//36 2142//36 2141//36
f 2183//36 2161//36 2155//36
f 2183//36 2156//36 2121//36 2165//36
f 2150//36 2128//36 2183//36
f 2158//531 2155//531 2160//531 2159//531
f 2120//36 2148//36 2147//36
f 2112//36 2110//36 2138//36 2140//36
f 2284//532 2283//532 2144//532 2145//532
f 2107//764 2105//766 2111//767 2113//765
f 2099//12 2100//12 2098//12 2102//12
f 2167//60 2166//60 2165//768
f 2131//769 2297//537 2165//768
f 2192//21 2190//21 2189//21
f 2106//538 2268//538 2290//538 2110//538
f 2111//36 2110//36 2112//36
f 2163//36 2129//36 2132//36
f 2124//539 2271//539 2294//539 2151//539
f 2297//537 2168//60 2167//60
f 2296//12 2295//12 2152//12 2154//12
f 2113//770 2111//770 2112//770 2125//770
f 2162//541 2131//12 2121//12 2156//541
f 2133//21 2126//21 2127//21 2139//21
f 2183//771 2174//772 2098//773
f 2277//60 2297//537 2131//769
f 2124//36 2151//36 2152//36 2138//36
f 2157//545 2158//545 2159//545 2164//545
f 2138//546 2152//546 2295//546 2279//546
f 2124//36 2138//36 2110//36
f 2193//774 2102//775 2098//776
f 2140//550 2138//550 2279//550 2278//550
f 2287//551 2286//551 2147//551 2148//551
f 2116//36 2143//36 2142//36 2137//36
f 2100//777 2101//778 2267//554 2293//553
f 2140//36 2154//36 2153//36 2112//36
f 2108//3 2270//3 2272//3 2130//3
f 2288//556 2287//50 2148//50 2149//556
f 2281//557 2280//558 2141//558 2142//557
f 2128//36 2161//36 2183//36
f 2120//36 2147//36 2146//36 2117//36
f 2146//36 2145//36 2117//36
f 2101//36 2100//36 2099//36 2103//36
f 2283//559 2282//559 2143//559 2144//559
f 2125//779 2114//780 2113//781
f 2181//782 2168//782 2297//21
f 2192//564 2184//564 2185//564 2187//783
f 2120//36 2109//36 2149//36 2148//36
f 2145//36 2144//36 2116//36 2117//36
f 2157//566 2164//566 2162//541 2156//541
f 2286//567 2285//567 2146//567 2147//567
f 2103//568 2099//568 2102//568 2104//568
f 2141//558 2280//558 2291//569 2118//569
f 2191//784 2102//775 2193//774
f 2129//60 2163//571 2161//571 2128//60
f 2158//36 2157//36 2183//36
f 2269//3 2105//3 2107//3 2289//3
f 2285//572 2284//572 2145//572 2146//572
f 2108//785 2130//785 2114//785 2115//785
f 2268//574 2106//574 2105//574 2269//574
f 2154//60 2140//60 2278//60 2296//60
f 2131//769 2132//60 2277//60
f 2293//12 2277//12 2132//12 2129//12
f 2165//768 2121//575 2131//769
f 2144//36 2143//36 2116//36
f 2282//576 2281//576 2142//576 2143//576
f 2125//12 2153//12 2154//12
f 2167//60 2165//768 2297//537
f 2105//766 2106//786 2110//786 2111//767
f 2125//60 2112//60 2153//60
f 2141//36 2118//36 2135//36 2137//36
f 2130//3 2272//3 2289//3 2107//3
f 2150//787 2100//777 2293//553
f 2157//36 2156//36 2183//36
f 2166//36 2167//36 2171//36 2175//36
f 2155//579 2161//571 2163//571 2160//579
f 2183//771 2098//773 2150//787
f 2098//773 2100//777 2150//787
f 2183//36 2155//36 2158//36
f 2182//21 2115//21 2185//21 2184//21
f 2114//780 2125//779 2191//784 2187//780
f 2178//21 2177//21 2176//21 2179//21
f 2275//580 2189//788 2188//789
f 2185//790 2115//790 2114//790 2187//790
f 2169//36 2174//36 2173//36 2172//36
f 2175//584 2171//584 2172//584 2173//584
f 2191//512 2193//512 2189//512 2190//512
f 2123//585 2182//585 2127//585 2126//585
f 2177//586 2181//586 2176//586
f 2125//779 2104//791 2102//775 2191//784
f 2171//12 2170//12 2169//12 2172//12
f 2180//588 2178//588 2179//588
f 2165//792 2166//12 2175//12 2173//793
f 2188//686 2178//686 2180//686 2186//686
f 2169//794 2170//794 2098//773 2174//772
f 2176//795 2181//795 2180//795 2179//795
f 2139//796 2127//796 2182//796 2184//796
f 2167//36 2188//797 2170//798 2171//36
f 2188//797 2193//774 2098//776 2170//798
f 2139//799 2184//799 2192//799
f 2139//597 2192//597 2274//597 2276//597
f 2103//12 2104//12 2151//12 2294//12
f 2101//12 2103//12 2294//12 2267//12
f 2151//12 2104//12 2152//12
f 2104//12 2125//12 2154//12 2152//12
f 2118//21 2291//21 2270//21 2108//21
f 2118//21 2108//21 2115//21 2182//21
f 2123//21 2118//21 2182//21
f 2191//800 2190//801 2187//783
f 2190//801 2192//564 2187//783
f 2150//12 2293//12 2129//12
f 2128//12 2150//12 2129//12
f 2160//36 2163//36 2132//36
f 2159//36 2160//36 2132//36
f 2164//36 2159//36 2132//36
f 2162//36 2164//36 2132//36
f 2131//36 2162//36 2132//36
f 2183//802 2165//792 2173//793 2174//802
f 2167//686 2168//686 2181//686 2177//686
f 2188//686 2167//686 2177//686 2178//686
f 2413//601 2404//601 2117//601 2116//601
f 2273//21 2133//21 2139//21 2276//21
f 2404//602 2412//602 2120//602 2117//602
f 2133//603 2273//603 2288//556 2149//556
f 2134//36 2135//36 2118//36 2123//36
f 2136//36 2134//36 2123//36 2126//36
f 2136//36 2126//36 2133//36 2122//36
f 2133//36 2119//36 2122//36
f 2149//36 2109//36 2119//36 2133//36
f 2259//60 2056//60 2298//60
f 2056//60 2055//60 2298//60
f 2055//60 2054//60 2298//60
f 2054//60 2053//60 2298//60
f 2053//60 2052//60 2298//60
f 2052//60 2051//60 2298//60
f 2051//60 2050//60 2298//60
f 2050//60 2049//60 2298//60
f 2049//60 2048//60 2298//60
f 2048//60 2047//60 2298//60
f 2047//60 2046//60 2298//60
f 2046//60 2260//60 2298//60
f 1925//60 2233//60 2299//60
f 2235//60 1937//60 2299//60
f 1937//60 1935//60 2299//60
f 1935//60 1933//60 2299//60
f 1933//60 1931//60 2299//60
f 1931//60 1929//60 2299//60
f 1929//60 1927//60 2299//60
f 1927//60 1925//60 2299//60
f 1568//60 3005//60 1941//60
f 1568//60 1955//60 1953//60 1423//60
f 1646//604 1645//604 1657//604
f 2238//60 1942//60 2200//60
f 1942//60 3007//60 2200//60
f 3007//60 3006//60 2200//60
f 3006//60 3016//60 2200//60
f 3016//60 1940//60 2200//60
f 1940//60 1939//60 2200//60
f 1939//60 3004//60 2200//60
f 1423//60 1953//60 1951//60
f 1423//60 1951//60 1949//60
f 1957//60 1955//60 1568//60
f 1959//60 1957//60 1568//60
f 1423//60 1949//60 1947//60
f 1423//60 1947//60 1945//60
f 1961//60 1959//60 1568//60
f 1963//60 1961//60 1568//60
f 2374//60 1423//60 2241//60
f 1423//60 1945//60 2241//60
f 1965//60 1963//60 1568//60
f 2239//60 1965//60 1568//60
f 2239//60 1568//60 2375//60
f 2420//21 2417//21 2199//21 2195//21
f 2418//605 2198//605 2197//605 2419//605
f 2194//512 2195//512 2199//512 2197//512
f 2194//36 2197//36 2198//36 2196//36
f 2421//12 2196//12 2198//12 2418//12
f 2199//605 2417//605 2419//605 2197//605
f 1881//50 1884//50 2415//50 2416//50
f 2122//532 2411//532 2410//532 2136//532
f 2136//606 2410//606 2409//606 2134//606
f 2119//576 2408//576 2411//576 2122//576
f 2137//607 2407//607 2413//607 2116//607
f 2135//608 2406//608 2407//608 2137//608
f 2134//50 2409//50 2406//50 2135//50
f 2120//324 2412//324 2405//324 2109//324
f 2109//609 2405//609 2408//609 2119//609
f 1629//3 1630//3 2397//3 2400//3
f 1566//266 1565//266 2393//266 2401//266
f 1675//610 1674//278 2380//277 2382//610
f 1563//366 1555//366 2414//366 2378//366
f 1884//50 1878//50 2353//50 2415//50
f 1694//21 1695//21 2352//21 2387//21
f 1737//21 1738//21 2349//21 2358//21
f 1740//21 1743//21 2348//21 2359//21
f 1734//21 1735//21 2347//21 2356//21
f 1704//21 1705//21 2384//21 2344//21
f 1695//21 1698//21 2341//21 2352//21
f 1728//21 1729//21 2351//21 2340//21
f 1882//50 1881//50 2416//50 2320//50
f 1699//21 1701//21 2321//21 2307//21
f 1626//611 2305//611 2379//611 1628//611
f 1383//12 2328//12 2304//12 1382//12
f 1938//60 1564//60 2302//60 2236//60
f 1644//461 2403//460 2301//604 1645//604
f 1645//604 2301//604 2312//604 1657//604
f 1593//366 1572//366 2311//366 2300//366
f 1411//60 2219//60 2328//60 1383//60
f 1412//2 1411//2 1393//2
f 1393//2 1394//2 1412//2
f 1373//3 2388//3 1377//3
f 2388//3 2392//3 1377//3
f 1420//3 1374//3 1377//3
f 1642//12 2391//12 1424//12
f 2391//12 2395//12 1424//12
f 1879//708 1644//681 1649//680
f 1649//680 1658//631 1892//634
f 2096//762 2075//476 2052//476
f 2052//476 2053//475 2096//762
f 2042//475 2041//476 2097//762
f 2041//476 2095//476 2097//762
f 2189//21 2275//21 2192//21
f 2275//21 2274//21 2192//21
f 2297//21 2292//21 2180//803
f 2292//21 2186//782 2180//803
f 2180//803 2181//782 2297//21
f 2186//804 2292//614 2188//789
f 2292//614 2275//580 2188//789
f 2189//788 2193//805 2188//789
f 1568//60 3009//60 3014//60 2375//60
f 3010//60 1591//60 3003//60
f 3013//60 1591//60 3010//60
f 569//321 796//378 560//450
f 1410//665 1401//718 1638//689
f 2933//806 2427//806 2426//806 2937//806
f 2425//2 2429//2 2428//2
f 2436//807 2428//807 2429//807 2430//807
f 2433//808 2930//808 2935//808 2434//808
f 2428//809 2426//809 2427//809 2425//809
f 2440//810 2928//810 2934//810 2436//810
f 2432//811 2434//811 2422//811
f 2438//812 2938//812 2928//812 2440//812
f 2437//21 2425//21 2427//21
f 2439//813 2929//813 2938//813 2438//813
f 2927//21 2437//21 2427//21 2933//21
f 2429//814 2431//814 2430//814
f 2434//815 2935//815 2932//815 2422//815
f 2422//816 2932//816 2936//816 2432//816
f 2438//2 2440//2 2436//2
f 2439//2 2430//2 2431//2
f 2929//816 2439//816 2431//816 2931//816
f 2423//808 2433//808 2434//808
f 2424//808 2435//808 2433//808 2423//808
f 2438//2 2430//2 2439//2
f 2436//2 2430//2 2438//2
f 2436//807 2426//807 2428//807
f 2934//807 2937//807 2426//807 2436//807
f 2432//814 2431//814 2429//814
f 2936//814 2931//814 2431//814 2432//814
f 2429//811 2423//811 2434//811 2432//811
f 2441//2 2433//2 2435//2 2442//2
f 2939//816 2930//816 2433//816 2441//816
f 2442//817 2437//817 2927//817 2940//817
f 2442//2 2435//2 2437//2
f 2448//818 2452//818 2458//819 2447//819
f 2458//819 2457//820 2446//820 2447//819
f 2451//821 2452//818 2448//818 2449//821
f 2451//821 2449//821 2444//822 2456//822
f 2454//823 2455//824 2443//824 2445//823
f 2454//823 2445//823 2450//825 2453//825
f 2446//820 2457//820 2453//825 2450//825
f 2450//21 2448//21 2447//21 2446//21
f 2941//21 2942//21 2444//21 2443//21
f 2443//21 2444//21 2449//21 2445//21
f 2445//21 2449//21 2448//21 2450//21
f 2452//12 2453//12 2457//12 2458//12
f 2943//12 2944//12 2455//12 2456//12
f 2456//12 2455//12 2454//12 2451//12
f 2451//12 2454//12 2453//12 2452//12
f 2999//826 2994//827 2482//827 2481//826
f 3002//828 2985//828 2486//828 2506//828
f 2998//829 2477//829 2476//830 2995//830
f 2977//831 2950//832 2479//832 2478//831
f 2946//833 2459//833 2469//834 2992//834
f 2495//835 2492//836 2496//837
f 2490//838 2505//839 2509//840 2498//840
f 2476//2 2598//2 2459//2
f 2950//832 3000//841 2480//841 2479//832
f 2996//842 2484//842 2483//843 2982//843
f 2998//829 2977//831 2478//831 2477//829
f 2592//844 2594//845 2471//845 2470//844
f 2593//846 2473//846 2472//2 2597//2
f 2594//847 2597//2 2472//2 2471//847
f 2468//848 2467//848 2475//849 2600//850
f 2599//851 2600//850 2475//849 2474//852
f 2995//830 2476//830 2459//853 2946//853
f 3000//841 2999//826 2481//826 2480//841
f 2956//12 2975//12 2596//12 2595//12
f 2955//854 2547//854 2568//855 2970//855
f 2464//856 2462//2 2463//2
f 2461//2 2462//2 2464//856
f 2461//2 2483//2 2484//2
f 2502//857 2494//858 2493//859 2490//838
f 2976//860 2485//860 2484//861 2996//861
f 2504//862 2489//862 2507//863 2502//864
f 2480//2 2460//2 2479//2
f 2505//865 2495//835 2496//837
f 2508//866 2495//835 2505//865
f 2461//2 2485//2 2462//2
f 2461//2 2481//2 2482//2
f 2598//2 2477//2 2460//2
f 2497//867 2510//868 2499//868 2496//837
f 2512//869 2511//870 2503//871
f 2493//859 2501//872 2490//838
f 2497//873 2487//874 2601//875
f 2505//865 2501//876 2508//866
f 2491//877 2487//874 2497//873
f 2490//838 2501//872 2505//839
f 2506//878 2512//869 2503//871 2463//879
f 2490//838 2498//880 2504//880 2502//857
f 2496//837 2499//881 2509//881 2505//865
f 2465//2 2489//2 2467//2 2468//2
f 2479//2 2460//2 2478//2
f 2601//875 2512//869 2506//878 2486//882
f 2478//2 2460//2 2477//2
f 2985//883 2984//883 2510//883 2486//883
f 2527//884 2529//885 2519//886 2528//887
f 2970//855 2568//855 2545//888 2953//888
f 2534//889 2533//890 2536//891
f 2466//892 2531//892 2530//892 2517//892
f 2519//893 2530//893 2525//894 2528//895
f 2538//896 2536//896 2533//896 2532//896
f 2535//897 2519//886 2529//885
f 2524//898 2513//899 2516//900
f 2537//2 2514//2 2536//2 2538//2
f 2981//901 2331//379 2523//379 2516//901
f 2525//902 2530//902 2531//902 2526//902
f 2525//894 2520//903 2518//903 2528//895
f 2520//904 2525//904 2526//904 2521//904
f 2532//905 2540//905 2537//905 2538//905
f 2527//906 2528//906 2518//906 2513//906
f 2530//907 2519//907 2535//907 2517//907
f 2539//908 2529//885 2527//884
f 2990//909 2959//909 2520//909 2521//909
f 2515//910 2514//910 2537//910 2540//910
f 2539//908 2527//884 2513//899 2524//898
f 2580//911 2575//912 2545//913 2565//914
f 2546//915 2579//916 2576//917 2572//918
f 2557//919 2586//920 2569//921 2554//922
f 2563//923 2566//924 2573//925 2544//926
f 2552//927 2574//928 2590//929 2559//930
f 2958//931 2990//931 2521//931 2465//931
f 2565//914 2545//913 2568//932 2570//933
f 2983//934 2564//934 2547//934 2955//934
f 2583//935 2587//936 2557//919 2554//922
f 2556//937 2588//938 2570//933 2578//939
f 2562//940 2590//929 2574//928 2551//941
f 2954//942 2543//942 2563//942 2961//942
f 2581//943 2553//944 2560//944 2588//945
f 2582//946 2549//947 2561//948 2585//949
f 2570//933 2568//932 2547//950 2578//939
f 2960//951 2544//952 2564//953 2983//953
f 2461//2 2482//2 2483//2
f 2580//911 2586//954 2557//955 2579//916
f 2576//917 2567//956 2548//957 2572//918
f 2552//927 2559//930 2587//936 2583//935
f 2555//958 2562//940 2522//959
f 2461//2 2484//2 2485//2
f 2556//960 2550//961 2581//943 2588//945
f 2579//916 2546//915 2575//912 2580//911
f 2564//962 2544//926 2573//925 2571//963
f 2571//963 2573//925 2561//964 2589//965
f 2585//949 2558//966 2542//966 2582//946
f 2559//967 2567//956 2576//917 2587//968
f 2549//947 2584//969 2589//970 2561//948
f 2577//971 2548//957 2567//956
f 2564//962 2571//963 2578//939 2547//950
f 2477//2 2598//2 2476//2
f 2522//959 2562//940 2551//941
f 2556//960 2589//970 2584//969 2550//961
f 2562//940 2555//958 2577//971 2590//972
f 2566//924 2563//923 2543//973 2541//974
f 2580//911 2565//914 2560//975 2586//954
f 2566//924 2585//976 2561//964 2573//925
f 2553//944 2569//921 2586//920 2560//944
f 2481//2 2461//2 2480//2
f 2577//971 2567//956 2559//967 2590//972
f 2570//933 2588//938 2560//975 2565//914
f 2556//937 2578//939 2571//963 2589//965
f 2566//924 2541//974 2558//977 2585//976
f 2587//968 2576//917 2579//916 2557//955
f 2599//978 3001//978 2600//978
f 2515//2 2524//2 2516//2
f 2459//2 2598//2 2595//2
f 2593//979 2599//851 2474//852 2473//979
f 2480//2 2461//2 2460//2
f 2470//844 2469//980 2596//980 2592//844
f 2469//980 2459//981 2595//981 2596//980
f 2515//243 2591//243 2514//982
f 2465//931 2531//931 2466//931
f 2465//931 2526//931 2531//931
f 2521//931 2526//931 2465//931
f 2465//2 2507//2 2489//2
f 2497//873 2601//875 2486//983 2510//983
f 2601//875 2488//984 2512//869
f 2500//985 2488//984 2601//875
f 2512//869 2488//984 2511//870
f 2487//874 2500//985 2601//875
f 2491//986 2497//867 2496//837 2492//836
f 2494//987 2502//864 2507//863
f 2466//988 2493//2 2494//2 2465//2
f 2494//2 2507//2 2465//2
f 2466//988 2501//2 2493//2
f 2466//988 2508//2 2501//2
f 2466//988 2495//989 2508//2
f 2464//856 2463//2 2503//2
f 2535//2 2574//2 2517//990
f 2517//990 2550//991 2466//988
f 2466//988 2549//992 2495//989
f 2550//991 2584//993 2466//988
f 2495//989 2549//992 2492//994
f 2584//993 2549//992 2466//988
f 2492//994 2549//992 2491//995
f 2491//995 2582//996 2487//997
f 2511//998 2464//856 2503//2
f 2464//856 2511//998 2542//999
f 2542//999 2487//997 2582//996
f 2488//1000 2500//1001 2542//999
f 2542//999 2511//998 2488//1000
f 2582//996 2491//995 2549//992
f 2500//1001 2487//997 2542//999
f 2581//2 2517//990 2553//2
f 2553//2 2517//990 2569//2
f 2550//991 2517//990 2581//2
f 2569//2 2517//990 2554//2
f 2554//2 2517//990 2583//2
f 2583//2 2517//990 2552//2
f 2552//2 2517//990 2574//2
f 2574//2 2532//2 2551//2
f 2551//2 2532//2 2522//2
f 2522//2 2532//2 2534//2
f 2534//2 2532//2 2533//2
f 2532//2 2529//2 2540//2
f 2540//2 2529//2 2539//2
f 2574//2 2535//2 2532//2
f 2532//2 2535//2 2529//2
f 2539//2 2524//2 2540//2
f 2540//2 2524//2 2515//2
f 2515//2 2516//2 2591//2
f 2591//2 2516//2 2523//2
f 2658//1002 2654//1003 2642//1004 2656//1005
f 2632//813 2636//813 2646//813 2623//813
f 2602//2 2618//2 2631//2
f 2606//2 2603//2 2607//2
f 2611//1006 2624//1007 2622//1007 2623//1008
f 2610//2 2606//2 2624//2
f 2628//1009 2639//1009 2647//1009 2650//1009
f 2634//1010 2635//1010 2633//1010 2631//1010
f 2614//1011 2607//1011 2619//1011 2616//1011
f 2608//2 2609//2 2610//2
f 2667//1012 2670//1013 2657//1014 2655//1015
f 2616//1016 2619//1016 2651//1017 2645//1018
f 2660//1019 2659//1020 2620//1021
f 2645//1022 2674//1023 2663//1024 2643//1025
f 2665//1026 2656//1027 2632//1028
f 2659//1020 2652//1029 2620//1021
f 2607//1030 2603//1030 2615//1030 2619//1030
f 2652//1031 2659//1032 2671//1033 2644//1034
f 2661//1035 2660//1019 2629//1036
f 2610//2 2611//2 2612//2
f 2639//1037 2637//1037 2648//1037 2647//1037
f 2643//1025 2622//1038 2616//1038 2645//1022
f 2611//2 2613//2 2612//2
f 2602//2 2631//2 2633//2
f 2637//1039 2629//1039 2620//1039 2648//1039
f 2612//2 2608//2 2610//2
f 2632//36 2638//36 2636//36
f 2627//1040 2626//1040 2635//1040 2634//1040
f 2659//1032 2660//1041 2669//1042 2671//1033
f 2607//2 2614//2 2624//2
f 2651//1017 2668//1043 2674//1044 2645//1018
f 2618//2 2604//2 2631//2
f 2665//1045 2673//1046 2658//1002 2656//1005
f 2653//1047 2618//1048 2602//1048 2640//1049
f 2620//1021 2629//1036 2660//1019
f 2633//2 2605//2 2617//2
f 2629//1036 2641//1050 2662//1051
f 2624//2 2611//2 2610//2
f 2625//12 2632//1028 2633//12
f 2648//1052 2620//1053 2610//1054 2609//1052
f 2669//1055 2670//1013 2667//1012 2666//1056
f 2642//1057 2605//1058 2632//1028
f 2605//1058 2633//12 2632//1028
f 2609//1059 2608//1059 2647//1059 2648//1059
f 2633//2 2617//2 2602//2
f 2652//1029 2621//1060 2620//1021
f 2624//2 2606//2 2607//2
f 2636//1061 2638//1061 2649//1061 2646//1061
f 2670//1062 2661//1063 2662//1064 2657//1065
f 2638//1066 2628//1066 2650//1066 2649//1066
f 2604//1067 2629//1036 2631//21
f 2627//1068 2630//1068 2625//1068 2626//1068
f 2626//12 2625//12 2635//12
f 2656//1027 2642//1057 2632//1028
f 2662//1064 2641//1069 2653//1070 2657//1065
f 2632//1028 2623//1071 2664//1072
f 2664//1072 2665//1026 2632//1028
f 2634//21 2631//21 2630//21
f 2644//1073 2671//1074 2668//1075 2651//1076
f 2629//1036 2630//21 2631//21
f 2655//1077 2658//1078 2673//1079 2667//1080
f 2650//1081 2612//1082 2649//1083
f 2612//1084 2613//1084 2646//1084 2649//1084
f 2615//1085 2621//1085 2652//1031 2644//1034
f 2635//12 2625//12 2633//12
f 2623//1071 2663//1086 2664//1072
f 2647//1087 2608//1088 2650//1081
f 2608//1088 2612//1082 2650//1081
f 2629//1036 2604//1067 2641//1050
f 2623//1071 2643//1089 2663//1086
f 2674//1023 2672//1090 2664//1091 2663//1024
f 2603//1092 2606//1092 2621//1092 2615//1092
f 2623//1071 2622//1093 2643//1089
f 2629//1036 2662//1051 2661//1035
f 2623//1008 2646//1094 2613//1094 2611//1006
f 2672//1090 2673//1046 2665//1045 2664//1091
f 2606//1095 2610//1054 2620//1053 2621//1095
f 2671//1074 2669//1055 2666//1056 2668//1075
f 2672//1096 2666//1097 2667//1080 2673//1079
f 2655//1077 2640//1098 2654//1099 2658//1078
f 2640//1098 2602//1100 2617//1100 2654//1099
f 2651//1076 2619//1101 2615//1101 2644//1073
f 2614//1102 2616//1102 2622//1102 2624//1102
f 2630//21 2627//21 2634//21
f 2657//1014 2653//1047 2640//1049 2655//1015
f 2661//1063 2670//1062 2669//1042 2660//1041
f 2654//1003 2617//1103 2605//1103 2642//1004
f 2641//1069 2604//1104 2618//1104 2653//1070
f 2674//1044 2668//1043 2666//1097 2672//1096
f 2638//36 2632//36 2628//36
f 2628//36 2629//36 2639//36
f 2632//36 2629//36 2628//36
f 2639//36 2629//36 2637//36
f 2629//36 2625//36 2630//36
f 2625//36 2629//36 2632//36
f 2504//1105 2997//1105 2988//1106 2489//1107
f 2499//1108 2987//1108 2986//1108 2509//1108
f 2499//1109 2510//1109 2984//1109 2987//1109
f 2482//827 2994//827 2982//843 2483//843
f 2548//1110 2577//1111 2978//1112 2991//1113
f 2978//1112 2577//1111 2555//1114 2980//1115
f 2596//12 2975//12 2989//12 2592//12
f 2498//1116 2509//1116 2986//1116 2974//1116
f 2498//1117 2974//1117 2997//1117 2504//1117
f 2514//982 2591//243 2979//243 2973//1118
f 2548//1110 2991//1113 2971//1119 2572//1120
f 2513//1121 2518//1121 2993//1121 2969//1121
f 2516//1122 2513//1122 2969//1122 2981//1122
f 2514//982 2973//1118 2967//1123 2536//891
f 2597//12 2972//12 2966//12 2593//12
f 2534//889 2536//891 2967//1123 2965//889
f 2572//1120 2971//1119 2964//1124 2546//1125
f 2592//12 2989//12 2963//12 2594//12
f 2594//12 2963//12 2972//12 2597//12
f 2575//1126 2546//1125 2964//1124 2962//1127
f 2563//1128 2544//952 2960//951 2961//1128
f 2520//1129 2959//1129 2993//1129 2518//1129
f 2468//12 3001//12 2958//12 2465//12
f 2593//12 2966//12 2957//12 2599//12
f 2598//12 2968//12 2956//12 2595//12
f 2575//1126 2962//1127 2953//888 2545//888
f 2555//1114 2522//1130 2952//1130 2980//1115
f 2534//889 2965//889 2952//1131 2522//1131
f 2506//1132 2463//1132 2951//1132 3002//1132
f 2485//860 2976//860 2949//1133 2462//1133
f 2462//1134 2949//1134 2951//1134 2463//1134
f 2471//221 2472//221 2947//221 2948//221
f 2474//221 2988//1106 2473//221
f 2469//834 2470//221 2945//221 2992//834
f 2470//221 2471//221 2948//221 2945//221
f 2456//822 2444//822 2942//60 2943//60
f 2443//824 2455//824 2944//3 2941//3
f 2429//2 2425//2 2423//2
f 2423//2 2425//2 2424//2
f 2425//21 2435//21 2424//21
f 2435//21 2425//21 2437//21
f 3001//978 2599//978 2957//978
f 2600//978 3001//978 2468//978
f 2473//221 2947//221 2472//221
f 2947//221 2473//221 2988//1106
f 2988//1106 2475//221 2489//1107
f 2474//221 2475//221 2988//1106
f 2489//1107 2475//221 2467//221
f 2933//806 2937//806 2679//806 2680//806
f 2678//36 2681//36 2682//36
f 2689//807 2683//807 2682//807 2681//807
f 2686//808 2687//808 2935//808 2930//808
f 2681//1135 2678//1135 2680//1135 2679//1135
f 2693//810 2689//810 2934//810 2928//810
f 2685//1136 2675//1136 2687//1136
f 2691//812 2693//812 2928//812 2938//812
f 2690//21 2680//21 2678//21
f 2692//813 2691//813 2938//813 2929//813
f 2927//21 2933//21 2680//21 2690//21
f 2682//814 2683//814 2684//814
f 2687//815 2675//815 2932//815 2935//815
f 2675//816 2685//816 2936//816 2932//816
f 2691//36 2689//36 2693//36
f 2692//36 2684//36 2683//36
f 2929//816 2931//816 2684//816 2692//816
f 2676//808 2687//808 2686//808
f 2677//808 2676//808 2686//808 2688//808
f 2691//36 2692//36 2683//36
f 2689//36 2691//36 2683//36
f 2689//807 2681//807 2679//807
f 2934//807 2689//807 2679//807 2937//807
f 2685//814 2682//814 2684//814
f 2936//814 2685//814 2684//814 2931//814
f 2682//1136 2685//1136 2687//1136 2676//1136
f 2694//36 2695//36 2688//36 2686//36
f 2939//816 2694//816 2686//816 2930//816
f 2695//817 2940//817 2927//817 2690//817
f 2695//36 2690//36 2688//36
f 2701//1137 2700//1138 2711//1138 2705//1137
f 2711//1138 2700//1138 2699//1139 2710//1139
f 2704//1140 2702//1140 2701//1137 2705//1137
f 2704//1140 2709//1141 2697//1141 2702//1140
f 2707//1142 2698//1142 2696//1143 2708//1143
f 2707//1142 2706//1144 2703//1144 2698//1142
f 2699//1139 2703//1144 2706//1144 2710//1139
f 2703//21 2699//21 2700//21 2701//21
f 2941//21 2696//21 2697//21 2942//21
f 2696//21 2698//21 2702//21 2697//21
f 2698//21 2703//21 2701//21 2702//21
f 2705//12 2711//12 2710//12 2706//12
f 2943//12 2709//12 2708//12 2944//12
f 2709//12 2704//12 2707//12 2708//12
f 2704//12 2705//12 2706//12 2707//12
f 2999//826 2734//826 2735//827 2994//827
f 3002//828 2759//828 2739//828 2985//828
f 2998//829 2995//830 2729//830 2730//829
f 2977//831 2731//831 2732//832 2950//832
f 2946//833 2992//834 2722//834 2712//833
f 2748//1145 2749//1146 2745//1147
f 2743//1148 2751//1149 2762//1149 2758//1150
f 2729//36 2712//36 2850//36
f 2950//832 2732//832 2733//841 3000//841
f 2996//842 2982//843 2736//843 2737//842
f 2998//829 2730//829 2731//831 2977//831
f 2844//1151 2723//1151 2724//1152 2846//1152
f 2845//1153 2849//36 2725//36 2726//1153
f 2846//1154 2724//1154 2725//36 2849//36
f 2721//1155 2852//1156 2728//1157 2720//1155
f 2851//1158 2727//1159 2728//1157 2852//1156
f 2995//830 2946//853 2712//853 2729//830
f 3000//841 2733//841 2734//826 2999//826
f 2956//12 2847//12 2848//12 2975//12
f 2955//854 2970//855 2820//855 2799//854
f 2717//1160 2716//36 2715//36
f 2714//36 2717//1160 2715//36
f 2714//36 2737//36 2736//36
f 2755//1161 2743//1148 2746//1162 2747//1163
f 2976//860 2996//861 2737//861 2738//860
f 2757//1164 2755//1165 2760//1166 2742//1164
f 2733//36 2732//36 2713//36
f 2758//1167 2749//1146 2748//1145
f 2761//1168 2758//1167 2748//1145
f 2714//36 2715//36 2738//36
f 2714//36 2735//36 2734//36
f 2850//36 2713//36 2730//36
f 2750//1169 2749//1146 2752//1170 2763//1170
f 2765//1171 2756//1172 2764//1173
f 2746//1162 2743//1148 2754//1174
f 2750//1175 2853//1176 2740//1177
f 2758//1167 2761//1168 2754//1178
f 2744//1179 2750//1175 2740//1177
f 2743//1148 2758//1150 2754//1174
f 2759//1180 2716//1181 2756//1172 2765//1171
f 2743//1148 2755//1161 2757//1182 2751//1182
f 2749//1146 2758//1167 2762//1183 2752//1183
f 2718//36 2721//36 2720//36 2742//36
f 2732//36 2731//36 2713//36
f 2853//1176 2739//1184 2759//1180 2765//1171
f 2731//36 2730//36 2713//36
f 2985//883 2739//883 2763//883 2984//883
f 2779//1185 2780//1186 2772//1187 2781//1188
f 2970//855 2953//888 2797//888 2820//855
f 2786//889 2788//891 2785//890
f 2719//1189 2770//1189 2782//1189 2783//1189
f 2772//1190 2780//1191 2777//1192 2782//1190
f 2790//896 2784//896 2785//896 2788//896
f 2787//1193 2781//1188 2772//1187
f 2776//1194 2769//1195 2766//1196
f 2789//36 2790//36 2788//36 2767//36
f 2981//901 2769//901 1569//379 2331//379
f 2777//1197 2778//1197 2783//1197 2782//1197
f 2777//1192 2780//1191 2771//1198 2773//1198
f 2773//1199 2774//1199 2778//1199 2777//1199
f 2784//905 2790//905 2789//905 2792//905
f 2779//1200 2766//1200 2771//1200 2780//1200
f 2782//1201 2770//1201 2787//1201 2772//1201
f 2791//1202 2779//1185 2781//1188
f 2990//909 2774//909 2773//909 2959//909
f 2768//910 2792//910 2789//910 2767//910
f 2791//1202 2776//1194 2766//1196 2779//1185
f 2832//1203 2817//1204 2797//1205 2827//1206
f 2798//1207 2824//1208 2828//1209 2831//1210
f 2809//1211 2806//1212 2821//1213 2838//1214
f 2815//1215 2796//1216 2825//1217 2818//1218
f 2804//1219 2811//1220 2842//1221 2826//1222
f 2958//931 2718//931 2774//931 2990//931
f 2817//1204 2822//1223 2820//1224 2797//1205
f 2983//934 2955//934 2799//934 2816//934
f 2835//1225 2806//1212 2809//1211 2839//1226
f 2808//1227 2830//1228 2822//1223 2840//1229
f 2814//1230 2803//1231 2826//1222 2842//1221
f 2954//942 2961//942 2815//942 2795//942
f 2833//1232 2840//1233 2812//1234 2805//1234
f 2834//1235 2837//1236 2813//1237 2801//1238
f 2822//1223 2830//1228 2799//1239 2820//1224
f 2960//951 2983//953 2816//953 2796//952
f 2714//36 2736//36 2735//36
f 2832//1203 2831//1210 2809//1240 2838//1241
f 2828//1209 2824//1208 2800//1242 2819//1243
f 2804//1219 2835//1225 2839//1226 2811//1220
f 2807//1244 2775//1245 2814//1230
f 2714//36 2738//36 2737//36
f 2808//1246 2840//1233 2833//1232 2802//1247
f 2831//1210 2832//1203 2827//1206 2798//1207
f 2816//1248 2823//1249 2825//1217 2796//1216
f 2823//1249 2841//1250 2813//1251 2825//1217
f 2837//1236 2834//1235 2794//1252 2810//1252
f 2811//1253 2839//1254 2828//1209 2819//1243
f 2801//1238 2813//1237 2841//1255 2836//1256
f 2829//1257 2819//1243 2800//1242
f 2816//1248 2799//1239 2830//1228 2823//1249
f 2730//36 2729//36 2850//36
f 2775//1245 2803//1231 2814//1230
f 2808//1246 2802//1247 2836//1256 2841//1255
f 2814//1230 2842//1258 2829//1257 2807//1244
f 2818//1218 2793//1259 2795//1260 2815//1215
f 2832//1203 2838//1241 2812//1261 2817//1204
f 2818//1218 2825//1217 2813//1251 2837//1262
f 2805//1234 2812//1234 2838//1214 2821//1213
f 2734//36 2733//36 2714//36
f 2829//1257 2842//1258 2811//1253 2819//1243
f 2822//1223 2817//1204 2812//1261 2840//1229
f 2808//1227 2841//1250 2823//1249 2830//1228
f 2818//1218 2837//1262 2810//1263 2793//1259
f 2839//1254 2809//1240 2831//1210 2828//1209
f 2851//978 2852//978 3001//978
f 2768//36 2769//36 2776//36
f 2712//36 2847//36 2850//36
f 2845//1264 2726//1264 2727//1159 2851//1158
f 2733//36 2713//36 2714//36
f 2723//1151 2844//1151 2848//1265 2722//1265
f 2722//1265 2848//1265 2847//1266 2712//1266
f 2768//243 2767//982 2843//243
f 2718//931 2719//931 2783//931
f 2718//931 2783//931 2778//931
f 2774//931 2718//931 2778//931
f 2718//36 2742//36 2760//36
f 2750//1175 2763//1267 2739//1267 2853//1176
f 2853//1176 2765//1171 2741//1268
f 2753//1269 2853//1176 2741//1268
f 2765//1171 2764//1173 2741//1268
f 2740//1177 2853//1176 2753//1269
f 2744//1270 2745//1147 2749//1146 2750//1169
f 2747//1271 2760//1166 2755//1165
f 2719//1272 2718//36 2747//36 2746//36
f 2747//36 2718//36 2760//36
f 2719//1272 2746//36 2754//36
f 2719//1272 2754//36 2761//36
f 2719//1272 2761//36 2748//1273
f 2717//1160 2756//36 2716//36
f 2787//36 2770//1274 2826//36
f 2770//1274 2719//1272 2802//1275
f 2719//1272 2748//1273 2801//1276
f 2802//1275 2719//1272 2836//1277
f 2748//1273 2745//1278 2801//1276
f 2836//1277 2719//1272 2801//1276
f 2745//1278 2744//1279 2801//1276
f 2744//1279 2740//1280 2834//1281
f 2764//1282 2756//36 2717//1160
f 2717//1160 2794//1283 2764//1282
f 2794//1283 2834//1281 2740//1280
f 2741//1284 2794//1283 2753//1285
f 2794//1283 2741//1284 2764//1282
f 2834//1281 2801//1276 2744//1279
f 2753//1285 2794//1283 2740//1280
f 2833//36 2805//36 2770//1274
f 2805//36 2821//36 2770//1274
f 2802//1275 2833//36 2770//1274
f 2821//36 2806//36 2770//1274
f 2806//36 2835//36 2770//1274
f 2835//36 2804//36 2770//1274
f 2804//36 2826//36 2770//1274
f 2826//36 2803//36 2784//36
f 2803//36 2775//36 2784//36
f 2775//36 2786//36 2784//36
f 2786//36 2785//36 2784//36
f 2784//36 2792//36 2781//36
f 2792//36 2791//36 2781//36
f 2826//36 2784//36 2787//36
f 2784//36 2781//36 2787//36
f 2791//36 2792//36 2776//36
f 2792//36 2768//36 2776//36
f 2768//36 2843//36 2769//36
f 2843//36 1569//36 2769//36
f 2910//1286 2908//1287 2894//1288 2906//1289
f 2884//813 2875//813 2898//813 2888//813
f 2854//36 2883//36 2870//36
f 2858//36 2859//36 2855//36
f 2863//1290 2875//1291 2874//1292 2876//1292
f 2862//36 2876//36 2858//36
f 2880//1009 2902//1009 2899//1009 2891//1009
f 2886//1293 2883//1293 2885//1293 2887//1293
f 2866//1294 2868//1294 2871//1294 2859//1294
f 2860//36 2862//36 2861//36
f 2919//1295 2907//1296 2909//1297 2922//1298
f 2868//1299 2897//1300 2903//1301 2871//1299
f 2912//1302 2872//1303 2911//1304
f 2897//1305 2895//1306 2915//1307 2926//1308
f 2917//1309 2884//1310 2908//1311
f 2911//1304 2872//1303 2904//1312
f 2859//1313 2871//1313 2867//1313 2855//1313
f 2904//1314 2896//1315 2923//1316 2911//1317
f 2913//1318 2881//1319 2912//1302
f 2862//36 2864//36 2863//36
f 2891//1037 2899//1037 2900//1037 2889//1037
f 2895//1306 2897//1305 2868//1320 2874//1320
f 2863//36 2864//36 2865//36
f 2854//36 2885//36 2883//36
f 2889//1039 2900//1039 2872//1039 2881//1039
f 2864//36 2862//36 2860//36
f 2884//2 2888//2 2890//2
f 2879//1321 2886//1321 2887//1321 2878//1321
f 2911//1317 2923//1316 2921//1322 2912//1323
f 2859//36 2876//36 2866//36
f 2903//1301 2897//1300 2926//1324 2920//1325
f 2870//36 2883//36 2856//36
f 2917//1326 2908//1287 2910//1286 2925//1327
f 2905//1328 2892//1329 2854//1330 2870//1330
f 2872//1303 2912//1302 2881//1319
f 2885//36 2869//36 2857//36
f 2881//1319 2914//1331 2893//1332
f 2876//36 2862//36 2863//36
f 2877//12 2885//12 2884//1310
f 2900//1333 2861//1333 2862//1334 2872//1335
f 2921//1336 2918//1337 2919//1295 2922//1298
f 2894//1338 2884//1310 2857//1339
f 2857//1339 2884//1310 2885//12
f 2861//1340 2900//1340 2899//1340 2860//1340
f 2885//36 2854//36 2869//36
f 2904//1312 2872//1303 2873//1341
f 2876//36 2859//36 2858//36
f 2888//1061 2898//1061 2901//1061 2890//1061
f 2922//1342 2909//1343 2914//1344 2913//1345
f 2890//1066 2901//1066 2902//1066 2880//1066
f 2856//1346 2883//21 2881//1319
f 2879//1068 2878//1068 2877//1068 2882//1068
f 2878//12 2887//12 2877//12
f 2908//1311 2884//1310 2894//1338
f 2914//1344 2909//1343 2905//1347 2893//1348
f 2884//1310 2916//1349 2875//1350
f 2916//1349 2884//1310 2917//1309
f 2886//21 2882//21 2883//21
f 2896//1351 2903//1352 2920//1353 2923//1354
f 2881//1319 2883//21 2882//21
f 2907//1355 2919//1356 2925//1357 2910//1358
f 2902//1359 2901//1360 2864//1361
f 2864//1362 2901//1362 2898//1362 2865//1362
f 2867//1363 2896//1315 2904//1314 2873//1363
f 2887//12 2885//12 2877//12
f 2875//1350 2916//1349 2915//1364
f 2899//1365 2902//1359 2860//1366
f 2860//1366 2902//1359 2864//1361
f 2881//1319 2893//1332 2856//1346
f 2875//1350 2915//1364 2895//1367
f 2926//1308 2915//1307 2916//1368 2924//1369
f 2855//1370 2867//1370 2873//1370 2858//1370
f 2875//1350 2895//1367 2874//1371
f 2881//1319 2913//1318 2914//1331
f 2875//1291 2863//1290 2865//1372 2898//1372
f 2924//1369 2916//1368 2917//1326 2925//1327
f 2858//1373 2873//1373 2872//1335 2862//1334
f 2923//1354 2920//1353 2918//1337 2921//1336
f 2924//1374 2925//1357 2919//1356 2918//1375
f 2907//1355 2910//1358 2906//1376 2892//1377
f 2892//1377 2906//1376 2869//1378 2854//1378
f 2903//1352 2896//1351 2867//1379 2871//1379
f 2866//1380 2876//1380 2874//1380 2868//1380
f 2882//21 2886//21 2879//21
f 2909//1297 2907//1296 2892//1329 2905//1328
f 2913//1345 2912//1323 2921//1322 2922//1342
f 2906//1289 2894//1288 2857//1381 2869//1381
f 2893//1348 2905//1347 2870//1382 2856//1382
f 2926//1324 2924//1374 2918//1375 2920//1325
f 2890//2 2880//2 2884//2
f 2880//2 2891//2 2881//2
f 2884//2 2880//2 2881//2
f 2891//2 2889//2 2881//2
f 2881//2 2882//2 2877//2
f 2877//2 2884//2 2881//2
f 2757//1105 2742//1107 2988//1106 2997//1105
f 2752//1108 2762//1108 2986//1108 2987//1108
f 2752//1109 2987//1109 2984//1109 2763//1109
f 2735//827 2736//843 2982//843 2994//827
f 2800//1110 2991//1113 2978//1112 2829//1111
f 2978//1112 2980//1115 2807//1114 2829//1111
f 2848//12 2844//12 2989//12 2975//12
f 2751//1116 2974//1116 2986//1116 2762//1116
f 2751//1117 2757//1117 2997//1117 2974//1117
f 2767//982 2973//1118 2979//243 2843//243
f 2800//1110 2824//1120 2971//1119 2991//1113
f 2766//1121 2969//1121 2993//1121 2771//1121
f 2769//1122 2981//1122 2969//1122 2766//1122
f 2767//982 2788//891 2967//1123 2973//1118
f 2849//12 2845//12 2966//12 2972//12
f 2786//889 2965//889 2967//1123 2788//891
f 2824//1120 2798//1125 2964//1124 2971//1119
f 2844//12 2846//12 2963//12 2989//12
f 2846//12 2849//12 2972//12 2963//12
f 2827//1126 2962//1127 2964//1124 2798//1125
f 2815//1128 2961//1128 2960//951 2796//952
f 2773//1129 2771//1129 2993//1129 2959//1129
f 2721//12 2718//12 2958//12 3001//12
f 2845//12 2851//12 2957//12 2966//12
f 2850//12 2847//12 2956//12 2968//12
f 2827//1126 2797//888 2953//888 2962//1127
f 2807//1114 2980//1115 2952//1130 2775//1130
f 2786//889 2775//1131 2952//1131 2965//889
f 2759//1132 3002//1132 2951//1132 2716//1132
f 2738//860 2715//1133 2949//1133 2976//860
f 2715//1134 2716//1134 2951//1134 2949//1134
f 2724//221 2948//221 2947//221 2725//221
f 2727//221 2726//221 2988//1106
f 2722//834 2992//834 2945//221 2723//221
f 2723//221 2945//221 2948//221 2724//221
f 2709//1141 2943//60 2942//60 2697//1141
f 2696//1143 2941//3 2944//3 2708//1143
f 2682//36 2676//36 2678//36
f 2676//36 2677//36 2678//36
f 2678//21 2677//21 2688//21
f 2688//21 2690//21 2678//21
f 3001//978 2957//978 2851//978
f 2852//978 2721//978 3001//978
f 2726//221 2725//221 2947//221
f 2947//221 2988//1106 2726//221
f 2988//1106 2742//1107 2728//221
f 2727//221 2988//1106 2728//221
f 2742//1107 2720//221 2728//221
f 2236//12 1096//1383 1097//1383 2237//12
f 1096//1383 1098//484 3008//484 1097//1383
f 1098//484 3011//762 1099//762 3008//484
f 3011//762 3015//2 1100//2 1099//762
f 3015//2 1101//1384 1102//1384 1100//2
f 1101//1384 1103//478 1104//478 1102//1384
f 1103//478 1105//1385 3012//1385 1104//478
f 1105//1385 3014//21 2238//21 3012//1385
f 2236//12 2237//12 3004//1386 1938//1386
f 1938//1386 3004//1386 1939//522 3003//522
f 3003//522 1939//522 1940//527 3010//527
f 3010//527 1940//527 3016//36 3013//36
f 3013//36 3016//36 3006//1387 3005//1387
f 3005//1387 3006//1387 3007//512 1941//512
f 1941//512 3007//512 1942//1388 3009//1388
f 3009//1388 1942//1388 2238//21 3014//21
