# Blender 4.5.3 LTS
# www.blender.org
o Longboard
v -2.910988 0.630504 0.392479
v -2.910988 0.630504 -0.388719
v 2.888021 0.630502 0.392479
v 2.888021 0.630502 -0.388719
v 2.391354 0.649311 0.382710
v 2.249423 0.654395 0.390956
v 2.391354 0.649311 -0.378948
v 2.249423 0.654395 -0.387194
v -2.414321 0.649311 0.382710
v -2.272391 0.654395 0.390956
v -2.414321 0.649311 -0.378948
v -2.272391 0.654395 -0.387194
v 2.157267 0.657811 -0.396318
v 2.075460 0.662401 -0.424983
v 1.984831 0.669968 -0.485876
v 1.859336 0.685290 -0.616063
v 1.590388 0.703068 -0.732429
v 1.783753 0.692879 -0.674364
v 2.157267 0.657811 0.400079
v 2.075460 0.662401 0.428745
v 1.984831 0.669968 0.489638
v 1.685283 0.699430 -0.716931
v -2.180234 0.657811 -0.396318
v -2.098426 0.662403 -0.424983
v -2.007798 0.669968 -0.485876
v 1.859336 0.685290 0.619825
v 1.590388 0.703068 0.736190
v 1.783753 0.692879 0.678126
v 1.685283 0.699430 0.720693
v -1.882304 0.685291 -0.616063
v -1.613355 0.703068 -0.732429
v -1.806720 0.692879 -0.674364
v -2.180234 0.657811 0.400079
v -2.098426 0.662403 0.428745
v -2.007798 0.669968 0.489638
v -1.708250 0.699430 -0.716931
v -1.882304 0.685291 0.619825
v -1.613355 0.703068 0.736190
v -1.806720 0.692879 0.678126
v -1.708250 0.699430 0.720693
v -3.330403 0.592888 0.103790
v -3.308082 0.596988 0.188088
v -3.264866 0.603176 0.263634
v -3.203664 0.610400 0.324937
v -3.128605 0.617591 0.368073
v -3.044748 0.623689 0.390169
v -1.910112 0.647850 0.001880
v -1.915383 0.647882 0.028379
v -1.930384 0.647640 0.051011
v -1.952837 0.647353 0.066703
v -2.868419 0.616574 0.071608
v -2.836152 0.618410 0.092206
v -2.798061 0.620172 0.098591
v -2.271912 0.638789 0.081987
v -3.330403 0.592888 -0.100029
v -1.979316 0.646787 0.072803
v -3.308082 0.596988 -0.184326
v -3.264866 0.603176 -0.259873
v -3.203664 0.610400 -0.321175
v -2.889975 0.615149 0.039865
v -2.897541 0.614567 0.001880
v -3.128605 0.617591 -0.364311
v -3.044748 0.623689 -0.386407
v -1.915383 0.647882 -0.024617
v -1.930384 0.647640 -0.047249
v -1.952837 0.647353 -0.062941
v -2.868419 0.616574 -0.067847
v -2.836152 0.618410 -0.088444
v -0.867194 0.715323 0.734946
v -0.866613 0.667036 0.001880
v -1.707204 0.652608 0.001880
v -2.798061 0.620172 -0.094829
v -2.271912 0.638789 -0.078227
v -2.272125 0.645755 0.261186
v 3.307436 0.592886 0.103790
v 3.285115 0.596987 0.188088
v 3.241898 0.603174 0.263634
v 3.180697 0.610398 0.324937
v 3.105638 0.617590 0.368073
v 3.021780 0.623687 0.390169
v -2.975434 0.618754 0.262759
v 1.887145 0.647849 0.001880
v -2.007369 0.653184 0.260753
v -1.707379 0.660399 0.260332
v -3.105087 0.612087 0.263142
v 1.892415 0.647880 0.028379
v 1.907417 0.647639 0.051011
v 1.929871 0.647352 0.066703
v -0.866707 0.674781 0.259492
v 2.845452 0.616574 0.071608
v 2.813184 0.618408 0.092206
v 2.775094 0.620172 0.098591
v 2.248945 0.638789 0.081987
v 3.307436 0.592886 -0.100029
v -0.866845 0.686371 0.426829
v 1.956350 0.646787 0.072803
v -1.707637 0.672028 0.427975
v 3.285115 0.596987 -0.184326
v 3.241898 0.603174 -0.259873
v 3.180697 0.610398 -0.321175
v 2.867007 0.615147 0.039865
v 2.874574 0.614566 0.001880
v 3.105638 0.617590 -0.364311
v 3.021780 0.623687 -0.386407
v -1.944817 0.666428 0.428423
v -1.708024 0.689313 0.619432
v -0.867053 0.703618 0.618036
v 1.892415 0.647880 -0.024617
v 1.907417 0.647639 -0.047249
v 1.929871 0.647352 -0.062941
v -1.979316 0.646787 -0.069043
v -2.889975 0.615149 -0.036103
v -0.867194 0.715323 -0.731184
v 2.845452 0.616574 -0.067847
v 2.813184 0.618408 -0.088444
v 0.844227 0.715322 0.734946
v 0.843646 0.667035 0.001880
v -0.011484 0.672448 0.001880
v 1.684237 0.652606 0.001880
v 2.775094 0.620172 -0.094829
v 2.248945 0.638789 -0.078227
v -0.011484 0.720686 0.734400
v -0.011484 0.680176 0.259179
v 2.249158 0.645753 0.261186
v 2.952466 0.618753 0.262759
v 1.984402 0.653184 0.260753
v 1.684411 0.660399 0.260332
v 3.082119 0.612085 0.263142
v -0.011484 0.691751 0.426398
v 0.843738 0.674781 0.259492
v 0.843878 0.686371 0.426829
v 1.684671 0.672026 0.427975
v -0.011484 0.708985 0.617513
v 1.921850 0.666427 0.428423
v 1.685058 0.689313 0.619432
v 0.844086 0.703618 0.618036
v 1.956350 0.646787 -0.069043
v -2.272125 0.645755 -0.257425
v 2.867007 0.615147 -0.036103
v 0.844227 0.715322 -0.731184
v -0.011484 0.720686 -0.730640
v -0.011484 0.680176 -0.255417
v 2.249158 0.645753 -0.257425
v 2.952466 0.618753 -0.258999
v 1.984402 0.653184 -0.256991
v 1.684411 0.660399 -0.256570
v 3.310205 0.591437 0.001880
v 3.082119 0.612085 -0.259380
v -0.011484 0.691751 -0.422638
v 0.843738 0.674781 -0.255732
v 0.843878 0.686371 -0.423067
v 1.684671 0.672026 -0.424213
v -0.011484 0.708985 -0.613751
v 1.921850 0.666427 -0.424661
v 1.685058 0.689313 -0.615670
v 0.844086 0.703618 -0.614275
v -2.975434 0.618754 -0.258999
v -2.007369 0.653184 -0.256991
v -1.707379 0.660399 -0.256570
v -3.333172 0.591438 0.001880
v -3.105087 0.612087 -0.259380
v -0.866707 0.674781 -0.255732
v -0.866845 0.686371 -0.423067
v -1.707637 0.672028 -0.424213
v -1.944817 0.666428 -0.424661
v -1.708024 0.689313 -0.615670
v -0.867053 0.703618 -0.614275
v -2.908056 0.562342 0.397293
v -2.908056 0.562342 -0.393532
v 2.885089 0.562340 0.397293
v 2.885089 0.562340 -0.393532
v 2.388818 0.581137 0.387579
v 2.247298 0.586185 0.395502
v 2.388818 0.581137 -0.383819
v 2.247298 0.586185 -0.391741
v -2.411785 0.581138 0.387579
v -2.270265 0.586187 0.395502
v -2.411785 0.581138 -0.383819
v -2.270265 0.586187 -0.391741
v 2.155261 0.589605 -0.400994
v 2.073570 0.594211 -0.429890
v 1.982916 0.601856 -0.491784
v 1.857671 0.617206 -0.622353
v 1.589154 0.635035 -0.739339
v 1.782169 0.624842 -0.681163
v 2.155261 0.589605 0.404754
v 2.073570 0.594211 0.433652
v 1.982916 0.601856 0.495546
v 1.683751 0.631392 -0.723732
v -2.178228 0.589606 -0.400994
v -2.096537 0.594212 -0.429890
v -2.005883 0.601857 -0.491784
v 1.857671 0.617206 0.626114
v 1.589154 0.635035 0.743101
v 1.782169 0.624842 0.684924
v 1.683751 0.631392 0.727494
v -1.880638 0.617207 -0.622353
v -1.612122 0.635037 -0.739339
v -1.805137 0.624843 -0.681163
v -2.178228 0.589606 0.404754
v -2.096537 0.594212 0.433652
v -2.005883 0.601857 0.495546
v -1.706717 0.631392 -0.723732
v -1.880638 0.617207 0.626114
v -1.612122 0.635037 0.743101
v -1.805137 0.624843 0.684924
v -1.706717 0.631392 0.727494
v -3.326605 0.524618 0.105404
v -3.303937 0.528772 0.190788
v -3.260789 0.534980 0.266890
v -3.199794 0.542250 0.329249
v -3.124740 0.549451 0.372512
v -3.041194 0.555535 0.394659
v -1.908509 0.579476 0.001880
v -1.913786 0.579507 0.028731
v -1.928359 0.579307 0.053108
v -1.950716 0.579041 0.069308
v -2.866295 0.548242 0.073577
v -2.833502 0.550108 0.094509
v -2.795440 0.551871 0.101010
v -2.269666 0.570480 0.084522
v -3.326605 0.524618 -0.101642
v -1.977307 0.578474 0.075436
v -3.303937 0.528772 -0.187026
v -3.260789 0.534980 -0.263129
v -3.199794 0.542250 -0.325487
v -2.889547 0.546768 0.041135
v -2.894821 0.546227 0.001880
v -3.124740 0.549451 -0.368752
v -3.041194 0.555535 -0.390897
v -1.913786 0.579507 -0.024970
v -1.928359 0.579307 -0.049346
v -1.950716 0.579041 -0.065547
v -2.866295 0.548242 -0.069815
v -2.833502 0.550108 -0.090747
v -0.866404 0.647281 0.741826
v -0.865811 0.598647 0.001880
v -1.705721 0.584229 0.001880
v -2.795440 0.551871 -0.097248
v -2.269666 0.570480 -0.080760
v -2.269899 0.577492 0.264802
v 3.303638 0.524617 0.105404
v 3.280970 0.528771 0.190788
v 3.237821 0.534978 0.266890
v 3.176826 0.542250 0.329249
v 3.101773 0.549450 0.372512
v 3.018226 0.555533 0.394659
v -2.972330 0.550518 0.266191
v 1.885541 0.579474 0.001880
v -2.005513 0.584910 0.264367
v -1.705973 0.592105 0.263732
v -3.101364 0.543878 0.266514
v 1.890818 0.579507 0.028731
v 1.905392 0.579307 0.053108
v 1.927749 0.579040 0.069308
v -0.865905 0.606476 0.262885
v 2.843328 0.548240 0.073577
v 2.810534 0.550106 0.094509
v 2.772473 0.551871 0.101010
v 2.246700 0.570480 0.084522
v 3.303638 0.524617 -0.101642
v -0.866046 0.618197 0.432264
v 1.954340 0.578472 0.075436
v -1.706244 0.603866 0.433425
v 3.280970 0.528771 -0.187026
v 3.237821 0.534978 -0.263129
v 3.176826 0.542250 -0.325487
v 2.866580 0.546767 0.041135
v 2.871854 0.546225 0.001880
v 3.101773 0.549450 -0.368752
v 3.018226 0.555533 -0.390897
v -1.943065 0.598268 0.433809
v -1.706609 0.621244 0.625932
v -0.866258 0.635541 0.624549
v 1.890818 0.579507 -0.024970
v 1.905392 0.579307 -0.049346
v 1.927749 0.579040 -0.065547
v -1.977307 0.578474 -0.071674
v -2.889547 0.546768 -0.037373
v -0.866404 0.647281 -0.738064
v 2.843328 0.548240 -0.069815
v 2.810534 0.550106 -0.090747
v 0.843437 0.647279 0.741826
v 0.842844 0.598646 0.001880
v -0.011484 0.604052 0.001880
v 1.682754 0.584228 0.001880
v 2.772473 0.551871 -0.097248
v 2.246700 0.570480 -0.080760
v -0.011484 0.652632 0.741214
v -0.011484 0.611867 0.262568
v 2.246932 0.577492 0.264802
v 2.949363 0.550516 0.266191
v 1.982546 0.584910 0.264367
v 1.683007 0.592103 0.263732
v 3.078397 0.543876 0.266514
v -0.011484 0.623573 0.431832
v 0.842938 0.606476 0.262885
v 0.843079 0.618197 0.432264
v 1.683277 0.603866 0.433425
v -0.011484 0.640899 0.623990
v 1.920098 0.598268 0.433809
v 1.683641 0.621244 0.625932
v 0.843291 0.635541 0.624549
v 1.954340 0.578472 -0.071674
v -2.269899 0.577492 -0.261040
v 2.866580 0.546767 -0.037373
v 0.843437 0.647279 -0.738064
v -0.011484 0.652632 -0.737452
v -0.011484 0.611867 -0.258807
v 2.246932 0.577492 -0.261040
v 2.949363 0.550516 -0.262431
v 1.982546 0.584910 -0.260607
v 1.683007 0.592103 -0.259971
v 3.306579 0.523139 0.001880
v 3.078397 0.543876 -0.262753
v -0.011484 0.623573 -0.428070
v 0.842938 0.606476 -0.259124
v 0.843079 0.618197 -0.428502
v 1.683277 0.603866 -0.429664
v -0.011484 0.640899 -0.620229
v 1.920098 0.598268 -0.430047
v 1.683641 0.621244 -0.622170
v 0.843291 0.635541 -0.620788
v -2.972330 0.550518 -0.262431
v -2.005513 0.584910 -0.260607
v -1.705973 0.592105 -0.259971
v -3.329546 0.523141 0.001880
v -3.101364 0.543878 -0.262753
v -0.865905 0.606476 -0.259124
v -0.866046 0.618197 -0.428502
v -1.706244 0.603866 -0.429664
v -1.943065 0.598268 -0.430047
v -1.706609 0.621244 -0.622170
v -0.866258 0.635541 -0.620788
v -3.104615 0.603573 0.001880
v 3.081647 0.603571 0.001880
v 2.181603 0.581165 0.058891
v 2.205693 0.580900 0.034805
v 2.204653 0.548226 0.032252
v 2.180457 0.545179 0.056056
v 2.181603 0.581165 -0.055129
v 2.205693 0.580900 -0.031043
v 2.204653 0.548226 -0.028491
v 2.180457 0.545179 -0.052294
v 2.178978 0.498720 -0.038608
v 2.202628 0.484597 0.001880
v 2.203379 0.508206 -0.016774
v 2.178978 0.498720 0.042370
v 2.203379 0.508206 0.020536
v 2.178044 0.469378 0.021456
v 2.116920 0.471114 0.021456
v 2.108614 0.500750 0.042370
v 2.095407 0.547677 0.056056
v 2.085152 0.584026 0.058891
v 2.099977 0.538147 0.070785
v 2.089548 0.576052 0.073784
v 2.113225 0.488485 0.055973
v 2.121953 0.454874 0.031337
v 2.069512 0.642435 0.073784
v 2.178044 0.469378 -0.017696
v 2.595362 0.625729 0.073749
v 2.069597 0.642435 0.058967
v 2.116711 0.640901 0.194458
v 2.069992 0.642415 0.153951
v 2.116920 0.471114 -0.017696
v 2.073778 0.642286 0.166848
v 2.081041 0.642048 0.178156
v 2.091193 0.641719 0.186959
v 2.108614 0.500750 -0.038608
v 2.103413 0.641326 0.192543
v 2.095407 0.547677 -0.052294
v 2.548004 0.627171 0.194517
v 2.561302 0.626749 0.192606
v 2.573525 0.626364 0.187023
v 2.583678 0.626046 0.178222
v 2.085152 0.584026 -0.055129
v 2.099977 0.538147 -0.067023
v 2.089548 0.576052 -0.070022
v 2.590943 0.625822 0.166914
v 2.594729 0.625711 0.154016
v 2.652495 0.536125 0.073723
v 2.666996 0.522815 0.068071
v 2.679705 0.511150 0.057097
v 2.689593 0.502074 0.041693
v 2.113225 0.488485 -0.052211
v 2.695865 0.496318 0.023104
v 2.321036 0.361365 0.072786
v 2.276541 0.313184 0.030390
v 2.121953 0.454874 -0.027575
v 2.289004 0.326679 0.054995
v 2.307256 0.346443 0.069786
v 2.527295 0.584715 0.073969
v 2.756634 0.557318 0.023123
v 2.750321 0.563077 0.041757
v 2.740376 0.572160 0.057196
v 2.069512 0.642435 -0.070022
v 2.727607 0.583829 0.068182
v 2.713057 0.597131 0.073831
v 2.209344 0.674908 0.033367
v 2.183033 0.675745 0.059694
v 2.070884 0.679308 0.059315
v 2.549179 0.664111 0.194526
v 2.595904 0.662625 0.154023
v 2.592116 0.662746 0.166919
v 2.595362 0.625729 -0.069987
v 2.069597 0.642435 -0.055206
v 2.116711 0.640901 -0.190696
v 2.069992 0.642415 -0.150189
v 2.073778 0.642286 -0.163086
v 2.081041 0.642048 -0.174394
v 2.091193 0.641719 -0.183197
v 2.103413 0.641326 -0.188781
v 2.548004 0.627171 -0.190755
v 2.561302 0.626749 -0.188844
v 2.573525 0.626364 -0.183261
v 2.583678 0.626046 -0.174460
v 2.590943 0.625822 -0.163152
v 2.584852 0.662977 0.178226
v 2.574698 0.663300 0.187027
v 2.562477 0.663687 0.192611
v 2.117885 0.677814 0.194528
v 2.104587 0.678238 0.192618
v 2.092365 0.678626 0.187033
v 2.082212 0.678949 0.178230
v 2.074949 0.679180 0.166920
v 2.071166 0.679299 0.154023
v 2.595721 0.662632 0.073219
v 2.198730 0.580766 0.051933
v 2.197616 0.545737 0.049175
v 2.196198 0.501140 0.036054
v 2.195347 0.474199 0.016935
v 2.200706 0.675183 0.053008
v 2.587572 0.582928 0.073966
v 2.612237 0.573044 0.074067
v 2.600738 0.579856 0.073995
v 2.654682 0.651508 0.074222
v 2.630101 0.661539 0.073888
v 2.643236 0.658413 0.074101
v 2.594729 0.625711 -0.150255
v 2.652495 0.536125 -0.069963
v 2.666996 0.522815 -0.064310
v 2.679705 0.511150 -0.053336
v 2.689593 0.502074 -0.037931
v 2.695865 0.496318 -0.019342
v 2.321036 0.361365 -0.069024
v 2.276541 0.313184 -0.026630
v 2.289004 0.326679 -0.051235
v 2.307256 0.346443 -0.066024
v 2.527295 0.584715 -0.070207
v 2.756634 0.557318 -0.019361
v 2.750321 0.563077 -0.037997
v 2.740376 0.572160 -0.053434
v 2.727607 0.583829 -0.064420
v 2.713057 0.597131 -0.070069
v 2.209344 0.674908 -0.029606
v 2.183033 0.675745 -0.055932
v 2.070884 0.679308 -0.055553
v 2.549179 0.664111 -0.190765
v 2.595904 0.662625 -0.150261
v 2.592116 0.662746 -0.163157
v 2.584852 0.662977 -0.174464
v 2.574698 0.663300 -0.183265
v 2.562477 0.663687 -0.188850
v 2.117885 0.677814 -0.190767
v 2.104587 0.678238 -0.188856
v 2.092365 0.678626 -0.183272
v 2.082212 0.678949 -0.174468
v 2.074949 0.679180 -0.163160
v 2.071166 0.679299 -0.150261
v 2.177776 0.460951 0.001880
v 2.119289 0.462603 0.001880
v 2.125007 0.443045 0.001880
v 2.697963 0.494392 0.001880
v 2.272191 0.308473 0.001880
v 2.758754 0.555400 0.001880
v 2.595721 0.662632 -0.069457
v 2.198730 0.580766 -0.048172
v 2.197616 0.545737 -0.045413
v 2.196198 0.501140 -0.032292
v 2.195347 0.474199 -0.013173
v 2.195161 0.467562 0.001880
v 2.200706 0.675183 -0.049246
v 2.587572 0.582928 -0.070204
v 2.612237 0.573044 -0.070306
v 2.600738 0.579856 -0.070234
v 2.654682 0.651508 -0.070462
v 2.630101 0.661539 -0.070128
v 2.643236 0.658413 -0.070341
v -2.181602 0.580380 0.055770
v -2.205693 0.580114 0.031683
v -2.204653 0.547439 0.029131
v -2.180457 0.544393 0.052934
v -2.181602 0.580380 -0.058251
v -2.205693 0.580114 -0.034164
v -2.204653 0.547439 -0.031612
v -2.180457 0.544393 -0.055415
v -2.178978 0.497934 -0.041729
v -2.202628 0.483811 -0.001240
v -2.203379 0.507421 -0.019896
v -2.178978 0.497934 0.039249
v -2.203379 0.507421 0.017415
v -2.178043 0.468591 0.018335
v -2.116919 0.470327 0.018335
v -2.108614 0.499963 0.039249
v -2.095407 0.546890 0.052934
v -2.085150 0.583240 0.055770
v -2.099976 0.537362 0.067664
v -2.089548 0.575266 0.070662
v -2.113225 0.487698 0.052852
v -2.121952 0.454089 0.028216
v -2.069512 0.641650 0.070662
v -2.178043 0.468591 -0.020816
v -2.595361 0.624944 0.070628
v -2.069597 0.641650 0.055845
v -2.116710 0.640116 0.191336
v -2.069992 0.641630 0.150830
v -2.116919 0.470327 -0.020816
v -2.073777 0.641501 0.163727
v -2.081040 0.641262 0.175035
v -2.091193 0.640932 0.183837
v -2.108614 0.499963 -0.041729
v -2.103413 0.640541 0.189421
v -2.095407 0.546890 -0.055415
v -2.548003 0.626386 0.191395
v -2.561302 0.625963 0.189484
v -2.573524 0.625577 0.183902
v -2.583678 0.625260 0.175100
v -2.085150 0.583240 -0.058251
v -2.099976 0.537362 -0.070145
v -2.089548 0.575266 -0.073143
v -2.590943 0.625036 0.163793
v -2.594729 0.624924 0.150896
v -2.652495 0.535340 0.070603
v -2.666996 0.522029 0.064950
v -2.679704 0.510365 0.053976
v -2.689593 0.501288 0.038571
v -2.113225 0.487698 -0.055332
v -2.695864 0.495531 0.019983
v -2.321034 0.360578 0.069664
v -2.276541 0.312397 0.027270
v -2.121952 0.454089 -0.030697
v -2.289004 0.325894 0.051874
v -2.307255 0.345657 0.066664
v -2.527295 0.583928 0.070848
v -2.756634 0.556531 0.020001
v -2.750320 0.562291 0.038637
v -2.740374 0.571374 0.054074
v -2.069512 0.641650 -0.073143
v -2.727607 0.583042 0.065061
v -2.713057 0.596345 0.070708
v -2.209342 0.674123 0.030245
v -2.183033 0.674958 0.056574
v -2.070884 0.678523 0.056194
v -2.549179 0.663324 0.191404
v -2.595902 0.661840 0.150901
v -2.592116 0.661960 0.163797
v -2.595361 0.624944 -0.073109
v -2.069597 0.641650 -0.058326
v -2.116710 0.640116 -0.193817
v -2.069992 0.641630 -0.153311
v -2.073777 0.641501 -0.166208
v -2.081040 0.641262 -0.177516
v -2.091193 0.640932 -0.186318
v -2.103413 0.640541 -0.191902
v -2.548003 0.626386 -0.193876
v -2.561302 0.625963 -0.191965
v -2.573524 0.625577 -0.186383
v -2.583678 0.625260 -0.177581
v -2.590943 0.625036 -0.166274
v -2.584852 0.662191 0.175104
v -2.574697 0.662514 0.183906
v -2.562477 0.662902 0.189489
v -2.117885 0.677029 0.191407
v -2.104585 0.677451 0.189496
v -2.092364 0.677840 0.183912
v -2.082211 0.678162 0.175109
v -2.074949 0.678393 0.163800
v -2.071164 0.678513 0.150901
v -2.595721 0.661845 0.070097
v -2.198729 0.579979 0.048813
v -2.197616 0.544950 0.046054
v -2.196197 0.500355 0.032933
v -2.195347 0.473414 0.013814
v -2.200705 0.674398 0.049886
v -2.587572 0.582142 0.070845
v -2.612235 0.572257 0.070946
v -2.600738 0.579071 0.070875
v -2.654682 0.650721 0.071101
v -2.630100 0.660753 0.070768
v -2.643234 0.657626 0.070981
v -2.594729 0.624924 -0.153377
v -2.652495 0.535340 -0.073084
v -2.666996 0.522029 -0.067431
v -2.679704 0.510365 -0.056457
v -2.689593 0.501288 -0.041052
v -2.695864 0.495531 -0.022464
v -2.321034 0.360578 -0.072145
v -2.276541 0.312397 -0.029751
v -2.289004 0.325894 -0.054355
v -2.307255 0.345657 -0.069145
v -2.527295 0.583928 -0.073329
v -2.756634 0.556531 -0.022482
v -2.750320 0.562291 -0.041118
v -2.740374 0.571374 -0.056555
v -2.727607 0.583042 -0.067542
v -2.713057 0.596345 -0.073189
v -2.209342 0.674123 -0.032726
v -2.183033 0.674958 -0.059055
v -2.070884 0.678523 -0.058675
v -2.549179 0.663324 -0.193885
v -2.595902 0.661840 -0.153382
v -2.592116 0.661960 -0.166278
v -2.584852 0.662191 -0.177585
v -2.574697 0.662514 -0.186387
v -2.562477 0.662902 -0.191970
v -2.117885 0.677029 -0.193888
v -2.104585 0.677451 -0.191977
v -2.092364 0.677840 -0.186393
v -2.082211 0.678162 -0.177590
v -2.074949 0.678393 -0.166281
v -2.071164 0.678513 -0.153382
v -2.177775 0.460165 -0.001240
v -2.119289 0.461816 -0.001240
v -2.125007 0.442258 -0.001240
v -2.697963 0.493605 -0.001240
v -2.272191 0.307687 -0.001240
v -2.758753 0.554615 -0.001240
v -2.595721 0.661845 -0.072578
v -2.198729 0.579979 -0.051292
v -2.197616 0.544950 -0.048535
v -2.196197 0.500355 -0.035414
v -2.195347 0.473414 -0.016295
v -2.195161 0.466776 -0.001240
v -2.200705 0.674398 -0.052367
v -2.587572 0.582142 -0.073326
v -2.612235 0.572257 -0.073427
v -2.600738 0.579071 -0.073354
v -2.654682 0.650721 -0.073582
v -2.630100 0.660753 -0.073249
v -2.643234 0.657626 -0.073462
v -2.333532 0.670177 -0.193887
v -2.333532 0.670177 0.191406
v 2.333532 0.670963 -0.190766
v 2.333532 0.670963 0.194526
v 2.466072 0.666752 -0.073071
v 2.466072 0.666752 0.076833
v -2.504976 0.664728 0.072628
v -2.504976 0.664728 -0.075109
v 2.408878 0.345877 -0.076479
v 2.431130 0.369890 -0.043577
v 2.535589 0.436799 -0.110339
v 2.561913 0.413324 -0.110301
v 2.683978 0.506609 -0.057862
v 2.673196 0.494928 -0.077988
v 2.680771 0.503136 -0.070470
v 2.605939 0.557030 -0.078078
v 2.616723 0.568712 -0.057953
v 2.613516 0.565239 -0.070561
v 2.408878 0.345877 0.080241
v 2.431130 0.369890 0.047339
v 2.562711 0.510242 -0.079255
v 2.577606 0.526378 -0.069208
v 2.587137 0.536703 -0.054606
v 2.592948 0.542998 -0.036522
v 2.414915 0.352386 -0.029802
v 2.399108 0.335330 -0.053033
v 2.370609 0.305733 -0.060943
v 2.630204 0.448397 -0.067110
v 2.659171 0.479774 -0.027559
v 2.652374 0.472412 -0.045374
v 2.642203 0.461393 -0.059262
v 2.390275 0.274526 -0.677317
v 2.408298 0.255889 -0.677322
v 2.412874 0.233904 -0.677176
v 2.404404 0.211056 -0.676904
v 2.385302 0.195925 -0.676600
v 2.359435 0.194109 -0.676349
v 2.337198 0.207445 -0.676259
v 2.326438 0.231591 -0.676368
v 2.331386 0.257049 -0.676630
v 2.346857 0.273364 -0.676911
v 2.364819 0.279468 -0.677128
v 2.401066 0.297056 -0.409483
v 2.401951 0.299058 -0.323294
v 2.398460 0.291535 -0.504794
v 2.433023 0.266929 -0.323293
v 2.425451 0.263627 -0.504794
v 2.431012 0.266093 -0.409483
v 2.440915 0.229034 -0.323298
v 2.432303 0.230709 -0.504775
v 2.438616 0.229574 -0.409482
v 2.426321 0.189653 -0.323306
v 2.419621 0.196503 -0.504739
v 2.424551 0.191623 -0.409478
v 2.393399 0.163574 -0.323315
v 2.391024 0.173859 -0.504694
v 2.392824 0.166494 -0.409471
v 2.348812 0.160451 -0.323320
v 2.352299 0.171150 -0.504656
v 2.349856 0.163486 -0.409464
v 2.310480 0.183444 -0.323323
v 2.319016 0.191117 -0.504642
v 2.312921 0.185640 -0.409462
v 2.291928 0.225068 -0.323320
v 2.302903 0.227263 -0.504660
v 2.295043 0.225751 -0.409464
v 2.300450 0.268944 -0.323315
v 2.310302 0.265368 -0.504698
v 2.303257 0.268034 -0.409472
v 2.327114 0.297065 -0.323306
v 2.333456 0.289795 -0.504739
v 2.328948 0.295133 -0.409478
v 2.358073 0.307581 -0.323300
v 2.360346 0.298935 -0.504768
v 2.358783 0.305269 -0.409480
v 2.374932 0.307052 -0.157613
v 2.374833 0.307007 -0.133939
v 2.439982 0.242532 -0.158486
v 2.439914 0.242526 -0.132842
v 2.405077 0.296996 -0.284654
v 2.404800 0.296698 -0.151816
v 2.428104 0.274311 -0.152097
v 2.535589 0.436799 0.114099
v 2.561913 0.413324 0.114062
v 2.594309 0.544472 0.001880
v 2.439395 0.378838 0.001880
v 2.661558 0.482360 0.001880
v 2.683978 0.506609 0.061624
v 2.673196 0.494928 0.081750
v 2.680771 0.503136 0.074232
v 2.605939 0.557030 0.081839
v 2.616723 0.568712 0.061715
v 2.613516 0.565239 0.074323
v 2.562711 0.510242 0.083017
v 2.577606 0.526378 0.072970
v 2.587137 0.536703 0.058368
v 2.592948 0.542998 0.040283
v 2.414915 0.352386 0.033563
v 2.428395 0.274616 -0.285892
v 2.399108 0.335330 0.056793
v 2.370609 0.305733 0.064703
v 2.630204 0.448397 0.070872
v 2.659171 0.479774 0.031321
v 2.652374 0.472412 0.049136
v 2.642203 0.461393 0.063024
v 2.390275 0.274526 0.681079
v 2.408298 0.255889 0.681084
v 2.412874 0.233904 0.680938
v 2.404404 0.211056 0.680666
v 2.385302 0.195925 0.680361
v 2.359435 0.194109 0.680110
v 2.337198 0.207445 0.680021
v 2.326438 0.231591 0.680129
v 2.331386 0.257049 0.680392
v 2.346857 0.273364 0.680672
v 2.364819 0.279468 0.680888
v 2.401066 0.297056 0.413245
v 2.401951 0.299058 0.327055
v 2.398460 0.291535 0.508555
v 2.433023 0.266929 0.327055
v 2.425451 0.263627 0.508555
v 2.431012 0.266093 0.413245
v 2.440915 0.229034 0.327060
v 2.432303 0.230709 0.508537
v 2.438616 0.229574 0.413243
v 2.426321 0.189653 0.327068
v 2.419621 0.196503 0.508499
v 2.424551 0.191623 0.413239
v 2.393399 0.163574 0.327076
v 2.391024 0.173859 0.508456
v 2.392824 0.166494 0.413233
v 2.348812 0.160451 0.327082
v 2.352299 0.171150 0.508417
v 2.349856 0.163486 0.413226
v 2.310480 0.183444 0.327083
v 2.319016 0.191117 0.508402
v 2.312921 0.185640 0.413223
v 2.291928 0.225068 0.327082
v 2.302903 0.227263 0.508420
v 2.295043 0.225751 0.413226
v 2.300450 0.268944 0.327076
v 2.310302 0.265368 0.508460
v 2.303257 0.268034 0.413233
v 2.327114 0.297065 0.327068
v 2.333456 0.289795 0.508500
v 2.328948 0.295133 0.413239
v 2.358073 0.307581 0.327062
v 2.360346 0.298935 0.508530
v 2.358783 0.305269 0.413242
v 2.374932 0.307052 0.161375
v 2.374833 0.307007 0.137701
v 2.439982 0.242532 0.162247
v 2.420673 0.358628 0.001880
v 2.439914 0.242526 0.136604
v 2.405077 0.296996 0.288416
v 2.404800 0.296698 0.155577
v 2.428104 0.274311 0.155858
v 2.428395 0.274616 0.289653
v 2.313605 0.286551 0.018569
v 2.313605 0.286551 -0.014808
v 2.505842 0.343361 0.001880
v 2.469422 0.377687 0.001880
v 2.392659 0.162882 0.001880
v 2.348072 0.159757 0.001880
v 2.309740 0.182750 0.001880
v 2.291187 0.224375 0.001880
v 2.299711 0.268252 0.001880
v 2.326482 0.297571 -0.043827
v 2.458389 0.365753 -0.052521
v 2.431709 0.336957 -0.090907
v 2.352818 0.306938 -0.057866
v 2.423537 0.185049 -0.014808
v 2.490299 0.328386 -0.061411
v 2.431920 0.266385 -0.105236
v 2.466554 0.303759 -0.091102
v 2.442233 0.230544 -0.060552
v 2.433479 0.198775 -0.043824
v 2.614258 0.463125 -0.067126
v 2.432380 0.266876 -0.127263
v 2.626256 0.476122 -0.059278
v 2.326482 0.297571 0.047588
v 2.458389 0.365753 0.056281
v 2.431709 0.336957 0.094668
v 2.352818 0.306938 0.061627
v 2.423537 0.185049 0.018570
v 2.490299 0.328386 0.065171
v 2.431920 0.266385 0.108998
v 2.466554 0.303759 0.094864
v 2.442233 0.230544 0.064314
v 2.433479 0.198775 0.047584
v 2.614258 0.463125 0.070888
v 2.432380 0.266876 0.131024
v 2.626256 0.476122 0.063040
v 2.645611 0.497089 0.001880
v 2.610256 0.529744 0.001880
v 2.603084 0.521974 -0.054590
v 2.683978 0.506609 0.001880
v 2.616723 0.568712 0.001880
v 2.608895 0.528270 -0.036504
v 2.578657 0.495513 -0.079239
v 2.593553 0.511649 -0.069192
v 2.397826 0.300389 -0.129763
v 2.643224 0.494503 -0.027575
v 2.636427 0.487141 -0.045390
v 2.401104 0.303929 -0.110407
v 2.376143 0.308439 -0.093951
v 2.477949 0.294095 -0.029804
v 2.491844 0.309103 -0.041611
v 2.462144 0.277056 -0.053026
v 2.438101 0.251128 -0.062816
v 2.470266 0.285822 -0.073350
v 2.437168 0.250114 -0.088338
v 2.603084 0.521974 0.058350
v 2.483701 0.300328 0.001880
v 2.499743 0.317655 0.001880
v 2.608895 0.528270 0.040266
v 2.578657 0.495513 0.083001
v 2.593553 0.511649 0.072953
v 2.397826 0.300389 0.133525
v 2.643224 0.494503 0.031337
v 2.636427 0.487141 0.049152
v 2.401104 0.303929 0.114168
v 2.376143 0.308439 0.097713
v 2.477949 0.294095 0.033566
v 2.491844 0.309103 0.045371
v 2.462144 0.277056 0.056788
v 2.438101 0.251128 0.066578
v 2.470266 0.285822 0.077112
v 2.437168 0.250114 0.092100
v -2.408878 0.345090 -0.079600
v -2.431130 0.369105 -0.046698
v -2.535589 0.436012 -0.113459
v -2.561913 0.412538 -0.113422
v -2.683978 0.505824 -0.060983
v -2.673194 0.494142 -0.081109
v -2.680771 0.502350 -0.073590
v -2.605939 0.556243 -0.081198
v -2.616721 0.567925 -0.061076
v -2.613516 0.564452 -0.073682
v -2.408878 0.345090 0.077119
v -2.431130 0.369105 0.044217
v -2.562709 0.509457 -0.082376
v -2.577605 0.525593 -0.072330
v -2.587136 0.535916 -0.057728
v -2.592948 0.542213 -0.039644
v -2.414914 0.351601 -0.032924
v -2.399108 0.334545 -0.056154
v -2.370609 0.304946 -0.064063
v -2.630204 0.447610 -0.070232
v -2.659171 0.478989 -0.030680
v -2.652374 0.471626 -0.048495
v -2.642203 0.460608 -0.062384
v -2.390275 0.273740 -0.680439
v -2.408298 0.255103 -0.680444
v -2.412874 0.233119 -0.680298
v -2.404404 0.210271 -0.680025
v -2.385302 0.195138 -0.679722
v -2.359434 0.193322 -0.679469
v -2.337197 0.206659 -0.679381
v -2.326438 0.230806 -0.679488
v -2.331386 0.256262 -0.679751
v -2.346857 0.272578 -0.680033
v -2.364819 0.278681 -0.680249
v -2.401066 0.296270 -0.412604
v -2.401951 0.298271 -0.326415
v -2.398460 0.290749 -0.507914
v -2.433023 0.266143 -0.326415
v -2.425451 0.262840 -0.507916
v -2.431012 0.265306 -0.412604
v -2.440915 0.228248 -0.326419
v -2.432303 0.229923 -0.507897
v -2.438616 0.228787 -0.412602
v -2.426320 0.188866 -0.326429
v -2.419620 0.195718 -0.507859
v -2.424551 0.190837 -0.412598
v -2.393398 0.162789 -0.326437
v -2.391023 0.173073 -0.507815
v -2.392824 0.165708 -0.412592
v -2.348811 0.159665 -0.326442
v -2.352299 0.170364 -0.507778
v -2.349856 0.162699 -0.412585
v -2.310480 0.182657 -0.326443
v -2.319016 0.190330 -0.507763
v -2.312921 0.184855 -0.412582
v -2.291926 0.224281 -0.326441
v -2.302903 0.226477 -0.507780
v -2.295043 0.224965 -0.412586
v -2.300450 0.268157 -0.326435
v -2.310302 0.264582 -0.507820
v -2.303256 0.267248 -0.412593
v -2.327114 0.296279 -0.326429
v -2.333454 0.289010 -0.507861
v -2.328948 0.294346 -0.412598
v -2.358073 0.306795 -0.326422
v -2.360344 0.298149 -0.507890
v -2.358783 0.304482 -0.412602
v -2.374932 0.306267 -0.160735
v -2.374833 0.306221 -0.137061
v -2.439980 0.241746 -0.161607
v -2.439914 0.241739 -0.135964
v -2.405077 0.296210 -0.287775
v -2.404800 0.295912 -0.154936
v -2.428102 0.273526 -0.155218
v -2.535589 0.436012 0.110978
v -2.561913 0.412538 0.110941
v -2.594308 0.543687 -0.001240
v -2.439395 0.378052 -0.001240
v -2.661558 0.481574 -0.001240
v -2.683978 0.505824 0.058502
v -2.673194 0.494142 0.078628
v -2.680771 0.502350 0.071109
v -2.605939 0.556243 0.078717
v -2.616721 0.567925 0.058595
v -2.613516 0.564452 0.071201
v -2.562709 0.509457 0.079895
v -2.577605 0.525593 0.069849
v -2.587136 0.535916 0.055247
v -2.592948 0.542213 0.037163
v -2.414914 0.351601 0.030443
v -2.428395 0.273830 -0.289012
v -2.399108 0.334545 0.053673
v -2.370609 0.304946 0.061582
v -2.630204 0.447610 0.067751
v -2.659171 0.478989 0.028199
v -2.652374 0.471626 0.046014
v -2.642203 0.460608 0.059903
v -2.390275 0.273740 0.677958
v -2.408298 0.255103 0.677963
v -2.412874 0.233119 0.677817
v -2.404404 0.210271 0.677544
v -2.385302 0.195138 0.677241
v -2.359434 0.193322 0.676988
v -2.337197 0.206659 0.676900
v -2.326438 0.230806 0.677007
v -2.331386 0.256262 0.677270
v -2.346857 0.272578 0.677552
v -2.364819 0.278681 0.677768
v -2.401066 0.296270 0.410123
v -2.401951 0.298271 0.323934
v -2.398460 0.290749 0.505433
v -2.433023 0.266143 0.323934
v -2.425451 0.262840 0.505435
v -2.431012 0.265306 0.410123
v -2.440915 0.228248 0.323939
v -2.432303 0.229923 0.505416
v -2.438616 0.228787 0.410121
v -2.426320 0.188866 0.323948
v -2.419620 0.195718 0.505378
v -2.424551 0.190837 0.410117
v -2.393398 0.162789 0.323956
v -2.391023 0.173073 0.505334
v -2.392824 0.165708 0.410111
v -2.348811 0.159665 0.323961
v -2.352299 0.170364 0.505297
v -2.349856 0.162699 0.410104
v -2.310480 0.182657 0.323962
v -2.319016 0.190330 0.505282
v -2.312921 0.184855 0.410101
v -2.291926 0.224281 0.323960
v -2.302903 0.226477 0.505299
v -2.295043 0.224965 0.410105
v -2.300450 0.268157 0.323954
v -2.310302 0.264582 0.505339
v -2.303256 0.267248 0.410112
v -2.327114 0.296279 0.323948
v -2.333454 0.289010 0.505380
v -2.328948 0.294346 0.410117
v -2.358073 0.306795 0.323941
v -2.360344 0.298149 0.505409
v -2.358783 0.304482 0.410121
v -2.374932 0.306267 0.158254
v -2.374833 0.306221 0.134580
v -2.439980 0.241746 0.159126
v -2.420671 0.357842 -0.001240
v -2.439914 0.241739 0.133483
v -2.405077 0.296210 0.285295
v -2.404800 0.295912 0.152455
v -2.428102 0.273526 0.152737
v -2.428395 0.273830 0.286531
v -2.313605 0.285766 0.015448
v -2.313605 0.285766 -0.017929
v -2.505842 0.342575 -0.001240
v -2.469422 0.376902 -0.001240
v -2.392659 0.162097 -0.001240
v -2.348072 0.158972 -0.001240
v -2.309740 0.181965 -0.001240
v -2.291187 0.223589 -0.001240
v -2.299711 0.267465 -0.001240
v -2.326482 0.296784 -0.046947
v -2.458389 0.364966 -0.055641
v -2.431707 0.336172 -0.094029
v -2.352817 0.306153 -0.060987
v -2.423537 0.184263 -0.017929
v -2.490299 0.327599 -0.064531
v -2.431920 0.265600 -0.108358
v -2.466554 0.302972 -0.094224
v -2.442233 0.229758 -0.063673
v -2.433477 0.197989 -0.046945
v -2.614258 0.462339 -0.070247
v -2.432379 0.266091 -0.130384
v -2.626256 0.475337 -0.062399
v -2.326482 0.296784 0.044466
v -2.458389 0.364966 0.053160
v -2.431707 0.336172 0.091548
v -2.352817 0.306153 0.058506
v -2.423537 0.184263 0.015448
v -2.490299 0.327599 0.062050
v -2.431920 0.265600 0.105877
v -2.466554 0.302972 0.091743
v -2.442233 0.229758 0.061192
v -2.433477 0.197989 0.044464
v -2.614258 0.462339 0.067766
v -2.432379 0.266091 0.127903
v -2.626256 0.475337 0.059918
v -2.645611 0.496303 -0.001240
v -2.610255 0.528957 -0.001240
v -2.603082 0.521187 -0.057711
v -2.683978 0.505824 -0.001240
v -2.616721 0.567925 -0.001240
v -2.608895 0.527484 -0.039626
v -2.578657 0.494728 -0.082360
v -2.593551 0.510864 -0.072312
v -2.397826 0.299603 -0.132884
v -2.643224 0.493718 -0.030696
v -2.636427 0.486355 -0.048511
v -2.401104 0.303142 -0.113528
v -2.376143 0.307654 -0.097073
v -2.477949 0.293309 -0.032926
v -2.491844 0.308317 -0.044732
v -2.462144 0.276270 -0.056147
v -2.438101 0.250342 -0.065938
v -2.470266 0.285036 -0.076471
v -2.437168 0.249327 -0.091459
v -2.603082 0.521187 0.055230
v -2.483701 0.299541 -0.001240
v -2.499743 0.316869 -0.001240
v -2.608895 0.527484 0.037145
v -2.578657 0.494728 0.079879
v -2.593551 0.510864 0.069831
v -2.397826 0.299603 0.130403
v -2.643224 0.493718 0.028215
v -2.636427 0.486355 0.046030
v -2.401104 0.303142 0.111047
v -2.376143 0.307654 0.094592
v -2.477949 0.293309 0.030445
v -2.491844 0.308317 0.042251
v -2.462144 0.276270 0.053666
v -2.438101 0.250342 0.063457
v -2.470266 0.285036 0.073991
v -2.437168 0.249327 0.088979
v 2.358416 0.402871 0.001880
v 2.353538 0.397593 -0.024941
v 2.340214 0.383171 -0.044576
v 2.322013 0.363470 -0.051763
v 2.303812 0.343770 -0.044576
v 2.290487 0.329348 -0.024941
v 2.285610 0.324069 0.001880
v 2.290487 0.329348 0.028702
v 2.303812 0.343770 0.048337
v 2.322013 0.363470 0.055523
v 2.340214 0.383171 0.048337
v 2.353538 0.397593 0.028702
v 2.366985 0.412146 0.001880
v 2.360960 0.405626 -0.031255
v 2.344499 0.387808 -0.055511
v 2.322013 0.363470 -0.064391
v 2.299527 0.339132 -0.055511
v 2.283066 0.321315 -0.031255
v 2.277041 0.314793 0.001880
v 2.283066 0.321315 0.035017
v 2.299527 0.339132 0.059273
v 2.322013 0.363470 0.068152
v 2.344499 0.387808 0.059273
v 2.360960 0.405626 0.035017
v 2.394098 0.410474 0.001880
v 2.386511 0.402262 -0.039839
v 2.365786 0.379830 -0.070381
v 2.337473 0.349186 -0.081561
v 2.309162 0.318541 -0.070381
v 2.288437 0.296109 -0.039839
v 2.280850 0.287898 0.001880
v 2.288437 0.296109 0.043601
v 2.309162 0.318541 0.074143
v 2.337473 0.349186 0.085322
v 2.365786 0.379830 0.074143
v 2.386511 0.402262 0.043601
v 2.389114 0.386864 0.001880
v 2.383412 0.380693 -0.029478
v 2.367834 0.363831 -0.052435
v 2.372869 0.369281 -0.065287
v 2.346554 0.340798 -0.060837
v 2.346554 0.340798 -0.075677
v 2.325272 0.317764 -0.052435
v 2.320238 0.312315 -0.065287
v 2.309694 0.300902 -0.029478
v 2.303992 0.294731 0.001880
v 2.293922 0.283830 0.001880
v 2.309694 0.300902 0.033240
v 2.300973 0.291462 0.040660
v 2.325272 0.317764 0.056197
v 2.346554 0.340798 0.064599
v 2.367834 0.363831 0.056197
v 2.372869 0.369281 0.069048
v 2.383412 0.380693 0.033240
v 2.399184 0.397764 0.001880
v 2.392133 0.390132 -0.036899
v 2.300973 0.291462 -0.036899
v 2.320238 0.312315 0.069048
v 2.346554 0.340798 0.079439
v 2.392133 0.390132 0.040660
v 2.399155 0.201741 0.040240
v 2.343225 0.253416 0.040240
v 2.368908 0.225108 0.042182
v 2.362282 0.274042 -0.064560
v 2.418212 0.222367 -0.064560
v 2.388928 0.246779 -0.067923
v 2.489329 0.299344 0.040240
v 2.433400 0.351017 0.040240
v 2.463646 0.327651 0.042182
v 2.496304 0.306893 0.001880
v 2.440375 0.358567 0.001880
v 2.470975 0.335583 0.001880
v 2.362281 0.274042 0.068321
v 2.418212 0.222367 0.068321
v 2.388928 0.246779 0.071685
v 2.433400 0.351017 -0.036479
v 2.489329 0.299344 -0.036479
v 2.463646 0.327651 -0.038421
v 2.343225 0.253416 -0.036479
v 2.399155 0.201741 -0.036479
v 2.368908 0.225108 -0.038421
v 2.388313 0.302216 0.078599
v 2.444242 0.250543 0.078599
v 2.416278 0.276379 0.082483
v 2.414343 0.330391 -0.064560
v 2.470274 0.278718 -0.064560
v 2.443627 0.305981 -0.067923
v 2.336250 0.245866 0.001880
v 2.392180 0.194192 0.001880
v 2.361579 0.217177 0.001880
v 2.414343 0.330391 0.068321
v 2.470274 0.278718 0.068321
v 2.443627 0.305981 0.071685
v 2.388313 0.302216 -0.074839
v 2.444242 0.250543 -0.074839
v 2.416278 0.276379 -0.078723
v 2.550097 0.266345 0.001880
v 2.542511 0.258134 -0.039839
v 2.521785 0.235701 -0.070381
v 2.493473 0.205056 -0.081561
v 2.465162 0.174413 -0.070381
v 2.444437 0.151981 -0.039839
v 2.436850 0.143769 0.001880
v 2.444437 0.151981 0.043601
v 2.465162 0.174413 0.074143
v 2.493473 0.205056 0.085322
v 2.521785 0.235701 0.074143
v 2.542511 0.258134 0.043601
v 2.537025 0.270413 0.001880
v 2.526955 0.259512 0.001880
v 2.521252 0.253341 -0.029478
v 2.505674 0.236479 -0.052435
v 2.510710 0.241929 -0.065287
v 2.484394 0.213445 -0.060837
v 2.484394 0.213445 -0.075677
v 2.463114 0.190412 -0.052435
v 2.458078 0.184962 -0.065287
v 2.447536 0.173550 -0.029478
v 2.441834 0.167379 0.001880
v 2.431763 0.156478 0.001880
v 2.447536 0.173550 0.033240
v 2.463114 0.190412 0.056197
v 2.458078 0.184962 0.069048
v 2.484394 0.213445 0.064599
v 2.505674 0.236479 0.056197
v 2.521252 0.253341 0.033240
v 2.529974 0.262781 0.040660
v 2.529974 0.262781 -0.036899
v 2.438815 0.164111 -0.036899
v 2.438815 0.164111 0.040660
v 2.484394 0.213445 0.079439
v 2.510710 0.241929 0.069048
v 2.544598 0.229374 0.001880
v 2.526766 0.210073 -0.043632
v 2.491102 0.171472 -0.043632
v 2.473271 0.152171 0.001880
v 2.491102 0.171472 0.047394
v 2.526766 0.210073 0.047394
v 2.469988 0.148617 0.035017
v 2.486449 0.166435 0.059273
v 2.463963 0.142097 0.001880
v 2.469988 0.148617 -0.031255
v 2.486449 0.166435 -0.055511
v 2.508935 0.190773 -0.064391
v 2.531420 0.215112 -0.055511
v 2.547881 0.232928 -0.031255
v 2.553906 0.239450 0.001880
v 2.508935 0.190773 0.068152
v 2.531420 0.215112 0.059273
v 2.547881 0.232928 0.035017
v 2.140447 0.592114 0.001868
v 2.152822 0.592818 0.001868
v 2.136381 0.587712 -0.020482
v 2.147945 0.587539 -0.024941
v 2.125267 0.575683 -0.036858
v 2.134618 0.573114 -0.044579
v 2.110096 0.559261 -0.042848
v 2.116420 0.553417 -0.051763
v 2.098215 0.533711 -0.044572
v 2.094915 0.542829 -0.036852
v 2.083809 0.530809 -0.020484
v 2.084894 0.519295 -0.024941
v 2.080018 0.514016 0.001888
v 2.079742 0.526408 0.001888
v 2.084894 0.519295 0.028702
v 2.083808 0.530809 0.024244
v 2.094923 0.542839 0.040620
v 2.098223 0.533722 0.048341
v 2.116420 0.553417 0.055523
v 2.110095 0.559260 0.046609
v 2.134618 0.573114 0.048341
v 2.125267 0.575683 0.040620
v 2.136381 0.587712 0.024245
v 2.147945 0.587539 0.028702
v 2.110095 0.559260 0.001880
v 2.546567 0.191781 -0.043633
v 2.510903 0.153179 -0.043632
v 2.564399 0.211082 0.001880
v 2.546567 0.191781 0.047394
v 2.510903 0.153179 0.047394
v 2.493071 0.133879 0.001880
v 2.299573 0.416658 -0.523994
v 2.234162 0.377836 -0.523994
v 2.191258 0.315026 -0.523994
v 2.172456 0.241322 -0.523994
v 2.186532 0.166571 -0.523994
v 2.225354 0.101160 -0.523994
v 2.288163 0.058256 -0.523994
v 2.361866 0.039456 -0.523994
v 2.436617 0.053530 -0.523994
v 2.502028 0.092352 -0.523994
v 2.544932 0.155162 -0.523994
v 2.563734 0.228866 -0.523994
v 2.549658 0.303617 -0.523994
v 2.510836 0.369026 -0.523994
v 2.448027 0.411930 -0.523994
v 2.374324 0.430732 -0.523994
v 2.375213 0.458652 -0.523994
v 2.375748 0.475499 -0.536214
v 2.375544 0.469064 -0.527372
v 2.432831 0.449194 -0.523994
v 2.435846 0.459165 -0.527372
v 2.437708 0.465327 -0.536214
v 2.486038 0.425143 -0.523994
v 2.491531 0.433994 -0.527372
v 2.494926 0.439464 -0.536214
v 2.531207 0.388141 -0.523994
v 2.538805 0.395269 -0.527372
v 2.543499 0.399674 -0.536214
v 2.565261 0.340710 -0.523994
v 2.574444 0.345629 -0.527372
v 2.580119 0.348669 -0.536214
v 2.585878 0.286081 -0.523994
v 2.596022 0.288456 -0.527372
v 2.602290 0.289923 -0.536214
v 2.591654 0.227977 -0.523994
v 2.602066 0.227646 -0.527372
v 2.608500 0.227440 -0.536214
v 2.582194 0.170357 -0.523994
v 2.592165 0.167343 -0.527372
v 2.598328 0.165480 -0.536214
v 2.558144 0.117151 -0.523994
v 2.566995 0.111658 -0.527372
v 2.572466 0.108263 -0.536214
v 2.521142 0.071981 -0.523994
v 2.528270 0.064385 -0.527372
v 2.532676 0.059690 -0.536214
v 2.473711 0.037928 -0.523994
v 2.478630 0.028745 -0.527372
v 2.481669 0.023070 -0.536214
v 2.419082 0.017310 -0.523994
v 2.421456 0.007168 -0.527372
v 2.422924 0.000900 -0.536214
v 2.360977 0.011534 -0.523994
v 2.360646 0.001124 -0.527372
v 2.360442 -0.005311 -0.536214
v 2.303359 0.020994 -0.523994
v 2.300344 0.011024 -0.527372
v 2.298481 0.004861 -0.536214
v 2.250151 0.045045 -0.523994
v 2.244658 0.036194 -0.527372
v 2.241264 0.030724 -0.536214
v 2.204983 0.082047 -0.523994
v 2.197385 0.074919 -0.527372
v 2.192690 0.070514 -0.536214
v 2.170928 0.129479 -0.523994
v 2.161746 0.124559 -0.527372
v 2.156071 0.121519 -0.536214
v 2.150312 0.184107 -0.523994
v 2.140168 0.181732 -0.527372
v 2.133900 0.180265 -0.536214
v 2.144536 0.242211 -0.523994
v 2.134124 0.242542 -0.527372
v 2.127689 0.242748 -0.536214
v 2.153996 0.299829 -0.523994
v 2.144025 0.302844 -0.527372
v 2.137861 0.304708 -0.536214
v 2.178046 0.353037 -0.523994
v 2.169194 0.358530 -0.527372
v 2.163724 0.361925 -0.536214
v 2.215047 0.398207 -0.523994
v 2.207920 0.405803 -0.527372
v 2.203514 0.410498 -0.536214
v 2.262479 0.432260 -0.523994
v 2.257560 0.441442 -0.527372
v 2.254521 0.447118 -0.536214
v 2.317108 0.452877 -0.523994
v 2.314734 0.463020 -0.527372
v 2.313266 0.469288 -0.536214
v 2.375213 0.458652 -0.805621
v 2.375544 0.469064 -0.802244
v 2.375749 0.475499 -0.793401
v 2.432831 0.449194 -0.805621
v 2.437708 0.465327 -0.793401
v 2.435846 0.459165 -0.802244
v 2.486038 0.425143 -0.805621
v 2.494926 0.439464 -0.793401
v 2.491531 0.433994 -0.802244
v 2.531207 0.388141 -0.805621
v 2.543499 0.399674 -0.793401
v 2.538805 0.395269 -0.802244
v 2.565261 0.340710 -0.805621
v 2.580119 0.348669 -0.793401
v 2.574444 0.345629 -0.802244
v 2.585878 0.286081 -0.805621
v 2.602290 0.289923 -0.793401
v 2.596022 0.288456 -0.802244
v 2.591654 0.227977 -0.805621
v 2.608500 0.227440 -0.793401
v 2.602066 0.227646 -0.802244
v 2.582194 0.170357 -0.805621
v 2.598328 0.165480 -0.793401
v 2.592165 0.167343 -0.802244
v 2.558144 0.117151 -0.805621
v 2.572466 0.108263 -0.793401
v 2.566995 0.111658 -0.802244
v 2.521142 0.071981 -0.805621
v 2.532676 0.059690 -0.793401
v 2.528270 0.064385 -0.802244
v 2.473711 0.037928 -0.805621
v 2.481669 0.023070 -0.793401
v 2.478630 0.028745 -0.802244
v 2.419082 0.017310 -0.805621
v 2.422924 0.000900 -0.793401
v 2.421456 0.007168 -0.802244
v 2.360977 0.011534 -0.805621
v 2.360442 -0.005311 -0.793401
v 2.360646 0.001124 -0.802244
v 2.303359 0.020994 -0.805621
v 2.298481 0.004861 -0.793401
v 2.300344 0.011024 -0.802244
v 2.250151 0.045045 -0.805621
v 2.241264 0.030724 -0.793401
v 2.244658 0.036194 -0.802244
v 2.204983 0.082047 -0.805621
v 2.192690 0.070514 -0.793401
v 2.197385 0.074919 -0.802244
v 2.170928 0.129479 -0.805621
v 2.156071 0.121519 -0.793401
v 2.161746 0.124559 -0.802244
v 2.150312 0.184107 -0.805621
v 2.133900 0.180265 -0.793401
v 2.140168 0.181732 -0.802244
v 2.144536 0.242211 -0.805621
v 2.127689 0.242748 -0.793401
v 2.134124 0.242542 -0.802244
v 2.153996 0.299829 -0.805621
v 2.137861 0.304708 -0.793401
v 2.144025 0.302845 -0.802244
v 2.178046 0.353037 -0.805621
v 2.163724 0.361925 -0.793401
v 2.169194 0.358530 -0.802244
v 2.215047 0.398207 -0.805621
v 2.203514 0.410498 -0.793401
v 2.207920 0.405803 -0.802244
v 2.262479 0.432260 -0.805621
v 2.254521 0.447118 -0.793401
v 2.257560 0.441442 -0.802244
v 2.317108 0.452877 -0.805621
v 2.313266 0.469288 -0.793401
v 2.314734 0.463020 -0.802244
v 2.434540 0.382094 -0.791033
v 2.416908 0.343087 -0.760747
v 2.398356 0.302039 -0.693173
v 2.422133 0.285798 -0.693173
v 2.486752 0.346429 -0.791033
v 2.455266 0.316887 -0.760747
v 2.519024 0.292055 -0.791033
v 2.478974 0.276940 -0.760747
v 2.436830 0.261035 -0.693173
v 2.442158 0.232736 -0.693173
v 2.530723 0.229916 -0.791033
v 2.487570 0.231291 -0.760747
v 2.515094 0.168649 -0.791033
v 2.476088 0.186280 -0.760747
v 2.435041 0.204834 -0.693173
v 2.418799 0.181055 -0.693173
v 2.479429 0.116436 -0.791033
v 2.449887 0.147922 -0.760747
v 2.425056 0.084166 -0.791033
v 2.409941 0.124215 -0.760747
v 2.394036 0.166358 -0.693173
v 2.365737 0.161030 -0.693173
v 2.362918 0.072465 -0.791033
v 2.364291 0.115618 -0.760747
v 2.301649 0.088094 -0.791033
v 2.319280 0.127101 -0.760747
v 2.337834 0.168147 -0.693173
v 2.314057 0.184390 -0.693173
v 2.249438 0.123759 -0.791033
v 2.280924 0.153301 -0.760747
v 2.217166 0.178133 -0.791033
v 2.257215 0.193248 -0.760747
v 2.299360 0.209153 -0.693173
v 2.294032 0.237452 -0.693173
v 2.205466 0.240272 -0.791033
v 2.248620 0.238897 -0.760747
v 2.221096 0.301539 -0.791033
v 2.260103 0.283908 -0.760747
v 2.301149 0.265354 -0.693173
v 2.317391 0.289133 -0.693173
v 2.256760 0.353752 -0.791033
v 2.286303 0.322266 -0.760747
v 2.311135 0.386022 -0.791033
v 2.326248 0.345973 -0.760747
v 2.342154 0.303830 -0.693173
v 2.370453 0.309158 -0.693173
v 2.373272 0.397723 -0.791033
v 2.371899 0.354568 -0.760747
v 2.448967 0.414012 -0.804874
v 2.512515 0.370604 -0.804874
v 2.551794 0.304423 -0.804874
v 2.566035 0.228792 -0.804874
v 2.547012 0.154221 -0.804874
v 2.503604 0.090673 -0.804874
v 2.437423 0.051394 -0.804874
v 2.361794 0.037153 -0.804874
v 2.287222 0.056176 -0.804874
v 2.223675 0.099584 -0.804874
v 2.184396 0.165765 -0.804874
v 2.170155 0.241396 -0.804874
v 2.189177 0.315967 -0.804874
v 2.232586 0.379515 -0.804874
v 2.298767 0.418794 -0.804874
v 2.374396 0.433034 -0.804874
v 2.394125 0.277036 -0.680546
v 2.417434 0.233524 -0.680546
v 2.391404 0.191580 -0.680546
v 2.342065 0.193150 -0.680546
v 2.318756 0.236664 -0.680546
v 2.344786 0.278608 -0.680546
v 2.371222 0.316822 -0.576006
v 2.401922 0.308990 -0.576006
v 2.428085 0.291119 -0.576006
v 2.444257 0.263872 -0.576006
v 2.450120 0.232735 -0.576006
v 2.442288 0.202034 -0.576006
v 2.424417 0.175871 -0.576006
v 2.397169 0.159698 -0.576006
v 2.366032 0.153837 -0.576006
v 2.335332 0.161667 -0.576006
v 2.309169 0.179540 -0.576006
v 2.292996 0.206786 -0.576006
v 2.287135 0.237924 -0.576006
v 2.294965 0.268625 -0.576006
v 2.312838 0.294788 -0.576006
v 2.340084 0.310959 -0.576006
v 2.368627 0.235329 -0.557414
v 2.357832 0.300693 -0.557414
v 2.371139 0.314207 -0.563048
v 2.400854 0.306627 -0.563048
v 2.407212 0.289181 -0.557414
v 2.426178 0.289329 -0.563048
v 2.441829 0.262956 -0.563048
v 2.433991 0.246123 -0.557414
v 2.447505 0.232818 -0.563048
v 2.439924 0.203101 -0.563048
v 2.422479 0.196743 -0.557414
v 2.422627 0.177778 -0.563048
v 2.396254 0.162126 -0.563048
v 2.379421 0.169966 -0.557414
v 2.366116 0.156450 -0.563048
v 2.336399 0.164031 -0.563048
v 2.330041 0.181476 -0.557414
v 2.311075 0.181329 -0.563048
v 2.295424 0.207702 -0.563048
v 2.303264 0.224534 -0.557414
v 2.289748 0.237841 -0.563048
v 2.297329 0.267556 -0.563048
v 2.314774 0.273916 -0.557414
v 2.314627 0.292880 -0.563048
v 2.341001 0.308532 -0.563048
v 2.370323 0.305074 -0.680546
v 2.396686 0.298349 -0.680546
v 2.419153 0.283001 -0.680546
v 2.433040 0.259605 -0.680546
v 2.438075 0.232866 -0.680546
v 2.431349 0.206502 -0.680546
v 2.416003 0.184035 -0.680546
v 2.392605 0.170148 -0.680546
v 2.365867 0.165114 -0.680546
v 2.339504 0.171839 -0.680546
v 2.317037 0.187187 -0.680546
v 2.303150 0.210583 -0.680546
v 2.298115 0.237322 -0.680546
v 2.304841 0.263686 -0.680546
v 2.320187 0.286153 -0.680546
v 2.343585 0.300039 -0.680546
v 2.394125 0.277036 -0.724050
v 2.417434 0.233524 -0.724050
v 2.391404 0.191580 -0.724050
v 2.342065 0.193150 -0.724050
v 2.318756 0.236664 -0.724050
v 2.344786 0.278608 -0.724050
v 2.299573 0.416658 0.524620
v 2.234162 0.377836 0.524620
v 2.191258 0.315026 0.524620
v 2.172456 0.241322 0.524620
v 2.186532 0.166571 0.524620
v 2.225354 0.101160 0.524620
v 2.288163 0.058256 0.524620
v 2.361866 0.039456 0.524620
v 2.436617 0.053530 0.524620
v 2.502028 0.092352 0.524620
v 2.544932 0.155162 0.524620
v 2.563734 0.228866 0.524620
v 2.549658 0.303617 0.524620
v 2.510836 0.369026 0.524620
v 2.448027 0.411930 0.524620
v 2.374324 0.430732 0.524620
v 2.375213 0.458652 0.524620
v 2.375748 0.475499 0.536840
v 2.375544 0.469064 0.527998
v 2.432831 0.449194 0.524620
v 2.435846 0.459165 0.527998
v 2.437708 0.465327 0.536840
v 2.486038 0.425143 0.524620
v 2.491531 0.433994 0.527998
v 2.494926 0.439464 0.536840
v 2.531207 0.388141 0.524620
v 2.538805 0.395269 0.527998
v 2.543499 0.399674 0.536840
v 2.565261 0.340710 0.524620
v 2.574444 0.345629 0.527998
v 2.580119 0.348669 0.536840
v 2.585878 0.286081 0.524620
v 2.596022 0.288456 0.527998
v 2.602290 0.289923 0.536840
v 2.591654 0.227977 0.524620
v 2.602066 0.227646 0.527998
v 2.608500 0.227440 0.536840
v 2.582194 0.170357 0.524620
v 2.592165 0.167343 0.527998
v 2.598328 0.165480 0.536840
v 2.558144 0.117151 0.524620
v 2.566995 0.111658 0.527998
v 2.572466 0.108263 0.536840
v 2.521142 0.071981 0.524620
v 2.528270 0.064385 0.527998
v 2.532676 0.059690 0.536840
v 2.473711 0.037928 0.524620
v 2.478630 0.028745 0.527998
v 2.481669 0.023070 0.536840
v 2.419082 0.017310 0.524620
v 2.421456 0.007168 0.527998
v 2.422924 0.000900 0.536840
v 2.360977 0.011534 0.524620
v 2.360646 0.001124 0.527998
v 2.360442 -0.005311 0.536840
v 2.303359 0.020994 0.524620
v 2.300344 0.011024 0.527998
v 2.298481 0.004861 0.536840
v 2.250151 0.045045 0.524620
v 2.244658 0.036194 0.527998
v 2.241264 0.030724 0.536840
v 2.204983 0.082047 0.524620
v 2.197385 0.074919 0.527998
v 2.192690 0.070514 0.536840
v 2.170928 0.129479 0.524620
v 2.161746 0.124559 0.527998
v 2.156071 0.121519 0.536840
v 2.150312 0.184107 0.524620
v 2.140168 0.181732 0.527998
v 2.133900 0.180265 0.536840
v 2.144536 0.242211 0.524620
v 2.134124 0.242542 0.527998
v 2.127689 0.242748 0.536840
v 2.153996 0.299829 0.524620
v 2.144025 0.302844 0.527998
v 2.137861 0.304708 0.536840
v 2.178046 0.353037 0.524620
v 2.169194 0.358530 0.527998
v 2.163724 0.361925 0.536840
v 2.215047 0.398207 0.524620
v 2.207920 0.405803 0.527998
v 2.203514 0.410498 0.536840
v 2.262479 0.432260 0.524620
v 2.257560 0.441442 0.527998
v 2.254521 0.447118 0.536840
v 2.317108 0.452877 0.524620
v 2.314734 0.463020 0.527998
v 2.313266 0.469288 0.536840
v 2.375213 0.458652 0.806249
v 2.375544 0.469064 0.802870
v 2.375749 0.475499 0.794029
v 2.432831 0.449194 0.806249
v 2.437708 0.465327 0.794029
v 2.435846 0.459165 0.802870
v 2.486038 0.425143 0.806249
v 2.494926 0.439464 0.794029
v 2.491531 0.433994 0.802870
v 2.531207 0.388141 0.806249
v 2.543499 0.399674 0.794029
v 2.538805 0.395269 0.802870
v 2.565261 0.340710 0.806249
v 2.580119 0.348669 0.794029
v 2.574444 0.345629 0.802870
v 2.585878 0.286081 0.806249
v 2.602290 0.289923 0.794029
v 2.596022 0.288456 0.802870
v 2.591654 0.227977 0.806249
v 2.608500 0.227440 0.794029
v 2.602066 0.227646 0.802870
v 2.582194 0.170357 0.806249
v 2.598328 0.165480 0.794029
v 2.592165 0.167343 0.802870
v 2.558144 0.117151 0.806249
v 2.572466 0.108263 0.794029
v 2.566995 0.111658 0.802870
v 2.521142 0.071981 0.806249
v 2.532676 0.059690 0.794029
v 2.528270 0.064385 0.802870
v 2.473711 0.037928 0.806249
v 2.481669 0.023070 0.794029
v 2.478630 0.028745 0.802870
v 2.419082 0.017310 0.806249
v 2.422924 0.000900 0.794029
v 2.421456 0.007168 0.802870
v 2.360977 0.011534 0.806249
v 2.360442 -0.005311 0.794029
v 2.360646 0.001124 0.802870
v 2.303359 0.020994 0.806249
v 2.298481 0.004861 0.794029
v 2.300344 0.011024 0.802870
v 2.250151 0.045045 0.806249
v 2.241264 0.030724 0.794029
v 2.244658 0.036194 0.802870
v 2.204983 0.082047 0.806249
v 2.192690 0.070514 0.794029
v 2.197385 0.074919 0.802870
v 2.170928 0.129479 0.806249
v 2.156071 0.121519 0.794029
v 2.161746 0.124559 0.802870
v 2.150312 0.184107 0.806249
v 2.133900 0.180265 0.794029
v 2.140168 0.181732 0.802870
v 2.144536 0.242211 0.806249
v 2.127689 0.242748 0.794029
v 2.134124 0.242542 0.802870
v 2.153996 0.299829 0.806249
v 2.137861 0.304708 0.794029
v 2.144025 0.302845 0.802870
v 2.178046 0.353037 0.806249
v 2.163724 0.361925 0.794029
v 2.169194 0.358530 0.802870
v 2.215047 0.398207 0.806249
v 2.203514 0.410498 0.794029
v 2.207920 0.405803 0.802870
v 2.262479 0.432260 0.806249
v 2.254521 0.447118 0.794029
v 2.257560 0.441442 0.802870
v 2.317108 0.452877 0.806249
v 2.313266 0.469288 0.794029
v 2.314734 0.463020 0.802870
v 2.434540 0.382094 0.791660
v 2.416908 0.343087 0.761373
v 2.398356 0.302039 0.693800
v 2.422133 0.285798 0.693800
v 2.486752 0.346429 0.791660
v 2.455266 0.316887 0.761373
v 2.519024 0.292055 0.791660
v 2.478974 0.276940 0.761373
v 2.436830 0.261035 0.693800
v 2.442158 0.232736 0.693800
v 2.530723 0.229916 0.791660
v 2.487570 0.231291 0.761373
v 2.515094 0.168649 0.791660
v 2.476088 0.186280 0.761373
v 2.435041 0.204834 0.693800
v 2.418799 0.181055 0.693800
v 2.479429 0.116436 0.791660
v 2.449887 0.147922 0.761373
v 2.425056 0.084166 0.791660
v 2.409941 0.124215 0.761373
v 2.394036 0.166358 0.693800
v 2.365737 0.161030 0.693800
v 2.362918 0.072465 0.791660
v 2.364291 0.115618 0.761373
v 2.301649 0.088094 0.791660
v 2.319280 0.127101 0.761373
v 2.337834 0.168147 0.693800
v 2.314057 0.184390 0.693800
v 2.249438 0.123759 0.791660
v 2.280924 0.153301 0.761373
v 2.217166 0.178133 0.791660
v 2.257215 0.193248 0.761373
v 2.299360 0.209153 0.693800
v 2.294032 0.237452 0.693800
v 2.205466 0.240272 0.791660
v 2.248620 0.238897 0.761373
v 2.221096 0.301539 0.791660
v 2.260103 0.283908 0.761373
v 2.301149 0.265354 0.693800
v 2.317391 0.289133 0.693800
v 2.256760 0.353752 0.791660
v 2.286303 0.322266 0.761373
v 2.311135 0.386022 0.791660
v 2.326248 0.345973 0.761373
v 2.342154 0.303830 0.693800
v 2.370453 0.309158 0.693800
v 2.373272 0.397723 0.791660
v 2.371899 0.354568 0.761373
v 2.448967 0.414012 0.805500
v 2.512515 0.370604 0.805500
v 2.551794 0.304423 0.805500
v 2.566035 0.228792 0.805500
v 2.547012 0.154221 0.805500
v 2.503604 0.090673 0.805500
v 2.437423 0.051394 0.805500
v 2.361794 0.037153 0.805500
v 2.287222 0.056176 0.805500
v 2.223675 0.099584 0.805500
v 2.184396 0.165765 0.805500
v 2.170155 0.241396 0.805500
v 2.189177 0.315967 0.805500
v 2.232586 0.379515 0.805500
v 2.298767 0.418794 0.805500
v 2.374396 0.433034 0.805500
v 2.394125 0.277036 0.681173
v 2.417434 0.233524 0.681173
v 2.391404 0.191580 0.681173
v 2.342065 0.193150 0.681173
v 2.318756 0.236664 0.681173
v 2.344786 0.278608 0.681173
v 2.371222 0.316822 0.576633
v 2.401922 0.308990 0.576633
v 2.428085 0.291119 0.576633
v 2.444257 0.263872 0.576633
v 2.450120 0.232735 0.576633
v 2.442288 0.202034 0.576633
v 2.424417 0.175871 0.576633
v 2.397169 0.159698 0.576633
v 2.366032 0.153837 0.576633
v 2.335332 0.161667 0.576633
v 2.309169 0.179540 0.576633
v 2.292996 0.206786 0.576633
v 2.287135 0.237924 0.576633
v 2.294965 0.268625 0.576633
v 2.312838 0.294788 0.576633
v 2.340084 0.310959 0.576633
v 2.368627 0.235329 0.558040
v 2.357832 0.300693 0.558040
v 2.371139 0.314207 0.563675
v 2.400854 0.306627 0.563675
v 2.407212 0.289181 0.558040
v 2.426178 0.289329 0.563675
v 2.441829 0.262956 0.563675
v 2.433991 0.246123 0.558040
v 2.447505 0.232818 0.563675
v 2.439924 0.203101 0.563675
v 2.422479 0.196743 0.558040
v 2.422627 0.177778 0.563675
v 2.396254 0.162126 0.563675
v 2.379421 0.169966 0.558040
v 2.366116 0.156450 0.563675
v 2.336399 0.164031 0.563675
v 2.330041 0.181476 0.558040
v 2.311075 0.181329 0.563675
v 2.295424 0.207702 0.563675
v 2.303264 0.224534 0.558040
v 2.289748 0.237841 0.563675
v 2.297329 0.267556 0.563675
v 2.314774 0.273916 0.558040
v 2.314627 0.292880 0.563675
v 2.341001 0.308532 0.563675
v 2.370323 0.305074 0.681173
v 2.396686 0.298349 0.681173
v 2.419153 0.283001 0.681173
v 2.433040 0.259605 0.681173
v 2.438075 0.232866 0.681173
v 2.431349 0.206502 0.681173
v 2.416003 0.184035 0.681173
v 2.392605 0.170148 0.681173
v 2.365867 0.165114 0.681173
v 2.339504 0.171839 0.681173
v 2.317037 0.187187 0.681173
v 2.303150 0.210583 0.681173
v 2.298115 0.237322 0.681173
v 2.304841 0.263686 0.681173
v 2.320187 0.286153 0.681173
v 2.343585 0.300039 0.681173
v 2.394125 0.277036 0.724677
v 2.417434 0.233524 0.724677
v 2.391404 0.191580 0.724677
v 2.342065 0.193150 0.724677
v 2.318756 0.236664 0.724677
v 2.344786 0.278608 0.724677
v 2.574108 0.662963 -0.132099
v 2.569708 0.670684 -0.132102
v 2.526759 0.688829 -0.155277
v 2.564057 0.663357 -0.107820
v 2.552923 0.663781 -0.100379
v 2.555110 0.671208 -0.106454
v 2.526759 0.688857 -0.108953
v 2.526658 0.664772 -0.100379
v 2.524885 0.672430 -0.106451
v 2.515526 0.665188 -0.107822
v 2.508087 0.665463 -0.118961
v 2.568208 0.687242 -0.132115
v 2.510280 0.672926 -0.132103
v 2.554672 0.687701 -0.155273
v 2.515525 0.665159 -0.156377
v 2.526658 0.664733 -0.163820
v 2.524884 0.672400 -0.157754
v 2.554673 0.687728 -0.108956
v 2.552923 0.663742 -0.163820
v 2.564056 0.663327 -0.156377
v 2.555108 0.671179 -0.157750
v 2.571496 0.663053 -0.145238
v 2.513323 0.689314 -0.132115
v 2.571496 0.663069 -0.118959
v 2.539790 0.664279 -0.097765
v 2.505475 0.665553 -0.132099
v 2.508087 0.665447 -0.145238
v 2.539790 0.664237 -0.166434
v 2.565563 0.514616 -0.132577
v 2.563251 0.514444 -0.120955
v 2.556659 0.514475 -0.111071
v 2.546792 0.514699 -0.104470
v 2.535167 0.515085 -0.102147
v 2.523520 0.515576 -0.104455
v 2.513662 0.516096 -0.111040
v 2.507079 0.516564 -0.120904
v 2.504757 0.516909 -0.132527
v 2.507066 0.517082 -0.144177
v 2.513664 0.517052 -0.154049
v 2.523530 0.516827 -0.160648
v 2.535153 0.516439 -0.162975
v 2.546788 0.515949 -0.160671
v 2.556668 0.515430 -0.154085
v 2.563256 0.514961 -0.144224
v 2.535162 0.515762 -0.132562
v 2.524867 0.552921 -0.103609
v 2.536513 0.553782 -0.162155
v 2.515000 0.553441 -0.110197
v 2.548159 0.553290 -0.159849
v 2.508412 0.553911 -0.120062
v 2.566930 0.551953 -0.131756
v 2.558029 0.552769 -0.153261
v 2.564615 0.551781 -0.120110
v 2.506083 0.554258 -0.131702
v 2.564634 0.552299 -0.143395
v 2.558026 0.551812 -0.110233
v 2.508408 0.554430 -0.143347
v 2.548154 0.552038 -0.103628
v 2.514991 0.554399 -0.153224
v 2.536518 0.552427 -0.101303
v 2.524871 0.554172 -0.159829
v 2.563845 0.561084 -0.104446
v 2.563586 0.551597 -0.104669
v 2.574799 0.551825 -0.131737
v 2.575066 0.561313 -0.131524
v 2.501403 0.564100 -0.146146
v 2.501139 0.554613 -0.146366
v 2.551415 0.561313 -0.096138
v 2.551162 0.551825 -0.096358
v 2.509699 0.564101 -0.158575
v 2.509444 0.554613 -0.158797
v 2.536779 0.561737 -0.093219
v 2.536537 0.552249 -0.093430
v 2.522115 0.563872 -0.166881
v 2.521867 0.554384 -0.167103
v 2.521861 0.552804 -0.096333
v 2.522116 0.562292 -0.096127
v 2.536518 0.553960 -0.170026
v 2.536769 0.563448 -0.169813
v 2.571897 0.552252 -0.146408
v 2.572159 0.561740 -0.146203
v 2.498215 0.554383 -0.131686
v 2.498484 0.563871 -0.131473
v 2.571893 0.551596 -0.117121
v 2.572160 0.561084 -0.116901
v 2.563594 0.552807 -0.158824
v 2.563857 0.562294 -0.158620
v 2.501140 0.553959 -0.117054
v 2.501402 0.563446 -0.116848
v 2.551164 0.553406 -0.167121
v 2.551415 0.562894 -0.166916
v 2.509447 0.553404 -0.104616
v 2.509708 0.562892 -0.104413
v 2.571700 0.670615 -0.118965
v 2.564262 0.670904 -0.107827
v 2.526866 0.672320 -0.100380
v 2.515731 0.672736 -0.107822
v 2.508290 0.673009 -0.118962
v 2.505677 0.673099 -0.132103
v 2.571699 0.670599 -0.145239
v 2.564262 0.670874 -0.156378
v 2.553130 0.671290 -0.163821
v 2.539998 0.671783 -0.166436
v 2.526865 0.672281 -0.163825
v 2.515731 0.672705 -0.156383
v 2.508290 0.672993 -0.145243
v 2.539999 0.671825 -0.097769
v 2.553131 0.671329 -0.100383
v 2.574311 0.670509 -0.132102
v 2.162248 0.677380 -0.132099
v 2.157848 0.685100 -0.132102
v 2.114899 0.703247 -0.155277
v 2.152196 0.677774 -0.107820
v 2.141064 0.678199 -0.100379
v 2.143249 0.685625 -0.106454
v 2.114899 0.703273 -0.108953
v 2.114799 0.679190 -0.100379
v 2.113025 0.686848 -0.106451
v 2.103665 0.679606 -0.107822
v 2.096226 0.679880 -0.118961
v 2.156347 0.701660 -0.132115
v 2.098420 0.687343 -0.132103
v 2.142813 0.702117 -0.155273
v 2.103665 0.679575 -0.156377
v 2.114798 0.679151 -0.163820
v 2.113025 0.686818 -0.157754
v 2.142813 0.702144 -0.108956
v 2.141062 0.678160 -0.163820
v 2.152196 0.677745 -0.156377
v 2.143249 0.685595 -0.157750
v 2.159635 0.677470 -0.145238
v 2.101462 0.703731 -0.132115
v 2.159637 0.677486 -0.118959
v 2.127931 0.678695 -0.097765
v 2.093615 0.679969 -0.132099
v 2.096226 0.679864 -0.145238
v 2.127931 0.678654 -0.166434
v 2.153704 0.528527 -0.132670
v 2.151390 0.528309 -0.121050
v 2.144798 0.528303 -0.111166
v 2.134933 0.528502 -0.104564
v 2.123308 0.528879 -0.102241
v 2.111661 0.529379 -0.104547
v 2.101803 0.529924 -0.111129
v 2.095218 0.530431 -0.120990
v 2.092896 0.530820 -0.132613
v 2.095207 0.531037 -0.144263
v 2.101805 0.531046 -0.154133
v 2.111670 0.530845 -0.160734
v 2.123292 0.530467 -0.163061
v 2.134928 0.529968 -0.160759
v 2.144808 0.529424 -0.154175
v 2.151396 0.528917 -0.144316
v 2.123303 0.529673 -0.132652
v 2.113007 0.566721 -0.103557
v 2.124653 0.567805 -0.162100
v 2.103140 0.567266 -0.110143
v 2.136298 0.567304 -0.159795
v 2.096551 0.567773 -0.120007
v 2.155069 0.565860 -0.131708
v 2.146168 0.566759 -0.153209
v 2.152754 0.565644 -0.120062
v 2.094224 0.568165 -0.131646
v 2.152774 0.566251 -0.143345
v 2.146167 0.565637 -0.110185
v 2.096548 0.568381 -0.143289
v 2.136295 0.565838 -0.103580
v 2.103132 0.568389 -0.153166
v 2.124657 0.566219 -0.101252
v 2.113010 0.568186 -0.159772
v 2.151984 0.574888 -0.104363
v 2.151727 0.565401 -0.104622
v 2.162940 0.565734 -0.131689
v 2.163207 0.575219 -0.131439
v 2.089542 0.578063 -0.146050
v 2.089278 0.568577 -0.146307
v 2.139554 0.575085 -0.096054
v 2.139303 0.565598 -0.096311
v 2.097838 0.578110 -0.158480
v 2.097584 0.568625 -0.158738
v 2.124919 0.575498 -0.093133
v 2.124676 0.566010 -0.093381
v 2.110254 0.577913 -0.166788
v 2.110007 0.568426 -0.167045
v 2.110002 0.566576 -0.096280
v 2.110255 0.576063 -0.096039
v 2.124657 0.568013 -0.169970
v 2.124908 0.577502 -0.169721
v 2.160036 0.566216 -0.146359
v 2.160299 0.575702 -0.146117
v 2.086356 0.568291 -0.131627
v 2.086623 0.577776 -0.131378
v 2.160034 0.565448 -0.117074
v 2.160299 0.574935 -0.116816
v 2.151735 0.566817 -0.158772
v 2.151997 0.576304 -0.158533
v 2.089279 0.567810 -0.116997
v 2.089541 0.577296 -0.116756
v 2.139305 0.567449 -0.167068
v 2.139554 0.576936 -0.166825
v 2.097586 0.567207 -0.104563
v 2.097848 0.576694 -0.104323
v 2.159839 0.685033 -0.118965
v 2.152401 0.685320 -0.107827
v 2.115005 0.686737 -0.100380
v 2.103870 0.687152 -0.107822
v 2.096430 0.687426 -0.118962
v 2.093818 0.687517 -0.132103
v 2.159839 0.685017 -0.145239
v 2.152401 0.685291 -0.156378
v 2.141271 0.685707 -0.163821
v 2.128139 0.686200 -0.166436
v 2.115005 0.686698 -0.163825
v 2.103870 0.687123 -0.156383
v 2.096430 0.687410 -0.145243
v 2.128139 0.686243 -0.097769
v 2.141271 0.685745 -0.100384
v 2.162450 0.684926 -0.132102
v 2.162248 0.677380 0.139365
v 2.157848 0.685100 0.139361
v 2.114899 0.703245 0.116186
v 2.152196 0.677774 0.163643
v 2.141064 0.678198 0.171086
v 2.143249 0.685625 0.165009
v 2.114899 0.703273 0.162511
v 2.114799 0.679190 0.171084
v 2.113025 0.686848 0.165013
v 2.103665 0.679606 0.163641
v 2.096226 0.679880 0.152502
v 2.156347 0.701660 0.139349
v 2.098420 0.687343 0.139361
v 2.142813 0.702117 0.116190
v 2.103665 0.679575 0.115086
v 2.114798 0.679151 0.107643
v 2.113025 0.686817 0.113709
v 2.142813 0.702144 0.162507
v 2.141062 0.678160 0.107643
v 2.152196 0.677745 0.115086
v 2.143249 0.685595 0.113713
v 2.159635 0.677470 0.126225
v 2.101462 0.703731 0.139348
v 2.159637 0.677486 0.152504
v 2.127931 0.678695 0.173698
v 2.093615 0.679969 0.139364
v 2.096226 0.679864 0.126225
v 2.127931 0.678654 0.105029
v 2.153704 0.528005 0.140608
v 2.151390 0.528646 0.152214
v 2.144798 0.529367 0.162072
v 2.134933 0.530051 0.168641
v 2.123308 0.530600 0.170930
v 2.111661 0.530928 0.168594
v 2.101803 0.530986 0.161989
v 2.095218 0.530765 0.152117
v 2.092896 0.530297 0.140497
v 2.095207 0.529656 0.128864
v 2.101805 0.528937 0.119020
v 2.111670 0.528250 0.112451
v 2.123292 0.527700 0.110158
v 2.134928 0.527373 0.112490
v 2.144808 0.527316 0.119096
v 2.151396 0.527537 0.128965
v 2.123303 0.529150 0.140543
v 2.113007 0.568240 0.166829
v 2.124653 0.565009 0.108365
v 2.103140 0.568300 0.160222
v 2.136298 0.564679 0.110701
v 2.096551 0.568079 0.150347
v 2.155069 0.565308 0.138819
v 2.146168 0.564620 0.117308
v 2.152754 0.565951 0.150449
v 2.094224 0.567611 0.138711
v 2.152774 0.564840 0.127183
v 2.146167 0.566672 0.160299
v 2.096548 0.566969 0.127082
v 2.136295 0.567359 0.166871
v 2.103132 0.566248 0.117232
v 2.124657 0.567910 0.169165
v 2.113010 0.565561 0.110659
v 2.151984 0.576327 0.165424
v 2.151727 0.566847 0.165865
v 2.162940 0.565184 0.138847
v 2.163207 0.574662 0.138397
v 2.089542 0.576422 0.123615
v 2.089278 0.566942 0.124058
v 2.139554 0.577134 0.173695
v 2.139303 0.567655 0.174139
v 2.097838 0.575553 0.111217
v 2.097584 0.566074 0.111657
v 2.124919 0.577762 0.176579
v 2.124676 0.568282 0.177029
v 2.110254 0.574744 0.102945
v 2.110007 0.565264 0.103388
v 2.110002 0.568633 0.174096
v 2.110255 0.578112 0.173638
v 2.124657 0.564637 0.100502
v 2.124908 0.574117 0.100051
v 2.160036 0.564583 0.124180
v 2.160299 0.574062 0.123723
v 2.086356 0.567738 0.138719
v 2.086623 0.577217 0.138269
v 2.160034 0.565976 0.153444
v 2.160299 0.575455 0.153000
v 2.151735 0.564269 0.111758
v 2.151997 0.573748 0.111296
v 2.089279 0.568337 0.153345
v 2.089541 0.577815 0.152887
v 2.139305 0.564288 0.103438
v 2.139554 0.573767 0.102980
v 2.097586 0.568652 0.165791
v 2.097848 0.578130 0.165330
v 2.159839 0.685033 0.152498
v 2.152401 0.685320 0.163637
v 2.115005 0.686737 0.171083
v 2.103870 0.687152 0.163641
v 2.096430 0.687426 0.152501
v 2.093818 0.687517 0.139361
v 2.159839 0.685017 0.126224
v 2.152401 0.685291 0.115085
v 2.141271 0.685707 0.107642
v 2.128139 0.686200 0.105027
v 2.115005 0.686698 0.107638
v 2.103870 0.687123 0.115081
v 2.096430 0.687410 0.126220
v 2.128139 0.686242 0.173695
v 2.141271 0.685745 0.171080
v 2.162450 0.684926 0.139361
v 2.574108 0.662963 0.139365
v 2.569707 0.670682 0.139361
v 2.526759 0.688829 0.116186
v 2.564056 0.663356 0.163643
v 2.552923 0.663781 0.171086
v 2.555108 0.671208 0.165009
v 2.526759 0.688857 0.162511
v 2.526658 0.664772 0.171084
v 2.524884 0.672430 0.165013
v 2.515525 0.665188 0.163641
v 2.508087 0.665463 0.152502
v 2.568206 0.687242 0.139349
v 2.510280 0.672926 0.139361
v 2.554672 0.687701 0.116190
v 2.515525 0.665159 0.115086
v 2.526657 0.664733 0.107643
v 2.524884 0.672400 0.113709
v 2.554672 0.687728 0.162507
v 2.552922 0.663742 0.107643
v 2.564056 0.663327 0.115086
v 2.555108 0.671179 0.113713
v 2.571496 0.663053 0.126225
v 2.513323 0.689314 0.139348
v 2.571496 0.663069 0.152504
v 2.539790 0.664279 0.173698
v 2.505475 0.665553 0.139364
v 2.508086 0.665447 0.126225
v 2.539790 0.664237 0.105029
v 2.565563 0.514271 0.140445
v 2.563250 0.514833 0.152053
v 2.556657 0.515489 0.161917
v 2.546792 0.516130 0.168489
v 2.535167 0.516662 0.170783
v 2.523520 0.517007 0.168448
v 2.513662 0.517110 0.161844
v 2.507077 0.516953 0.151971
v 2.504756 0.516563 0.140348
v 2.507066 0.515999 0.128710
v 2.513664 0.515346 0.118861
v 2.523530 0.514704 0.112289
v 2.535151 0.514169 0.109993
v 2.546788 0.513826 0.112322
v 2.556668 0.513724 0.118928
v 2.563255 0.513879 0.128799
v 2.535162 0.515416 0.140387
v 2.524867 0.554330 0.166934
v 2.536513 0.551490 0.108449
v 2.515000 0.554434 0.160326
v 2.548157 0.551144 0.110781
v 2.508410 0.554278 0.150451
v 2.566928 0.551585 0.138904
v 2.558028 0.551041 0.117389
v 2.564614 0.552150 0.150538
v 2.506083 0.553889 0.138811
v 2.564634 0.551195 0.127266
v 2.558026 0.552805 0.160392
v 2.508408 0.553324 0.127179
v 2.548154 0.553448 0.166969
v 2.514991 0.552670 0.117324
v 2.536517 0.553984 0.169267
v 2.524869 0.552025 0.110746
v 2.563844 0.562425 0.165582
v 2.563586 0.552942 0.165959
v 2.574799 0.551459 0.138931
v 2.575066 0.560941 0.138544
v 2.501403 0.562799 0.123775
v 2.501137 0.553316 0.124155
v 2.551413 0.563177 0.173858
v 2.551162 0.553696 0.174239
v 2.509698 0.562013 0.111370
v 2.509443 0.552532 0.111747
v 2.536778 0.563786 0.176745
v 2.536535 0.554303 0.177133
v 2.522113 0.561260 0.103094
v 2.521867 0.551777 0.103474
v 2.521861 0.554674 0.174202
v 2.522115 0.564155 0.173808
v 2.536517 0.551169 0.100582
v 2.536767 0.560652 0.100195
v 2.571896 0.550958 0.124261
v 2.572159 0.560439 0.123866
v 2.498215 0.554015 0.138821
v 2.498482 0.563497 0.138433
v 2.571893 0.552155 0.153532
v 2.572159 0.561637 0.153153
v 2.563594 0.550725 0.111835
v 2.563856 0.560208 0.111438
v 2.501139 0.554517 0.153451
v 2.501402 0.563997 0.153055
v 2.551164 0.550801 0.103517
v 2.551413 0.560282 0.103122
v 2.509446 0.554749 0.165897
v 2.509707 0.564230 0.165500
v 2.571699 0.670615 0.152498
v 2.564262 0.670904 0.163637
v 2.526865 0.672320 0.171083
v 2.515730 0.672736 0.163641
v 2.508290 0.673009 0.152501
v 2.505677 0.673099 0.139361
v 2.571699 0.670599 0.126224
v 2.564261 0.670874 0.115085
v 2.553130 0.671289 0.107642
v 2.539998 0.671783 0.105027
v 2.526865 0.672281 0.107638
v 2.515730 0.672705 0.115081
v 2.508290 0.672993 0.126220
v 2.539998 0.671825 0.173695
v 2.553130 0.671328 0.171080
v 2.574311 0.670509 0.139361
v -2.358416 0.402086 -0.001240
v -2.353538 0.396807 -0.028062
v -2.340214 0.382385 -0.047697
v -2.322013 0.362683 -0.054884
v -2.303811 0.342983 -0.047697
v -2.290487 0.328562 -0.028062
v -2.285610 0.323283 -0.001240
v -2.290487 0.328562 0.025581
v -2.303811 0.342983 0.045216
v -2.322013 0.362683 0.052403
v -2.340214 0.382385 0.045216
v -2.353538 0.396806 0.025581
v -2.366985 0.411361 -0.001240
v -2.360960 0.404839 -0.034376
v -2.344499 0.387023 -0.058633
v -2.322013 0.362683 -0.067511
v -2.299526 0.338346 -0.058633
v -2.283066 0.320529 -0.034376
v -2.277040 0.314008 -0.001240
v -2.283066 0.320529 0.031895
v -2.299526 0.338346 0.056152
v -2.322013 0.362683 0.065030
v -2.344499 0.387023 0.056152
v -2.360960 0.404839 0.031895
v -2.394097 0.409687 -0.001240
v -2.386511 0.401477 -0.042962
v -2.365785 0.379043 -0.073502
v -2.337473 0.348400 -0.084681
v -2.309162 0.317756 -0.073502
v -2.288437 0.295324 -0.042962
v -2.280850 0.287112 -0.001240
v -2.288437 0.295324 0.040481
v -2.309162 0.317756 0.071022
v -2.337473 0.348400 0.082200
v -2.365785 0.379043 0.071022
v -2.386511 0.401477 0.040481
v -2.389114 0.386079 -0.001240
v -2.383412 0.379907 -0.032599
v -2.367833 0.363046 -0.055556
v -2.372869 0.368494 -0.068409
v -2.346553 0.340011 -0.063959
v -2.346553 0.340011 -0.078799
v -2.325272 0.316978 -0.055556
v -2.320238 0.311528 -0.068409
v -2.309694 0.300117 -0.032599
v -2.303992 0.293945 -0.001240
v -2.293922 0.283045 -0.001240
v -2.309694 0.300117 0.030118
v -2.300973 0.290677 0.037538
v -2.325272 0.316978 0.053075
v -2.346553 0.340011 0.061478
v -2.367833 0.363046 0.053075
v -2.372869 0.368494 0.065928
v -2.383412 0.379907 0.030118
v -2.399184 0.396979 -0.001240
v -2.392133 0.389347 -0.040019
v -2.300973 0.290677 -0.040019
v -2.320238 0.311528 0.065928
v -2.346553 0.340011 0.076318
v -2.392133 0.389347 0.037538
v -2.399155 0.200956 0.037120
v -2.343225 0.252629 0.037120
v -2.368908 0.224323 0.039060
v -2.362281 0.273255 -0.067682
v -2.418212 0.221582 -0.067682
v -2.388928 0.245992 -0.071045
v -2.489329 0.298558 0.037118
v -2.433400 0.350232 0.037118
v -2.463646 0.326865 0.039060
v -2.496304 0.306107 -0.001240
v -2.440375 0.357780 -0.001240
v -2.470974 0.334797 -0.001240
v -2.362281 0.273255 0.065201
v -2.418212 0.221582 0.065201
v -2.388928 0.245992 0.068564
v -2.433400 0.350232 -0.039599
v -2.489329 0.298558 -0.039599
v -2.463646 0.326865 -0.041541
v -2.343225 0.252629 -0.039599
v -2.399155 0.200956 -0.039599
v -2.368908 0.224323 -0.041541
v -2.388313 0.301431 0.075479
v -2.444242 0.249756 0.075479
v -2.416277 0.275594 0.079362
v -2.414343 0.329606 -0.067682
v -2.470273 0.277933 -0.067682
v -2.443625 0.305195 -0.071045
v -2.336250 0.245080 -0.001240
v -2.392180 0.193407 -0.001240
v -2.361579 0.216390 -0.001240
v -2.414343 0.329606 0.065201
v -2.470273 0.277933 0.065201
v -2.443625 0.305195 0.068564
v -2.388313 0.301431 -0.077960
v -2.444242 0.249756 -0.077960
v -2.416277 0.275594 -0.081843
v -2.550097 0.265560 -0.001240
v -2.542510 0.257348 -0.042962
v -2.521785 0.234915 -0.073502
v -2.493473 0.204271 -0.084681
v -2.465162 0.173627 -0.073502
v -2.444437 0.151194 -0.042962
v -2.436850 0.142982 -0.001240
v -2.444437 0.151194 0.040481
v -2.465162 0.173627 0.071022
v -2.493473 0.204271 0.082200
v -2.521785 0.234915 0.071022
v -2.542510 0.257348 0.040481
v -2.537025 0.269627 -0.001240
v -2.526955 0.258727 -0.001240
v -2.521252 0.252554 -0.032599
v -2.505674 0.235693 -0.055556
v -2.510710 0.241143 -0.068407
v -2.484394 0.212659 -0.063959
v -2.484394 0.212659 -0.078799
v -2.463114 0.189626 -0.055556
v -2.458078 0.184176 -0.068407
v -2.447536 0.172764 -0.032599
v -2.441834 0.166592 -0.001240
v -2.431762 0.155692 -0.001240
v -2.447536 0.172764 0.030119
v -2.463114 0.189626 0.053075
v -2.458078 0.184176 0.065928
v -2.484394 0.212659 0.061478
v -2.505674 0.235693 0.053075
v -2.521252 0.252554 0.030119
v -2.529974 0.261994 0.037540
v -2.529974 0.261994 -0.040019
v -2.438813 0.163324 -0.040019
v -2.438813 0.163324 0.037540
v -2.484394 0.212659 0.076318
v -2.510710 0.241143 0.065928
v -2.544598 0.228589 -0.001240
v -2.526766 0.209288 -0.046754
v -2.491102 0.170686 -0.046754
v -2.473271 0.151385 -0.001240
v -2.491102 0.170686 0.044273
v -2.526766 0.209288 0.044273
v -2.469988 0.147832 0.031895
v -2.486449 0.165648 0.056152
v -2.463963 0.141310 -0.001240
v -2.469988 0.147832 -0.034376
v -2.486449 0.165649 -0.058633
v -2.508935 0.189987 -0.067511
v -2.531420 0.214325 -0.058633
v -2.547881 0.232143 -0.034376
v -2.553906 0.238663 -0.001240
v -2.508935 0.189987 0.065030
v -2.531420 0.214325 0.056152
v -2.547881 0.232143 0.031895
v -2.140447 0.591327 -0.001253
v -2.152822 0.592032 -0.001254
v -2.136381 0.586927 -0.023604
v -2.147945 0.586754 -0.028062
v -2.125267 0.574897 -0.039979
v -2.134616 0.572327 -0.047701
v -2.110095 0.558475 -0.045968
v -2.116419 0.552631 -0.054884
v -2.098214 0.532926 -0.047693
v -2.094913 0.542044 -0.039974
v -2.083808 0.530024 -0.023606
v -2.084894 0.518508 -0.028062
v -2.080017 0.513229 -0.001232
v -2.079742 0.525621 -0.001234
v -2.084894 0.518508 0.025581
v -2.083808 0.530022 0.021123
v -2.094923 0.542053 0.037499
v -2.098223 0.532935 0.045220
v -2.116419 0.552631 0.052403
v -2.110095 0.558475 0.043489
v -2.134616 0.572327 0.045220
v -2.125266 0.574897 0.037499
v -2.136381 0.586926 0.021123
v -2.147945 0.586754 0.025581
v -2.110095 0.558475 -0.001240
v -2.546567 0.190994 -0.046754
v -2.510903 0.152393 -0.046754
v -2.564398 0.210295 -0.001240
v -2.546567 0.190994 0.044273
v -2.510903 0.152393 0.044273
v -2.493071 0.133092 -0.001240
v -2.299572 0.415871 -0.524536
v -2.234162 0.377049 -0.524536
v -2.191258 0.314240 -0.524536
v -2.172456 0.240536 -0.524536
v -2.186531 0.165786 -0.524536
v -2.225354 0.100375 -0.524536
v -2.288162 0.057471 -0.524536
v -2.361866 0.038669 -0.524536
v -2.436617 0.052745 -0.524536
v -2.502028 0.091567 -0.524536
v -2.544932 0.154376 -0.524536
v -2.563732 0.228079 -0.524536
v -2.549658 0.302830 -0.524536
v -2.510836 0.368241 -0.524536
v -2.448027 0.411145 -0.524536
v -2.374322 0.429947 -0.524536
v -2.375211 0.457867 -0.524536
v -2.375748 0.474713 -0.536756
v -2.375543 0.468279 -0.527912
v -2.432831 0.448407 -0.524536
v -2.435846 0.458378 -0.527912
v -2.437708 0.464541 -0.536756
v -2.486037 0.424357 -0.524536
v -2.491530 0.433208 -0.527912
v -2.494926 0.438679 -0.536756
v -2.531207 0.387355 -0.524536
v -2.538803 0.394483 -0.527912
v -2.543498 0.398889 -0.536756
v -2.565261 0.339924 -0.524536
v -2.574444 0.344843 -0.527912
v -2.580119 0.347882 -0.536756
v -2.585878 0.285295 -0.524536
v -2.596020 0.287669 -0.527912
v -2.602290 0.289137 -0.536756
v -2.591654 0.227191 -0.524536
v -2.602065 0.226859 -0.527912
v -2.608500 0.226655 -0.536756
v -2.582194 0.169572 -0.524536
v -2.592165 0.166557 -0.527912
v -2.598327 0.164693 -0.536756
v -2.558144 0.116364 -0.524536
v -2.566995 0.110871 -0.527912
v -2.572466 0.107477 -0.536756
v -2.521142 0.071195 -0.524536
v -2.528270 0.063598 -0.527912
v -2.532676 0.058903 -0.536756
v -2.473710 0.037141 -0.524536
v -2.478629 0.027959 -0.527912
v -2.481669 0.022284 -0.536756
v -2.419081 0.016525 -0.524536
v -2.421456 0.006382 -0.527912
v -2.422923 0.000113 -0.536756
v -2.360977 0.010749 -0.524536
v -2.360646 0.000337 -0.527912
v -2.360441 -0.006098 -0.536756
v -2.303359 0.020209 -0.524536
v -2.300344 0.010238 -0.527912
v -2.298480 0.004074 -0.536756
v -2.250151 0.044259 -0.524536
v -2.244658 0.035407 -0.527912
v -2.241264 0.029937 -0.536756
v -2.204983 0.081260 -0.524536
v -2.197385 0.074132 -0.527912
v -2.192690 0.069727 -0.536756
v -2.170928 0.128692 -0.524536
v -2.161746 0.123773 -0.527912
v -2.156071 0.120734 -0.536756
v -2.150311 0.183321 -0.524536
v -2.140168 0.180947 -0.527912
v -2.133900 0.179478 -0.536756
v -2.144536 0.241426 -0.524536
v -2.134124 0.241757 -0.527912
v -2.127689 0.241961 -0.536756
v -2.153996 0.299044 -0.524536
v -2.144024 0.302059 -0.527912
v -2.137861 0.303921 -0.536756
v -2.178046 0.352251 -0.524536
v -2.169194 0.357744 -0.527912
v -2.163724 0.361138 -0.536756
v -2.215047 0.397420 -0.524536
v -2.207920 0.405017 -0.527912
v -2.203514 0.409712 -0.536756
v -2.262479 0.431474 -0.524536
v -2.257560 0.440657 -0.527912
v -2.254519 0.446332 -0.536756
v -2.317108 0.452091 -0.524536
v -2.314734 0.462235 -0.527912
v -2.313266 0.468503 -0.536756
v -2.375211 0.457867 -0.806163
v -2.375543 0.468279 -0.802785
v -2.375748 0.474713 -0.793943
v -2.432831 0.448407 -0.806163
v -2.437708 0.464541 -0.793943
v -2.435846 0.458378 -0.802785
v -2.486037 0.424357 -0.806163
v -2.494926 0.438679 -0.793943
v -2.491530 0.433208 -0.802785
v -2.531207 0.387355 -0.806163
v -2.543498 0.398889 -0.793943
v -2.538803 0.394483 -0.802785
v -2.565261 0.339924 -0.806163
v -2.580119 0.347882 -0.793943
v -2.574444 0.344843 -0.802785
v -2.585878 0.285295 -0.806163
v -2.602290 0.289137 -0.793943
v -2.596020 0.287669 -0.802785
v -2.591654 0.227191 -0.806163
v -2.608500 0.226655 -0.793943
v -2.602065 0.226859 -0.802785
v -2.582194 0.169572 -0.806163
v -2.598327 0.164693 -0.793943
v -2.592165 0.166557 -0.802785
v -2.558144 0.116364 -0.806163
v -2.572466 0.107477 -0.793943
v -2.566995 0.110871 -0.802785
v -2.521142 0.071195 -0.806163
v -2.532676 0.058903 -0.793943
v -2.528270 0.063598 -0.802785
v -2.473710 0.037141 -0.806163
v -2.481669 0.022284 -0.793943
v -2.478629 0.027959 -0.802785
v -2.419081 0.016525 -0.806163
v -2.422923 0.000113 -0.793943
v -2.421456 0.006382 -0.802785
v -2.360977 0.010749 -0.806163
v -2.360441 -0.006098 -0.793943
v -2.360646 0.000337 -0.802785
v -2.303359 0.020209 -0.806163
v -2.298480 0.004074 -0.793943
v -2.300344 0.010238 -0.802785
v -2.250151 0.044259 -0.806163
v -2.241264 0.029937 -0.793943
v -2.244658 0.035407 -0.802785
v -2.204983 0.081260 -0.806163
v -2.192690 0.069727 -0.793943
v -2.197385 0.074132 -0.802785
v -2.170928 0.128692 -0.806163
v -2.156071 0.120734 -0.793943
v -2.161746 0.123774 -0.802785
v -2.150311 0.183321 -0.806163
v -2.133900 0.179478 -0.793943
v -2.140168 0.180947 -0.802785
v -2.144536 0.241426 -0.806163
v -2.127689 0.241961 -0.793943
v -2.134124 0.241757 -0.802785
v -2.153996 0.299044 -0.806163
v -2.137861 0.303921 -0.793943
v -2.144024 0.302059 -0.802785
v -2.178046 0.352251 -0.806163
v -2.163724 0.361138 -0.793943
v -2.169194 0.357744 -0.802785
v -2.215047 0.397420 -0.806163
v -2.203514 0.409712 -0.793943
v -2.207920 0.405017 -0.802785
v -2.262479 0.431474 -0.806163
v -2.254519 0.446332 -0.793943
v -2.257560 0.440657 -0.802785
v -2.317108 0.452091 -0.806163
v -2.313266 0.468503 -0.793943
v -2.314734 0.462235 -0.802785
v -2.434540 0.381307 -0.791574
v -2.416908 0.342300 -0.761289
v -2.398354 0.301254 -0.693714
v -2.422133 0.285012 -0.693714
v -2.486752 0.345642 -0.791574
v -2.455266 0.316100 -0.761289
v -2.519024 0.291268 -0.791574
v -2.478974 0.276154 -0.761289
v -2.436830 0.260249 -0.693714
v -2.442158 0.231950 -0.693714
v -2.530723 0.229131 -0.791574
v -2.487570 0.230504 -0.761289
v -2.515094 0.167862 -0.791574
v -2.476088 0.185494 -0.761289
v -2.435041 0.204047 -0.693714
v -2.418798 0.180270 -0.693714
v -2.479429 0.115651 -0.791574
v -2.449887 0.147137 -0.761289
v -2.425056 0.083379 -0.791574
v -2.409940 0.123429 -0.761289
v -2.394035 0.165573 -0.693714
v -2.365737 0.160245 -0.693714
v -2.362918 0.071680 -0.791574
v -2.364291 0.114833 -0.761289
v -2.301649 0.087309 -0.791574
v -2.319280 0.126315 -0.761289
v -2.337834 0.167362 -0.693714
v -2.314057 0.183604 -0.693714
v -2.249438 0.122973 -0.791574
v -2.280924 0.152516 -0.761289
v -2.217166 0.177347 -0.791574
v -2.257215 0.192461 -0.761289
v -2.299360 0.208367 -0.693714
v -2.294030 0.236666 -0.693714
v -2.205466 0.239485 -0.791574
v -2.248620 0.238112 -0.761289
v -2.221094 0.300754 -0.791574
v -2.260101 0.283121 -0.761289
v -2.301149 0.264569 -0.693714
v -2.317391 0.288346 -0.693714
v -2.256759 0.352965 -0.791574
v -2.286303 0.321479 -0.761289
v -2.311135 0.385236 -0.791574
v -2.326248 0.345188 -0.761289
v -2.342154 0.303043 -0.693714
v -2.370452 0.308371 -0.693714
v -2.373272 0.396937 -0.791574
v -2.371898 0.353783 -0.761289
v -2.448967 0.413226 -0.805414
v -2.512515 0.369817 -0.805414
v -2.551794 0.303636 -0.805414
v -2.566035 0.228007 -0.805414
v -2.547012 0.153436 -0.805414
v -2.503604 0.089887 -0.805414
v -2.437423 0.050609 -0.805414
v -2.361793 0.036368 -0.805414
v -2.287222 0.055391 -0.805414
v -2.223673 0.098799 -0.805414
v -2.184396 0.164980 -0.805414
v -2.170155 0.240609 -0.805414
v -2.189177 0.315180 -0.805414
v -2.232586 0.378728 -0.805414
v -2.298766 0.418007 -0.805414
v -2.374396 0.432248 -0.805414
v -2.394125 0.276251 -0.681088
v -2.417433 0.232737 -0.681088
v -2.391404 0.190794 -0.681088
v -2.342065 0.192365 -0.681088
v -2.318756 0.235879 -0.681088
v -2.344786 0.277821 -0.681088
v -2.371220 0.316035 -0.576548
v -2.401922 0.308203 -0.576548
v -2.428085 0.290332 -0.576548
v -2.444256 0.263085 -0.576548
v -2.450119 0.231948 -0.576548
v -2.442287 0.201247 -0.576548
v -2.424416 0.175084 -0.576548
v -2.397169 0.158913 -0.576548
v -2.366032 0.153050 -0.576548
v -2.335330 0.160882 -0.576548
v -2.309167 0.178753 -0.576548
v -2.292996 0.206000 -0.576548
v -2.287133 0.237137 -0.576548
v -2.294965 0.267838 -0.576548
v -2.312836 0.294001 -0.576548
v -2.340083 0.310172 -0.576548
v -2.368627 0.234543 -0.557955
v -2.357832 0.299906 -0.557955
v -2.371137 0.313422 -0.563589
v -2.400854 0.305840 -0.563589
v -2.407212 0.288394 -0.557955
v -2.426178 0.288543 -0.563589
v -2.441829 0.262169 -0.563589
v -2.433990 0.245338 -0.557955
v -2.447505 0.232031 -0.563589
v -2.439924 0.202316 -0.563589
v -2.422479 0.195956 -0.557955
v -2.422627 0.176992 -0.563589
v -2.396253 0.161339 -0.563589
v -2.379421 0.169179 -0.557955
v -2.366115 0.155665 -0.563589
v -2.336399 0.163245 -0.563589
v -2.330040 0.180691 -0.557955
v -2.311075 0.180543 -0.563589
v -2.295424 0.206916 -0.563589
v -2.303262 0.223749 -0.557955
v -2.289748 0.237054 -0.563589
v -2.297328 0.266771 -0.563589
v -2.314774 0.273129 -0.557955
v -2.314627 0.292094 -0.563589
v -2.340999 0.307746 -0.563589
v -2.370323 0.304287 -0.681088
v -2.396686 0.297562 -0.681088
v -2.419153 0.282216 -0.681088
v -2.433040 0.258818 -0.681088
v -2.438075 0.232080 -0.681088
v -2.431349 0.205717 -0.681088
v -2.416003 0.183250 -0.681088
v -2.392605 0.169363 -0.681088
v -2.365867 0.164328 -0.681088
v -2.339503 0.171054 -0.681088
v -2.317037 0.186400 -0.681088
v -2.303150 0.209798 -0.681088
v -2.298115 0.236536 -0.681088
v -2.304839 0.262899 -0.681088
v -2.320187 0.285366 -0.681088
v -2.343585 0.299253 -0.681088
v -2.394125 0.276251 -0.724591
v -2.417433 0.232737 -0.724591
v -2.391404 0.190794 -0.724591
v -2.342065 0.192365 -0.724591
v -2.318756 0.235879 -0.724591
v -2.344786 0.277821 -0.724591
v -2.299572 0.415871 0.523908
v -2.234162 0.377049 0.523908
v -2.191258 0.314240 0.523908
v -2.172456 0.240536 0.523908
v -2.186532 0.165786 0.523908
v -2.225354 0.100375 0.523909
v -2.288162 0.057471 0.523909
v -2.361866 0.038669 0.523909
v -2.436617 0.052745 0.523909
v -2.502028 0.091567 0.523909
v -2.544932 0.154376 0.523908
v -2.563732 0.228079 0.523908
v -2.549658 0.302830 0.523908
v -2.510836 0.368241 0.523908
v -2.448027 0.411145 0.523908
v -2.374322 0.429947 0.523908
v -2.375211 0.457867 0.523908
v -2.375748 0.474713 0.536128
v -2.375543 0.468279 0.527286
v -2.432831 0.448407 0.523908
v -2.435846 0.458378 0.527286
v -2.437708 0.464541 0.536128
v -2.486037 0.424357 0.523908
v -2.491530 0.433208 0.527286
v -2.494926 0.438679 0.536128
v -2.531207 0.387355 0.523908
v -2.538803 0.394483 0.527286
v -2.543498 0.398889 0.536128
v -2.565261 0.339924 0.523908
v -2.574444 0.344843 0.527286
v -2.580119 0.347882 0.536128
v -2.585878 0.285295 0.523908
v -2.596020 0.287669 0.527286
v -2.602290 0.289137 0.536128
v -2.591654 0.227191 0.523908
v -2.602065 0.226859 0.527286
v -2.608500 0.226655 0.536128
v -2.582194 0.169572 0.523908
v -2.592165 0.166557 0.527286
v -2.598327 0.164693 0.536128
v -2.558144 0.116364 0.523908
v -2.566995 0.110871 0.527286
v -2.572466 0.107477 0.536128
v -2.521142 0.071195 0.523909
v -2.528270 0.063598 0.527286
v -2.532676 0.058903 0.536128
v -2.473710 0.037141 0.523909
v -2.478629 0.027959 0.527286
v -2.481669 0.022284 0.536128
v -2.419081 0.016525 0.523909
v -2.421456 0.006382 0.527286
v -2.422923 0.000113 0.536128
v -2.360977 0.010749 0.523909
v -2.360646 0.000337 0.527286
v -2.360441 -0.006098 0.536128
v -2.303359 0.020209 0.523909
v -2.300344 0.010238 0.527286
v -2.298480 0.004074 0.536128
v -2.250151 0.044259 0.523909
v -2.244658 0.035407 0.527286
v -2.241264 0.029937 0.536128
v -2.204983 0.081260 0.523909
v -2.197385 0.074132 0.527286
v -2.192690 0.069727 0.536128
v -2.170928 0.128692 0.523908
v -2.161746 0.123773 0.527286
v -2.156071 0.120734 0.536128
v -2.150311 0.183321 0.523908
v -2.140168 0.180947 0.527286
v -2.133900 0.179478 0.536128
v -2.144536 0.241426 0.523908
v -2.134124 0.241757 0.527286
v -2.127689 0.241961 0.536128
v -2.153996 0.299044 0.523908
v -2.144024 0.302059 0.527286
v -2.137861 0.303921 0.536128
v -2.178046 0.352251 0.523908
v -2.169194 0.357744 0.527286
v -2.163724 0.361138 0.536128
v -2.215047 0.397420 0.523908
v -2.207920 0.405017 0.527286
v -2.203514 0.409712 0.536128
v -2.262479 0.431474 0.523908
v -2.257560 0.440657 0.527286
v -2.254519 0.446332 0.536128
v -2.317108 0.452091 0.523908
v -2.314734 0.462235 0.527286
v -2.313266 0.468503 0.536128
v -2.375211 0.457867 0.805536
v -2.375543 0.468279 0.802158
v -2.375748 0.474713 0.793316
v -2.432831 0.448407 0.805536
v -2.437708 0.464541 0.793316
v -2.435846 0.458378 0.802158
v -2.486037 0.424357 0.805536
v -2.494926 0.438679 0.793316
v -2.491530 0.433208 0.802158
v -2.531207 0.387355 0.805536
v -2.543498 0.398889 0.793316
v -2.538803 0.394483 0.802158
v -2.565261 0.339924 0.805536
v -2.580119 0.347882 0.793316
v -2.574444 0.344843 0.802158
v -2.585878 0.285295 0.805536
v -2.602290 0.289137 0.793316
v -2.596020 0.287669 0.802158
v -2.591654 0.227191 0.805536
v -2.608500 0.226655 0.793316
v -2.602065 0.226859 0.802158
v -2.582194 0.169572 0.805536
v -2.598327 0.164693 0.793316
v -2.592165 0.166557 0.802158
v -2.558144 0.116364 0.805536
v -2.572466 0.107477 0.793316
v -2.566995 0.110871 0.802158
v -2.521142 0.071195 0.805536
v -2.532676 0.058903 0.793316
v -2.528270 0.063598 0.802158
v -2.473710 0.037141 0.805536
v -2.481669 0.022284 0.793316
v -2.478629 0.027959 0.802158
v -2.419081 0.016525 0.805536
v -2.422923 0.000113 0.793316
v -2.421456 0.006382 0.802158
v -2.360977 0.010749 0.805536
v -2.360441 -0.006098 0.793316
v -2.360646 0.000337 0.802158
v -2.303359 0.020209 0.805536
v -2.298480 0.004074 0.793316
v -2.300344 0.010238 0.802158
v -2.250151 0.044259 0.805536
v -2.241264 0.029937 0.793316
v -2.244658 0.035407 0.802158
v -2.204983 0.081260 0.805536
v -2.192690 0.069727 0.793316
v -2.197385 0.074132 0.802158
v -2.170928 0.128692 0.805536
v -2.156071 0.120734 0.793316
v -2.161746 0.123774 0.802158
v -2.150311 0.183321 0.805536
v -2.133900 0.179478 0.793316
v -2.140168 0.180947 0.802158
v -2.144536 0.241426 0.805536
v -2.127689 0.241961 0.793316
v -2.134124 0.241757 0.802158
v -2.153996 0.299044 0.805536
v -2.137861 0.303921 0.793316
v -2.144024 0.302059 0.802158
v -2.178046 0.352251 0.805536
v -2.163724 0.361138 0.793316
v -2.169194 0.357744 0.802158
v -2.215047 0.397420 0.805536
v -2.203514 0.409712 0.793316
v -2.207920 0.405017 0.802158
v -2.262479 0.431474 0.805536
v -2.254519 0.446332 0.793316
v -2.257560 0.440657 0.802158
v -2.317108 0.452091 0.805536
v -2.313266 0.468503 0.793316
v -2.314734 0.462235 0.802158
v -2.434540 0.381307 0.790948
v -2.416908 0.342300 0.760661
v -2.398354 0.301254 0.693088
v -2.422133 0.285012 0.693088
v -2.486752 0.345642 0.790948
v -2.455266 0.316100 0.760661
v -2.519024 0.291268 0.790948
v -2.478974 0.276154 0.760661
v -2.436830 0.260249 0.693088
v -2.442158 0.231950 0.693088
v -2.530723 0.229131 0.790948
v -2.487570 0.230504 0.760661
v -2.515094 0.167862 0.790948
v -2.476088 0.185494 0.760661
v -2.435041 0.204047 0.693088
v -2.418798 0.180270 0.693088
v -2.479429 0.115651 0.790948
v -2.449887 0.147137 0.760661
v -2.425056 0.083379 0.790948
v -2.409940 0.123429 0.760661
v -2.394035 0.165573 0.693088
v -2.365737 0.160245 0.693088
v -2.362918 0.071680 0.790948
v -2.364291 0.114833 0.760661
v -2.301649 0.087309 0.790948
v -2.319280 0.126315 0.760661
v -2.337834 0.167362 0.693088
v -2.314057 0.183604 0.693088
v -2.249438 0.122973 0.790948
v -2.280924 0.152516 0.760661
v -2.217166 0.177347 0.790948
v -2.257215 0.192461 0.760661
v -2.299360 0.208367 0.693088
v -2.294030 0.236666 0.693088
v -2.205466 0.239485 0.790948
v -2.248620 0.238112 0.760661
v -2.221094 0.300754 0.790948
v -2.260101 0.283121 0.760661
v -2.301149 0.264569 0.693088
v -2.317391 0.288346 0.693088
v -2.256759 0.352965 0.790948
v -2.286303 0.321479 0.760661
v -2.311135 0.385236 0.790948
v -2.326248 0.345188 0.760661
v -2.342154 0.303043 0.693088
v -2.370452 0.308372 0.693088
v -2.373272 0.396937 0.790948
v -2.371898 0.353783 0.760661
v -2.448967 0.413226 0.804788
v -2.512515 0.369817 0.804788
v -2.551794 0.303636 0.804788
v -2.566035 0.228007 0.804788
v -2.547012 0.153436 0.804788
v -2.503604 0.089887 0.804788
v -2.437423 0.050609 0.804788
v -2.361793 0.036368 0.804788
v -2.287222 0.055391 0.804788
v -2.223673 0.098799 0.804788
v -2.184396 0.164980 0.804788
v -2.170155 0.240609 0.804788
v -2.189177 0.315180 0.804788
v -2.232586 0.378728 0.804788
v -2.298766 0.418007 0.804788
v -2.374396 0.432248 0.804788
v -2.394125 0.276251 0.680460
v -2.417433 0.232737 0.680460
v -2.391404 0.190794 0.680460
v -2.342065 0.192365 0.680460
v -2.318756 0.235879 0.680460
v -2.344786 0.277821 0.680460
v -2.371220 0.316035 0.575922
v -2.401922 0.308203 0.575922
v -2.428085 0.290332 0.575922
v -2.444256 0.263085 0.575922
v -2.450119 0.231948 0.575922
v -2.442287 0.201247 0.575922
v -2.424416 0.175084 0.575922
v -2.397169 0.158913 0.575922
v -2.366032 0.153050 0.575922
v -2.335330 0.160882 0.575922
v -2.309167 0.178753 0.575922
v -2.292996 0.206000 0.575922
v -2.287133 0.237137 0.575922
v -2.294965 0.267838 0.575922
v -2.312836 0.294001 0.575922
v -2.340083 0.310172 0.575922
v -2.368627 0.234543 0.557328
v -2.357832 0.299906 0.557328
v -2.371137 0.313422 0.562963
v -2.400854 0.305840 0.562963
v -2.407212 0.288394 0.557328
v -2.426178 0.288543 0.562963
v -2.441829 0.262169 0.562963
v -2.433990 0.245338 0.557328
v -2.447505 0.232031 0.562963
v -2.439924 0.202316 0.562963
v -2.422479 0.195956 0.557328
v -2.422627 0.176992 0.562963
v -2.396253 0.161339 0.562963
v -2.379421 0.169179 0.557328
v -2.366115 0.155665 0.562963
v -2.336399 0.163245 0.562963
v -2.330040 0.180691 0.557328
v -2.311075 0.180543 0.562963
v -2.295424 0.206916 0.562963
v -2.303262 0.223749 0.557328
v -2.289748 0.237054 0.562963
v -2.297328 0.266771 0.562963
v -2.314774 0.273129 0.557328
v -2.314627 0.292094 0.562963
v -2.340999 0.307746 0.562963
v -2.370323 0.304287 0.680460
v -2.396686 0.297563 0.680460
v -2.419153 0.282216 0.680460
v -2.433040 0.258818 0.680460
v -2.438075 0.232080 0.680460
v -2.431349 0.205717 0.680460
v -2.416003 0.183250 0.680460
v -2.392605 0.169363 0.680460
v -2.365867 0.164328 0.680460
v -2.339503 0.171054 0.680460
v -2.317037 0.186400 0.680460
v -2.303150 0.209798 0.680460
v -2.298115 0.236536 0.680460
v -2.304839 0.262899 0.680460
v -2.320187 0.285366 0.680460
v -2.343585 0.299253 0.680460
v -2.394125 0.276251 0.723965
v -2.417433 0.232737 0.723965
v -2.391404 0.190794 0.723965
v -2.342065 0.192365 0.723965
v -2.318756 0.235879 0.723965
v -2.344786 0.277821 0.723965
v -2.576234 0.662176 -0.138861
v -2.571834 0.669897 -0.138864
v -2.528884 0.688043 -0.162039
v -2.566183 0.662571 -0.114582
v -2.555049 0.662996 -0.107140
v -2.557235 0.670423 -0.113215
v -2.528884 0.688070 -0.115715
v -2.528784 0.663987 -0.107140
v -2.527011 0.671644 -0.113213
v -2.517652 0.664403 -0.114583
v -2.510213 0.664676 -0.125722
v -2.570333 0.686457 -0.138877
v -2.512405 0.672141 -0.138865
v -2.556799 0.686914 -0.162035
v -2.517652 0.664373 -0.163138
v -2.528784 0.663948 -0.170581
v -2.527010 0.671615 -0.164516
v -2.556799 0.686942 -0.115718
v -2.555049 0.662957 -0.170581
v -2.566183 0.662541 -0.163140
v -2.557235 0.670393 -0.164512
v -2.573622 0.662268 -0.152001
v -2.515448 0.688529 -0.138877
v -2.573622 0.662284 -0.125721
v -2.541917 0.663493 -0.104527
v -2.507600 0.664767 -0.138861
v -2.510213 0.664660 -0.151999
v -2.541916 0.663450 -0.173195
v -2.566754 0.515524 -0.139506
v -2.564441 0.515329 -0.127885
v -2.557848 0.515343 -0.118000
v -2.547983 0.515555 -0.111400
v -2.536358 0.515936 -0.109077
v -2.524711 0.516432 -0.111383
v -2.514853 0.516964 -0.117967
v -2.508268 0.517451 -0.127829
v -2.505947 0.517817 -0.139454
v -2.508257 0.518013 -0.151102
v -2.514855 0.518002 -0.160974
v -2.524720 0.517789 -0.167573
v -2.536342 0.517405 -0.169900
v -2.547979 0.516912 -0.167598
v -2.557858 0.516379 -0.161013
v -2.564446 0.515893 -0.151153
v -2.536353 0.516672 -0.139490
v -2.526057 0.553774 -0.110466
v -2.537704 0.554748 -0.169011
v -2.516190 0.554308 -0.117052
v -2.549348 0.554250 -0.166706
v -2.509601 0.554796 -0.126917
v -2.568119 0.552859 -0.138614
v -2.559218 0.553716 -0.160118
v -2.565804 0.552666 -0.126968
v -2.507274 0.555165 -0.138558
v -2.565825 0.553228 -0.150253
v -2.559217 0.552678 -0.117092
v -2.509598 0.555358 -0.150201
v -2.549345 0.552892 -0.110488
v -2.516182 0.555347 -0.160078
v -2.537708 0.553277 -0.108160
v -2.526060 0.555131 -0.166684
v -2.565035 0.561940 -0.111287
v -2.564777 0.552453 -0.111528
v -2.575990 0.552733 -0.138595
v -2.576257 0.562219 -0.138365
v -2.502594 0.565035 -0.152981
v -2.502328 0.555548 -0.153220
v -2.552604 0.562153 -0.102979
v -2.552353 0.552665 -0.103218
v -2.510889 0.565059 -0.165410
v -2.510634 0.555573 -0.165652
v -2.537969 0.562572 -0.100059
v -2.537726 0.553083 -0.100290
v -2.523304 0.564845 -0.173718
v -2.523057 0.555358 -0.173957
v -2.523052 0.553644 -0.103189
v -2.523306 0.563131 -0.102967
v -2.537708 0.554940 -0.176882
v -2.537958 0.564428 -0.176651
v -2.573087 0.553187 -0.153268
v -2.573349 0.562674 -0.153044
v -2.499406 0.555290 -0.138540
v -2.499673 0.564776 -0.138308
v -2.573084 0.552476 -0.123980
v -2.573349 0.561963 -0.123742
v -2.564785 0.553765 -0.165681
v -2.565047 0.563251 -0.165460
v -2.502330 0.554838 -0.123909
v -2.502593 0.564324 -0.123685
v -2.552355 0.554380 -0.173978
v -2.552604 0.563867 -0.173754
v -2.510637 0.554260 -0.111472
v -2.510898 0.563746 -0.111252
v -2.573826 0.669830 -0.125726
v -2.566388 0.670117 -0.114589
v -2.528992 0.671533 -0.107142
v -2.517857 0.671949 -0.114585
v -2.510417 0.672224 -0.125724
v -2.507803 0.672314 -0.138865
v -2.573826 0.669814 -0.152001
v -2.566388 0.670087 -0.163140
v -2.555256 0.670503 -0.170583
v -2.542124 0.670998 -0.173198
v -2.528992 0.671494 -0.170587
v -2.517857 0.671919 -0.163145
v -2.510417 0.672208 -0.152005
v -2.542125 0.671040 -0.104531
v -2.555257 0.670542 -0.107146
v -2.576437 0.669724 -0.138864
v -2.164671 0.676593 -0.138717
v -2.160270 0.684314 -0.138720
v -2.117321 0.702460 -0.161895
v -2.154620 0.676987 -0.114438
v -2.143486 0.677412 -0.106997
v -2.145672 0.684839 -0.113072
v -2.117321 0.702487 -0.115572
v -2.117221 0.678403 -0.106997
v -2.115447 0.686061 -0.113069
v -2.106089 0.678819 -0.114440
v -2.098650 0.679093 -0.125579
v -2.158770 0.700873 -0.138733
v -2.100842 0.686557 -0.138721
v -2.145235 0.701331 -0.161891
v -2.106087 0.678790 -0.162995
v -2.117221 0.678365 -0.170438
v -2.115447 0.686032 -0.164372
v -2.145236 0.701359 -0.115574
v -2.143485 0.677374 -0.170438
v -2.154618 0.676958 -0.162996
v -2.145671 0.684810 -0.164368
v -2.162059 0.676684 -0.151857
v -2.103885 0.702945 -0.138733
v -2.162059 0.676700 -0.125577
v -2.130353 0.677910 -0.104383
v -2.096037 0.679184 -0.138717
v -2.098650 0.679077 -0.151856
v -2.130353 0.677867 -0.173052
v -2.155041 0.529427 -0.139298
v -2.152729 0.529274 -0.127676
v -2.146135 0.529322 -0.117793
v -2.136270 0.529557 -0.111192
v -2.124645 0.529947 -0.108870
v -2.112998 0.530435 -0.111180
v -2.103140 0.530944 -0.117764
v -2.096555 0.531394 -0.127628
v -2.094235 0.531720 -0.139254
v -2.096544 0.531873 -0.150904
v -2.103142 0.531827 -0.160774
v -2.113007 0.531590 -0.167374
v -2.124630 0.531198 -0.169699
v -2.136266 0.530713 -0.167395
v -2.146145 0.530205 -0.160808
v -2.152733 0.529753 -0.150947
v -2.124640 0.530573 -0.139286
v -2.114344 0.567780 -0.110395
v -2.125990 0.568543 -0.168944
v -2.104478 0.568290 -0.116984
v -2.137636 0.568054 -0.166637
v -2.097889 0.568743 -0.126850
v -2.156407 0.566764 -0.138540
v -2.147505 0.567544 -0.160047
v -2.154093 0.566612 -0.126894
v -2.095561 0.569069 -0.138492
v -2.154111 0.567092 -0.150181
v -2.147504 0.566661 -0.117017
v -2.097885 0.569222 -0.150137
v -2.137632 0.566898 -0.110414
v -2.104469 0.569175 -0.160014
v -2.125996 0.567292 -0.108088
v -2.114348 0.568936 -0.166619
v -2.153322 0.575943 -0.111247
v -2.153064 0.566455 -0.111453
v -2.164277 0.566638 -0.138522
v -2.164544 0.576126 -0.138324
v -2.090881 0.578889 -0.152952
v -2.090617 0.569400 -0.153155
v -2.140892 0.576186 -0.102939
v -2.140640 0.566698 -0.103144
v -2.099177 0.578867 -0.165381
v -2.098921 0.569380 -0.165587
v -2.126256 0.576614 -0.100021
v -2.126013 0.567126 -0.100216
v -2.111591 0.578624 -0.173687
v -2.111344 0.569136 -0.173891
v -2.111339 0.567676 -0.103118
v -2.111594 0.577164 -0.102929
v -2.125996 0.568707 -0.176815
v -2.126245 0.578195 -0.176618
v -2.161375 0.567040 -0.153194
v -2.161636 0.576527 -0.153005
v -2.087693 0.569195 -0.138475
v -2.087960 0.578683 -0.138278
v -2.161371 0.566434 -0.123905
v -2.161636 0.575921 -0.123701
v -2.153072 0.567572 -0.165610
v -2.153333 0.577061 -0.165424
v -2.090618 0.568796 -0.123842
v -2.090879 0.578284 -0.123653
v -2.140641 0.568159 -0.173909
v -2.140891 0.577647 -0.173720
v -2.098925 0.568262 -0.111404
v -2.099186 0.577750 -0.111217
v -2.162261 0.684247 -0.125583
v -2.154825 0.684535 -0.114445
v -2.117429 0.685950 -0.106998
v -2.106294 0.686365 -0.114441
v -2.098852 0.686640 -0.125580
v -2.096240 0.686730 -0.138721
v -2.162261 0.684230 -0.151859
v -2.154824 0.684504 -0.162996
v -2.143693 0.684920 -0.170439
v -2.130561 0.685415 -0.173054
v -2.117428 0.685911 -0.170443
v -2.106292 0.686336 -0.163002
v -2.098852 0.686624 -0.151861
v -2.130562 0.685456 -0.104387
v -2.143693 0.684959 -0.107002
v -2.164874 0.684141 -0.138720
v -2.164369 0.676593 0.132463
v -2.159969 0.684314 0.132460
v -2.117020 0.702460 0.109285
v -2.154318 0.676987 0.156742
v -2.143184 0.677412 0.164185
v -2.145370 0.684839 0.158108
v -2.117020 0.702487 0.155608
v -2.116919 0.678403 0.164183
v -2.115146 0.686061 0.158111
v -2.105787 0.678819 0.156740
v -2.098348 0.679093 0.145601
v -2.158468 0.700873 0.132448
v -2.100541 0.686557 0.132460
v -2.144934 0.701331 0.109289
v -2.105787 0.678790 0.108185
v -2.116919 0.678365 0.100742
v -2.115145 0.686032 0.106808
v -2.144934 0.701359 0.155606
v -2.143184 0.677374 0.100742
v -2.154317 0.676958 0.108185
v -2.145370 0.684810 0.106812
v -2.161757 0.676684 0.119324
v -2.103584 0.702945 0.132446
v -2.161757 0.676700 0.145603
v -2.130051 0.677910 0.166797
v -2.095736 0.679184 0.132463
v -2.098348 0.679077 0.119324
v -2.130051 0.677867 0.098128
v -2.155046 0.528633 0.133224
v -2.152733 0.529059 0.144838
v -2.146140 0.529600 0.154708
v -2.136275 0.530164 0.161289
v -2.124650 0.530670 0.163588
v -2.113003 0.531041 0.161258
v -2.103145 0.531221 0.154655
v -2.096560 0.531181 0.144780
v -2.094239 0.530926 0.133155
v -2.096550 0.530500 0.121511
v -2.103148 0.529962 0.111654
v -2.113013 0.529396 0.105075
v -2.124635 0.528889 0.102772
v -2.136271 0.528519 0.105098
v -2.146151 0.528339 0.111703
v -2.152738 0.528379 0.121573
v -2.124645 0.529779 0.133179
v -2.114350 0.568380 0.160180
v -2.125996 0.566225 0.101666
v -2.104483 0.568561 0.153574
v -2.137640 0.565852 0.103995
v -2.097893 0.568521 0.143698
v -2.156411 0.565963 0.132121
v -2.147511 0.565671 0.110602
v -2.154097 0.566391 0.143760
v -2.095567 0.568267 0.132055
v -2.154117 0.565710 0.120479
v -2.147509 0.566931 0.153622
v -2.097891 0.567839 0.120417
v -2.137638 0.567497 0.160206
v -2.104474 0.567300 0.110555
v -2.126000 0.568006 0.162510
v -2.114354 0.566733 0.103970
v -2.153327 0.576489 0.158923
v -2.153069 0.567004 0.159190
v -2.164282 0.565837 0.132146
v -2.164549 0.575323 0.131870
v -2.090886 0.577354 0.117125
v -2.090621 0.567868 0.117393
v -2.140896 0.577145 0.167209
v -2.140646 0.567660 0.167478
v -2.099181 0.576715 0.104712
v -2.098926 0.567228 0.104977
v -2.126261 0.577719 0.170103
v -2.126019 0.568234 0.170379
v -2.111596 0.576058 0.096426
v -2.111350 0.566571 0.096696
v -2.111344 0.568637 0.167453
v -2.111598 0.578124 0.167170
v -2.126000 0.565997 0.093798
v -2.126251 0.575484 0.093522
v -2.161379 0.565507 0.117471
v -2.161642 0.574993 0.117188
v -2.087698 0.568395 0.132066
v -2.087965 0.577880 0.131789
v -2.161376 0.566361 0.146755
v -2.161642 0.575847 0.146486
v -2.153077 0.565421 0.105044
v -2.153339 0.574907 0.104759
v -2.090622 0.568723 0.146700
v -2.090885 0.578209 0.146417
v -2.140647 0.565593 0.096727
v -2.140896 0.575080 0.096444
v -2.098928 0.568810 0.159149
v -2.099190 0.578296 0.158863
v -2.161961 0.684247 0.145597
v -2.154523 0.684535 0.156735
v -2.117127 0.685950 0.164182
v -2.105992 0.686365 0.156740
v -2.098551 0.686640 0.145600
v -2.095938 0.686730 0.132459
v -2.161959 0.684230 0.119323
v -2.154523 0.684504 0.108184
v -2.143391 0.684920 0.100741
v -2.130259 0.685415 0.098126
v -2.117127 0.685911 0.100737
v -2.105992 0.686336 0.108178
v -2.098551 0.686624 0.119319
v -2.130260 0.685456 0.166794
v -2.143392 0.684959 0.164179
v -2.164572 0.684141 0.132460
v -2.576277 0.662176 0.132664
v -2.571877 0.669897 0.132660
v -2.528929 0.688043 0.109485
v -2.566226 0.662571 0.156941
v -2.555093 0.662996 0.164384
v -2.557278 0.670423 0.158308
v -2.528929 0.688070 0.155809
v -2.528828 0.663987 0.164383
v -2.527054 0.671644 0.158312
v -2.517694 0.664403 0.156940
v -2.510256 0.664676 0.145801
v -2.570376 0.686457 0.132648
v -2.512450 0.672141 0.132660
v -2.556842 0.686914 0.109489
v -2.517694 0.664373 0.108385
v -2.528827 0.663948 0.100942
v -2.527054 0.671615 0.107008
v -2.556842 0.686942 0.155805
v -2.555092 0.662957 0.100942
v -2.566226 0.662541 0.108385
v -2.557278 0.670393 0.107012
v -2.573664 0.662268 0.119524
v -2.515491 0.688529 0.132646
v -2.573666 0.662284 0.145802
v -2.541960 0.663493 0.166997
v -2.507645 0.664767 0.132662
v -2.510256 0.664660 0.119524
v -2.541960 0.663450 0.098328
v -2.566967 0.514471 0.133895
v -2.564654 0.515099 0.145501
v -2.558061 0.515809 0.155360
v -2.548196 0.516487 0.161930
v -2.536572 0.517033 0.164219
v -2.524924 0.517362 0.161883
v -2.515066 0.517429 0.155278
v -2.508481 0.517218 0.145407
v -2.506160 0.516762 0.133786
v -2.508471 0.516134 0.122152
v -2.515069 0.515426 0.112307
v -2.524934 0.514746 0.105739
v -2.536556 0.514200 0.103444
v -2.548192 0.513869 0.105776
v -2.558072 0.513805 0.112383
v -2.564659 0.514015 0.122252
v -2.536566 0.515616 0.133831
v -2.526271 0.554677 0.160160
v -2.537917 0.551510 0.101693
v -2.516403 0.554744 0.153552
v -2.549561 0.551178 0.104028
v -2.509814 0.554534 0.143678
v -2.568332 0.551776 0.132146
v -2.559432 0.551111 0.110635
v -2.566018 0.552405 0.143777
v -2.507488 0.554079 0.132040
v -2.566038 0.551321 0.120511
v -2.559430 0.553116 0.153628
v -2.509812 0.553450 0.120412
v -2.549559 0.553796 0.160202
v -2.516395 0.552740 0.110560
v -2.537921 0.554344 0.162495
v -2.526273 0.552059 0.103986
v -2.565248 0.562765 0.158764
v -2.564991 0.553285 0.159193
v -2.576203 0.551651 0.132174
v -2.576470 0.561130 0.131734
v -2.502806 0.562905 0.116956
v -2.502542 0.553425 0.117388
v -2.552818 0.563564 0.167036
v -2.552567 0.554084 0.167469
v -2.511102 0.562051 0.104556
v -2.510847 0.552571 0.104985
v -2.538182 0.564188 0.169919
v -2.537940 0.554708 0.170360
v -2.523517 0.561251 0.096283
v -2.523271 0.551771 0.096716
v -2.523265 0.555062 0.167427
v -2.523519 0.564540 0.166979
v -2.537921 0.551147 0.093829
v -2.538172 0.560627 0.093388
v -2.573300 0.551066 0.117507
v -2.573563 0.560547 0.117060
v -2.499619 0.554206 0.132050
v -2.499887 0.563685 0.131610
v -2.573297 0.552428 0.146772
v -2.573563 0.561906 0.146339
v -2.564998 0.550766 0.105083
v -2.565260 0.560245 0.104634
v -2.502543 0.554788 0.146675
v -2.502805 0.564267 0.146227
v -2.552568 0.550793 0.096764
v -2.552818 0.560273 0.096316
v -2.510850 0.555090 0.159122
v -2.511111 0.564570 0.158671
v -2.573869 0.669830 0.145797
v -2.566431 0.670117 0.156936
v -2.529035 0.671533 0.164382
v -2.517900 0.671949 0.156940
v -2.510459 0.672224 0.145800
v -2.507847 0.672314 0.132660
v -2.573869 0.669814 0.119523
v -2.566431 0.670087 0.108383
v -2.555300 0.670503 0.100940
v -2.542168 0.670998 0.098325
v -2.529035 0.671494 0.100936
v -2.517900 0.671919 0.108379
v -2.510459 0.672208 0.119518
v -2.542168 0.671040 0.166994
v -2.555300 0.670542 0.164379
v -2.576479 0.669724 0.132660
vn -0.0541 0.9973 -0.0488
vn -0.0541 0.9985 -0.0000
vn -0.0611 0.9972 -0.0439
vn 0.0226 0.9997 -0.0000
vn 0.0234 0.9997 -0.0000
vn 0.0234 0.9997 0.0052
vn -0.0117 0.9968 -0.0795
vn -0.0000 0.9955 -0.0947
vn -0.0000 0.9968 -0.0794
vn -0.0000 0.9988 -0.0496
vn 0.0117 0.9999 -0.0000
vn -0.0000 1.0000 -0.0000
vn -0.0291 0.9993 0.0231
vn -0.0226 0.9997 -0.0000
vn -0.0213 0.9985 0.0504
vn -0.0000 0.9950 -0.0996
vn -0.0116 0.9954 -0.0948
vn -0.0114 0.9950 -0.0996
vn 0.0213 0.9985 0.0504
vn 0.0117 0.9968 0.0795
vn 0.0117 0.9987 0.0496
vn -0.0311 0.9973 -0.0665
vn -0.0322 0.9980 -0.0535
vn -0.0369 0.9967 -0.0721
vn -0.0369 0.9967 0.0721
vn -0.0457 0.9977 0.0505
vn -0.0322 0.9980 0.0535
vn 0.0244 0.9955 -0.0920
vn 0.0280 0.9959 -0.0864
vn 0.0257 0.9966 -0.0788
vn 0.0611 0.9972 0.0439
vn 0.0542 0.9973 0.0488
vn 0.0541 0.9985 -0.0000
vn 0.0439 0.9988 -0.0222
vn 0.0530 0.9986 -0.0000
vn 0.0457 0.9977 0.0505
vn -0.0670 0.9970 -0.0380
vn -0.0582 0.9980 -0.0243
vn -0.0116 0.9954 0.0948
vn -0.0203 0.9966 0.0796
vn -0.0117 0.9968 0.0795
vn -0.0117 0.9987 -0.0496
vn -0.0213 0.9985 -0.0504
vn -0.0244 0.9955 -0.0920
vn -0.0257 0.9966 -0.0788
vn -0.0280 0.9959 -0.0864
vn 0.0542 0.9973 -0.0488
vn 0.0611 0.9972 -0.0439
vn 0.0117 0.9987 -0.0496
vn 0.0286 0.9969 -0.0730
vn -0.0203 0.9966 -0.0796
vn -0.0295 0.9972 0.0686
vn -0.0311 0.9973 0.0665
vn 0.0295 0.9972 -0.0686
vn 0.0311 0.9973 -0.0665
vn 0.0322 0.9980 -0.0535
vn 0.0388 0.9987 -0.0340
vn 0.0457 0.9977 -0.0505
vn -0.0295 0.9988 0.0384
vn -0.0287 0.9990 0.0338
vn -0.0265 0.9982 0.0536
vn 0.0670 0.9970 -0.0380
vn 0.0203 0.9966 -0.0796
vn -0.0295 0.9972 -0.0686
vn -0.0265 0.9982 -0.0536
vn 0.0207 0.9952 -0.0952
vn 0.0232 0.9948 -0.0994
vn -0.0117 0.9987 0.0496
vn -0.0000 0.9968 0.0794
vn 0.0439 0.9988 0.0222
vn 0.0116 0.9954 -0.0948
vn 0.0182 0.9946 -0.1022
vn -0.0000 0.9988 0.0496
vn 0.0369 0.9967 -0.0721
vn 0.0265 0.9982 -0.0536
vn 0.0291 0.9993 0.0231
vn 0.0224 0.9948 -0.0994
vn -0.0530 0.9986 -0.0000
vn 0.0369 0.9967 0.0721
vn 0.0428 0.9967 0.0690
vn -0.0207 0.9952 0.0952
vn -0.0182 0.9946 0.1022
vn -0.0224 0.9948 0.0994
vn -0.0224 0.9948 -0.0994
vn -0.0207 0.9952 -0.0952
vn -0.0232 0.9948 -0.0994
vn -0.0670 0.9970 0.0380
vn -0.0582 0.9980 0.0243
vn 0.0565 0.9963 -0.0649
vn 0.0566 0.9964 -0.0631
vn 0.0244 0.9955 0.0920
vn 0.0257 0.9966 0.0788
vn 0.0280 0.9959 0.0864
vn 0.0203 0.9966 0.0796
vn 0.0117 0.9968 -0.0795
vn -0.0457 0.9977 -0.0505
vn -0.0428 0.9967 -0.0690
vn -0.0388 0.9987 0.0340
vn -0.0519 0.9965 0.0656
vn -0.0565 0.9963 0.0649
vn -0.0541 0.9973 0.0488
vn -0.0439 0.9988 0.0222
vn -0.0388 0.9987 -0.0340
vn -0.0388 0.9987 -0.0337
vn -0.0311 0.9991 -0.0288
vn 0.0207 0.9952 0.0952
vn 0.0224 0.9948 0.0994
vn 0.0182 0.9946 0.1022
vn 0.0388 0.9987 0.0340
vn 0.0388 0.9987 0.0337
vn -0.0117 0.9999 -0.0000
vn 0.0519 0.9965 -0.0656
vn 0.0428 0.9967 -0.0690
vn 0.0286 0.9969 0.0730
vn 0.0213 0.9985 -0.0504
vn 0.0311 0.9991 0.0288
vn 0.0287 0.9990 0.0338
vn 0.0265 0.9982 0.0536
vn -0.0244 0.9955 0.0920
vn -0.0280 0.9959 0.0864
vn -0.0257 0.9966 0.0788
vn 0.0566 0.9964 0.0631
vn -0.0000 0.9950 0.0996
vn 0.0116 0.9954 0.0948
vn 0.0114 0.9950 0.0996
vn -0.0286 0.9969 -0.0730
vn -0.0439 0.9988 -0.0222
vn 0.0234 0.9997 -0.0052
vn -0.0388 0.9987 0.0337
vn -0.0286 0.9969 0.0730
vn -0.0295 0.9988 -0.0384
vn -0.0287 0.9990 -0.0338
vn -0.0611 0.9972 0.0439
vn 0.0519 0.9965 0.0656
vn 0.0565 0.9963 0.0649
vn -0.0566 0.9964 -0.0631
vn -0.0565 0.9963 -0.0649
vn 0.0582 0.9980 0.0243
vn 0.0670 0.9970 0.0380
vn 0.0311 0.9973 0.0665
vn 0.0322 0.9980 0.0535
vn -0.0566 0.9964 0.0631
vn 0.0114 0.9950 -0.0996
vn -0.0000 0.9955 0.0947
vn -0.0232 0.9948 0.0994
vn -0.0234 0.9997 -0.0000
vn -0.0233 0.9997 -0.0051
vn -0.0114 0.9950 0.0996
vn -0.0182 0.9946 -0.1022
vn -0.0519 0.9965 -0.0656
vn -0.0323 0.9987 0.0387
vn 0.0295 0.9972 0.0686
vn -0.0323 0.9987 -0.0387
vn 0.0323 0.9987 -0.0387
vn 0.0323 0.9987 0.0387
vn 0.0582 0.9980 -0.0243
vn -0.0234 0.9997 0.0051
vn 0.0232 0.9948 0.0994
vn -0.0311 0.9991 0.0288
vn 0.0311 0.9991 -0.0288
vn 0.0388 0.9987 -0.0337
vn 0.0291 0.9993 -0.0231
vn 0.0287 0.9990 -0.0338
vn 0.0295 0.9988 -0.0384
vn -0.0291 0.9993 -0.0231
vn 0.0295 0.9988 0.0384
vn -0.0428 0.9967 0.0690
vn 0.0405 -0.9992 -0.0000
vn 0.0597 -0.9971 -0.0475
vn 0.0546 -0.9973 -0.0493
vn -0.0216 -0.9998 -0.0000
vn -0.0234 -0.9997 -0.0058
vn -0.0234 -0.9997 -0.0000
vn 0.0117 -0.9968 0.0794
vn -0.0000 -0.9955 0.0947
vn 0.0116 -0.9954 0.0948
vn -0.0000 -0.9988 0.0495
vn -0.0117 -0.9999 -0.0000
vn -0.0117 -0.9987 0.0495
vn 0.0310 -0.9990 0.0312
vn 0.0273 -0.9982 0.0529
vn 0.0386 -0.9984 0.0409
vn -0.0000 -0.9950 0.0996
vn 0.0114 -0.9950 0.0996
vn -0.0205 -0.9986 -0.0497
vn -0.0117 -0.9968 -0.0794
vn -0.0203 -0.9966 -0.0796
vn 0.0311 -0.9973 0.0664
vn 0.0369 -0.9967 0.0719
vn 0.0322 -0.9980 0.0535
vn 0.0369 -0.9967 -0.0719
vn 0.0455 -0.9977 -0.0496
vn 0.0428 -0.9967 -0.0689
vn -0.0244 -0.9955 0.0919
vn -0.0257 -0.9966 0.0788
vn -0.0280 -0.9959 0.0864
vn -0.0405 -0.9992 -0.0000
vn -0.0597 -0.9971 -0.0475
vn -0.0608 -0.9974 -0.0394
vn -0.0546 -0.9973 -0.0493
vn -0.0455 -0.9977 0.0496
vn -0.0030 -0.9998 0.0177
vn 0.0556 -0.9982 0.0236
vn 0.0530 -0.9986 -0.0000
vn 0.0203 -0.9966 -0.0796
vn 0.0116 -0.9954 -0.0948
vn 0.0117 -0.9968 -0.0794
vn 0.0117 -0.9987 0.0495
vn 0.0216 -0.9998 -0.0000
vn 0.0117 -0.9999 -0.0000
vn 0.0244 -0.9955 0.0919
vn 0.0280 -0.9959 0.0864
vn 0.0257 -0.9966 0.0788
vn 0.0205 -0.9986 -0.0497
vn 0.0117 -0.9987 -0.0495
vn -0.0597 -0.9971 0.0475
vn -0.0546 -0.9973 0.0493
vn -0.0205 -0.9986 0.0497
vn -0.0286 -0.9969 0.0729
vn 0.0203 -0.9966 0.0796
vn 0.0296 -0.9972 -0.0686
vn 0.0322 -0.9980 -0.0535
vn 0.0311 -0.9973 -0.0664
vn -0.0296 -0.9972 0.0686
vn -0.0322 -0.9981 0.0535
vn -0.0311 -0.9973 0.0664
vn -0.0388 -0.9987 0.0341
vn -0.0323 -0.9987 0.0388
vn 0.0295 -0.9988 -0.0384
vn 0.0273 -0.9982 -0.0529
vn 0.0386 -0.9984 -0.0409
vn -0.0608 -0.9974 0.0394
vn -0.0203 -0.9966 0.0796
vn 0.0296 -0.9972 0.0686
vn -0.0232 -0.9948 0.0994
vn -0.0207 -0.9952 0.0952
vn -0.0000 -0.9968 -0.0794
vn -0.0000 -0.9988 -0.0495
vn -0.0455 -0.9977 -0.0496
vn -0.0030 -0.9998 -0.0177
vn -0.0182 -0.9946 0.1021
vn -0.0116 -0.9954 0.0948
vn -0.0000 -1.0000 -0.0000
vn -0.0369 -0.9967 0.0719
vn -0.0428 -0.9967 0.0689
vn -0.0273 -0.9982 0.0529
vn -0.0224 -0.9948 0.0994
vn 0.0556 -0.9982 -0.0236
vn -0.0369 -0.9967 -0.0719
vn -0.0322 -0.9981 -0.0535
vn -0.0117 -0.9987 -0.0495
vn 0.0205 -0.9986 0.0497
vn 0.0207 -0.9952 -0.0952
vn 0.0224 -0.9948 -0.0994
vn 0.0182 -0.9946 -0.1021
vn 0.0224 -0.9948 0.0994
vn 0.0232 -0.9948 0.0994
vn 0.0207 -0.9952 0.0952
vn 0.0608 -0.9974 0.0394
vn -0.0566 -0.9964 0.0630
vn -0.0565 -0.9963 0.0649
vn -0.0244 -0.9955 -0.0919
vn -0.0280 -0.9959 -0.0864
vn -0.0257 -0.9966 -0.0788
vn -0.0117 -0.9968 0.0794
vn -0.0000 -0.9968 0.0794
vn 0.0455 -0.9977 0.0496
vn 0.0387 -0.9987 -0.0341
vn 0.0323 -0.9987 -0.0388
vn 0.0520 -0.9965 -0.0656
vn 0.0566 -0.9963 -0.0649
vn 0.0029 -0.9998 0.0177
vn 0.0387 -0.9987 0.0341
vn 0.0387 -0.9987 0.0337
vn 0.0308 -0.9991 0.0287
vn -0.0207 -0.9952 -0.0952
vn -0.0182 -0.9946 -0.1021
vn -0.0224 -0.9948 -0.0994
vn -0.0388 -0.9987 -0.0341
vn -0.0387 -0.9987 -0.0337
vn -0.0520 -0.9965 0.0656
vn -0.0286 -0.9969 -0.0729
vn 0.0597 -0.9971 0.0475
vn -0.0308 -0.9991 -0.0287
vn -0.0273 -0.9982 -0.0529
vn 0.0244 -0.9955 -0.0919
vn 0.0257 -0.9966 -0.0788
vn 0.0280 -0.9959 -0.0864
vn -0.0566 -0.9964 -0.0630
vn -0.0116 -0.9954 -0.0948
vn -0.0000 -0.9950 -0.0996
vn -0.0114 -0.9950 -0.0996
vn 0.0286 -0.9969 0.0730
vn -0.0234 -0.9997 0.0058
vn 0.0387 -0.9987 -0.0337
vn 0.0286 -0.9969 -0.0730
vn 0.0295 -0.9988 0.0384
vn 0.0608 -0.9974 -0.0394
vn -0.0520 -0.9965 -0.0656
vn -0.0565 -0.9963 -0.0649
vn 0.0546 -0.9973 0.0493
vn 0.0566 -0.9963 0.0649
vn 0.0566 -0.9964 0.0630
vn -0.0556 -0.9982 -0.0236
vn -0.0311 -0.9973 -0.0664
vn -0.0530 -0.9986 -0.0000
vn -0.0556 -0.9982 0.0236
vn 0.0566 -0.9964 -0.0630
vn -0.0114 -0.9950 0.0996
vn -0.0000 -0.9955 -0.0947
vn 0.0232 -0.9948 -0.0994
vn 0.0234 -0.9997 0.0058
vn 0.0234 -0.9997 -0.0000
vn 0.0114 -0.9950 -0.0996
vn -0.0428 -0.9967 -0.0689
vn 0.0182 -0.9946 0.1021
vn 0.0520 -0.9965 0.0656
vn -0.0296 -0.9972 -0.0686
vn 0.0323 -0.9987 0.0388
vn -0.0295 -0.9988 0.0384
vn 0.0234 -0.9997 -0.0058
vn -0.0232 -0.9948 -0.0994
vn 0.0310 -0.9990 -0.0312
vn 0.0308 -0.9991 -0.0287
vn 0.0029 -0.9998 -0.0177
vn -0.0310 -0.9990 -0.0312
vn 0.0428 -0.9967 0.0689
vn -0.0308 -0.9991 0.0287
vn -0.0387 -0.9987 0.0337
vn -0.0310 -0.9990 0.0312
vn -0.0386 -0.9984 0.0409
vn -0.0386 -0.9984 -0.0409
vn -0.0295 -0.9988 -0.0384
vn -0.0323 -0.9987 -0.0388
vn 0.9882 -0.0518 -0.1440
vn 0.9242 -0.0410 -0.3797
vn 0.9240 -0.0400 -0.3803
vn 0.2194 0.0611 -0.9737
vn 0.4535 0.0507 -0.8898
vn 0.4526 0.0537 -0.8901
vn -0.5108 0.0738 -0.8565
vn -0.2850 0.0889 -0.9544
vn -0.5116 0.0723 -0.8562
vn -0.9203 0.0035 0.3911
vn -0.6910 -0.0042 0.7228
vn -0.9259 0.0112 0.3776
vn -0.7201 -0.0352 -0.6930
vn -0.9311 -0.0304 -0.3636
vn -0.7342 -0.0452 -0.6774
vn -0.1411 0.0585 -0.9883
vn -0.0023 0.0696 -0.9976
vn -0.1418 0.0573 -0.9882
vn -0.3826 0.0389 -0.9231
vn -0.3832 0.0381 -0.9229
vn 0.6464 0.0458 -0.7616
vn 0.6453 0.0487 -0.7624
vn 0.9997 -0.0242 -0.0000
vn 0.9310 -0.0304 -0.3636
vn 0.9997 -0.0235 -0.0000
vn 0.2847 0.0895 0.9544
vn 0.0826 0.0988 0.9917
vn 0.2850 0.0889 0.9544
vn 0.6969 0.0010 -0.7172
vn 0.3610 -0.0174 -0.9324
vn 0.6911 -0.0042 -0.7228
vn 0.6715 0.0511 -0.7393
vn 0.6704 0.0533 -0.7400
vn -0.4074 -0.0448 0.9122
vn -0.1273 -0.0419 0.9910
vn -0.4125 -0.0475 0.9097
vn 0.5108 0.0738 -0.8565
vn 0.2850 0.0889 -0.9544
vn 0.2847 0.0895 -0.9544
vn 0.0217 0.0704 0.9973
vn 0.0023 0.0696 0.9976
vn 0.0019 0.0704 0.9975
vn 0.0822 0.0992 0.9917
vn -0.0000 0.1006 0.9949
vn -0.1411 0.0585 0.9883
vn -0.0023 0.0696 0.9976
vn -0.0019 0.0704 0.9975
vn -0.4073 -0.0448 -0.9122
vn -0.4125 -0.0475 -0.9097
vn 0.0802 0.0649 -0.9947
vn 0.0215 0.0698 -0.9973
vn 0.0801 0.0638 -0.9947
vn -0.6704 0.0533 0.7400
vn -0.5116 0.0723 0.8562
vn -0.5108 0.0738 0.8565
vn 0.0686 -0.0327 0.9971
vn -0.0302 -0.0381 0.9988
vn -0.0302 -0.0380 0.9988
vn 0.3602 -0.0181 -0.9327
vn 0.0696 -0.0321 -0.9971
vn 0.5116 0.0723 -0.8562
vn 0.6453 0.0487 0.7624
vn 0.6715 0.0511 0.7393
vn 0.6464 0.0458 0.7616
vn -0.3602 -0.0181 0.9327
vn -0.0696 -0.0321 0.9971
vn -0.3610 -0.0174 0.9324
vn 0.2200 0.0599 -0.9737
vn -0.3827 0.0388 0.9231
vn -0.1418 0.0573 0.9882
vn -0.6095 0.0159 -0.7926
vn -0.6114 0.0126 -0.7913
vn -0.7342 -0.0452 0.6774
vn -0.7201 -0.0352 0.6930
vn 0.9240 -0.0400 0.3803
vn 0.7975 -0.0199 0.6030
vn 0.9242 -0.0410 0.3797
vn -0.9882 -0.0518 0.1440
vn -0.9242 -0.0410 0.3797
vn -0.9240 -0.0401 0.3803
vn -0.0217 0.0704 -0.9973
vn -0.0019 0.0704 -0.9975
vn -0.6453 0.0487 -0.7624
vn -0.6715 0.0511 -0.7393
vn -0.6464 0.0458 -0.7616
vn 0.0802 0.0648 0.9947
vn 0.2200 0.0598 0.9737
vn 0.0801 0.0638 0.9947
vn 0.4073 -0.0448 0.9122
vn 0.1273 -0.0419 0.9910
vn 0.1273 -0.0418 0.9910
vn 0.9203 0.0035 0.3911
vn 0.6911 -0.0042 0.7228
vn 0.6969 0.0010 0.7172
vn -0.0822 0.0992 0.9917
vn 0.4526 0.0537 0.8901
vn 0.4535 0.0506 0.8898
vn 0.1411 0.0585 -0.9883
vn 0.0023 0.0696 -0.9976
vn 0.0019 0.0704 -0.9975
vn -0.6704 0.0533 -0.7400
vn -0.2194 0.0611 -0.9737
vn -0.4535 0.0507 -0.8898
vn -0.2200 0.0599 -0.9737
vn -0.6453 0.0487 0.7624
vn -0.6715 0.0511 0.7393
vn 0.2194 0.0611 0.9737
vn -0.7956 -0.0159 0.6056
vn -0.6114 0.0126 0.7913
vn -0.6095 0.0159 0.7926
vn 0.3602 -0.0181 0.9327
vn 0.0696 -0.0321 0.9971
vn -0.2847 0.0895 0.9544
vn -0.0826 0.0988 0.9917
vn -0.3602 -0.0181 -0.9327
vn -0.0696 -0.0321 -0.9971
vn -0.0686 -0.0327 -0.9971
vn 0.7975 -0.0199 -0.6030
vn 0.7956 -0.0159 -0.6056
vn 0.9203 0.0035 -0.3911
vn 0.9259 0.0112 -0.3776
vn 0.9882 -0.0518 0.1440
vn 0.9882 -0.0512 0.1444
vn 0.4073 -0.0448 -0.9122
vn 0.7342 -0.0452 -0.6774
vn 0.7201 -0.0352 -0.6930
vn 0.6096 0.0159 0.7926
vn 0.3832 0.0380 0.9229
vn 0.6114 0.0126 0.7913
vn 0.0215 0.0698 0.9973
vn 0.5108 0.0738 0.8565
vn 0.5116 0.0723 0.8562
vn -0.9999 0.0151 -0.0000
vn -0.9259 0.0112 -0.3776
vn -0.9203 0.0035 -0.3911
vn 0.7956 -0.0159 0.6056
vn 0.6704 0.0533 0.7400
vn -0.6969 0.0010 -0.7172
vn -0.3610 -0.0174 -0.9324
vn -0.0802 0.0649 -0.9947
vn -0.0215 0.0698 -0.9973
vn 0.0826 0.0988 -0.9917
vn 0.0822 0.0992 -0.9917
vn 0.9999 0.0151 -0.0000
vn 0.9992 0.0398 -0.0000
vn -0.0802 0.0648 0.9947
vn -0.2200 0.0598 0.9737
vn -0.2194 0.0611 0.9737
vn -0.4526 0.0537 0.8901
vn -0.6464 0.0458 0.7616
vn -0.9882 -0.0518 -0.1440
vn -0.9242 -0.0410 -0.3797
vn -0.9882 -0.0512 -0.1444
vn -0.1273 -0.0418 0.9910
vn -0.0686 -0.0327 0.9971
vn 0.0302 -0.0381 0.9988
vn -0.6910 -0.0042 -0.7228
vn -0.0000 0.1006 -0.9949
vn 0.6096 0.0159 -0.7926
vn 0.3832 0.0381 -0.9229
vn 0.3826 0.0389 -0.9231
vn -0.0822 0.0992 -0.9917
vn -0.0826 0.0988 -0.9917
vn 0.3827 0.0388 0.9231
vn 0.1418 0.0573 0.9882
vn 0.1411 0.0585 0.9883
vn 0.9243 -0.0236 -0.3810
vn 0.1273 -0.0419 -0.9910
vn 0.4125 -0.0475 -0.9097
vn 0.7201 -0.0352 0.6930
vn 0.9310 -0.0304 0.3636
vn 0.7342 -0.0452 0.6774
vn 0.6114 0.0126 -0.7913
vn -0.0000 0.0997 0.9950
vn -0.2850 0.0889 0.9544
vn -0.0217 0.0704 0.9973
vn -0.0215 0.0698 0.9973
vn -0.7975 -0.0199 0.6030
vn 0.0686 -0.0327 -0.9971
vn -0.0302 -0.0381 -0.9988
vn -0.2847 0.0894 -0.9544
vn -0.9997 -0.0241 -0.0000
vn -0.9243 -0.0235 -0.3810
vn -0.9240 -0.0401 -0.3803
vn -0.7975 -0.0199 -0.6030
vn -0.6969 0.0010 0.7172
vn -0.0801 0.0638 0.9947
vn -0.7956 -0.0159 -0.6056
vn -0.0000 0.0997 -0.9950
vn -0.0000 0.0996 -0.9950
vn 0.0302 -0.0381 -0.9988
vn -0.3832 0.0380 0.9229
vn 0.9259 0.0112 0.3776
vn 0.4125 -0.0475 0.9097
vn -0.9310 -0.0304 0.3636
vn -0.9997 -0.0234 -0.0000
vn -0.9243 -0.0236 0.3810
vn 0.1418 0.0573 -0.9882
vn -0.9986 -0.0537 -0.0000
vn -0.9882 -0.0512 0.1444
vn 0.1273 -0.0418 -0.9910
vn 0.9986 -0.0537 -0.0000
vn 0.9986 -0.0530 -0.0000
vn 0.0217 0.0704 -0.9973
vn -0.4526 0.0537 -0.8901
vn -0.0801 0.0638 -0.9947
vn 0.0302 -0.0380 0.9988
vn 0.9243 -0.0236 0.3810
vn -0.1273 -0.0419 -0.9910
vn -0.1273 -0.0418 -0.9910
vn -0.9992 0.0398 -0.0000
vn 0.9882 -0.0512 -0.1444
vn 0.3610 -0.0174 0.9324
vn -0.4535 0.0507 0.8898
vn -0.9986 -0.0530 -0.0000
vn -0.0000 0.0996 0.9950
vn 0.4631 -0.4619 -0.7564
vn 0.5946 -0.5924 -0.5436
vn 0.4606 -0.4591 -0.7597
vn 0.7553 -0.0241 0.6549
vn 0.9091 -0.0289 0.4155
vn 0.9091 -0.0290 0.4156
vn -0.1891 0.0476 0.9808
vn 0.0027 0.0068 1.0000
vn 0.0010 0.0326 0.9995
vn 0.7553 -0.0241 -0.6549
vn 0.5404 -0.0173 -0.8413
vn -0.1370 -0.1526 -0.9787
vn -0.0486 -0.0574 -0.9972
vn -0.2134 -0.2367 -0.9479
vn 0.9890 -0.0285 -0.1450
vn 0.9999 -0.0158 -0.0005
vn 0.9887 -0.0315 -0.1463
vn -0.9741 0.1248 0.1887
vn -0.9202 0.3098 0.2393
vn -0.9677 0.2521 -0.0000
vn -0.7555 0.0227 -0.6547
vn -0.9092 0.0280 -0.4154
vn -0.7554 0.0227 -0.6549
vn -0.6124 -0.6711 -0.4178
vn -0.6749 -0.7379 -0.0000
vn -0.5906 -0.6458 -0.4838
vn 0.0166 0.5797 0.8147
vn -0.1751 0.4346 0.8834
vn 0.0119 0.4112 0.9115
vn -0.9163 0.0287 0.3995
vn -0.9794 0.0394 0.1981
vn -0.9784 0.0349 0.2037
vn -0.0002 -0.0011 -1.0000
vn -0.0714 0.0004 -0.9974
vn -0.0713 0.0003 -0.9975
vn -0.0043 0.0018 -1.0000
vn -0.0149 0.0086 -0.9999
vn -0.0114 0.0048 -0.9999
vn 0.2816 -0.0091 -0.9595
vn 0.0712 -0.0025 -0.9975
vn 0.0714 -0.0025 -0.9974
vn -0.0007 -0.0020 -1.0000
vn 0.1022 -0.1029 -0.9894
vn 0.0980 -0.0990 -0.9902
vn -0.3771 -0.4129 -0.8291
vn -0.4414 -0.4854 -0.7547
vn -0.3341 0.8658 0.3724
vn -0.1631 0.7688 0.6184
vn -0.1454 0.9095 0.3895
vn -0.9588 -0.2840 -0.0000
vn -0.9593 -0.2814 -0.0225
vn -0.9598 -0.2806 -0.0000
vn 0.6804 -0.6778 -0.2786
vn 0.5959 -0.5939 -0.5406
vn 0.6807 -0.6783 -0.2767
vn -0.5906 -0.6458 0.4838
vn -0.4414 -0.4854 0.7546
vn -0.3771 -0.4129 0.8291
vn 0.4605 -0.4591 0.7597
vn 0.2925 -0.2923 0.9105
vn 0.2886 -0.2883 0.9130
vn -0.1291 -0.9916 -0.0000
vn -0.0296 -0.9996 -0.0000
vn -0.3565 0.7294 0.5839
vn 0.2925 -0.2923 -0.9105
vn -0.9741 0.1248 -0.1887
vn -0.9979 -0.0639 0.0051
vn -0.9889 0.0321 0.1450
vn -0.9993 0.0375 0.0009
vn -0.0319 -0.9995 0.0003
vn -0.0320 -0.9995 0.0002
vn -0.0318 -0.9995 0.0002
vn 0.7084 -0.7058 -0.0000
vn -0.9239 0.0970 0.3701
vn -0.9774 0.0682 0.2003
vn -0.2816 0.0070 -0.9595
vn -0.3731 -0.9278 -0.0000
vn -0.3642 0.4164 0.8331
vn -0.1840 0.1837 0.9656
vn 0.9091 -0.0290 -0.4156
vn 0.9091 -0.0289 -0.4155
vn 0.0260 0.9179 0.3958
vn 0.0261 0.9179 0.3959
vn -0.0092 0.0077 -0.9999
vn -0.0190 0.0145 -0.9997
vn 0.0048 0.1619 0.9868
vn -0.9159 0.4014 -0.0000
vn -0.9202 0.3098 -0.2393
vn -0.1891 0.0476 -0.9808
vn 0.0048 0.1619 -0.9868
vn 0.0010 0.0326 -0.9995
vn 0.1022 -0.1029 0.9894
vn 0.0980 -0.0990 0.9902
vn -0.3712 0.1804 -0.9109
vn -0.1840 0.1837 -0.9656
vn 0.6804 -0.6778 0.2786
vn 0.5959 -0.5939 0.5406
vn 0.5946 -0.5924 0.5436
vn -0.9524 -0.2823 -0.1152
vn -0.9513 -0.2803 -0.1282
vn -0.9524 -0.2860 -0.1052
vn -0.6124 -0.6711 0.4178
vn -0.0007 -0.0020 1.0000
vn -0.0031 -0.0000 1.0000
vn -0.3564 0.7294 -0.5839
vn -0.1751 0.4346 -0.8834
vn -0.3642 0.4164 -0.8331
vn -0.3562 0.0139 0.9343
vn -0.3748 0.0518 0.9257
vn -0.2134 -0.2368 0.9478
vn -0.1370 -0.1526 0.9787
vn -0.9521 -0.2819 0.1187
vn -0.9936 -0.1130 -0.0057
vn -0.0149 0.0086 0.9999
vn -0.0043 0.0018 1.0000
vn -0.0114 0.0048 0.9999
vn 0.0166 0.5797 -0.8146
vn 0.0119 0.4112 -0.9115
vn -0.0486 -0.0574 0.9972
vn -0.0165 -0.0196 0.9997
vn -0.9547 -0.2897 -0.0675
vn -0.9559 -0.2882 -0.0571
vn -0.9889 0.0321 -0.1450
vn -0.9979 -0.0639 -0.0051
vn -0.9993 0.0375 -0.0009
vn -0.0002 -0.0010 1.0000
vn -0.0712 0.0004 0.9975
vn -0.0714 0.0004 0.9974
vn 0.2886 -0.2883 -0.9130
vn -0.9593 -0.2814 0.0225
vn -0.9579 -0.2860 0.0263
vn -0.9524 -0.2823 0.1152
vn -0.9513 -0.2803 0.1282
vn -0.9936 -0.1130 0.0057
vn -0.3341 0.8658 -0.3724
vn -0.1631 0.7688 -0.6184
vn 0.9887 -0.0315 0.1463
vn -0.7555 0.0227 0.6547
vn -0.9092 0.0280 0.4154
vn -0.9092 0.0281 0.4153
vn -0.0319 -0.9995 -0.0003
vn -0.0319 -0.9995 -0.0002
vn -0.0320 -0.9995 -0.0002
vn -0.0190 0.0145 0.9997
vn -0.0091 0.0077 0.9999
vn 0.6807 -0.6783 0.2768
vn -0.9239 0.0970 -0.3701
vn -0.9774 0.0682 -0.2002
vn -0.2816 0.0071 0.9595
vn -0.3712 0.1804 0.9109
vn 0.0260 0.9179 -0.3958
vn -0.1454 0.9095 -0.3895
vn -0.2818 0.0070 0.9595
vn -0.5404 0.0155 0.8413
vn -0.5405 0.0155 0.8412
vn 0.0027 0.0068 -1.0000
vn -0.7554 0.0227 0.6549
vn 0.9999 -0.0158 0.0005
vn 0.9890 -0.0285 0.1450
vn -0.9889 0.0312 0.1452
vn 0.0318 0.9995 -0.0000
vn 0.4632 -0.4619 0.7564
vn -0.9257 0.0410 -0.3760
vn -0.9794 0.0394 -0.1981
vn 0.5403 -0.0173 0.8413
vn -0.3562 0.0139 -0.9343
vn -0.1757 0.0111 -0.9844
vn -0.9547 -0.2897 0.0675
vn -0.9524 -0.2860 0.1052
vn -0.9559 -0.2882 0.0571
vn 0.2816 -0.0091 0.9595
vn 0.0001 0.0028 -1.0000
vn -0.0017 0.0040 -1.0000
vn -0.9163 0.0287 -0.3995
vn -0.9784 0.0349 -0.2037
vn 0.0712 -0.0025 0.9975
vn 0.0714 -0.0025 0.9974
vn -0.2818 0.0070 -0.9595
vn -0.5404 0.0155 -0.8413
vn -0.9092 0.0281 -0.4153
vn -0.5405 0.0155 -0.8412
vn -0.9257 0.0410 0.3760
vn -0.0165 -0.0196 -0.9997
vn -0.0004 0.0003 -1.0000
vn -0.0031 -0.0000 -1.0000
vn 0.6749 0.7379 0.0006
vn 0.6750 0.7379 0.0007
vn 0.6746 0.7382 -0.0000
vn 0.0001 0.0028 1.0000
vn -0.0017 0.0040 1.0000
vn -0.0004 0.0003 1.0000
vn -0.0317 -0.9995 -0.0005
vn -0.0309 -0.9995 -0.0005
vn -0.0315 -0.9995 -0.0005
vn -0.0318 -0.9995 -0.0005
vn -0.0339 -0.9994 -0.0000
vn -0.0327 -0.9995 -0.0001
vn -0.0323 -0.9995 -0.0001
vn -0.0321 -0.9995 -0.0002
vn -0.5960 -0.8030 -0.0000
vn -0.9579 -0.2860 -0.0263
vn 0.5403 -0.0173 -0.8413
vn 0.6024 0.7982 -0.0000
vn 0.3797 0.9251 -0.0000
vn 0.7347 -0.6784 -0.0000
vn -0.9521 -0.2819 -0.1187
vn -0.6762 -0.7367 -0.0000
vn -0.6762 -0.7367 0.0001
vn -0.0317 -0.9995 0.0005
vn -0.0315 -0.9995 0.0005
vn -0.0309 -0.9995 0.0005
vn -0.0318 -0.9995 0.0005
vn -0.0327 -0.9995 0.0001
vn -0.0323 -0.9995 0.0001
vn -0.0321 -0.9995 0.0002
vn 0.1335 0.9911 -0.0000
vn 0.1334 0.9911 -0.0000
vn 0.7346 -0.6784 -0.0000
vn 0.7346 -0.6785 -0.0000
vn -0.1757 0.0111 0.9844
vn 0.0037 0.0093 -0.9999
vn -0.5946 -0.5924 -0.5436
vn -0.4632 -0.4619 -0.7564
vn -0.4606 -0.4591 -0.7597
vn -0.7553 -0.0241 0.6550
vn -0.9091 -0.0289 0.4155
vn -0.7553 -0.0241 0.6549
vn 0.1892 0.0476 0.9808
vn -0.0010 0.0326 0.9995
vn -0.0027 0.0068 1.0000
vn -0.5403 -0.0173 -0.8413
vn -0.7553 -0.0241 -0.6549
vn -0.7553 -0.0241 -0.6550
vn 0.1370 -0.1526 -0.9788
vn 0.0486 -0.0574 -0.9972
vn 0.0165 -0.0196 -0.9997
vn -0.9999 -0.0158 -0.0005
vn -0.9890 -0.0284 -0.1449
vn -0.9887 -0.0314 -0.1462
vn 0.9202 0.3098 0.2393
vn 0.9741 0.1248 0.1887
vn 0.9677 0.2521 -0.0000
vn 0.7555 0.0227 -0.6548
vn 0.9092 0.0280 -0.4155
vn 0.9092 0.0281 -0.4153
vn 0.6749 -0.7379 -0.0000
vn 0.6124 -0.6711 -0.4178
vn 0.5906 -0.6458 -0.4838
vn 0.1751 0.4346 0.8834
vn -0.0166 0.5797 0.8147
vn -0.0119 0.4112 0.9115
vn 0.9794 0.0394 0.1981
vn 0.9163 0.0286 0.3995
vn 0.9784 0.0349 0.2037
vn 0.0002 -0.0011 -1.0000
vn 0.0713 0.0004 -0.9975
vn 0.0714 0.0004 -0.9974
vn 0.0149 0.0086 -0.9999
vn 0.0042 0.0018 -1.0000
vn 0.0114 0.0048 -0.9999
vn -0.0713 -0.0025 -0.9974
vn -0.2815 -0.0091 -0.9595
vn -0.2816 -0.0091 -0.9595
vn 0.0007 -0.0020 -1.0000
vn -0.1022 -0.1029 -0.9894
vn 0.0031 -0.0000 -1.0000
vn 0.3771 -0.4129 -0.8290
vn 0.2134 -0.2368 -0.9478
vn 0.3341 0.8658 0.3724
vn 0.1631 0.7688 0.6184
vn 0.3565 0.7294 0.5839
vn 0.9588 -0.2840 -0.0000
vn 0.9593 -0.2814 -0.0224
vn 0.9579 -0.2860 -0.0263
vn -0.6804 -0.6778 -0.2786
vn -0.5959 -0.5938 -0.5406
vn 0.4414 -0.4854 0.7547
vn 0.5906 -0.6458 0.4838
vn 0.3771 -0.4129 0.8291
vn -0.4606 -0.4591 0.7597
vn -0.2925 -0.2923 0.9105
vn -0.4632 -0.4619 0.7564
vn 0.0296 -0.9996 -0.0000
vn 0.1291 -0.9916 -0.0000
vn 0.3642 0.4164 0.8331
vn -0.2925 -0.2923 -0.9105
vn -0.2886 -0.2883 -0.9130
vn 0.4414 -0.4854 -0.7547
vn 0.9741 0.1248 -0.1887
vn 0.9889 0.0320 0.1450
vn 0.9979 -0.0639 0.0051
vn 0.9993 0.0375 0.0008
vn 0.0319 -0.9995 0.0003
vn 0.0319 -0.9995 0.0002
vn -0.7084 -0.7058 -0.0000
vn -0.6807 -0.6783 -0.2767
vn 0.9239 0.0970 0.3701
vn 0.9774 0.0682 0.2002
vn 0.2816 0.0070 -0.9595
vn 0.3732 -0.9277 -0.0000
vn 0.1840 0.1837 0.9656
vn 0.3711 0.1804 0.9109
vn -0.9091 -0.0289 -0.4155
vn -0.0260 0.9180 0.3958
vn 0.1454 0.9095 0.3895
vn 0.0190 0.0146 -0.9997
vn 0.0091 0.0077 -0.9999
vn 0.9159 0.4015 -0.0000
vn 0.9202 0.3098 -0.2393
vn -0.0048 0.1619 -0.9868
vn 0.1891 0.0476 -0.9808
vn -0.0010 0.0326 -0.9995
vn -0.1022 -0.1029 0.9894
vn -0.2886 -0.2883 0.9130
vn -0.0980 -0.0990 0.9902
vn 0.3711 0.1804 -0.9109
vn 0.1840 0.1837 -0.9656
vn -0.6804 -0.6778 0.2786
vn -0.5959 -0.5938 0.5406
vn -0.6807 -0.6783 0.2767
vn 0.9524 -0.2823 -0.1152
vn 0.9513 -0.2804 -0.1283
vn 0.9521 -0.2819 -0.1188
vn 0.6124 -0.6711 0.4178
vn 0.0007 -0.0020 1.0000
vn 0.3565 0.7294 -0.5839
vn 0.1751 0.4346 -0.8834
vn 0.1631 0.7688 -0.6184
vn 0.3563 0.0139 0.9343
vn 0.1758 0.0111 0.9844
vn 0.2134 -0.2368 0.9478
vn 0.9521 -0.2819 0.1188
vn 0.9513 -0.2804 0.1283
vn 0.0043 0.0018 1.0000
vn 0.0149 0.0087 0.9999
vn 0.0114 0.0048 0.9999
vn -0.0166 0.5797 -0.8146
vn -0.0119 0.4112 -0.9115
vn 0.0031 -0.0000 1.0000
vn 0.1370 -0.1526 0.9788
vn 0.0486 -0.0574 0.9972
vn 0.9547 -0.2897 -0.0675
vn 0.9525 -0.2860 -0.1052
vn -0.0048 0.1619 0.9868
vn 0.9979 -0.0639 -0.0051
vn 0.9889 0.0320 -0.1450
vn 0.9993 0.0375 -0.0008
vn 0.0714 0.0004 0.9974
vn 0.0713 0.0004 0.9975
vn 0.0002 -0.0011 1.0000
vn -0.0980 -0.0990 -0.9902
vn 0.9593 -0.2814 0.0224
vn 0.9598 -0.2806 -0.0000
vn 0.9524 -0.2823 0.1152
vn 0.9525 -0.2860 0.1052
vn 0.9936 -0.1130 0.0057
vn 0.3341 0.8658 -0.3724
vn 0.1454 0.9095 -0.3895
vn -0.9887 -0.0314 0.1463
vn 0.7555 0.0227 0.6548
vn 0.9092 0.0280 0.4155
vn 0.7554 0.0227 0.6549
vn 0.0319 -0.9995 -0.0003
vn 0.0319 -0.9995 -0.0002
vn 0.0091 0.0077 0.9999
vn 0.0190 0.0146 0.9997
vn 0.9239 0.0970 -0.3701
vn 0.9774 0.0682 -0.2002
vn 0.3642 0.4164 -0.8331
vn 0.2816 0.0070 0.9595
vn -0.0260 0.9179 -0.3959
vn -0.0261 0.9179 -0.3959
vn 0.9936 -0.1130 -0.0057
vn 0.2818 0.0070 0.9595
vn 0.5404 0.0154 0.8413
vn -0.0027 0.0068 -1.0000
vn 0.5405 0.0155 0.8412
vn -0.9890 -0.0284 0.1449
vn -0.9999 -0.0158 0.0005
vn 0.9092 0.0281 0.4153
vn -0.0318 0.9995 -0.0000
vn -0.0317 0.9995 -0.0000
vn -0.5946 -0.5924 0.5436
vn 0.9257 0.0410 -0.3761
vn 0.9794 0.0394 -0.1981
vn -0.5403 -0.0173 0.8413
vn 0.3563 0.0139 -0.9343
vn 0.3748 0.0518 -0.9257
vn 0.9547 -0.2897 0.0675
vn 0.9559 -0.2882 0.0571
vn 0.9579 -0.2860 0.0263
vn -0.2816 -0.0091 0.9595
vn -0.0001 0.0028 -1.0000
vn 0.0016 0.0040 -1.0000
vn 0.9163 0.0286 -0.3995
vn 0.9784 0.0349 -0.2037
vn -0.0713 -0.0025 0.9974
vn -0.2815 -0.0091 0.9595
vn -0.0712 -0.0026 0.9975
vn 0.2818 0.0070 -0.9595
vn 0.5404 0.0154 -0.8413
vn 0.5405 0.0155 -0.8412
vn 0.9889 0.0311 -0.1452
vn 0.7554 0.0227 -0.6549
vn 0.9257 0.0410 0.3761
vn 0.0004 0.0003 -1.0000
vn -0.6785 0.7346 -0.0001
vn -0.6746 0.7382 -0.0000
vn -0.6785 0.7346 0.0001
vn -0.0001 0.0028 1.0000
vn 0.0017 0.0040 1.0000
vn 0.0004 0.0003 1.0000
vn 0.0165 -0.0196 0.9997
vn 0.0317 -0.9995 -0.0005
vn 0.0316 -0.9995 -0.0005
vn 0.0313 -0.9995 -0.0005
vn 0.0318 -0.9995 -0.0005
vn 0.0339 -0.9994 -0.0000
vn 0.0328 -0.9995 -0.0001
vn 0.0324 -0.9995 -0.0001
vn 0.0320 -0.9995 -0.0002
vn 0.0319 -0.9995 -0.0006
vn 0.5960 -0.8030 -0.0000
vn 0.3732 -0.9278 -0.0000
vn 0.9559 -0.2882 -0.0571
vn -0.3797 0.9251 -0.0000
vn -0.6024 0.7982 -0.0000
vn -0.7347 -0.6784 -0.0000
vn 0.6762 -0.7367 -0.0000
vn 0.0317 -0.9995 0.0005
vn 0.0313 -0.9995 0.0005
vn 0.0316 -0.9995 0.0005
vn 0.0318 -0.9995 0.0005
vn 0.0328 -0.9995 0.0001
vn 0.0324 -0.9995 0.0001
vn 0.0320 -0.9995 0.0002
vn 0.0319 -0.9995 0.0006
vn -0.1335 0.9911 -0.0000
vn -0.7346 -0.6785 -0.0000
vn -0.0037 0.0093 0.9999
vn 0.1758 0.0111 -0.9844
vn 0.0319 0.9995 0.0001
vn 0.0318 0.9995 0.0001
vn 0.0318 0.9995 -0.0001
vn 0.0317 0.9995 -0.0000
vn -0.0318 0.9995 -0.0001
vn -0.0316 0.9995 0.0001
vn -0.0318 0.9995 0.0001
vn -0.0316 0.9995 -0.0001
vn -0.0712 -0.0026 -0.9975
vn -0.5100 -0.8496 0.1348
vn -0.5115 -0.8525 0.1080
vn -0.5100 -0.8495 0.1348
vn 0.7182 0.6946 -0.0415
vn 0.7165 0.6929 -0.0806
vn 0.6154 -0.7790 -0.1203
vn 0.6178 -0.7805 -0.0961
vn 0.6179 -0.7804 -0.0956
vn 0.1898 0.9783 -0.0834
vn -0.0639 0.9915 -0.1136
vn -0.0681 0.9936 -0.0902
vn -0.9815 0.1906 -0.0179
vn -0.9801 0.1904 -0.0556
vn -0.9815 0.1906 -0.0178
vn -0.2065 -0.2225 0.9528
vn -0.3929 -0.4245 0.8157
vn -0.2083 -0.2210 0.9528
vn 0.8091 -0.5874 -0.0175
vn 0.6201 -0.7829 -0.0511
vn 0.6200 -0.7829 -0.0514
vn 0.3793 0.4096 -0.8297
vn 0.2735 0.2934 -0.9160
vn 0.2717 0.2946 -0.9162
vn -0.7224 0.6847 0.0964
vn -0.5390 0.8408 0.0513
vn -0.7247 0.6871 0.0515
vn -0.9080 -0.4049 0.1076
vn -0.9049 -0.4038 0.1342
vn -0.9049 -0.4039 0.1342
vn -0.5373 0.8378 -0.0967
vn -0.7212 0.6820 -0.1212
vn -0.7224 0.6847 -0.0964
vn 0.6196 -0.7849 0.0006
vn 0.5831 -0.8124 -0.0000
vn 0.6196 -0.7849 -0.0006
vn 0.9314 -0.3465 -0.1114
vn 0.9339 -0.3464 -0.0886
vn 0.9339 -0.3463 -0.0883
vn -0.7341 0.6791 -0.0017
vn -0.7345 0.6786 0.0003
vn -0.7345 0.6786 -0.0006
vn -0.3929 -0.4246 0.8157
vn -0.5586 -0.6042 0.5682
vn 0.2379 0.2518 0.9381
vn 0.0837 0.2148 0.9731
vn 0.2735 0.2934 0.9160
vn 0.7345 -0.6786 0.0004
vn 0.7346 -0.6785 0.0005
vn 0.7345 -0.6786 0.0003
vn 0.0699 -0.9974 -0.0180
vn 0.0699 -0.9976 -0.0000
vn 0.7344 -0.6787 0.0001
vn 0.5868 0.6355 0.5017
vn 0.5868 0.6356 0.5017
vn 0.9719 0.2353 0.0071
vn 0.9523 0.3050 0.0121
vn 0.9638 0.2668 0.0021
vn -0.9816 0.1907 -0.0000
vn 0.3271 0.9450 0.0028
vn 0.2315 0.9728 -0.0038
vn 0.1227 0.9924 0.0010
vn -0.4798 -0.5189 0.7074
vn -0.3419 -0.3697 0.8639
vn -0.4799 -0.5190 0.7074
vn 0.7345 -0.6786 0.0001
vn 0.7341 -0.6791 0.0017
vn -0.6559 -0.7091 0.2588
vn -0.6559 -0.7092 0.2587
vn -0.6559 -0.7091 0.2589
vn -0.5143 -0.8574 -0.0196
vn -0.5144 -0.8576 -0.0000
vn -0.3736 -0.4036 0.8352
vn -0.5330 -0.5764 0.6195
vn 0.7151 0.6915 -0.1021
vn 0.0808 0.9966 -0.0143
vn -0.0155 0.9991 -0.0383
vn 0.1992 0.9750 -0.0986
vn 0.0683 -0.9893 -0.1293
vn 0.0693 -0.9922 -0.1036
vn 0.0693 -0.9922 -0.1032
vn -0.7336 0.6795 -0.0002
vn -0.7337 0.6795 -0.0000
vn -0.7336 0.6796 -0.0000
vn 0.7345 -0.6786 0.0005
vn 0.9765 0.2157 -0.0037
vn 0.9970 -0.0754 -0.0178
vn 0.9978 -0.0665 -0.0079
vn 0.0014 0.9173 -0.3983
vn 0.0510 0.9987 -0.0000
vn 0.0383 0.9993 -0.0000
vn -0.9132 -0.4070 -0.0196
vn -0.9118 -0.4064 -0.0587
vn -0.9132 -0.4070 -0.0195
vn -0.6451 -0.6982 0.3103
vn -0.6785 -0.7346 -0.0000
vn -0.6451 -0.6981 0.3105
vn 0.7183 0.6947 -0.0375
vn 0.7127 0.7009 -0.0302
vn -0.7345 0.6786 -0.0009
vn -0.9134 -0.4071 -0.0000
vn -0.7344 0.6787 -0.0004
vn -0.1971 -0.0803 0.9771
vn 0.6919 0.7218 -0.0175
vn 0.7061 0.7071 -0.0372
vn -0.2115 -0.2323 0.9494
vn -0.0736 -0.2405 0.9679
vn -0.0707 -0.2435 0.9673
vn -0.3071 0.6322 -0.7113
vn -0.1522 0.7386 -0.6567
vn -0.1358 0.7357 -0.6635
vn 0.9736 0.2020 -0.1059
vn 0.9756 0.2030 -0.0839
vn 0.9756 0.2030 -0.0837
vn -0.5587 -0.6042 0.5681
vn -0.6580 -0.7121 0.2449
vn -0.9801 0.1904 -0.0558
vn -0.9765 0.1895 -0.1026
vn 0.0530 0.9807 -0.1883
vn 0.8669 -0.4984 -0.0059
vn -0.2135 -0.2301 0.9495
vn 0.2978 0.3194 0.8996
vn 0.0255 0.0091 0.9996
vn 0.0760 0.0598 0.9953
vn -0.5135 -0.8561 -0.0590
vn -0.5143 -0.8574 -0.0197
vn -0.5390 0.8408 -0.0513
vn -0.0643 0.9978 -0.0133
vn -0.0681 0.9966 -0.0472
vn 0.9785 0.2038 0.0306
vn 0.9781 0.2037 -0.0434
vn 0.9781 0.2036 -0.0435
vn 0.9796 -0.2008 -0.0000
vn 0.9403 -0.2167 -0.2623
vn 0.9139 -0.2385 -0.3284
vn -0.5135 -0.8561 0.0590
vn -0.5115 -0.8525 0.1079
vn 0.2088 0.0961 0.9732
vn 0.2315 0.2623 0.9368
vn 0.2717 0.2946 0.9162
vn 0.6154 -0.7790 0.1203
vn 0.6178 -0.7805 0.0961
vn 0.6152 -0.7791 0.1202
vn -0.1929 0.9810 -0.0193
vn -0.5398 0.8416 0.0169
vn -0.0643 0.9978 0.0133
vn -0.2115 -0.2323 -0.9494
vn -0.0736 -0.2405 -0.9679
vn -0.2135 -0.2301 -0.9495
vn 0.0808 0.9966 0.0143
vn 0.1992 0.9750 0.0986
vn -0.0155 0.9991 0.0383
vn 0.7343 -0.6788 -0.0000
vn 0.7344 -0.6787 -0.0001
vn -0.5143 -0.8574 0.0196
vn -0.3736 -0.4036 -0.8352
vn 0.1907 0.9816 -0.0070
vn 0.2315 0.9728 0.0038
vn 0.9404 -0.2167 0.2623
vn 0.9139 -0.2385 0.3284
vn -0.9765 0.1895 0.1029
vn -0.9737 0.1881 0.1285
vn -0.9737 0.1879 0.1285
vn 0.9978 -0.0665 0.0079
vn 0.9367 -0.3471 0.0464
vn 0.8091 -0.5874 0.0175
vn 0.4463 0.5053 0.7386
vn 0.9366 -0.3472 0.0466
vn 0.9339 -0.3463 0.0883
vn 0.7182 0.6946 0.0415
vn 0.7183 0.6947 0.0375
vn 0.7127 0.7009 0.0302
vn 0.9785 0.2038 -0.0306
vn 0.9635 0.2675 -0.0068
vn 0.9756 0.2030 0.0839
vn 0.9736 0.2020 0.1059
vn 0.9756 0.2030 0.0837
vn 0.0683 -0.9893 0.1293
vn 0.0693 -0.9922 0.1036
vn 0.0682 -0.9893 0.1293
vn 0.8669 -0.4984 0.0059
vn -0.7339 0.6793 -0.0006
vn -0.7334 0.6798 -0.0002
vn -0.7334 0.6797 -0.0002
vn -0.4798 -0.5189 -0.7075
vn -0.3419 -0.3697 -0.8639
vn -0.3134 -0.3584 -0.8794
vn -0.7342 0.6789 -0.0000
vn -0.7343 0.6788 -0.0001
vn 0.9970 -0.0754 0.0178
vn -0.9118 -0.4064 0.0587
vn -0.9132 -0.4070 0.0196
vn -0.9132 -0.4070 0.0195
vn -0.7247 0.6871 -0.0515
vn 0.7345 -0.6786 -0.0004
vn 0.7205 -0.6935 -0.0000
vn 0.0530 0.9807 0.1883
vn 0.7334 -0.6798 0.0002
vn 0.7337 -0.6795 -0.0000
vn 0.7338 -0.6794 -0.0000
vn -0.0681 0.9936 0.0902
vn 0.1905 0.9807 0.0433
vn -0.0681 0.9966 0.0472
vn 0.0255 0.0091 -0.9996
vn 0.0760 0.0598 -0.9953
vn 0.3271 0.9450 -0.0028
vn 0.1227 0.9924 -0.0010
vn -0.2065 -0.2225 -0.9528
vn -0.3929 -0.4245 -0.8157
vn -0.3930 -0.4245 -0.8157
vn 0.9765 0.2157 0.0037
vn 0.9369 0.3496 -0.0028
vn 0.9781 0.2036 0.0435
vn 0.9781 0.2037 0.0434
vn -0.9765 0.1895 0.1026
vn -0.9801 0.1904 0.0558
vn -0.9801 0.1904 0.0556
vn -0.5330 -0.5764 -0.6195
vn -0.5330 -0.5764 -0.6194
vn 0.0014 0.9173 0.3983
vn 0.0123 0.9176 0.3974
vn 0.0837 0.9919 -0.0953
vn 0.7341 -0.6791 -0.0017
vn 0.7345 -0.6786 -0.0001
vn 0.7346 -0.6785 -0.0005
vn -0.9815 0.1906 0.0178
vn -0.9815 0.1906 0.0179
vn -0.9081 -0.4048 0.1074
vn -0.9118 -0.4064 0.0588
vn 0.2978 0.3194 -0.8996
vn 0.2902 0.3086 -0.9058
vn -0.7345 0.6786 0.0006
vn -0.7345 0.6786 0.0009
vn -0.7345 0.6786 -0.0003
vn -0.7336 0.6795 0.0002
vn -0.7337 0.6795 0.0002
vn -0.7344 0.6787 0.0004
vn 0.7345 -0.6786 -0.0005
vn -0.7334 0.6798 0.0002
vn -0.7335 0.6797 0.0001
vn 0.6919 0.7218 0.0175
vn 0.7061 0.7071 0.0372
vn -0.6559 -0.7092 -0.2586
vn -0.6559 -0.7091 -0.2588
vn -0.6559 -0.7091 -0.2589
vn -0.5332 0.8372 0.1213
vn -0.5373 0.8378 0.0967
vn -0.3071 0.6322 0.7113
vn -0.1522 0.7386 0.6568
vn -0.3461 0.6279 0.6971
vn -0.7310 0.6824 -0.0000
vn 0.6201 -0.7829 0.0511
vn 0.6194 -0.7849 0.0181
vn -0.6580 -0.7122 -0.2447
vn -0.7343 0.6788 0.0001
vn 0.0699 -0.9974 0.0180
vn 0.0699 -0.9974 0.0181
vn -0.1971 -0.0803 -0.9771
vn -0.2083 -0.2210 -0.9528
vn -0.6451 -0.6981 -0.3105
vn -0.6451 -0.6982 -0.3103
vn 0.2379 0.2518 -0.9381
vn 0.4463 0.5053 -0.7386
vn 0.2315 0.2623 -0.9368
vn -0.5143 -0.8574 0.0197
vn -0.5587 -0.6042 -0.5681
vn -0.6580 -0.7121 -0.2449
vn 0.7165 0.6929 0.0806
vn 0.7151 0.6915 0.1021
vn 0.0837 0.2148 -0.9731
vn 0.9635 0.2675 0.0068
vn 0.9369 0.3496 0.0028
vn -0.7416 0.6708 -0.0073
vn -0.7337 0.6795 -0.0002
vn 0.6676 0.7228 0.1785
vn 0.6355 0.6877 0.3511
vn 0.6677 0.7228 0.1783
vn -0.5115 -0.8525 -0.1079
vn -0.5115 -0.8525 -0.1080
vn 0.2088 0.0961 -0.9732
vn 0.2180 0.0844 -0.9723
vn 0.0697 -0.9960 -0.0562
vn -0.5100 -0.8495 -0.1348
vn -0.1358 0.7357 0.6635
vn -0.7416 0.6708 0.0073
vn -0.7351 0.6778 0.0159
vn 0.3354 0.3623 -0.8696
vn 0.3365 0.3645 -0.8683
vn 0.3354 0.3623 0.8696
vn 0.2902 0.3086 0.9059
vn 0.5868 0.6355 -0.5017
vn 0.9719 0.2353 -0.0071
vn 0.9523 0.3050 -0.0121
vn 0.9567 0.2899 -0.0265
vn 0.3793 0.4096 0.8297
vn 0.3794 0.4097 0.8296
vn 0.9314 -0.3465 0.1114
vn 0.9339 -0.3464 0.0886
vn 0.9314 -0.3466 0.1114
vn -0.7212 0.6820 0.1212
vn -0.5587 -0.6042 -0.5682
vn -0.7341 0.6791 0.0017
vn 0.0699 -0.9974 -0.0181
vn 0.0697 -0.9960 -0.0560
vn 0.6355 0.6877 -0.3511
vn 0.6676 0.7228 -0.1785
vn 0.6677 0.7228 -0.1783
vn -0.1929 0.9810 0.0193
vn -0.5398 0.8416 -0.0169
vn -0.7261 0.6873 -0.0167
vn -0.9049 -0.4038 -0.1342
vn -0.9080 -0.4049 -0.1076
vn -0.9049 -0.4039 -0.1342
vn 0.1905 0.9807 -0.0433
vn 0.9366 -0.3472 -0.0466
vn 0.9367 -0.3471 -0.0464
vn -0.9118 -0.4064 -0.0588
vn -0.9081 -0.4048 -0.1074
vn -0.5330 -0.5764 0.6194
vn -0.5332 0.8372 -0.1213
vn -0.6580 -0.7122 0.2447
vn 0.0693 -0.9922 0.1032
vn 0.0697 -0.9960 0.0562
vn 0.1907 0.9816 0.0070
vn -0.9765 0.1895 -0.1029
vn -0.9737 0.1881 -0.1285
vn 0.0123 0.9176 -0.3974
vn -0.7351 0.6778 -0.0159
vn -0.7255 0.6868 -0.0442
vn -0.7107 0.7008 -0.0617
vn 0.0697 -0.9960 0.0560
vn 0.6200 -0.7829 0.0514
vn 0.6179 -0.7804 0.0956
vn -0.6442 0.7648 -0.0123
vn 0.7334 -0.6798 -0.0002
vn 0.7345 -0.6786 -0.0003
vn -0.3134 -0.3584 0.8794
vn 0.6784 0.7347 -0.0000
vn 0.0837 0.9919 0.0953
vn 0.9804 0.1920 -0.0435
vn 0.9638 0.2668 -0.0021
vn 0.9804 0.1920 0.0435
vn -0.7261 0.6873 0.0167
vn -0.6442 0.7648 0.0123
vn -0.7851 0.6194 -0.0000
vn 0.6194 -0.7849 -0.0181
vn 0.1898 0.9783 0.0834
vn -0.0639 0.9915 0.1136
vn 0.1888 0.9764 0.1052
vn -0.8492 0.5055 0.1527
vn -0.8492 0.5056 -0.1526
vn 0.7343 -0.6789 -0.0000
vn 0.7338 -0.6793 -0.0000
vn 0.6972 -0.4045 0.5919
vn 0.7848 -0.3549 0.5081
vn 0.7805 -0.3506 0.5175
vn 0.7333 -0.6799 0.0001
vn 0.7348 -0.6782 0.0001
vn 0.7348 -0.6783 -0.0001
vn 0.7379 -0.6749 0.0068
vn 0.7333 -0.6799 -0.0001
vn 0.7333 -0.6799 0.0002
vn 0.6972 -0.4045 -0.5919
vn 0.7848 -0.3549 -0.5081
vn 0.6974 -0.3956 -0.5975
vn 0.7805 -0.3506 -0.5175
vn -0.7255 0.6868 0.0442
vn -0.7107 0.7008 0.0617
vn 0.7364 -0.6765 -0.0000
vn 0.7352 -0.6774 -0.0240
vn 0.7379 -0.6749 -0.0068
vn 0.7335 -0.6797 -0.0002
vn 0.7337 -0.6794 0.0042
vn 0.7352 -0.6774 0.0240
vn 0.7382 -0.6745 -0.0000
vn 0.7348 -0.6783 -0.0000
vn 0.7337 -0.6794 -0.0042
vn 0.7335 -0.6797 0.0002
vn 0.7348 -0.6783 0.0001
vn 0.7348 -0.6782 -0.0001
vn -0.7335 0.6797 -0.0000
vn -0.7340 0.6791 -0.0000
vn -0.7348 0.6783 -0.0000
vn -0.7348 0.6783 -0.0001
vn -0.7347 0.6783 -0.0001
vn -0.7335 0.6797 -0.0001
vn -0.7339 0.6793 0.0006
vn -0.7334 0.6797 0.0002
vn -0.7348 0.6783 0.0001
vn -0.7347 0.6783 0.0001
vn 0.5100 -0.8495 0.1348
vn 0.5115 -0.8525 0.1080
vn 0.5115 -0.8525 0.1079
vn -0.7165 0.6929 -0.0806
vn -0.7182 0.6946 -0.0415
vn -0.6154 -0.7790 -0.1203
vn -0.6178 -0.7804 -0.0961
vn -0.6153 -0.7791 -0.1202
vn -0.1898 0.9783 -0.0834
vn 0.0638 0.9915 -0.1136
vn -0.1887 0.9764 -0.1052
vn 0.9815 0.1907 -0.0179
vn 0.9801 0.1904 -0.0556
vn 0.9801 0.1904 -0.0558
vn 0.2065 -0.2225 0.9528
vn 0.3930 -0.4245 0.8157
vn -0.8091 -0.5874 -0.0175
vn -0.6201 -0.7829 -0.0511
vn -0.6193 -0.7849 -0.0181
vn -0.3793 0.4096 -0.8297
vn -0.2735 0.2934 -0.9160
vn -0.3794 0.4097 -0.8296
vn 0.5390 0.8408 0.0513
vn 0.7225 0.6846 0.0964
vn 0.7247 0.6871 0.0515
vn 0.9050 -0.4038 0.1342
vn 0.9080 -0.4048 0.1076
vn 0.9049 -0.4038 0.1342
vn 0.5374 0.8378 -0.0967
vn 0.7212 0.6820 -0.1213
vn 0.5332 0.8372 -0.1213
vn -0.6196 -0.7849 0.0006
vn -0.6196 -0.7849 -0.0006
vn -0.5831 -0.8124 -0.0000
vn -0.9314 -0.3465 -0.1114
vn -0.9339 -0.3464 -0.0886
vn -0.9314 -0.3466 -0.1114
vn 0.7345 0.6787 0.0001
vn 0.7341 0.6791 -0.0017
vn 0.7345 0.6786 -0.0006
vn 0.5587 -0.6041 0.5682
vn 0.5587 -0.6042 0.5682
vn -0.6200 -0.7829 -0.0514
vn -0.6179 -0.7804 -0.0956
vn -0.0837 0.2148 0.9731
vn -0.2379 0.2518 0.9381
vn -0.2735 0.2934 0.9160
vn -0.7345 -0.6786 0.0004
vn -0.7345 -0.6786 0.0003
vn -0.0699 -0.9974 -0.0180
vn -0.0699 -0.9976 -0.0000
vn -0.0699 -0.9974 -0.0181
vn -0.7344 -0.6787 0.0001
vn -0.5868 0.6355 0.5017
vn -0.5868 0.6356 0.5017
vn -0.9719 0.2351 0.0071
vn -0.9523 0.3050 0.0121
vn -0.9567 0.2900 0.0264
vn 0.9816 0.1907 -0.0000
vn 0.9815 0.1907 -0.0178
vn -0.3271 0.9450 0.0028
vn -0.1227 0.9924 0.0010
vn -0.2315 0.9728 -0.0038
vn 0.4798 -0.5189 0.7075
vn 0.3419 -0.3697 0.8639
vn 0.3134 -0.3584 0.8794
vn -0.7341 -0.6790 0.0016
vn -0.7345 -0.6786 -0.0000
vn 0.6559 -0.7091 0.2588
vn 0.6559 -0.7092 0.2586
vn 0.5144 -0.8576 -0.0000
vn 0.5143 -0.8574 -0.0197
vn 0.3736 -0.4036 0.8352
vn 0.5330 -0.5764 0.6195
vn 0.5330 -0.5764 0.6194
vn -0.7151 0.6915 -0.1021
vn -0.0809 0.9966 -0.0143
vn -0.1992 0.9750 -0.0986
vn 0.0155 0.9991 -0.0383
vn -0.0683 -0.9893 -0.1293
vn -0.0693 -0.9922 -0.1036
vn -0.0682 -0.9893 -0.1292
vn 0.7336 0.6796 -0.0002
vn 0.7336 0.6795 -0.0000
vn 0.7337 0.6795 -0.0002
vn -0.7346 -0.6785 0.0006
vn -0.9970 -0.0755 -0.0178
vn -0.9764 0.2157 -0.0037
vn -0.9978 -0.0665 -0.0079
vn -0.0014 0.9173 -0.3983
vn -0.0510 0.9987 -0.0000
vn -0.0123 0.9176 -0.3973
vn 0.9118 -0.4064 -0.0587
vn 0.9132 -0.4071 -0.0196
vn 0.9132 -0.4071 -0.0195
vn 0.6451 -0.6982 0.3104
vn 0.6785 -0.7346 -0.0000
vn -0.7183 0.6947 -0.0375
vn -0.7126 0.7009 -0.0302
vn 0.7344 0.6787 -0.0009
vn 0.9134 -0.4071 -0.0000
vn 0.7344 0.6787 -0.0004
vn 0.1971 -0.0803 0.9771
vn 0.2083 -0.2210 0.9528
vn -0.6919 0.7218 -0.0175
vn -0.7061 0.7071 -0.0372
vn 0.2115 -0.2323 0.9494
vn 0.0736 -0.2405 0.9679
vn 0.2135 -0.2301 0.9495
vn 0.3071 0.6322 -0.7113
vn 0.1523 0.7386 -0.6567
vn 0.3460 0.6279 -0.6971
vn -0.9756 0.2030 -0.0839
vn -0.9736 0.2020 -0.1059
vn -0.9756 0.2030 -0.0837
vn 0.6580 -0.7121 0.2449
vn 0.6580 -0.7121 0.2448
vn 0.9765 0.1895 -0.1026
vn -0.0531 0.9807 -0.1883
vn -0.2979 0.3194 0.8996
vn -0.0255 0.0091 0.9996
vn -0.2902 0.3086 0.9059
vn 0.5135 -0.8561 -0.0590
vn 0.5390 0.8408 -0.0513
vn 0.0643 0.9978 -0.0133
vn 0.5398 0.8416 -0.0169
vn -0.9785 0.2038 0.0306
vn -0.9781 0.2037 -0.0434
vn -0.9404 -0.2167 -0.2623
vn -0.9796 -0.2008 -0.0000
vn -0.9139 -0.2385 -0.3284
vn 0.5135 -0.8560 0.0590
vn -0.2088 0.0961 0.9732
vn -0.2315 0.2623 0.9368
vn -0.2180 0.0843 0.9723
vn -0.6154 -0.7790 0.1203
vn -0.6178 -0.7804 0.0961
vn -0.6179 -0.7804 0.0956
vn 0.1929 0.9810 -0.0193
vn 0.5398 0.8416 0.0169
vn 0.6442 0.7647 0.0123
vn 0.2115 -0.2323 -0.9494
vn 0.0736 -0.2405 -0.9679
vn 0.0707 -0.2435 -0.9673
vn -0.0809 0.9966 0.0143
vn 0.0155 0.9991 0.0383
vn -0.1992 0.9750 0.0986
vn -0.7343 -0.6788 -0.0000
vn -0.7344 -0.6787 -0.0001
vn 0.5143 -0.8574 0.0197
vn 0.3736 -0.4036 -0.8352
vn 0.2135 -0.2301 -0.9495
vn -0.1907 0.9816 -0.0070
vn 0.0643 0.9978 0.0133
vn -0.2315 0.9728 0.0038
vn -0.9404 -0.2167 0.2623
vn -0.9139 -0.2385 0.3284
vn 0.9765 0.1895 0.1029
vn 0.9737 0.1881 0.1285
vn 0.9765 0.1895 0.1026
vn -0.9367 -0.3471 0.0464
vn -0.9978 -0.0665 0.0079
vn -0.8091 -0.5874 0.0175
vn -0.4463 0.5053 0.7386
vn -0.9339 -0.3464 0.0883
vn -0.9366 -0.3472 0.0466
vn -0.7183 0.6947 0.0375
vn -0.7182 0.6946 0.0415
vn -0.7126 0.7009 0.0302
vn -0.9785 0.2038 -0.0306
vn -0.9635 0.2675 -0.0068
vn -0.9736 0.2020 0.1059
vn -0.9756 0.2030 0.0839
vn -0.9756 0.2030 0.0837
vn -0.0683 -0.9893 0.1293
vn -0.0693 -0.9922 0.1036
vn -0.0693 -0.9922 0.1032
vn -0.8669 -0.4984 0.0059
vn 0.7339 0.6793 -0.0006
vn 0.7334 0.6797 -0.0002
vn 0.7334 0.6798 -0.0002
vn 0.4798 -0.5189 -0.7075
vn 0.3419 -0.3697 -0.8639
vn 0.4799 -0.5189 -0.7074
vn 0.7342 0.6789 -0.0000
vn 0.7343 0.6788 -0.0002
vn -0.9970 -0.0755 0.0178
vn 0.9132 -0.4071 0.0196
vn 0.9118 -0.4064 0.0587
vn 0.9132 -0.4071 0.0195
vn 0.7225 0.6846 -0.0964
vn 0.7247 0.6871 -0.0515
vn -0.7345 -0.6786 -0.0004
vn -0.7345 -0.6786 -0.0003
vn -0.7205 -0.6935 -0.0000
vn -0.0531 0.9807 0.1883
vn -0.7337 -0.6795 -0.0000
vn -0.7334 -0.6798 0.0001
vn -0.7338 -0.6794 -0.0000
vn -0.1905 0.9807 0.0432
vn 0.0681 0.9936 0.0902
vn 0.0681 0.9966 0.0472
vn 0.3134 -0.3584 -0.8794
vn -0.0255 0.0091 -0.9996
vn -0.3271 0.9450 -0.0028
vn -0.1227 0.9924 -0.0010
vn 0.2065 -0.2225 -0.9528
vn 0.3930 -0.4245 -0.8157
vn 0.2083 -0.2210 -0.9528
vn -0.9369 0.3496 -0.0028
vn -0.9764 0.2157 0.0037
vn -0.9781 0.2036 0.0435
vn -0.9781 0.2037 0.0434
vn 0.9801 0.1904 0.0558
vn 0.9801 0.1904 0.0556
vn 0.5330 -0.5764 -0.6195
vn -0.0014 0.9173 0.3983
vn -0.0383 0.9993 -0.0000
vn -0.0838 0.9919 -0.0954
vn -0.7341 -0.6790 -0.0016
vn 0.9815 0.1907 0.0178
vn 0.9815 0.1907 0.0179
vn 0.9118 -0.4064 0.0588
vn 0.9081 -0.4048 0.1074
vn -0.2979 0.3194 -0.8996
vn -0.0760 0.0598 -0.9953
vn 0.7345 0.6786 0.0006
vn 0.7345 0.6787 -0.0001
vn 0.7344 0.6787 0.0009
vn 0.7336 0.6796 0.0002
vn 0.7336 0.6796 -0.0000
vn 0.7344 0.6787 0.0004
vn -0.7346 -0.6785 -0.0006
vn 0.7334 0.6798 0.0002
vn 0.7335 0.6797 0.0001
vn 0.7335 0.6797 -0.0000
vn -0.6919 0.7218 0.0175
vn -0.7061 0.7071 0.0372
vn 0.6559 -0.7091 -0.2588
vn 0.6559 -0.7092 -0.2586
vn 0.6559 -0.7091 -0.2589
vn 0.5332 0.8372 0.1213
vn 0.5374 0.8378 0.0967
vn 0.3071 0.6322 0.7113
vn 0.1523 0.7386 0.6567
vn 0.1359 0.7357 0.6635
vn 0.7310 0.6824 -0.0000
vn -0.6201 -0.7829 0.0511
vn -0.6200 -0.7829 0.0514
vn 0.6580 -0.7121 -0.2448
vn 0.6580 -0.7121 -0.2449
vn 0.7343 0.6788 0.0002
vn -0.0699 -0.9974 0.0180
vn 0.1971 -0.0803 -0.9771
vn 0.5330 -0.5764 -0.6194
vn 0.6451 -0.6981 -0.3105
vn -0.4463 0.5053 -0.7386
vn -0.2379 0.2518 -0.9381
vn -0.2315 0.2623 -0.9368
vn 0.5135 -0.8561 0.0590
vn 0.6451 -0.6982 -0.3104
vn 0.5587 -0.6042 -0.5682
vn 0.5587 -0.6041 -0.5682
vn -0.7165 0.6929 0.0806
vn -0.7151 0.6915 0.1021
vn -0.2717 0.2946 0.9162
vn -0.0837 0.2148 -0.9731
vn -0.9635 0.2675 0.0068
vn -0.9369 0.3496 0.0028
vn 0.7416 0.6708 -0.0073
vn 0.7351 0.6778 -0.0159
vn -0.6354 0.6877 0.3512
vn -0.6676 0.7228 0.1785
vn -0.6676 0.7228 0.1783
vn 0.5135 -0.8560 -0.0590
vn 0.5115 -0.8525 -0.1079
vn -0.2088 0.0961 -0.9732
vn -0.2717 0.2946 -0.9162
vn -0.8669 -0.4984 -0.0059
vn -0.0693 -0.9922 -0.1032
vn -0.0697 -0.9960 -0.0562
vn 0.5100 -0.8495 -0.1348
vn 0.5115 -0.8525 -0.1080
vn -0.0123 0.9176 0.3973
vn 0.7416 0.6708 0.0073
vn 0.7337 0.6795 0.0002
vn 0.7344 0.6787 0.0005
vn 0.7262 0.6873 0.0167
vn -0.3354 0.3623 -0.8696
vn -0.2902 0.3086 -0.9059
vn -0.3354 0.3623 0.8696
vn -0.3365 0.3645 0.8683
vn -0.5868 0.6355 -0.5017
vn -0.5868 0.6356 -0.5017
vn -0.9719 0.2351 -0.0071
vn -0.9523 0.3050 -0.0121
vn -0.9638 0.2668 -0.0021
vn -0.3793 0.4096 0.8297
vn -0.9314 -0.3465 0.1114
vn -0.9339 -0.3464 0.0886
vn 0.7212 0.6820 0.1213
vn 0.7341 0.6791 0.0017
vn -0.0697 -0.9960 -0.0560
vn -0.6676 0.7228 -0.1785
vn -0.6354 0.6877 -0.3512
vn -0.6676 0.7228 -0.1783
vn 0.1929 0.9810 0.0193
vn 0.9080 -0.4048 -0.1075
vn 0.9050 -0.4038 -0.1342
vn 0.9049 -0.4038 -0.1342
vn 0.0681 0.9936 -0.0902
vn -0.1905 0.9807 -0.0432
vn 0.0681 0.9966 -0.0472
vn -0.9366 -0.3472 -0.0466
vn -0.9339 -0.3464 -0.0883
vn -0.9367 -0.3471 -0.0464
vn 0.9081 -0.4048 -0.1074
vn 0.9118 -0.4064 -0.0588
vn 0.6451 -0.6981 0.3105
vn -0.9781 0.2036 -0.0435
vn -0.0697 -0.9960 0.0562
vn 0.7344 0.6787 -0.0005
vn -0.1907 0.9816 0.0070
vn 0.9765 0.1895 -0.1029
vn 0.9737 0.1881 -0.1285
vn 0.9737 0.1879 -0.1285
vn 0.1359 0.7357 -0.6635
vn 0.7255 0.6868 -0.0442
vn 0.7107 0.7008 -0.0616
vn -0.0699 -0.9974 0.0181
vn -0.0697 -0.9960 0.0560
vn -0.7334 -0.6798 -0.0001
vn -0.0760 0.0598 0.9953
vn -0.6784 0.7347 -0.0000
vn -0.0838 0.9919 0.0954
vn -0.9638 0.2668 0.0021
vn -0.9804 0.1920 -0.0435
vn -0.9804 0.1920 0.0435
vn -0.6193 -0.7849 0.0181
vn 0.7851 0.6193 -0.0000
vn 0.7262 0.6873 -0.0167
vn 0.6442 0.7647 -0.0123
vn -0.1898 0.9783 0.0834
vn 0.0638 0.9915 0.1136
vn 0.8492 0.5055 -0.1527
vn 0.8492 0.5055 0.1527
vn -0.7343 -0.6789 -0.0000
vn -0.7338 -0.6793 -0.0000
vn -0.6972 -0.4045 0.5919
vn -0.7848 -0.3549 0.5081
vn -0.6974 -0.3956 0.5976
vn -0.7805 -0.3506 0.5175
vn -0.7333 -0.6799 0.0001
vn -0.7333 -0.6799 -0.0002
vn -0.7348 -0.6783 -0.0000
vn -0.7379 -0.6749 0.0068
vn -0.7348 -0.6783 0.0001
vn -0.7333 -0.6799 -0.0001
vn -0.7334 -0.6798 -0.0002
vn -0.6972 -0.4045 -0.5919
vn -0.7848 -0.3550 -0.5081
vn -0.7805 -0.3507 -0.5175
vn 0.7351 0.6778 0.0159
vn 0.7255 0.6868 0.0442
vn 0.7107 0.7008 0.0616
vn -0.7364 -0.6765 -0.0000
vn -0.7379 -0.6749 -0.0068
vn -0.7352 -0.6774 -0.0240
vn -0.7337 -0.6794 0.0043
vn -0.7352 -0.6774 0.0240
vn -0.7383 -0.6745 -0.0000
vn -0.7337 -0.6794 -0.0043
vn -0.7348 -0.6783 -0.0001
vn 0.7340 0.6791 -0.0000
vn 0.7348 0.6783 -0.0000
vn 0.7349 0.6782 0.0003
vn 0.7335 0.6797 -0.0001
vn 0.7339 0.6793 0.0006
vn 0.7334 0.6797 0.0002
vn 0.7349 0.6782 -0.0002
vn 0.2104 0.4765 0.8536
vn 0.5877 0.6361 0.5000
vn 0.4553 0.7415 0.4928
vn -0.3393 -0.3673 -0.8660
vn -0.0000 -0.0000 -1.0000
vn 0.5877 0.6361 -0.5000
vn 0.4798 0.5194 -0.7071
vn 0.5877 0.6361 -0.5001
vn -0.5877 -0.6361 -0.5000
vn -0.3394 -0.3673 -0.8660
vn -0.5877 -0.6361 0.5000
vn -0.6786 -0.7345 0.0001
vn -0.6786 -0.7345 -0.0000
vn 0.1756 0.1901 -0.9659
vn -0.3393 -0.3672 0.8660
vn -0.5877 -0.6361 0.5001
vn -0.0000 -0.0000 1.0000
vn 0.1756 0.1900 0.9660
vn -0.5877 -0.6361 -0.4999
vn 0.4798 0.5194 0.7071
vn -0.7345 0.6786 -0.0000
vn 0.0093 -0.6233 0.7820
vn -0.2151 -0.8660 0.4515
vn 0.0094 -0.6233 0.7820
vn 0.9284 0.3715 -0.0000
vn 0.8463 0.2828 -0.4515
vn 0.0093 -0.6232 -0.7820
vn 0.3157 -0.2916 -0.9029
vn -0.2151 -0.8660 -0.4515
vn -0.7272 0.1444 0.6711
vn -0.4643 0.4289 0.7749
vn -0.4643 0.4290 0.7749
vn -0.0088 0.9218 -0.3875
vn -0.2013 0.7135 -0.6711
vn -0.7345 0.6786 0.0001
vn 0.8463 0.2828 0.4515
vn 0.6220 0.0400 0.7820
vn 0.0616 0.9981 -0.0000
vn -0.2013 0.7135 0.6711
vn -0.0088 0.9218 0.3875
vn 0.0615 0.9981 -0.0000
vn 0.7345 -0.6786 -0.0000
vn 0.6220 0.0400 -0.7820
vn 0.3156 -0.2916 0.9030
vn -0.9901 -0.1402 -0.0000
vn -0.9197 -0.0640 0.3874
vn -0.9197 -0.0640 0.3875
vn -0.4643 0.4289 -0.7749
vn -0.4643 0.4290 -0.7749
vn -0.7272 0.1444 -0.6711
vn -0.7272 0.1443 -0.6711
vn -0.9197 -0.0640 -0.3875
vn -0.7345 0.6786 -0.0001
vn -0.7272 0.1443 0.6711
vn -0.2972 -0.9548 -0.0000
vn -0.5051 -0.1943 -0.8409
vn -0.7032 -0.5124 -0.4928
vn -0.7463 -0.4554 -0.4855
vn -0.2971 -0.9548 -0.0000
vn 0.7516 0.4478 0.4844
vn 0.7956 0.6059 -0.0000
vn 0.7060 0.5089 0.4924
vn -0.1756 0.1623 0.9710
vn -0.4584 -0.2474 0.8536
vn -0.1240 0.1146 0.9856
vn 0.3950 0.7799 0.4855
vn 0.5449 0.8385 -0.0000
vn 0.4833 0.8755 -0.0000
vn -0.8345 -0.5509 -0.0000
vn -0.7929 -0.6094 -0.0000
vn 0.3950 0.7799 -0.4855
vn 0.2104 0.4765 -0.8536
vn 0.1538 0.5189 -0.8409
vn 0.1538 0.5188 0.8409
vn -0.1756 0.1623 -0.9710
vn -0.1240 0.1146 -0.9856
vn 0.7272 -0.1443 -0.6711
vn 0.9197 0.0640 -0.3875
vn -0.4584 -0.2474 -0.8536
vn 0.4553 0.7415 -0.4928
vn -0.7032 -0.5124 0.4928
vn -0.7463 -0.4554 0.4855
vn 0.4614 0.2442 0.8529
vn 0.5109 0.1874 -0.8389
vn 0.1272 -0.1175 -0.9849
vn 0.4614 0.2442 -0.8529
vn -0.4752 -0.8799 -0.0000
vn -0.4516 -0.7440 0.4924
vn -0.5411 -0.8409 -0.0000
vn 0.1272 -0.1175 0.9849
vn 0.5109 0.1874 0.8390
vn -0.4516 -0.7440 -0.4924
vn 0.7516 0.4478 -0.4844
vn 0.7060 0.5089 -0.4924
vn -0.2070 -0.4792 0.8529
vn 0.1822 -0.1684 0.9687
vn -0.2070 -0.4792 -0.8529
vn -0.3871 -0.7846 -0.4844
vn -0.3871 -0.7846 0.4844
vn 0.1822 -0.1684 -0.9687
vn 0.3393 0.3673 0.8660
vn -0.3393 -0.3672 -0.8660
vn 0.3393 0.3673 -0.8660
vn 0.6786 0.7345 -0.0000
vn -0.5051 -0.1943 0.8409
vn -0.0092 0.6232 -0.7820
vn 0.2151 0.8660 -0.4515
vn -0.6220 -0.0400 0.7820
vn -0.8463 -0.2828 0.4515
vn 0.4643 -0.4289 -0.7749
vn 0.7272 -0.1444 -0.6711
vn 0.9197 0.0640 0.3874
vn 0.9901 0.1402 -0.0000
vn 0.2013 -0.7135 -0.6711
vn 0.0088 -0.9218 -0.3875
vn 0.4643 -0.4289 0.7749
vn 0.2013 -0.7135 0.6711
vn -0.0093 0.6232 0.7820
vn -0.3156 0.2916 0.9030
vn -0.3157 0.2916 0.9030
vn 0.2151 0.8660 0.4515
vn 0.2971 0.9548 -0.0000
vn -0.3157 0.2916 -0.9029
vn 0.7272 -0.1444 0.6711
vn -0.8463 -0.2828 -0.4515
vn -0.9284 -0.3716 -0.0000
vn -0.6220 -0.0400 -0.7820
vn -0.6220 -0.0401 -0.7820
vn 0.0088 -0.9218 0.3875
vn 0.7272 -0.1443 0.6711
vn 0.9197 0.0640 0.3875
vn -0.0616 -0.9981 -0.0000
vn -0.3393 -0.3672 0.8661
vn 0.5876 0.6361 -0.5000
vn 0.7346 -0.6786 -0.0000
vn -0.7640 0.2329 -0.6017
vn -0.5283 0.4881 -0.6947
vn -0.5284 0.4881 -0.6947
vn -0.9998 -0.0223 -0.0000
vn -0.9366 0.0462 -0.3473
vn -0.9366 0.0462 0.3474
vn -0.7640 0.2330 0.6017
vn -0.5283 0.4881 0.6948
vn -0.2926 0.7432 0.6017
vn -0.1200 0.9300 0.3474
vn -0.2926 0.7432 -0.6017
vn -0.1200 0.9300 -0.3474
vn -0.1201 0.9300 -0.3474
vn -0.0568 0.9984 -0.0001
vn 0.6786 0.7345 -0.0001
vn -0.0058 -0.1839 0.9829
vn 0.0489 0.1616 0.9857
vn 0.0054 0.1687 0.9857
vn 0.5273 0.8497 -0.0000
vn 0.2894 0.9572 -0.0000
vn 0.7292 0.6842 -0.0000
vn 0.8815 0.4722 -0.0000
vn 0.7292 0.6843 -0.0000
vn 0.9737 0.2279 -0.0000
vn 0.9995 -0.0318 -0.0000
vn 0.9737 0.2280 -0.0000
vn 0.9572 -0.2894 -0.0000
vn 0.8497 -0.5273 -0.0000
vn 0.6842 -0.7293 -0.0000
vn 0.4722 -0.8815 -0.0000
vn 0.2279 -0.9737 -0.0000
vn -0.0318 -0.9995 -0.0000
vn 0.2280 -0.9737 -0.0000
vn -0.2894 -0.9572 -0.0000
vn -0.5273 -0.8497 -0.0000
vn -0.7292 -0.6842 -0.0000
vn -0.8815 -0.4722 -0.0000
vn -0.7292 -0.6843 -0.0000
vn -0.9737 -0.2280 -0.0000
vn -0.9995 0.0318 -0.0000
vn -0.9572 0.2894 -0.0000
vn -0.8497 0.5273 -0.0000
vn -0.6842 0.7293 -0.0000
vn -0.4722 0.8815 -0.0000
vn -0.2279 0.9737 -0.0000
vn -0.0285 -0.8951 -0.4449
vn -0.2911 -0.6440 -0.7075
vn -0.3698 -0.8181 -0.4403
vn -0.0385 0.1643 0.9857
vn -0.1980 0.1388 0.9703
vn -0.0418 0.2382 0.9703
vn -0.2381 -0.0418 0.9703
vn -0.1388 -0.1980 0.9703
vn 0.0418 -0.2381 0.9703
vn 0.1980 -0.1388 0.9703
vn 0.2382 0.0418 0.9703
vn 0.1388 0.1980 0.9703
vn 0.0893 0.2953 0.9512
vn 0.0098 0.3083 0.9512
vn -0.0748 -0.1654 -0.9834
vn -0.0146 -0.4597 -0.8880
vn -0.0056 -0.1760 -0.9844
vn -0.6938 -0.6510 -0.3079
vn -0.3922 -0.8677 -0.3054
vn -0.8400 -0.3170 -0.4404
vn -0.6531 -0.6128 -0.4449
vn -0.3354 -0.3147 -0.8880
vn -0.1698 -0.0641 -0.9834
vn -0.4356 -0.1644 -0.8850
vn -0.9510 0.0303 -0.3078
vn -0.8909 -0.3362 -0.3055
vn -0.4597 0.0146 -0.8880
vn -0.8181 0.3698 -0.4404
vn -0.8951 0.0285 -0.4449
vn -0.1654 0.0748 -0.9834
vn -0.4242 0.1918 -0.8850
vn -0.6510 0.6938 -0.3079
vn -0.8677 0.3922 -0.3055
vn -0.3147 0.3354 -0.8880
vn -0.3170 0.8400 -0.4404
vn -0.6128 0.6531 -0.4449
vn -0.0641 0.1698 -0.9834
vn -0.1644 0.4356 -0.8850
vn 0.0303 0.9509 -0.3079
vn -0.3362 0.8909 -0.3055
vn 0.0146 0.4597 -0.8880
vn 0.3698 0.8181 -0.4404
vn 0.0285 0.8951 -0.4449
vn 0.0748 0.1654 -0.9834
vn 0.1918 0.4242 -0.8850
vn 0.6938 0.6510 -0.3079
vn 0.3922 0.8676 -0.3056
vn 0.3354 0.3147 -0.8880
vn 0.8400 0.3170 -0.4404
vn 0.6531 0.6128 -0.4449
vn 0.1698 0.0641 -0.9834
vn 0.4356 0.1644 -0.8850
vn 0.9510 -0.0303 -0.3078
vn 0.8909 0.3362 -0.3055
vn 0.4597 -0.0146 -0.8880
vn 0.8181 -0.3698 -0.4404
vn 0.8952 -0.0285 -0.4448
vn 0.1654 -0.0748 -0.9834
vn 0.4242 -0.1918 -0.8850
vn 0.6510 -0.6938 -0.3079
vn 0.8677 -0.3922 -0.3055
vn 0.3147 -0.3354 -0.8880
vn 0.3170 -0.8400 -0.4404
vn 0.6128 -0.6531 -0.4449
vn 0.0641 -0.1698 -0.9834
vn 0.1644 -0.4356 -0.8850
vn 0.0455 0.1500 -0.9876
vn 0.0825 0.1332 -0.9876
vn -0.0303 -0.9509 -0.3079
vn 0.0674 -0.1785 0.9816
vn -0.0797 0.1488 0.9857
vn 0.1255 -0.1337 0.9830
vn -0.1434 0.0890 0.9857
vn 0.1733 -0.0783 0.9818
vn -0.1616 0.0489 0.9857
vn 0.1828 -0.0058 0.9831
vn -0.1643 -0.0385 0.9857
vn 0.1777 0.0671 0.9818
vn -0.1488 -0.0797 0.9857
vn 0.1334 0.1251 0.9831
vn -0.0890 -0.1434 0.9857
vn 0.0784 0.1732 0.9818
vn -0.0489 -0.1616 0.9856
vn 0.0059 0.1832 0.9831
vn 0.0385 -0.1644 0.9857
vn -0.0673 0.1784 0.9816
vn 0.0797 -0.1488 0.9857
vn -0.1258 0.1342 0.9829
vn 0.1434 -0.0890 0.9857
vn -0.1743 0.0789 0.9815
vn 0.1616 -0.0489 0.9857
vn -0.1843 0.0059 0.9829
vn 0.1643 0.0385 0.9857
vn -0.1793 -0.0677 0.9815
vn 0.1488 0.0797 0.9857
vn -0.1345 -0.1262 0.9828
vn 0.0890 0.1434 0.9857
vn -0.0788 -0.1744 0.9815
vn 0.2340 0.7739 -0.5885
vn 0.0257 0.8080 -0.5886
vn 0.0893 0.2952 -0.9513
vn 0.0049 0.1555 -0.9878
vn 0.0098 0.3082 -0.9513
vn 0.1627 0.2621 0.9512
vn 0.2340 0.7738 0.5886
vn 0.0257 0.8080 0.5886
vn 0.4263 0.6869 0.5886
vn 0.4263 0.6869 -0.5886
vn 0.1626 0.2620 -0.9513
vn 0.1231 0.1155 0.9857
vn 0.5896 0.5532 0.5886
vn 0.5896 0.5532 -0.5885
vn 0.1134 0.1064 -0.9878
vn 0.2249 0.2110 -0.9513
vn 0.2249 0.2110 0.9512
vn 0.7126 0.3817 0.5886
vn 0.7126 0.3817 -0.5886
vn 0.1382 0.0739 -0.9876
vn 0.2718 0.1456 -0.9513
vn 0.3003 0.0703 0.9512
vn 0.7871 0.1843 0.5886
vn 0.7872 0.1843 -0.5886
vn 0.3002 0.0703 -0.9513
vn 0.3083 -0.0098 0.9512
vn 0.1687 -0.0054 0.9857
vn 0.8080 -0.0257 0.5886
vn 0.8081 -0.0257 -0.5885
vn 0.3082 -0.0098 -0.9513
vn 0.1526 0.0359 -0.9876
vn 0.2953 -0.0893 0.9512
vn 0.7738 -0.2340 0.5886
vn 0.7738 -0.2340 0.5887
vn 0.7738 -0.2340 -0.5886
vn 0.2952 -0.0893 -0.9513
vn 0.1555 -0.0050 -0.9878
vn 0.6869 -0.4263 0.5887
vn 0.6868 -0.4263 0.5887
vn 0.6869 -0.4263 -0.5886
vn 0.1333 -0.0825 -0.9876
vn 0.2620 -0.1626 -0.9513
vn 0.2111 -0.2249 0.9512
vn 0.1155 -0.1231 0.9857
vn 0.5531 -0.5895 0.5887
vn 0.5532 -0.5895 -0.5886
vn 0.2110 -0.2249 -0.9513
vn 0.3817 -0.7126 0.5886
vn 0.5531 -0.5895 0.5886
vn 0.3817 -0.7127 -0.5886
vn 0.3817 -0.7127 -0.5885
vn 0.0739 -0.1382 -0.9876
vn 0.1456 -0.2718 -0.9513
vn 0.1457 -0.2719 0.9512
vn 0.1843 -0.7871 0.5886
vn 0.1843 -0.7872 -0.5886
vn 0.0359 -0.1526 -0.9876
vn 0.0703 -0.3003 -0.9513
vn -0.0054 -0.1687 0.9856
vn 0.0703 -0.3004 0.9512
vn -0.0257 -0.8080 0.5886
vn -0.0257 -0.8080 -0.5886
vn -0.0050 -0.1555 -0.9878
vn -0.0098 -0.3083 -0.9512
vn -0.0893 -0.2953 0.9512
vn -0.2340 -0.7738 0.5886
vn -0.2340 -0.7738 -0.5886
vn -0.0893 -0.2952 -0.9513
vn -0.1627 -0.2621 0.9512
vn -0.4263 -0.6869 0.5886
vn -0.4263 -0.6869 -0.5885
vn -0.1626 -0.2620 -0.9513
vn -0.0455 -0.1500 -0.9876
vn -0.1231 -0.1155 0.9857
vn -0.5895 -0.5531 0.5886
vn -0.5896 -0.5532 -0.5886
vn -0.1134 -0.1064 -0.9878
vn -0.2249 -0.2110 -0.9513
vn -0.2249 -0.2110 0.9512
vn -0.7126 -0.3817 0.5886
vn -0.7126 -0.3817 -0.5886
vn -0.1382 -0.0739 -0.9876
vn -0.2718 -0.1456 -0.9513
vn -0.3003 -0.0703 0.9512
vn -0.7872 -0.1843 0.5886
vn -0.7872 -0.1843 -0.5885
vn -0.3002 -0.0703 -0.9513
vn -0.3083 0.0098 0.9512
vn -0.1687 0.0054 0.9857
vn -0.8080 0.0257 0.5886
vn -0.8080 0.0257 -0.5886
vn -0.3082 0.0098 -0.9513
vn -0.1526 -0.0358 -0.9876
vn -0.2953 0.0893 0.9512
vn -0.7737 0.2339 0.5887
vn -0.8080 0.0257 0.5887
vn -0.7738 0.2340 -0.5886
vn -0.1500 0.0455 -0.9876
vn -0.2952 0.0893 -0.9513
vn -0.6869 0.4263 0.5886
vn -0.6869 0.4263 -0.5886
vn -0.1332 0.0825 -0.9876
vn -0.2620 0.1626 -0.9513
vn -0.2111 0.2250 0.9512
vn -0.1155 0.1231 0.9856
vn -0.5531 0.5895 0.5887
vn -0.5532 0.5895 -0.5886
vn -0.2110 0.2249 -0.9513
vn -0.1457 0.2719 0.9512
vn -0.3817 0.7126 0.5886
vn -0.3817 0.7126 -0.5886
vn -0.1456 0.2719 -0.9513
vn -0.1065 0.1135 -0.9878
vn -0.1843 0.7871 0.5886
vn -0.1843 0.7872 -0.5886
vn -0.0359 0.1526 -0.9876
vn -0.0703 0.3003 -0.9513
vn -0.0703 0.3003 0.9512
vn -0.2280 0.9737 -0.0000
vn -0.0223 -0.7009 -0.7129
vn -0.1918 -0.4242 -0.8850
vn -0.5114 -0.4798 -0.7129
vn -0.6612 -0.2495 -0.7075
vn -0.7009 0.0223 -0.7129
vn -0.6440 0.2911 -0.7075
vn -0.4798 0.5114 -0.7129
vn -0.2495 0.6612 -0.7075
vn 0.0223 0.7009 -0.7129
vn 0.2911 0.6440 -0.7075
vn 0.5114 0.4798 -0.7129
vn 0.6612 0.2495 -0.7075
vn 0.7009 -0.0223 -0.7129
vn 0.6440 -0.2911 -0.7075
vn 0.4798 -0.5114 -0.7129
vn 0.2495 -0.6612 -0.7075
vn 0.3362 -0.8908 -0.3056
vn -0.0739 0.1382 -0.9876
vn 0.1205 -0.1284 -0.9844
vn 0.1760 -0.0056 -0.9844
vn -0.1555 0.0050 -0.9878
vn 0.1284 0.1205 -0.9844
vn -0.0825 -0.1332 -0.9876
vn 0.0056 0.1760 -0.9844
vn -0.1205 0.1284 -0.9844
vn 0.1064 -0.1134 -0.9878
vn 0.1500 -0.0455 -0.9876
vn -0.1760 0.0056 -0.9844
vn -0.1284 -0.1205 -0.9844
vn -0.3035 -0.2847 0.9093
vn -0.1726 -0.3815 0.9081
vn -0.3922 -0.1480 0.9079
vn -0.4158 0.0131 0.9093
vn -0.3815 0.1722 0.9082
vn -0.2842 0.3025 0.9098
vn -0.1476 0.3904 0.9088
vn 0.0129 0.4135 0.9104
vn 0.1712 0.3792 0.9093
vn 0.3010 0.2826 0.9108
vn 0.3889 0.1468 0.9095
vn 0.4127 -0.0133 0.9108
vn 0.3792 -0.1716 0.9092
vn 0.2830 -0.3020 0.9103
vn 0.1472 -0.3907 0.9087
vn -0.0135 -0.4150 0.9097
vn 0.0403 0.3504 0.9357
vn -0.1557 0.3288 0.9315
vn 0.4039 0.8935 0.1962
vn 0.0312 0.9797 0.1979
vn -0.9797 0.0312 0.1978
vn -0.9174 -0.3462 0.1963
vn -0.9174 -0.3462 0.1964
vn -0.0312 -0.9797 0.1978
vn 0.3462 -0.9174 0.1963
vn -0.8935 0.4039 0.1963
vn 0.9797 -0.0312 0.1979
vn 0.9174 0.3462 0.1963
vn 0.9174 0.3462 0.1964
vn -0.4039 -0.8935 0.1962
vn -0.4039 -0.8935 0.1963
vn 0.8935 -0.4039 0.1963
vn -0.6707 0.7148 0.1979
vn -0.7148 -0.6707 0.1978
vn -0.3462 0.9174 0.1963
vn 0.6707 -0.7148 0.1979
vn 0.7148 0.6707 0.1979
vn 0.1224 0.3426 0.9315
vn 0.2763 0.2192 0.9357
vn 0.3288 0.1557 0.9315
vn 0.3504 -0.0403 0.9357
vn 0.3426 -0.1224 0.9315
vn 0.2192 -0.2763 0.9357
vn 0.1557 -0.3288 0.9315
vn -0.0403 -0.3504 0.9357
vn -0.1224 -0.3426 0.9315
vn -0.2763 -0.2192 0.9357
vn -0.3288 -0.1557 0.9315
vn -0.3504 0.0403 0.9357
vn -0.3426 0.1224 0.9315
vn -0.2192 0.2763 0.9357
vn 0.0489 0.1616 -0.9857
vn -0.0058 -0.1839 -0.9829
vn 0.0054 0.1687 -0.9857
vn -0.0285 -0.8951 0.4449
vn -0.2911 -0.6440 0.7075
vn -0.0223 -0.7009 0.7129
vn -0.0385 0.1643 -0.9857
vn 0.0674 -0.1785 -0.9816
vn -0.1980 0.1389 -0.9703
vn -0.0418 0.2382 -0.9703
vn -0.2382 -0.0418 -0.9703
vn -0.1388 -0.1980 -0.9703
vn 0.0418 -0.2382 -0.9703
vn 0.1980 -0.1388 -0.9703
vn 0.2382 0.0418 -0.9703
vn 0.1388 0.1980 -0.9703
vn 0.0893 0.2953 -0.9512
vn 0.0098 0.3083 -0.9512
vn -0.0748 -0.1654 0.9834
vn -0.0146 -0.4597 0.8880
vn -0.1917 -0.4242 0.8850
vn -0.3698 -0.8181 0.4403
vn -0.6938 -0.6510 0.3079
vn -0.6531 -0.6128 0.4449
vn -0.8400 -0.3170 0.4404
vn -0.3354 -0.3147 0.8880
vn -0.1699 -0.0641 0.9834
vn -0.1284 -0.1205 0.9844
vn -0.9510 0.0303 0.3078
vn -0.8951 0.0285 0.4449
vn -0.4597 0.0146 0.8880
vn -0.4356 -0.1644 0.8850
vn -0.8181 0.3698 0.4404
vn -0.1654 0.0748 0.9834
vn -0.1760 0.0056 0.9844
vn -0.6510 0.6938 0.3079
vn -0.6128 0.6531 0.4449
vn -0.3147 0.3354 0.8880
vn -0.4242 0.1918 0.8850
vn -0.3170 0.8400 0.4404
vn -0.0641 0.1699 0.9834
vn -0.1205 0.1284 0.9844
vn 0.0303 0.9509 0.3079
vn 0.0285 0.8951 0.4449
vn 0.0146 0.4597 0.8880
vn -0.1644 0.4356 0.8850
vn 0.3698 0.8181 0.4404
vn 0.0748 0.1654 0.9834
vn 0.0056 0.1760 0.9844
vn 0.6938 0.6510 0.3079
vn 0.6531 0.6128 0.4449
vn 0.3354 0.3147 0.8880
vn 0.1918 0.4242 0.8850
vn 0.8400 0.3170 0.4404
vn 0.1699 0.0641 0.9834
vn 0.1284 0.1205 0.9844
vn 0.9510 -0.0303 0.3078
vn 0.8952 -0.0285 0.4448
vn 0.4597 -0.0146 0.8880
vn 0.4356 0.1644 0.8850
vn 0.8181 -0.3698 0.4404
vn 0.1654 -0.0748 0.9834
vn 0.1760 -0.0056 0.9844
vn 0.6510 -0.6938 0.3079
vn 0.6128 -0.6531 0.4449
vn 0.3147 -0.3354 0.8880
vn 0.4242 -0.1917 0.8850
vn 0.3170 -0.8400 0.4404
vn 0.0641 -0.1699 0.9834
vn 0.1205 -0.1284 0.9844
vn 0.1644 -0.4356 0.8850
vn 0.0826 0.1333 0.9876
vn 0.0455 0.1501 0.9876
vn -0.0303 -0.9509 0.3079
vn -0.3922 -0.8677 0.3054
vn -0.0797 0.1488 -0.9857
vn 0.1255 -0.1337 -0.9830
vn -0.1434 0.0890 -0.9857
vn -0.1155 0.1231 -0.9856
vn 0.1733 -0.0783 -0.9818
vn -0.1616 0.0489 -0.9857
vn 0.1828 -0.0058 -0.9831
vn -0.1643 -0.0385 -0.9857
vn -0.1687 0.0054 -0.9857
vn 0.1777 0.0671 -0.9818
vn -0.1488 -0.0797 -0.9857
vn 0.1334 0.1251 -0.9831
vn -0.0890 -0.1434 -0.9857
vn -0.1231 -0.1155 -0.9857
vn 0.0784 0.1732 -0.9818
vn -0.0489 -0.1616 -0.9857
vn 0.0059 0.1832 -0.9831
vn 0.0385 -0.1644 -0.9857
vn -0.0054 -0.1687 -0.9856
vn -0.0673 0.1784 -0.9816
vn 0.0797 -0.1488 -0.9857
vn -0.1258 0.1342 -0.9829
vn 0.1434 -0.0890 -0.9857
vn 0.1155 -0.1231 -0.9857
vn -0.1743 0.0789 -0.9815
vn 0.1616 -0.0489 -0.9857
vn -0.1843 0.0059 -0.9829
vn 0.1643 0.0385 -0.9857
vn 0.1687 -0.0054 -0.9857
vn -0.1793 -0.0677 -0.9815
vn 0.1488 0.0797 -0.9857
vn -0.1345 -0.1262 -0.9828
vn 0.0890 0.1434 -0.9857
vn 0.1231 0.1155 -0.9857
vn -0.0788 -0.1744 -0.9815
vn 0.0257 0.8080 0.5887
vn 0.0050 0.1555 0.9878
vn 0.1627 0.2621 -0.9512
vn 0.2340 0.7738 -0.5886
vn 0.4263 0.6869 0.5887
vn 0.1627 0.2622 0.9512
vn 0.2249 0.2110 -0.9512
vn 0.5896 0.5532 -0.5886
vn 0.5895 0.5532 0.5886
vn 0.1135 0.1065 0.9878
vn 0.2250 0.2111 0.9512
vn 0.2719 0.1456 -0.9512
vn 0.7126 0.3817 0.5887
vn 0.1383 0.0739 0.9876
vn 0.2720 0.1457 0.9512
vn 0.3003 0.0703 -0.9512
vn 0.7871 0.1843 -0.5886
vn 0.3004 0.0703 0.9512
vn 0.1526 0.0359 0.9876
vn 0.3083 -0.0098 -0.9512
vn 0.8080 -0.0257 -0.5886
vn 0.3084 -0.0098 0.9512
vn 0.1555 -0.0050 0.9878
vn 0.2953 -0.0893 -0.9512
vn 0.7738 -0.2340 -0.5887
vn 0.2954 -0.0893 0.9512
vn 0.1501 -0.0455 0.9876
vn 0.2621 -0.1627 -0.9512
vn 0.6869 -0.4263 -0.5887
vn 0.6868 -0.4263 -0.5887
vn 0.6868 -0.4262 0.5887
vn 0.1333 -0.0826 0.9876
vn 0.2622 -0.1627 0.9512
vn 0.2111 -0.2250 -0.9512
vn 0.5531 -0.5895 -0.5886
vn 0.2111 -0.2250 0.9512
vn 0.1065 -0.1135 0.9878
vn 0.1457 -0.2719 -0.9512
vn 0.3817 -0.7126 -0.5886
vn 0.0739 -0.1383 0.9876
vn 0.1457 -0.2720 0.9512
vn 0.0703 -0.3004 -0.9512
vn 0.1843 -0.7871 -0.5886
vn 0.0359 -0.1527 0.9876
vn 0.0703 -0.3005 0.9512
vn -0.0098 -0.3084 -0.9512
vn -0.0257 -0.8080 0.5887
vn -0.0050 -0.1556 0.9878
vn -0.0098 -0.3084 0.9512
vn -0.0893 -0.2953 -0.9512
vn -0.2340 -0.7738 0.5887
vn -0.0893 -0.2954 0.9512
vn -0.0455 -0.1501 0.9876
vn -0.1627 -0.2621 -0.9512
vn -0.4263 -0.6869 -0.5886
vn -0.1627 -0.2622 0.9512
vn -0.0826 -0.1333 0.9876
vn -0.2249 -0.2110 -0.9512
vn -0.5895 -0.5531 -0.5886
vn -0.5895 -0.5531 0.5887
vn -0.1135 -0.1065 0.9878
vn -0.2250 -0.2111 0.9512
vn -0.2719 -0.1457 -0.9512
vn -0.7126 -0.3817 0.5887
vn -0.1383 -0.0739 0.9876
vn -0.2720 -0.1457 0.9512
vn -0.3003 -0.0703 -0.9512
vn -0.7872 -0.1843 -0.5886
vn -0.7871 -0.1843 0.5886
vn -0.3004 -0.0703 0.9512
vn -0.1526 -0.0359 0.9876
vn -0.3083 0.0098 -0.9512
vn -0.8079 0.0257 0.5887
vn -0.3084 0.0098 0.9512
vn -0.1555 0.0050 0.9878
vn -0.2953 0.0893 -0.9512
vn -0.7737 0.2339 -0.5887
vn -0.7737 0.2340 0.5887
vn -0.1501 0.0455 0.9876
vn -0.2621 0.1626 -0.9512
vn -0.6869 0.4263 0.5887
vn -0.1333 0.0826 0.9876
vn -0.2622 0.1627 0.9512
vn -0.2111 0.2250 -0.9512
vn -0.5531 0.5895 -0.5887
vn -0.1065 0.1135 0.9878
vn -0.1457 0.2719 -0.9512
vn -0.3817 0.7126 0.5887
vn -0.1457 0.2720 0.9512
vn -0.0739 0.1383 0.9876
vn -0.0703 0.3003 -0.9512
vn -0.1843 0.7871 -0.5886
vn -0.0359 0.1526 0.9876
vn -0.0703 0.3004 0.9512
vn 0.0098 0.3084 0.9512
vn -0.5114 -0.4798 0.7129
vn -0.6612 -0.2495 0.7075
vn -0.7009 0.0223 0.7129
vn -0.6440 0.2911 0.7075
vn -0.4798 0.5114 0.7129
vn -0.2495 0.6612 0.7075
vn 0.0223 0.7009 0.7129
vn 0.2911 0.6440 0.7075
vn 0.5114 0.4798 0.7129
vn 0.6612 0.2495 0.7075
vn 0.7009 -0.0223 0.7129
vn 0.6440 -0.2911 0.7075
vn 0.4798 -0.5114 0.7129
vn 0.2495 -0.6612 0.7075
vn -0.0056 -0.1760 0.9844
vn -0.3035 -0.2847 -0.9093
vn -0.3922 -0.1480 -0.9079
vn -0.4159 0.0131 -0.9093
vn -0.3815 0.1722 -0.9082
vn -0.2842 0.3025 -0.9098
vn -0.1476 0.3904 -0.9088
vn 0.0129 0.4135 -0.9104
vn 0.1712 0.3793 -0.9093
vn 0.3010 0.2826 -0.9108
vn 0.3889 0.1468 -0.9095
vn 0.4127 -0.0133 -0.9108
vn 0.3792 -0.1716 -0.9092
vn 0.2830 -0.3021 -0.9103
vn 0.1472 -0.3907 -0.9087
vn -0.0135 -0.4150 -0.9097
vn -0.1557 0.3289 -0.9314
vn 0.0403 0.3504 -0.9357
vn 0.0312 0.9797 -0.1979
vn 0.4039 0.8935 -0.1962
vn -0.9797 0.0312 -0.1978
vn -0.9174 -0.3462 -0.1963
vn -0.9798 0.0312 -0.1978
vn -0.0312 -0.9797 -0.1978
vn 0.3462 -0.9174 -0.1963
vn -0.0312 -0.9798 -0.1978
vn -0.8935 0.4039 -0.1963
vn 0.9797 -0.0312 -0.1979
vn 0.9174 0.3462 -0.1964
vn -0.4039 -0.8935 -0.1962
vn -0.4039 -0.8935 -0.1963
vn 0.8935 -0.4039 -0.1963
vn -0.6707 0.7148 -0.1979
vn -0.6707 0.7149 -0.1978
vn -0.7148 -0.6707 -0.1978
vn -0.7148 -0.6708 -0.1977
vn -0.3462 0.9174 -0.1963
vn 0.6707 -0.7148 -0.1979
vn 0.6707 -0.7148 -0.1978
vn -0.9174 -0.3462 -0.1964
vn 0.7148 0.6707 -0.1979
vn 0.1224 0.3426 -0.9315
vn 0.2763 0.2192 -0.9357
vn 0.3288 0.1557 -0.9315
vn 0.3504 -0.0403 -0.9357
vn 0.3426 -0.1224 -0.9315
vn 0.2193 -0.2763 -0.9357
vn 0.1557 -0.3288 -0.9315
vn -0.0403 -0.3504 -0.9357
vn -0.1224 -0.3426 -0.9315
vn -0.2763 -0.2192 -0.9357
vn -0.3288 -0.1557 -0.9315
vn -0.3504 0.0403 -0.9357
vn -0.3426 0.1224 -0.9315
vn -0.2193 0.2763 -0.9357
vn 0.9234 -0.0247 0.3832
vn 0.7074 -0.0185 0.7066
vn 0.9237 -0.0247 0.3823
vn 0.0013 0.0005 1.0000
vn 0.3815 -0.0100 0.9243
vn -0.0012 0.0005 1.0000
vn -0.3835 0.0106 0.9235
vn -0.7062 0.0192 0.7078
vn -0.3814 0.0107 0.9243
vn -0.3835 0.0099 -0.9235
vn -0.7062 0.0187 -0.7078
vn -0.7074 0.0187 -0.7065
vn -0.9237 0.0249 0.3823
vn -0.9996 0.0268 -0.0000
vn -0.9234 0.0249 0.3831
vn 0.9233 -0.0249 -0.3832
vn 0.7074 -0.0193 -0.7065
vn 0.7062 -0.0194 -0.7077
vn -0.9233 0.0246 -0.3832
vn -0.9237 0.0246 -0.3823
vn 0.3815 -0.0106 -0.9243
vn 0.0013 -0.0003 -1.0000
vn -0.0012 -0.0003 -1.0000
vn 0.8630 0.0844 -0.4981
vn 0.8644 0.0904 -0.4945
vn 0.8614 0.0776 -0.5020
vn 0.0341 0.9994 -0.0067
vn 0.0325 0.9995 -0.0050
vn 0.0355 0.9994 -0.0007
vn 0.9996 -0.0269 -0.0000
vn -0.3814 0.0099 -0.9244
vn 0.3836 -0.0100 0.9234
vn 0.7061 -0.0186 0.7078
vn -0.7074 0.0192 0.7066
vn 0.9237 -0.0249 -0.3823
vn -0.3826 -0.0072 0.9239
vn -0.7068 0.0094 0.7073
vn -0.3824 -0.0071 0.9240
vn 0.7061 -0.0102 -0.7080
vn 0.3822 0.0064 -0.9241
vn 0.3822 0.0063 -0.9241
vn -0.0001 0.0220 -0.9998
vn -0.0003 0.0219 -0.9998
vn -0.3823 0.0340 -0.9234
vn -0.3824 0.0339 -0.9234
vn -0.7062 0.0407 -0.7068
vn -0.7068 0.0409 -0.7063
vn -0.9233 0.0415 -0.3818
vn -0.9233 0.0415 -0.3817
vn 0.9993 -0.0367 -0.0001
vn 0.9235 -0.0255 -0.3828
vn 0.9234 -0.0255 -0.3830
vn -0.9994 0.0357 0.0014
vn -0.9994 0.0355 0.0009
vn -0.9232 0.0243 0.3836
vn -0.9232 0.0243 0.3835
vn -0.0377 -0.9990 -0.0222
vn -0.0378 -0.9990 -0.0223
vn -0.0378 -0.9990 -0.0222
vn -0.0377 -0.9990 -0.0223
vn 0.9234 -0.0424 0.3816
vn 0.9993 -0.0366 -0.0004
vn 0.7064 -0.0103 -0.7077
vn 0.9233 -0.0424 0.3818
vn 0.7068 -0.0417 0.7062
vn 0.7066 -0.0417 0.7064
vn 0.3824 -0.0348 0.9233
vn 0.3822 -0.0348 0.9234
vn 0.0002 -0.0226 0.9997
vn -0.0002 -0.0226 0.9997
vn -0.7069 0.0093 0.7073
vn -0.0376 -0.9990 -0.0222
vn -0.0327 -0.9990 -0.0306
vn -0.0258 -0.9992 -0.0321
vn -0.0267 -0.9991 -0.0335
vn 0.9238 -0.0173 -0.3825
vn 0.9996 -0.0281 -0.0002
vn 0.9996 -0.0281 -0.0001
vn -0.9232 0.0172 0.3838
vn -0.7074 0.0043 0.7068
vn -0.9235 0.0173 0.3831
vn -0.0164 -0.9996 -0.0223
vn -0.0193 -0.9997 -0.0155
vn -0.0192 -0.9997 -0.0145
vn 0.3831 0.0097 -0.9236
vn 0.7063 -0.0042 -0.7079
vn 0.7071 -0.0044 -0.7071
vn -0.0342 -0.9992 -0.0226
vn -0.0325 -0.9993 -0.0171
vn -0.0334 -0.9992 -0.0226
vn -0.0328 -0.9990 -0.0307
vn -0.0260 -0.9992 -0.0310
vn -0.0256 -0.9991 -0.0331
vn 0.7073 -0.0360 0.7060
vn 0.9234 -0.0348 0.3822
vn 0.7063 -0.0358 0.7070
vn -0.0322 -0.9991 -0.0279
vn 0.9235 -0.0172 -0.3832
vn -0.9996 0.0281 0.0009
vn -0.9996 0.0283 0.0009
vn -0.7065 0.0042 0.7077
vn -0.3832 -0.0096 0.9236
vn -0.0192 -0.9994 -0.0289
vn -0.0183 -0.9994 -0.0289
vn -0.0192 -0.9994 -0.0291
vn -0.0190 -0.9994 -0.0301
vn -0.0193 -0.9997 -0.0161
vn -0.0165 -0.9996 -0.0222
vn -0.0188 -0.9997 -0.0162
vn -0.9236 0.0346 -0.3817
vn -0.9233 0.0345 -0.3825
vn -0.0159 -0.9996 -0.0223
vn -0.7062 0.0355 -0.7071
vn -0.3834 0.0317 -0.9230
vn -0.3816 0.0314 -0.9238
vn 0.3833 -0.0317 0.9231
vn 0.3816 -0.0314 0.9238
vn -0.7072 0.0357 -0.7061
vn -0.0360 -0.9991 -0.0238
vn -0.0323 -0.9991 -0.0280
vn -0.0329 -0.9994 -0.0144
vn -0.0262 -0.9996 -0.0138
vn -0.0258 -0.9996 -0.0117
vn -0.0263 -0.9996 -0.0129
vn -0.0271 -0.9996 -0.0115
vn 0.9237 -0.0348 0.3815
vn -0.0317 -0.9994 -0.0163
vn -0.0345 -0.9992 -0.0213
vn -0.0164 -0.9996 -0.0220
vn 0.0012 -0.0225 0.9997
vn -0.0010 -0.0221 0.9998
vn -0.0011 0.0226 -0.9997
vn 0.0009 0.0223 -0.9998
vn -0.0309 -0.9994 -0.0165
vn 0.3815 0.0100 -0.9243
vn -0.3816 -0.0100 0.9243
vn 0.3836 -0.0106 -0.9234
vn 0.0373 0.9993 -0.0006
vn 0.0380 0.9993 -0.0006
vn 0.0357 0.9994 -0.0005
vn 0.0344 0.9994 0.0049
vn 0.0329 0.9995 0.0032
vn 0.0354 0.9994 0.0065
vn 0.0342 0.9994 -0.0064
vn 0.0326 0.9995 -0.0048
vn 0.0354 0.9994 -0.0008
vn 0.0061 0.1484 -0.9889
vn 0.0355 0.9994 -0.0005
vn 0.0343 0.9994 0.0050
vn 0.0328 0.9995 0.0035
vn 0.0352 0.9994 0.0068
vn 0.0394 0.9992 -0.0008
vn 0.0353 0.9993 -0.0081
vn -0.8534 0.1628 -0.4951
vn -0.8540 0.1671 -0.4926
vn -0.8546 0.1714 -0.4901
vn 0.0394 0.9992 -0.0007
vn -0.8534 0.1635 0.4950
vn -0.8540 0.1678 0.4924
vn -0.8527 0.1587 0.4978
vn 0.0384 0.9993 -0.0011
vn 0.0391 0.9992 -0.0006
vn 0.0377 0.9993 -0.0006
vn 0.0062 0.1499 0.9887
vn 0.0351 0.9993 -0.0085
vn 0.8630 0.0851 0.4979
vn 0.8645 0.0912 0.4944
vn 0.8658 0.0972 0.4908
vn 0.0384 0.9993 -0.0001
vn 0.0404 0.9992 -0.0037
vn 0.9233 -0.0244 0.3832
vn 0.9237 -0.0244 0.3823
vn 0.3815 -0.0099 0.9243
vn -0.3813 0.0106 0.9244
vn -0.7061 0.0186 -0.7078
vn -0.7074 0.0186 -0.7066
vn -0.9237 0.0250 0.3823
vn -0.9996 0.0269 -0.0000
vn -0.9234 0.0250 0.3831
vn 0.9234 -0.0250 -0.3831
vn 0.7062 -0.0193 -0.7077
vn -0.9234 0.0247 -0.3832
vn -0.9237 0.0247 -0.3823
vn 0.3816 -0.0107 -0.9243
vn 0.8630 0.0844 -0.4980
vn 0.8645 0.0904 -0.4945
vn 0.8614 0.0777 -0.5019
vn 0.0342 0.9994 -0.0065
vn 0.9996 -0.0268 -0.0000
vn 0.9996 -0.0268 -0.0001
vn 0.3837 -0.0099 0.9234
vn 0.7062 -0.0186 0.7078
vn 0.9237 -0.0250 -0.3823
vn -0.3826 -0.0107 0.9239
vn -0.7067 0.0066 0.7074
vn -0.3823 -0.0107 0.9240
vn 0.7061 -0.0075 -0.7081
vn 0.3822 0.0099 -0.9240
vn 0.3822 0.0098 -0.9240
vn -0.0001 0.0257 -0.9997
vn -0.0002 0.0257 -0.9997
vn -0.3823 0.0375 -0.9233
vn -0.3824 0.0375 -0.9232
vn -0.7062 0.0434 -0.7067
vn -0.7068 0.0436 -0.7061
vn -0.9233 0.0429 -0.3818
vn -0.9233 0.0430 -0.3816
vn 0.9993 -0.0367 -0.0002
vn 0.9235 -0.0240 -0.3830
vn 0.9234 -0.0240 -0.3831
vn -0.9994 0.0357 0.0015
vn -0.9994 0.0355 0.0010
vn -0.9232 0.0228 0.3837
vn -0.9232 0.0229 0.3837
vn -0.0377 -0.9989 -0.0261
vn -0.0378 -0.9989 -0.0260
vn -0.0377 -0.9990 -0.0260
vn -0.0378 -0.9989 -0.0261
vn -0.0377 -0.9990 -0.0261
vn 0.9233 -0.0438 0.3815
vn 0.9993 -0.0365 -0.0004
vn 0.7064 -0.0076 -0.7077
vn 0.9233 -0.0438 0.3816
vn 0.7068 -0.0445 0.7060
vn 0.7066 -0.0445 0.7062
vn 0.3824 -0.0383 0.9232
vn 0.3821 -0.0383 0.9233
vn 0.0001 -0.0265 0.9996
vn -0.0002 -0.0265 0.9996
vn -0.7069 0.0066 0.7073
vn -0.0376 -0.9990 -0.0261
vn -0.0327 -0.9989 -0.0345
vn -0.0259 -0.9990 -0.0359
vn -0.0267 -0.9990 -0.0372
vn 0.9238 -0.0159 -0.3826
vn 0.9996 -0.0281 -0.0003
vn -0.9233 0.0158 0.3839
vn -0.7074 0.0016 0.7068
vn -0.9235 0.0158 0.3832
vn -0.0165 -0.9995 -0.0261
vn -0.0194 -0.9996 -0.0194
vn -0.0193 -0.9996 -0.0184
vn 0.3831 0.0134 -0.9236
vn 0.7063 -0.0015 -0.7080
vn 0.7072 -0.0017 -0.7070
vn -0.0342 -0.9991 -0.0264
vn -0.0325 -0.9993 -0.0209
vn -0.0333 -0.9991 -0.0264
vn -0.0259 -0.9991 -0.0349
vn -0.0255 -0.9990 -0.0369
vn 0.7073 -0.0386 0.7059
vn 0.9234 -0.0361 0.3822
vn 0.7062 -0.0383 0.7069
vn -0.0322 -0.9990 -0.0318
vn 0.9235 -0.0158 -0.3833
vn -0.9996 0.0280 0.0010
vn -0.9996 0.0281 0.0010
vn -0.7065 0.0015 0.7077
vn -0.3833 -0.0131 0.9235
vn -0.0191 -0.9993 -0.0327
vn -0.0181 -0.9993 -0.0327
vn -0.0192 -0.9993 -0.0329
vn -0.0191 -0.9992 -0.0339
vn -0.0192 -0.9996 -0.0199
vn -0.0162 -0.9995 -0.0259
vn -0.0187 -0.9996 -0.0201
vn -0.9237 0.0361 -0.3815
vn -0.9233 0.0359 -0.3823
vn -0.0161 -0.9995 -0.0262
vn -0.7062 0.0380 -0.7070
vn -0.3834 0.0351 -0.9229
vn -0.3816 0.0348 -0.9237
vn 0.3833 -0.0352 0.9229
vn 0.3816 -0.0349 0.9237
vn -0.7072 0.0383 -0.7059
vn -0.0361 -0.9990 -0.0277
vn -0.0330 -0.9993 -0.0182
vn -0.0263 -0.9995 -0.0176
vn -0.0259 -0.9995 -0.0155
vn -0.0262 -0.9995 -0.0167
vn -0.0271 -0.9995 -0.0153
vn 0.9237 -0.0362 0.3814
vn -0.0317 -0.9993 -0.0201
vn -0.0345 -0.9991 -0.0252
vn -0.0161 -0.9995 -0.0258
vn 0.0012 -0.0264 0.9997
vn -0.0009 -0.0259 0.9997
vn -0.0010 0.0264 -0.9997
vn 0.0008 0.0261 -0.9997
vn -0.0309 -0.9993 -0.0202
vn 0.3814 0.0138 -0.9243
vn -0.3816 -0.0135 0.9242
vn 0.3836 -0.0107 -0.9234
vn 0.0371 0.9993 -0.0006
vn 0.0378 0.9993 -0.0006
vn 0.0355 0.9994 -0.0004
vn 0.0342 0.9994 0.0051
vn 0.0327 0.9995 0.0035
vn 0.0353 0.9994 0.0068
vn 0.0342 0.9994 0.0052
vn 0.0352 0.9994 0.0070
vn 0.0395 0.9992 -0.0008
vn 0.0352 0.9993 -0.0083
vn -0.8534 0.1627 -0.4952
vn -0.8540 0.1670 -0.4927
vn -0.8540 0.1678 0.4925
vn -0.8527 0.1586 0.4978
vn 0.8630 0.0852 0.4979
vn 0.0384 0.9993 -0.0000
vn 0.9233 -0.0245 0.3832
vn 0.7075 -0.0186 0.7065
vn 0.0013 0.0004 1.0000
vn 0.3815 -0.0098 0.9243
vn -0.0012 0.0004 1.0000
vn -0.3814 0.0106 0.9244
vn -0.9233 0.0247 -0.3832
vn 0.8631 0.0844 -0.4980
vn 0.3836 -0.0098 0.9234
vn 0.7062 -0.0187 0.7077
vn -0.3826 0.0574 0.9221
vn -0.7068 0.0587 0.7050
vn -0.3824 0.0574 0.9222
vn 0.7061 -0.0596 -0.7056
vn 0.3821 -0.0582 -0.9223
vn 0.3821 -0.0583 -0.9223
vn -0.0001 -0.0480 -0.9988
vn -0.0002 -0.0480 -0.9988
vn -0.3823 -0.0306 -0.9235
vn -0.3825 -0.0307 -0.9235
vn -0.7062 -0.0088 -0.7079
vn -0.7067 -0.0086 -0.7074
vn -0.9233 0.0147 -0.3839
vn -0.9233 0.0147 -0.3837
vn 0.9993 -0.0366 0.0025
vn 0.9235 -0.0522 -0.3802
vn 0.9234 -0.0521 -0.3802
vn -0.9994 0.0357 -0.0012
vn -0.9994 0.0355 -0.0016
vn -0.9232 0.0510 0.3809
vn -0.9232 0.0511 0.3810
vn -0.0377 -0.9982 0.0476
vn -0.0377 -0.9981 0.0477
vn -0.0377 -0.9982 0.0477
vn -0.0378 -0.9982 0.0476
vn -0.0378 -0.9981 0.0476
vn 0.9233 -0.0156 0.3837
vn 0.9993 -0.0365 0.0022
vn 0.7064 -0.0597 -0.7053
vn 0.9233 -0.0156 0.3838
vn 0.7068 0.0077 0.7074
vn 0.7066 0.0077 0.7076
vn 0.3824 0.0298 0.9235
vn 0.3822 0.0298 0.9236
vn 0.0002 0.0473 0.9989
vn -0.0001 0.0473 0.9989
vn -0.7069 0.0587 0.7049
vn -0.0376 -0.9982 0.0476
vn -0.0327 -0.9987 0.0391
vn -0.0258 -0.9990 0.0378
vn -0.0267 -0.9990 0.0364
vn 0.9238 -0.0440 -0.3805
vn 0.9996 -0.0280 0.0018
vn 0.9996 -0.0281 0.0018
vn -0.9233 0.0440 0.3816
vn -0.7074 0.0538 0.7048
vn -0.9235 0.0440 0.3810
vn -0.0165 -0.9987 0.0476
vn -0.0194 -0.9983 0.0543
vn -0.0193 -0.9983 0.0553
vn 0.3831 -0.0548 -0.9221
vn 0.7063 -0.0537 -0.7059
vn 0.7072 -0.0539 -0.7050
vn -0.0342 -0.9983 0.0472
vn -0.0325 -0.9981 0.0528
vn -0.0333 -0.9983 0.0472
vn -0.0327 -0.9987 0.0393
vn -0.0260 -0.9989 0.0388
vn -0.0255 -0.9990 0.0367
vn 0.7073 0.0136 0.7068
vn 0.9234 -0.0078 0.3837
vn 0.7063 0.0139 0.7078
vn -0.0322 -0.9986 0.0418
vn 0.9235 -0.0440 -0.3811
vn -0.9996 0.0280 -0.0011
vn -0.9996 0.0281 -0.0011
vn -0.7065 0.0537 0.7057
vn -0.3833 0.0549 0.9220
vn -0.0192 -0.9990 0.0410
vn -0.0182 -0.9990 0.0410
vn -0.0192 -0.9990 0.0408
vn -0.0190 -0.9990 0.0399
vn -0.0192 -0.9984 0.0539
vn -0.0162 -0.9987 0.0478
vn -0.0187 -0.9984 0.0537
vn -0.9236 0.0078 -0.3832
vn -0.9233 0.0076 -0.3840
vn -0.0161 -0.9987 0.0476
vn -0.7062 -0.0141 -0.7079
vn -0.3834 -0.0330 -0.9230
vn -0.3816 -0.0334 -0.9237
vn 0.3833 0.0330 0.9230
vn 0.3816 0.0333 0.9237
vn -0.7073 -0.0137 -0.7068
vn -0.0360 -0.9983 0.0461
vn -0.0323 -0.9986 0.0420
vn -0.0330 -0.9979 0.0555
vn -0.0264 -0.9981 0.0559
vn -0.0259 -0.9980 0.0580
vn -0.0262 -0.9980 0.0571
vn -0.0271 -0.9979 0.0584
vn 0.9237 -0.0079 0.3830
vn -0.0317 -0.9981 0.0536
vn -0.0345 -0.9982 0.0486
vn -0.0161 -0.9987 0.0480
vn 0.0012 0.0472 0.9989
vn -0.0009 0.0476 0.9989
vn -0.0010 -0.0474 -0.9989
vn 0.0008 -0.0477 -0.9989
vn -0.0309 -0.9981 0.0534
vn 0.3814 -0.0545 -0.9228
vn -0.3816 0.0546 0.9227
vn 0.0343 0.9994 0.0051
vn 0.0353 0.9994 0.0067
vn 0.0343 0.9994 -0.0063
vn 0.0327 0.9995 -0.0047
vn 0.0355 0.9994 -0.0008
vn 0.0395 0.9992 -0.0007
vn 0.0394 0.9992 -0.0006
vn 0.0384 0.9993 -0.0012
vn 0.9233 -0.0246 0.3832
vn 0.7075 -0.0187 0.7065
vn 0.9237 -0.0245 0.3823
vn 0.3814 -0.0098 0.9243
vn -0.3814 0.0106 0.9243
vn -0.7061 0.0187 -0.7078
vn 0.3815 -0.0107 -0.9243
vn 0.8615 0.0777 -0.5019
vn 0.0341 0.9994 -0.0066
vn -0.3814 0.0100 -0.9244
vn 0.3836 -0.0098 0.9235
vn -0.3826 0.0512 0.9225
vn -0.7068 0.0540 0.7054
vn -0.3824 0.0513 0.9226
vn 0.7061 -0.0549 -0.7060
vn 0.3821 -0.0520 -0.9226
vn 0.3821 -0.0521 -0.9226
vn -0.0001 -0.0413 -0.9991
vn -0.0003 -0.0414 -0.9991
vn -0.3822 -0.0244 -0.9238
vn -0.3824 -0.0245 -0.9237
vn -0.7062 -0.0040 -0.7080
vn -0.7068 -0.0038 -0.7074
vn -0.9233 0.0173 -0.3837
vn -0.9233 0.0173 -0.3836
vn 0.9993 -0.0366 0.0022
vn 0.9235 -0.0496 -0.3804
vn 0.9234 -0.0496 -0.3806
vn -0.9994 0.0357 -0.0009
vn -0.9994 0.0355 -0.0014
vn -0.9232 0.0485 0.3813
vn -0.9232 0.0485 0.3812
vn -0.0377 -0.9984 0.0410
vn -0.0377 -0.9985 0.0410
vn -0.0378 -0.9984 0.0409
vn -0.0378 -0.9984 0.0410
vn -0.0377 -0.9985 0.0409
vn 0.9233 -0.0181 0.3836
vn 0.9993 -0.0365 0.0020
vn 0.7065 -0.0550 -0.7056
vn 0.9233 -0.0182 0.3837
vn 0.7068 0.0030 0.7075
vn 0.7066 0.0030 0.7076
vn 0.3824 0.0237 0.9237
vn 0.3822 0.0237 0.9238
vn 0.0002 0.0406 0.9992
vn -0.0001 0.0406 0.9992
vn -0.7068 0.0540 0.7053
vn -0.0376 -0.9985 0.0409
vn -0.0327 -0.9989 0.0325
vn -0.0260 -0.9992 0.0312
vn -0.0269 -0.9992 0.0299
vn 0.9238 -0.0415 -0.3807
vn 0.9996 -0.0281 0.0016
vn -0.9233 0.0415 0.3819
vn -0.7074 0.0490 0.7051
vn -0.9235 0.0416 0.3812
vn -0.0164 -0.9990 0.0410
vn -0.0193 -0.9987 0.0477
vn -0.0191 -0.9986 0.0487
vn 0.3832 -0.0487 -0.9224
vn 0.7062 -0.0489 -0.7063
vn 0.7071 -0.0490 -0.7054
vn -0.0342 -0.9986 0.0407
vn -0.0325 -0.9984 0.0461
vn -0.0333 -0.9986 0.0407
vn -0.0328 -0.9989 0.0326
vn -0.0260 -0.9991 0.0321
vn -0.0256 -0.9992 0.0301
vn 0.7073 0.0088 0.7069
vn 0.9234 -0.0105 0.3837
vn 0.7063 0.0091 0.7079
vn -0.0323 -0.9989 0.0352
vn 0.9235 -0.0415 -0.3814
vn -0.9996 0.0281 -0.0009
vn -0.7065 0.0489 0.7060
vn -0.3832 0.0487 0.9224
vn -0.0189 -0.9992 0.0346
vn -0.0183 -0.9992 0.0346
vn -0.0192 -0.9992 0.0342
vn -0.0191 -0.9993 0.0332
vn -0.0192 -0.9987 0.0472
vn -0.0166 -0.9990 0.0409
vn -0.0187 -0.9987 0.0470
vn -0.9236 0.0106 -0.3831
vn -0.9233 0.0104 -0.3838
vn -0.0160 -0.9990 0.0409
vn -0.7062 -0.0093 -0.7080
vn -0.3834 -0.0269 -0.9232
vn -0.3816 -0.0272 -0.9239
vn 0.3833 0.0268 0.9233
vn 0.3816 0.0272 0.9239
vn -0.7073 -0.0089 -0.7069
vn -0.0361 -0.9986 0.0394
vn -0.0323 -0.9989 0.0353
vn -0.0329 -0.9983 0.0488
vn -0.0263 -0.9984 0.0493
vn -0.0258 -0.9983 0.0515
vn -0.0262 -0.9984 0.0503
vn -0.0271 -0.9983 0.0517
vn 0.9237 -0.0106 0.3829
vn -0.0317 -0.9984 0.0469
vn -0.0345 -0.9985 0.0419
vn -0.0161 -0.9990 0.0410
vn 0.0012 0.0407 0.9992
vn -0.0009 0.0411 0.9992
vn -0.0011 -0.0406 -0.9992
vn 0.0008 -0.0409 -0.9992
vn -0.0309 -0.9984 0.0468
vn 0.3814 -0.0483 -0.9231
vn -0.3816 0.0484 0.9231
vn 0.0369 0.9993 -0.0006
vn 0.0375 0.9993 -0.0006
vn 0.0343 0.9994 0.0049
vn 0.0353 0.9994 0.0066
vn -0.8547 0.1714 -0.4901
vn -0.8534 0.1635 0.4949
vn -0.8527 0.1587 0.4977
vn -0.4553 0.7415 0.4928
vn -0.3393 0.3673 0.8660
vn -0.2105 0.4765 0.8536
vn 0.0001 -0.0001 -1.0000
vn 0.3393 -0.3673 -0.8660
vn -0.5877 0.6361 -0.5001
vn -0.3393 0.3673 -0.8660
vn -0.5877 0.6361 -0.5000
vn 0.5877 -0.6361 -0.5000
vn 0.6786 -0.7345 0.0001
vn 0.5877 -0.6361 0.5000
vn 0.6786 -0.7345 -0.0000
vn -0.3393 0.3672 -0.8661
vn 0.5877 -0.6361 0.5001
vn 0.3393 -0.3673 0.8660
vn -0.3393 0.3672 0.8661
vn 0.5877 -0.6361 -0.4999
vn -0.5877 0.6361 0.5000
vn 0.7345 0.6786 -0.0000
vn -0.0092 -0.6232 0.7820
vn 0.2150 -0.8660 0.4515
vn -0.9284 0.3716 -0.0000
vn -0.8463 0.2827 -0.4515
vn -0.0092 -0.6232 -0.7820
vn -0.3156 -0.2916 -0.9030
vn 0.2150 -0.8660 -0.4515
vn 0.4643 0.4289 0.7749
vn 0.7272 0.1444 0.6711
vn 0.2013 0.7135 -0.6711
vn 0.0089 0.9219 -0.3874
vn -0.6220 0.0400 0.7820
vn -0.8463 0.2827 0.4515
vn -0.8463 0.2827 0.4514
vn -0.0616 0.9981 -0.0000
vn 0.0089 0.9219 0.3874
vn 0.2013 0.7135 0.6711
vn 0.2014 0.7135 0.6711
vn 0.4643 0.4290 0.7749
vn -0.6220 0.0401 -0.7820
vn -0.6219 0.0401 -0.7820
vn -0.3156 -0.2916 0.9030
vn 0.9197 -0.0640 0.3874
vn 0.9901 -0.1402 -0.0000
vn 0.9901 -0.1403 -0.0000
vn 0.4643 0.4289 -0.7749
vn -0.7345 -0.6786 0.0001
vn 0.7272 0.1443 -0.6711
vn 0.7345 0.6787 -0.0000
vn 0.9197 -0.0640 -0.3874
vn 0.9197 -0.0640 -0.3875
vn 0.9197 -0.0640 0.3875
vn 0.2971 -0.9548 -0.0000
vn 0.2971 -0.9549 -0.0000
vn 0.7463 -0.4554 -0.4855
vn 0.4584 -0.2474 -0.8536
vn 0.5051 -0.1943 -0.8409
vn -0.7345 -0.6786 -0.0001
vn -0.7060 0.5090 0.4924
vn -0.8396 0.5431 -0.0000
vn -0.7516 0.4478 0.4844
vn 0.1756 0.1623 0.9710
vn 0.4584 -0.2474 0.8536
vn 0.5051 -0.1943 0.8409
vn -0.3950 0.7799 0.4855
vn -0.1538 0.5189 0.8409
vn -0.4833 0.8755 -0.0000
vn 0.7929 -0.6094 -0.0000
vn 0.8346 -0.5509 -0.0000
vn -0.2105 0.4765 -0.8536
vn -0.3950 0.7799 -0.4855
vn -0.1538 0.5189 -0.8409
vn 0.1756 0.1623 -0.9710
vn -0.9197 0.0640 -0.3874
vn -0.7272 -0.1443 -0.6711
vn 0.1240 0.1146 -0.9856
vn -0.4553 0.7415 -0.4928
vn 0.7463 -0.4554 0.4855
vn -0.4614 0.2442 0.8529
vn -0.5109 0.1874 0.8389
vn -0.1272 -0.1175 -0.9849
vn -0.5109 0.1874 -0.8389
vn -0.4614 0.2442 -0.8529
vn 0.5411 -0.8409 -0.0000
vn 0.3871 -0.7846 0.4844
vn 0.4752 -0.8799 -0.0000
vn -0.1272 -0.1175 0.9849
vn -0.1822 -0.1684 0.9687
vn 0.4516 -0.7440 -0.4924
vn 0.3871 -0.7846 -0.4844
vn -0.7516 0.4478 -0.4844
vn -0.7060 0.5090 -0.4924
vn 0.2070 -0.4792 0.8529
vn 0.1465 -0.5241 0.8389
vn 0.1465 -0.5242 -0.8389
vn 0.2070 -0.4792 -0.8529
vn -0.7956 0.6059 -0.0000
vn 0.4516 -0.7440 0.4924
vn -0.1822 -0.1684 -0.9687
vn 0.7032 -0.5124 0.4928
vn 0.1240 0.1146 0.9856
vn 0.7033 -0.5124 -0.4928
vn -0.6786 0.7345 -0.0000
vn -0.5449 0.8385 -0.0000
vn -0.2150 0.8660 -0.4515
vn 0.0093 0.6232 -0.7820
vn 0.8462 -0.2829 0.4515
vn 0.6220 -0.0400 0.7820
vn -0.4643 -0.4289 -0.7749
vn -0.9901 0.1402 -0.0000
vn -0.9197 0.0640 0.3875
vn -0.9197 0.0640 -0.3875
vn -0.2013 -0.7135 -0.6711
vn -0.0089 -0.9218 -0.3875
vn -0.2014 -0.7135 0.6711
vn -0.4643 -0.4289 0.7749
vn 0.3156 0.2916 0.9030
vn 0.0092 0.6232 0.7820
vn -0.2971 0.9549 -0.0000
vn -0.2150 0.8660 0.4515
vn 0.3156 0.2916 -0.9030
vn -0.7272 -0.1444 0.6711
vn 0.8463 -0.2828 -0.4515
vn 0.9284 -0.3717 -0.0000
vn 0.6220 -0.0400 -0.7820
vn -0.0089 -0.9218 0.3875
vn -0.2013 -0.7135 0.6711
vn 0.0616 -0.9981 -0.0000
vn 0.3393 -0.3672 0.8661
vn 0.5284 0.4881 -0.6947
vn 0.7640 0.2329 -0.6017
vn 0.9366 0.0461 -0.3473
vn 0.9998 -0.0222 -0.0000
vn 0.9998 -0.0222 0.0001
vn 0.9366 0.0462 0.3474
vn 0.7640 0.2330 0.6017
vn 0.5283 0.4881 0.6948
vn 0.2926 0.7432 0.6017
vn 0.9366 0.0461 -0.3474
vn 0.1200 0.9300 0.3473
vn 0.1201 0.9300 0.3473
vn 0.2926 0.7432 -0.6017
vn 0.1200 0.9300 -0.3474
vn 0.0569 0.9984 -0.0001
vn -0.6786 0.7345 -0.0001
vn -0.0488 0.1615 0.9857
vn 0.0058 -0.1839 0.9829
vn -0.0054 0.1686 0.9857
vn -0.2894 0.9572 -0.0000
vn -0.5273 0.8497 -0.0000
vn -0.7293 0.6842 -0.0000
vn -0.8815 0.4722 -0.0000
vn -0.9737 0.2279 -0.0000
vn -0.9737 0.2280 -0.0000
vn -0.9995 -0.0318 -0.0000
vn -0.9572 -0.2894 -0.0000
vn -0.8497 -0.5273 -0.0000
vn -0.6842 -0.7293 -0.0000
vn -0.4722 -0.8815 -0.0000
vn -0.2280 -0.9737 -0.0000
vn 0.0318 -0.9995 -0.0000
vn 0.2894 -0.9572 -0.0000
vn 0.5273 -0.8497 -0.0000
vn 0.7293 -0.6842 -0.0000
vn 0.8815 -0.4722 -0.0000
vn 0.9737 -0.2280 -0.0000
vn 0.9995 0.0318 -0.0000
vn 0.9572 0.2894 -0.0000
vn 0.8497 0.5273 -0.0000
vn 0.6843 0.7292 -0.0000
vn 0.4722 0.8815 -0.0000
vn 0.2279 0.9737 -0.0000
vn 0.0285 -0.8951 -0.4449
vn 0.2911 -0.6440 -0.7075
vn 0.0223 -0.7009 -0.7129
vn 0.0385 0.1642 0.9857
vn -0.0674 -0.1785 0.9816
vn 0.1980 0.1388 0.9703
vn 0.0418 0.2381 0.9703
vn 0.2382 -0.0418 0.9703
vn 0.1388 -0.1980 0.9703
vn -0.0418 -0.2382 0.9703
vn -0.1980 -0.1388 0.9703
vn -0.2382 0.0418 0.9703
vn -0.1388 0.1980 0.9703
vn -0.0892 0.2951 0.9513
vn -0.0098 0.3081 0.9513
vn 0.0748 -0.1654 -0.9834
vn 0.0146 -0.4596 -0.8880
vn 0.1917 -0.4242 -0.8850
vn 0.3698 -0.8181 -0.4404
vn 0.6938 -0.6510 -0.3079
vn 0.6531 -0.6128 -0.4449
vn 0.8400 -0.3170 -0.4404
vn 0.3354 -0.3147 -0.8880
vn 0.1699 -0.0641 -0.9834
vn 0.1284 -0.1205 -0.9844
vn 0.9509 0.0303 -0.3079
vn 0.8951 0.0285 -0.4449
vn 0.4596 0.0146 -0.8880
vn 0.4356 -0.1644 -0.8850
vn 0.8181 0.3698 -0.4404
vn 0.1654 0.0748 -0.9834
vn 0.1760 0.0056 -0.9844
vn 0.6510 0.6938 -0.3079
vn 0.6128 0.6531 -0.4449
vn 0.3147 0.3354 -0.8880
vn 0.4242 0.1918 -0.8850
vn 0.3170 0.8400 -0.4404
vn 0.0641 0.1699 -0.9834
vn 0.1205 0.1284 -0.9844
vn -0.0303 0.9510 -0.3079
vn -0.0285 0.8951 -0.4449
vn -0.0146 0.4596 -0.8880
vn 0.1644 0.4355 -0.8850
vn -0.3698 0.8181 -0.4404
vn -0.0748 0.1654 -0.9834
vn -0.0056 0.1760 -0.9844
vn -0.6938 0.6510 -0.3079
vn -0.6531 0.6128 -0.4449
vn -0.3354 0.3147 -0.8880
vn -0.1917 0.4242 -0.8850
vn -0.8400 0.3170 -0.4404
vn -0.1699 0.0641 -0.9834
vn -0.1284 0.1205 -0.9844
vn -0.9509 -0.0303 -0.3079
vn -0.8951 -0.0285 -0.4449
vn -0.4596 -0.0146 -0.8880
vn -0.4356 0.1644 -0.8850
vn -0.8181 -0.3698 -0.4404
vn -0.1654 -0.0748 -0.9834
vn -0.1760 -0.0056 -0.9844
vn -0.6510 -0.6938 -0.3079
vn -0.6128 -0.6531 -0.4449
vn -0.3147 -0.3354 -0.8880
vn -0.4242 -0.1917 -0.8850
vn -0.3170 -0.8400 -0.4404
vn -0.0641 -0.1699 -0.9834
vn -0.1205 -0.1284 -0.9844
vn -0.1644 -0.4355 -0.8850
vn -0.0826 0.1333 -0.9876
vn -0.0455 0.1500 -0.9876
vn 0.0303 -0.9509 -0.3079
vn 0.3922 -0.8677 -0.3055
vn 0.0797 0.1487 0.9857
vn -0.1255 -0.1337 0.9830
vn 0.1433 0.0889 0.9857
vn 0.1154 0.1230 0.9857
vn -0.1733 -0.0783 0.9818
vn 0.1615 0.0488 0.9857
vn -0.1828 -0.0058 0.9831
vn 0.1643 -0.0385 0.9857
vn 0.1686 0.0054 0.9857
vn -0.1777 0.0671 0.9818
vn 0.1487 -0.0797 0.9857
vn -0.1334 0.1251 0.9831
vn 0.0889 -0.1433 0.9857
vn 0.1230 -0.1154 0.9857
vn -0.0784 0.1732 0.9818
vn 0.0488 -0.1615 0.9857
vn -0.0059 0.1832 0.9831
vn -0.0385 -0.1642 0.9857
vn 0.0054 -0.1686 0.9857
vn 0.0673 0.1784 0.9816
vn -0.0797 -0.1487 0.9857
vn 0.1258 0.1342 0.9829
vn -0.1433 -0.0890 0.9857
vn -0.1154 -0.1230 0.9857
vn 0.1743 0.0789 0.9815
vn -0.1615 -0.0488 0.9857
vn 0.1843 0.0059 0.9829
vn -0.1643 0.0385 0.9857
vn -0.1686 -0.0054 0.9857
vn 0.1793 -0.0676 0.9815
vn -0.1487 0.0797 0.9857
vn 0.1345 -0.1262 0.9828
vn -0.0890 0.1433 0.9857
vn -0.1230 0.1154 0.9857
vn 0.0788 -0.1744 0.9815
vn -0.2340 0.7738 -0.5886
vn -0.0257 0.8080 -0.5886
vn -0.0893 0.2953 -0.9512
vn -0.0050 0.1555 -0.9878
vn -0.1626 0.2620 0.9513
vn -0.0257 0.8081 0.5885
vn -0.2340 0.7739 0.5885
vn -0.4263 0.6869 0.5886
vn -0.4263 0.6868 -0.5887
vn -0.4262 0.6868 -0.5887
vn -0.1627 0.2621 -0.9512
vn -0.2248 0.2110 0.9513
vn -0.5896 0.5532 0.5886
vn -0.5895 0.5531 -0.5886
vn -0.5895 0.5532 -0.5886
vn -0.2250 0.2111 -0.9512
vn -0.1135 0.1065 -0.9878
vn -0.2717 0.1456 0.9513
vn -0.7127 0.3818 0.5885
vn -0.7126 0.3817 -0.5886
vn -0.2719 0.1456 -0.9512
vn -0.1382 0.0739 -0.9876
vn -0.3002 0.0703 0.9513
vn -0.7871 0.1843 0.5886
vn -0.7871 0.1843 -0.5887
vn -0.1526 0.0359 -0.9876
vn -0.3004 0.0703 -0.9512
vn -0.3082 -0.0098 0.9513
vn -0.8080 -0.0257 0.5886
vn -0.8080 -0.0257 -0.5887
vn -0.1555 -0.0049 -0.9878
vn -0.3083 -0.0098 -0.9512
vn -0.2951 -0.0892 0.9513
vn -0.7739 -0.2340 0.5885
vn -0.7738 -0.2340 -0.5886
vn -0.1500 -0.0455 -0.9876
vn -0.2953 -0.0893 -0.9512
vn -0.2620 -0.1626 0.9513
vn -0.6869 -0.4263 0.5885
vn -0.6870 -0.4263 0.5885
vn -0.6869 -0.4263 -0.5886
vn -0.1333 -0.0826 -0.9876
vn -0.2621 -0.1627 -0.9512
vn -0.2109 -0.2248 0.9513
vn -0.5532 -0.5896 0.5886
vn -0.5531 -0.5895 -0.5887
vn -0.1064 -0.1134 -0.9878
vn -0.2111 -0.2249 -0.9512
vn -0.1456 -0.2718 0.9513
vn -0.3818 -0.7127 0.5885
vn -0.3817 -0.7126 -0.5886
vn -0.1457 -0.2719 -0.9512
vn -0.0739 -0.1383 -0.9876
vn -0.0703 -0.3002 0.9513
vn -0.1843 -0.7872 0.5886
vn -0.1843 -0.7871 -0.5886
vn -0.0703 -0.3003 -0.9512
vn -0.0359 -0.1526 -0.9876
vn 0.0098 -0.3081 0.9513
vn 0.0257 -0.8081 0.5885
vn 0.0257 -0.8081 0.5886
vn 0.0257 -0.8080 -0.5886
vn 0.0098 -0.3083 -0.9512
vn 0.0050 -0.1555 -0.9878
vn 0.0892 -0.2951 0.9513
vn 0.2340 -0.7738 0.5886
vn 0.2340 -0.7738 -0.5887
vn 0.2340 -0.7737 -0.5887
vn 0.0893 -0.2953 -0.9512
vn 0.0455 -0.1500 -0.9876
vn 0.1626 -0.2619 0.9513
vn 0.4263 -0.6870 0.5885
vn 0.4263 -0.6869 -0.5886
vn 0.0825 -0.1333 -0.9876
vn 0.1626 -0.2621 -0.9512
vn 0.2248 -0.2109 0.9513
vn 0.5896 -0.5532 0.5885
vn 0.5895 -0.5531 -0.5886
vn 0.1134 -0.1064 -0.9878
vn 0.2249 -0.2111 -0.9512
vn 0.2718 -0.1456 0.9513
vn 0.7127 -0.3818 0.5885
vn 0.7126 -0.3817 -0.5886
vn 0.1383 -0.0739 -0.9876
vn 0.2719 -0.1457 -0.9512
vn 0.3002 -0.0703 0.9513
vn 0.7872 -0.1843 0.5885
vn 0.7871 -0.1843 -0.5886
vn 0.1526 -0.0359 -0.9876
vn 0.3003 -0.0703 -0.9512
vn 0.3081 0.0098 0.9513
vn 0.8080 0.0257 0.5886
vn 0.8080 0.0257 -0.5887
vn 0.1555 0.0050 -0.9878
vn 0.3083 0.0098 -0.9512
vn 0.2951 0.0892 0.9513
vn 0.7739 0.2340 0.5885
vn 0.7738 0.2340 -0.5886
vn 0.2953 0.0893 -0.9512
vn 0.1500 0.0455 -0.9876
vn 0.2619 0.1626 0.9513
vn 0.6870 0.4263 0.5885
vn 0.6869 0.4263 -0.5886
vn 0.2621 0.1626 -0.9512
vn 0.1333 0.0825 -0.9876
vn 0.2110 0.2248 0.9513
vn 0.5532 0.5896 0.5886
vn 0.5531 0.5895 -0.5886
vn 0.1065 0.1135 -0.9878
vn 0.2111 0.2250 -0.9512
vn 0.1456 0.2718 0.9513
vn 0.3817 0.7126 0.5886
vn 0.3817 0.7127 0.5886
vn 0.3817 0.7126 -0.5886
vn 0.0739 0.1382 -0.9876
vn 0.1457 0.2719 -0.9512
vn 0.0703 0.3002 0.9513
vn 0.1843 0.7872 0.5885
vn 0.1843 0.7871 -0.5886
vn 0.0359 0.1526 -0.9876
vn 0.0703 0.3003 -0.9512
vn -0.0098 0.3083 -0.9512
vn 0.5114 -0.4798 -0.7129
vn 0.6612 -0.2495 -0.7075
vn 0.7009 0.0223 -0.7129
vn 0.6440 0.2911 -0.7075
vn 0.4798 0.5114 -0.7129
vn 0.2495 0.6612 -0.7075
vn -0.0223 0.7009 -0.7129
vn -0.2911 0.6440 -0.7075
vn -0.5114 0.4798 -0.7129
vn -0.6612 0.2495 -0.7075
vn -0.7009 -0.0223 -0.7129
vn -0.6440 -0.2911 -0.7075
vn -0.4798 -0.5114 -0.7129
vn -0.2495 -0.6612 -0.7075
vn 0.0056 -0.1760 -0.9844
vn 0.3035 -0.2847 0.9093
vn 0.3922 -0.1480 0.9079
vn 0.4158 0.0131 0.9093
vn 0.3815 0.1722 0.9082
vn 0.2842 0.3025 0.9098
vn 0.1476 0.3904 0.9088
vn -0.0129 0.4135 0.9104
vn -0.1712 0.3792 0.9093
vn -0.3010 0.2826 0.9108
vn -0.3889 0.1468 0.9095
vn -0.4127 -0.0133 0.9108
vn -0.3792 -0.1716 0.9093
vn -0.2830 -0.3020 0.9103
vn -0.1472 -0.3907 0.9087
vn 0.0135 -0.4150 0.9097
vn 0.1557 0.3288 0.9315
vn -0.0403 0.3503 0.9358
vn -0.0312 0.9798 0.1978
vn -0.4039 0.8935 0.1962
vn 0.9797 0.0312 0.1979
vn 0.9174 -0.3462 0.1963
vn 0.0312 -0.9797 0.1979
vn -0.3462 -0.9174 0.1962
vn 0.8935 0.4039 0.1962
vn -0.9797 -0.0312 0.1978
vn -0.9174 0.3462 0.1963
vn 0.4039 -0.8935 0.1963
vn 0.4039 -0.8935 0.1962
vn -0.8935 -0.4039 0.1962
vn 0.6707 0.7148 0.1979
vn 0.7148 -0.6707 0.1979
vn 0.3462 0.9174 0.1962
vn -0.6707 -0.7148 0.1978
vn 0.9174 -0.3462 0.1964
vn -0.7148 0.6707 0.1978
vn -0.1224 0.3426 0.9315
vn -0.2763 0.2192 0.9358
vn -0.3288 0.1557 0.9315
vn -0.3504 -0.0403 0.9357
vn -0.3426 -0.1224 0.9315
vn -0.2192 -0.2763 0.9357
vn -0.1557 -0.3288 0.9315
vn 0.0403 -0.3504 0.9357
vn 0.1224 -0.3426 0.9315
vn 0.2763 -0.2192 0.9357
vn 0.3288 -0.1557 0.9315
vn 0.3504 0.0403 0.9357
vn 0.3426 0.1224 0.9315
vn 0.2192 0.2763 0.9357
vn 0.0058 -0.1839 -0.9829
vn -0.0489 0.1616 -0.9857
vn -0.0054 0.1687 -0.9857
vn 0.0285 -0.8951 0.4449
vn 0.2911 -0.6440 0.7075
vn 0.3698 -0.8181 0.4403
vn 0.0385 0.1643 -0.9857
vn 0.1980 0.1389 -0.9703
vn 0.0418 0.2382 -0.9703
vn 0.2382 -0.0418 -0.9703
vn 0.1389 -0.1980 -0.9703
vn -0.0418 -0.2382 -0.9703
vn -0.1980 -0.1389 -0.9703
vn -0.2382 0.0418 -0.9703
vn -0.1388 0.1980 -0.9703
vn 0.0748 -0.1654 0.9834
vn 0.0146 -0.4597 0.8880
vn 0.0056 -0.1760 0.9844
vn 0.6938 -0.6510 0.3079
vn 0.3922 -0.8677 0.3054
vn 0.8400 -0.3170 0.4404
vn 0.6531 -0.6128 0.4449
vn 0.3354 -0.3147 0.8880
vn 0.1698 -0.0641 0.9834
vn 0.4356 -0.1644 0.8850
vn 0.9510 0.0303 0.3078
vn 0.8909 -0.3362 0.3055
vn 0.4597 0.0146 0.8880
vn 0.8181 0.3698 0.4404
vn 0.8952 0.0285 0.4448
vn 0.1654 0.0748 0.9834
vn 0.4242 0.1918 0.8850
vn 0.6510 0.6938 0.3078
vn 0.8677 0.3922 0.3055
vn 0.3147 0.3354 0.8880
vn 0.3170 0.8400 0.4403
vn 0.6128 0.6531 0.4449
vn 0.0641 0.1698 0.9834
vn 0.1644 0.4356 0.8850
vn -0.0303 0.9510 0.3078
vn 0.3362 0.8909 0.3055
vn -0.0146 0.4597 0.8880
vn -0.3698 0.8181 0.4404
vn -0.0285 0.8952 0.4448
vn -0.0748 0.1654 0.9834
vn -0.1918 0.4242 0.8850
vn -0.6938 0.6510 0.3079
vn -0.3922 0.8677 0.3055
vn -0.3354 0.3147 0.8880
vn -0.8400 0.3170 0.4404
vn -0.6531 0.6128 0.4449
vn -0.1698 0.0641 0.9834
vn -0.4356 0.1644 0.8850
vn -0.9509 -0.0303 0.3079
vn -0.8909 0.3362 0.3055
vn -0.4597 -0.0146 0.8880
vn -0.8181 -0.3698 0.4403
vn -0.8951 -0.0285 0.4449
vn -0.1654 -0.0748 0.9834
vn -0.4242 -0.1918 0.8850
vn -0.6510 -0.6938 0.3079
vn -0.8677 -0.3922 0.3054
vn -0.3147 -0.3354 0.8880
vn -0.3170 -0.8400 0.4404
vn -0.6128 -0.6531 0.4449
vn -0.0641 -0.1698 0.9834
vn -0.1644 -0.4356 0.8850
vn -0.0455 0.1500 0.9876
vn -0.0826 0.1333 0.9876
vn 0.0303 -0.9509 0.3079
vn -0.0675 -0.1785 -0.9816
vn 0.0797 0.1488 -0.9857
vn -0.1255 -0.1337 -0.9830
vn 0.1434 0.0890 -0.9857
vn -0.1733 -0.0783 -0.9817
vn 0.1616 0.0488 -0.9857
vn -0.1828 -0.0058 -0.9831
vn 0.1643 -0.0385 -0.9857
vn -0.1777 0.0671 -0.9818
vn 0.1488 -0.0797 -0.9857
vn -0.1334 0.1251 -0.9831
vn 0.0890 -0.1434 -0.9857
vn -0.0784 0.1732 -0.9818
vn 0.0488 -0.1615 -0.9857
vn -0.0059 0.1832 -0.9831
vn -0.0385 -0.1643 -0.9857
vn 0.0673 0.1784 -0.9816
vn -0.0797 -0.1488 -0.9857
vn 0.1258 0.1342 -0.9829
vn -0.1434 -0.0890 -0.9857
vn 0.1743 0.0789 -0.9815
vn -0.1616 -0.0488 -0.9857
vn 0.1843 0.0059 -0.9829
vn -0.1644 0.0385 -0.9857
vn 0.1793 -0.0676 -0.9815
vn -0.1488 0.0797 -0.9857
vn 0.1345 -0.1262 -0.9828
vn -0.0890 0.1434 -0.9857
vn 0.0788 -0.1744 -0.9815
vn -0.2340 0.7738 0.5886
vn -0.0257 0.8080 0.5886
vn -0.0893 0.2953 0.9512
vn -0.0050 0.1555 0.9878
vn -0.0098 0.3083 0.9512
vn -0.4263 0.6868 0.5887
vn -0.1627 0.2621 0.9512
vn -0.2249 0.2111 -0.9512
vn -0.1231 0.1155 -0.9857
vn -0.5895 0.5531 -0.5887
vn -0.5895 0.5531 0.5887
vn -0.5895 0.5531 0.5886
vn -0.2249 0.2111 0.9512
vn -0.7126 0.3817 0.5886
vn -0.2719 0.1456 0.9512
vn -0.1135 0.1065 0.9878
vn -0.7871 0.1843 0.5887
vn -0.1526 0.0359 0.9876
vn -0.3004 0.0703 0.9512
vn -0.1687 -0.0054 -0.9857
vn -0.8080 -0.0257 0.5887
vn -0.1555 -0.0049 0.9878
vn -0.3083 -0.0098 0.9512
vn -0.7738 -0.2340 0.5886
vn -0.1500 -0.0455 0.9876
vn -0.2953 -0.0893 0.9512
vn -0.6869 -0.4263 0.5886
vn -0.1333 -0.0826 0.9876
vn -0.2621 -0.1627 0.9512
vn -0.1155 -0.1231 -0.9857
vn -0.5531 -0.5895 0.5887
vn -0.1065 -0.1135 0.9878
vn -0.2111 -0.2249 0.9512
vn -0.1456 -0.2718 -0.9513
vn -0.3817 -0.7126 0.5886
vn -0.1457 -0.2719 0.9512
vn -0.0703 -0.3003 -0.9513
vn -0.1843 -0.7871 0.5886
vn -0.0703 -0.3003 0.9512
vn -0.0739 -0.1383 0.9876
vn 0.0098 -0.3082 -0.9513
vn 0.0054 -0.1687 -0.9857
vn 0.0257 -0.8080 0.5886
vn 0.0098 -0.3083 0.9512
vn -0.0359 -0.1526 0.9876
vn 0.0893 -0.2952 -0.9513
vn 0.2340 -0.7738 0.5887
vn 0.2340 -0.7737 0.5887
vn 0.0893 -0.2953 0.9512
vn 0.0050 -0.1555 0.9878
vn 0.4263 -0.6869 0.5886
vn 0.0826 -0.1333 0.9876
vn 0.1626 -0.2621 0.9512
vn 0.1230 -0.1155 -0.9857
vn 0.1626 -0.2620 -0.9513
vn 0.5895 -0.5532 -0.5886
vn 0.5895 -0.5531 0.5886
vn 0.1134 -0.1065 0.9878
vn 0.2249 -0.2111 0.9512
vn 0.2249 -0.2110 -0.9513
vn 0.7126 -0.3817 0.5886
vn 0.1383 -0.0739 0.9876
vn 0.2719 -0.1457 0.9512
vn 0.7871 -0.1843 0.5886
vn 0.1526 -0.0359 0.9876
vn 0.3003 -0.0703 0.9512
vn 0.1687 0.0054 -0.9857
vn 0.8080 0.0257 0.5887
vn 0.1555 0.0050 0.9878
vn 0.3083 0.0098 0.9512
vn 0.2952 0.0893 -0.9512
vn 0.7738 0.2340 0.5886
vn 0.2952 0.0893 0.9512
vn 0.6869 0.4263 0.5886
vn 0.2621 0.1626 0.9512
vn 0.1500 0.0455 0.9876
vn 0.1155 0.1231 -0.9857
vn 0.5531 0.5895 -0.5887
vn 0.5531 0.5895 0.5886
vn 0.1065 0.1135 0.9878
vn 0.2111 0.2250 0.9512
vn 0.0739 0.1382 0.9876
vn 0.1456 0.2719 0.9512
vn 0.1456 0.2719 -0.9512
vn 0.1843 0.7871 0.5886
vn 0.0359 0.1526 0.9876
vn 0.0703 0.3003 0.9512
vn 0.0223 -0.7009 0.7129
vn 0.1918 -0.4242 0.8850
vn 0.5114 -0.4798 0.7129
vn 0.6612 -0.2495 0.7075
vn 0.7009 0.0223 0.7129
vn 0.6440 0.2911 0.7075
vn 0.4798 0.5114 0.7129
vn 0.2495 0.6612 0.7075
vn -0.0223 0.7009 0.7129
vn -0.2911 0.6440 0.7075
vn -0.5114 0.4798 0.7129
vn -0.6612 0.2495 0.7075
vn -0.7009 -0.0223 0.7129
vn -0.6440 -0.2911 0.7075
vn -0.4798 -0.5114 0.7129
vn -0.2495 -0.6612 0.7075
vn -0.3362 -0.8909 0.3055
vn -0.1205 -0.1284 0.9844
vn 0.1333 0.0826 0.9876
vn -0.1760 -0.0056 0.9844
vn -0.1284 0.1205 0.9844
vn 0.0455 -0.1500 0.9876
vn -0.0056 0.1760 0.9844
vn 0.1205 0.1284 0.9844
vn 0.1760 0.0056 0.9844
vn -0.1382 0.0739 0.9876
vn 0.1284 -0.1205 0.9844
vn 0.3035 -0.2847 -0.9093
vn 0.1726 -0.3815 -0.9081
vn 0.3922 -0.1480 -0.9079
vn 0.4159 0.0131 -0.9093
vn 0.3815 0.1723 -0.9082
vn 0.2842 0.3025 -0.9098
vn 0.1476 0.3904 -0.9088
vn -0.0129 0.4135 -0.9104
vn -0.1712 0.3793 -0.9093
vn -0.3010 0.2826 -0.9108
vn -0.3889 0.1468 -0.9095
vn -0.4127 -0.0133 -0.9108
vn -0.3792 -0.1716 -0.9092
vn -0.2830 -0.3020 -0.9103
vn -0.1472 -0.3907 -0.9087
vn 0.0135 -0.4150 -0.9097
vn -0.0403 0.3504 -0.9357
vn 0.1557 0.3288 -0.9315
vn -0.4039 0.8935 -0.1962
vn -0.0312 0.9798 -0.1978
vn 0.9797 0.0312 -0.1979
vn 0.9174 -0.3462 -0.1963
vn 0.9174 -0.3462 -0.1964
vn 0.0312 -0.9797 -0.1979
vn -0.3462 -0.9174 -0.1962
vn 0.8935 0.4039 -0.1962
vn -0.9797 -0.0312 -0.1978
vn -0.9174 0.3462 -0.1963
vn 0.4039 -0.8935 -0.1963
vn 0.4039 -0.8935 -0.1962
vn -0.8935 -0.4039 -0.1962
vn 0.6707 0.7148 -0.1979
vn 0.7148 -0.6707 -0.1979
vn 0.3462 0.9174 -0.1962
vn -0.6707 -0.7148 -0.1978
vn -0.7148 0.6707 -0.1978
vn -0.1224 0.3426 -0.9315
vn -0.2763 0.2192 -0.9357
vn -0.3288 0.1557 -0.9315
vn -0.3504 -0.0403 -0.9357
vn -0.3427 -0.1224 -0.9315
vn -0.2193 -0.2763 -0.9357
vn -0.1557 -0.3288 -0.9315
vn 0.0403 -0.3504 -0.9357
vn 0.1224 -0.3426 -0.9315
vn 0.2763 -0.2193 -0.9357
vn 0.3288 -0.1557 -0.9315
vn 0.3505 0.0403 -0.9357
vn 0.3426 0.1224 -0.9315
vn 0.2193 0.2763 -0.9357
vn -0.9234 -0.0247 0.3832
vn -0.7074 -0.0186 0.7066
vn -0.7062 -0.0186 0.7078
vn -0.3815 -0.0098 0.9243
vn -0.0013 0.0005 1.0000
vn 0.0011 0.0005 1.0000
vn 0.3835 0.0108 0.9235
vn 0.7062 0.0194 0.7078
vn 0.7074 0.0194 0.7065
vn 0.3835 0.0098 -0.9235
vn 0.7061 0.0186 -0.7078
vn 0.3814 0.0098 -0.9243
vn 0.9237 0.0251 0.3824
vn 0.9996 0.0269 -0.0000
vn -0.9234 -0.0250 -0.3831
vn -0.7074 -0.0192 -0.7066
vn -0.9237 -0.0250 -0.3823
vn 0.7074 0.0186 -0.7066
vn 0.9233 0.0247 -0.3832
vn -0.3815 -0.0107 -0.9243
vn -0.0013 -0.0004 -1.0000
vn -0.3836 -0.0107 -0.9235
vn 0.3814 0.0108 0.9244
vn -0.8630 0.0844 -0.4980
vn -0.8645 0.0904 -0.4945
vn -0.8658 0.0965 -0.4910
vn -0.0354 0.9994 -0.0008
vn -0.0327 0.9995 -0.0047
vn -0.0343 0.9994 -0.0064
vn 0.9237 0.0247 -0.3823
vn -0.9237 -0.0247 0.3822
vn -0.9996 -0.0269 -0.0000
vn 0.0012 -0.0004 -1.0000
vn -0.3836 -0.0098 0.9235
vn 0.9233 0.0251 0.3832
vn 0.3826 -0.0089 0.9239
vn 0.7068 0.0080 0.7074
vn 0.7069 0.0080 0.7073
vn -0.3822 0.0081 -0.9241
vn -0.7061 -0.0088 -0.7080
vn -0.3822 0.0080 -0.9241
vn 0.0001 0.0238 -0.9997
vn 0.0002 0.0238 -0.9997
vn 0.3822 0.0357 -0.9234
vn 0.3824 0.0357 -0.9233
vn 0.7062 0.0421 -0.7068
vn 0.7068 0.0422 -0.7062
vn 0.9233 0.0422 -0.3818
vn 0.9233 0.0422 -0.3817
vn -0.9235 -0.0247 -0.3829
vn -0.9993 -0.0367 -0.0002
vn -0.9234 -0.0247 -0.3830
vn 0.9994 0.0357 0.0014
vn 0.9994 0.0355 0.0010
vn 0.9232 0.0236 0.3836
vn 0.0377 -0.9990 -0.0241
vn 0.0377 -0.9990 -0.0242
vn 0.0378 -0.9990 -0.0241
vn 0.0378 -0.9990 -0.0240
vn 0.0378 -0.9990 -0.0242
vn -0.9233 -0.0430 0.3816
vn -0.9233 -0.0431 0.3817
vn -0.7064 -0.0089 -0.7077
vn -0.7067 -0.0431 0.7062
vn -0.7066 -0.0431 0.7063
vn -0.3824 -0.0365 0.9233
vn -0.3822 -0.0365 0.9234
vn -0.0002 -0.0245 0.9997
vn 0.0001 -0.0246 0.9997
vn 0.3823 -0.0089 0.9240
vn 0.0376 -0.9990 -0.0241
vn 0.0376 -0.9990 -0.0242
vn 0.0377 -0.9990 -0.0240
vn 0.0258 -0.9991 -0.0340
vn 0.0327 -0.9989 -0.0326
vn 0.0266 -0.9990 -0.0354
vn -0.9996 -0.0280 -0.0002
vn -0.9238 -0.0166 -0.3826
vn -0.9996 -0.0281 -0.0002
vn 0.9233 0.0165 0.3838
vn 0.7074 0.0031 0.7068
vn 0.7065 0.0029 0.7077
vn 0.0194 -0.9997 -0.0175
vn 0.0164 -0.9996 -0.0242
vn 0.0193 -0.9997 -0.0164
vn -0.7063 -0.0028 -0.7080
vn -0.3832 0.0116 -0.9236
vn -0.7071 -0.0030 -0.7071
vn 0.0342 -0.9991 -0.0244
vn 0.0325 -0.9993 -0.0191
vn 0.0329 -0.9993 -0.0164
vn 0.0260 -0.9991 -0.0330
vn 0.0327 -0.9989 -0.0325
vn 0.0256 -0.9991 -0.0350
vn -0.7073 -0.0373 0.7060
vn -0.9234 -0.0353 0.3822
vn -0.9237 -0.0354 0.3814
vn 0.0323 -0.9990 -0.0298
vn -0.9235 -0.0165 -0.3833
vn 0.9996 0.0281 0.0010
vn 0.9235 0.0166 0.3832
vn 0.3833 -0.0112 0.9236
vn 0.3816 -0.0116 0.9242
vn 0.0188 -0.9994 -0.0306
vn 0.0191 -0.9993 -0.0310
vn 0.0190 -0.9993 -0.0320
vn 0.0192 -0.9997 -0.0179
vn 0.0159 -0.9996 -0.0241
vn 0.9236 0.0355 -0.3816
vn 0.9233 0.0354 -0.3824
vn 0.7062 0.0369 -0.7071
vn 0.3834 0.0334 -0.9230
vn 0.7073 0.0372 -0.7060
vn -0.3833 -0.0335 0.9230
vn -0.7063 -0.0371 0.7070
vn 0.0361 -0.9990 -0.0258
vn 0.0264 -0.9995 -0.0158
vn 0.0259 -0.9996 -0.0137
vn 0.0262 -0.9995 -0.0147
vn 0.0271 -0.9995 -0.0134
vn 0.0345 -0.9991 -0.0233
vn 0.0317 -0.9993 -0.0183
vn -0.0012 -0.0246 0.9997
vn -0.3816 -0.0332 0.9237
vn 0.0011 0.0245 -0.9997
vn 0.3816 0.0331 -0.9237
vn -0.0008 0.0242 -0.9997
vn -0.3814 0.0119 -0.9243
vn 0.0009 -0.0241 0.9997
vn -0.7062 -0.0192 -0.7078
vn -0.0355 0.9994 -0.0005
vn -0.0376 0.9993 -0.0006
vn -0.0369 0.9993 -0.0006
vn -0.0343 0.9994 0.0050
vn -0.0352 0.9994 0.0068
vn -0.0328 0.9995 0.0035
vn -0.0324 0.9995 -0.0050
vn -0.0341 0.9994 -0.0067
vn -0.0061 0.1484 -0.9889
vn -0.0355 0.9994 -0.0004
vn -0.0344 0.9994 0.0049
vn -0.0354 0.9994 0.0066
vn -0.0329 0.9995 0.0033
vn -0.0394 0.9992 -0.0007
vn -0.0351 0.9993 -0.0085
vn 0.8540 0.1671 -0.4927
vn 0.8534 0.1628 -0.4952
vn 0.8546 0.1714 -0.4901
vn 0.8534 0.1635 0.4950
vn 0.8540 0.1678 0.4925
vn 0.8546 0.1721 0.4899
vn -0.0391 0.9992 -0.0006
vn -0.0384 0.9993 -0.0012
vn -0.0377 0.9993 -0.0006
vn -0.0061 0.1499 0.9887
vn -0.0062 0.1499 0.9887
vn -0.0353 0.9993 -0.0081
vn -0.8645 0.0912 0.4944
vn -0.8630 0.0852 0.4979
vn -0.8658 0.0972 0.4908
vn -0.0384 0.9993 -0.0000
vn -0.9233 -0.0244 0.3832
vn -0.7074 -0.0185 0.7065
vn -0.3815 -0.0099 0.9243
vn 0.3835 0.0106 0.9235
vn 0.7062 0.0193 0.7078
vn 0.7074 0.0192 0.7066
vn 0.7062 0.0186 -0.7078
vn 0.3814 0.0099 -0.9244
vn 0.9237 0.0248 0.3824
vn 0.9996 0.0268 -0.0000
vn -0.9233 -0.0249 -0.3832
vn -0.7074 -0.0193 -0.7065
vn -0.9237 -0.0248 -0.3823
vn 0.7074 0.0185 -0.7066
vn 0.9233 0.0245 -0.3832
vn -0.0013 -0.0003 -1.0000
vn -0.3836 -0.0107 -0.9234
vn 0.3814 0.0107 0.9243
vn -0.8630 0.0843 -0.4981
vn -0.0325 0.9995 -0.0049
vn -0.0341 0.9994 -0.0065
vn 0.9237 0.0245 -0.3823
vn -0.9237 -0.0245 0.3823
vn -0.9996 -0.0268 -0.0000
vn 0.0012 -0.0003 -1.0000
vn -0.3836 -0.0098 0.9234
vn 0.9233 0.0248 0.3832
vn 0.3825 -0.0056 0.9239
vn 0.7067 0.0105 0.7074
vn 0.7069 0.0105 0.7072
vn -0.3822 0.0048 -0.9241
vn -0.7062 -0.0114 -0.7080
vn -0.3822 0.0047 -0.9241
vn 0.0001 0.0202 -0.9998
vn 0.0003 0.0202 -0.9998
vn 0.3823 0.0324 -0.9235
vn 0.3824 0.0324 -0.9234
vn 0.7062 0.0395 -0.7069
vn 0.7067 0.0397 -0.7064
vn 0.9233 0.0408 -0.3820
vn 0.9233 0.0408 -0.3818
vn -0.9234 -0.0261 -0.3828
vn -0.9993 -0.0367 -0.0001
vn -0.9234 -0.0261 -0.3830
vn 0.9994 0.0357 0.0013
vn 0.9994 0.0355 0.0009
vn 0.9232 0.0249 0.3836
vn 0.0377 -0.9991 -0.0205
vn 0.0377 -0.9991 -0.0206
vn 0.0378 -0.9991 -0.0206
vn 0.0378 -0.9991 -0.0205
vn -0.9233 -0.0417 0.3818
vn -0.9233 -0.0417 0.3819
vn -0.7064 -0.0114 -0.7077
vn -0.7067 -0.0406 0.7063
vn -0.7065 -0.0406 0.7065
vn -0.3825 -0.0332 0.9234
vn -0.3822 -0.0332 0.9235
vn -0.0001 -0.0209 0.9998
vn 0.0001 -0.0210 0.9998
vn 0.3824 -0.0056 0.9240
vn 0.9232 0.0250 0.3835
vn 0.0376 -0.9991 -0.0206
vn 0.0376 -0.9991 -0.0205
vn 0.0258 -0.9992 -0.0304
vn 0.0327 -0.9990 -0.0291
vn 0.0267 -0.9991 -0.0317
vn -0.9996 -0.0280 -0.0001
vn -0.9238 -0.0179 -0.3826
vn -0.9996 -0.0281 -0.0001
vn 0.9232 0.0178 0.3838
vn 0.7074 0.0055 0.7068
vn 0.7065 0.0054 0.7077
vn 0.0193 -0.9997 -0.0138
vn 0.0165 -0.9997 -0.0206
vn 0.0191 -0.9997 -0.0129
vn -0.7062 -0.0054 -0.7080
vn -0.3832 0.0081 -0.9236
vn -0.7071 -0.0056 -0.7071
vn 0.0342 -0.9992 -0.0209
vn 0.0325 -0.9994 -0.0154
vn 0.0329 -0.9994 -0.0127
vn 0.0260 -0.9992 -0.0294
vn 0.0327 -0.9990 -0.0289
vn 0.0256 -0.9992 -0.0314
vn -0.7073 -0.0347 0.7061
vn -0.9234 -0.0339 0.3823
vn -0.9237 -0.0340 0.3816
vn 0.0322 -0.9991 -0.0264
vn -0.9235 -0.0178 -0.3832
vn 0.9996 0.0280 0.0008
vn 0.9235 0.0179 0.3831
vn 0.3833 -0.0080 0.9236
vn 0.3817 -0.0083 0.9243
vn 0.0189 -0.9995 -0.0270
vn 0.0192 -0.9994 -0.0274
vn 0.0190 -0.9994 -0.0283
vn 0.0191 -0.9997 -0.0143
vn 0.0164 -0.9997 -0.0206
vn 0.0160 -0.9997 -0.0206
vn 0.9236 0.0339 -0.3818
vn 0.9233 0.0338 -0.3825
vn 0.7062 0.0343 -0.7072
vn 0.3834 0.0300 -0.9231
vn 0.7073 0.0345 -0.7061
vn -0.3833 -0.0302 0.9231
vn -0.7063 -0.0345 0.7071
vn 0.0323 -0.9991 -0.0263
vn 0.0361 -0.9991 -0.0222
vn 0.0263 -0.9996 -0.0121
vn 0.0258 -0.9996 -0.0100
vn 0.0263 -0.9996 -0.0112
vn 0.0272 -0.9996 -0.0098
vn 0.0345 -0.9992 -0.0197
vn 0.0317 -0.9994 -0.0146
vn -0.0012 -0.0208 0.9998
vn -0.3816 -0.0299 0.9238
vn 0.0011 0.0209 -0.9998
vn 0.3816 0.0297 -0.9239
vn -0.0008 0.0206 -0.9998
vn -0.3814 0.0085 -0.9244
vn 0.0009 -0.0204 0.9998
vn -0.7062 -0.0193 -0.7077
vn -0.0356 0.9994 -0.0005
vn -0.0342 0.9994 0.0051
vn -0.0353 0.9994 0.0068
vn -0.0327 0.9995 0.0036
vn 0.8540 0.1678 0.4924
vn 0.8546 0.1722 0.4899
vn -0.0384 0.9993 -0.0011
vn -0.0062 0.1500 0.9887
vn -0.0352 0.9993 -0.0083
vn -0.8630 0.0851 0.4979
vn -0.0384 0.9993 -0.0001
vn -0.0013 0.0004 1.0000
vn 0.0012 0.0004 1.0000
vn 0.7062 0.0192 0.7078
vn 0.3835 0.0099 -0.9235
vn 0.3814 0.0100 -0.9244
vn 0.9237 0.0249 0.3823
vn -0.9233 -0.0248 -0.3832
vn -0.7075 -0.0193 -0.7065
vn -0.9237 -0.0248 -0.3824
vn 0.9233 0.0246 -0.3832
vn -0.3815 -0.0106 -0.9243
vn -0.3836 -0.0106 -0.9234
vn -0.8631 0.0844 -0.4980
vn 0.9237 0.0246 -0.3823
vn -0.9237 -0.0247 0.3823
vn 0.9233 0.0249 0.3832
vn 0.3826 0.0404 0.9230
vn 0.7068 0.0458 0.7059
vn 0.7069 0.0457 0.7059
vn -0.3822 -0.0412 -0.9232
vn -0.7061 -0.0466 -0.7065
vn -0.3822 -0.0413 -0.9232
vn 0.0001 -0.0296 -0.9996
vn 0.0003 -0.0296 -0.9996
vn 0.3822 -0.0136 -0.9240
vn 0.3824 -0.0136 -0.9239
vn 0.7062 0.0043 -0.7080
vn 0.7068 0.0044 -0.7074
vn 0.9233 0.0218 -0.3835
vn 0.9233 0.0218 -0.3834
vn -0.9235 -0.0451 -0.3810
vn -0.9993 -0.0367 0.0018
vn -0.9234 -0.0451 -0.3811
vn 0.9994 0.0357 -0.0005
vn 0.9994 0.0355 -0.0010
vn 0.9232 0.0440 0.3819
vn 0.0377 -0.9989 0.0292
vn 0.0378 -0.9989 0.0293
vn 0.0377 -0.9989 0.0294
vn 0.0378 -0.9989 0.0292
vn 0.0377 -0.9989 0.0293
vn -0.9233 -0.0226 0.3833
vn -0.9233 -0.0227 0.3834
vn -0.7064 -0.0467 -0.7062
vn -0.7068 -0.0053 0.7074
vn -0.7066 -0.0053 0.7076
vn -0.3824 0.0128 0.9239
vn -0.3822 0.0128 0.9240
vn -0.0002 0.0289 0.9996
vn 0.0001 0.0289 0.9996
vn 0.3824 0.0405 0.9231
vn 0.9232 0.0441 0.3818
vn 0.0377 -0.9989 0.0291
vn 0.0376 -0.9989 0.0293
vn 0.0259 -0.9995 0.0195
vn 0.0327 -0.9992 0.0209
vn 0.0268 -0.9995 0.0182
vn -0.9996 -0.0281 0.0013
vn -0.9238 -0.0370 -0.3812
vn 0.9233 0.0370 0.3824
vn 0.7074 0.0408 0.7056
vn 0.7065 0.0407 0.7065
vn 0.0195 -0.9992 0.0359
vn 0.0166 -0.9994 0.0292
vn 0.0193 -0.9991 0.0369
vn -0.7062 -0.0406 -0.7068
vn -0.3831 -0.0378 -0.9229
vn -0.7071 -0.0407 -0.7059
vn 0.0342 -0.9990 0.0289
vn 0.0325 -0.9989 0.0343
vn 0.0329 -0.9988 0.0370
vn 0.0259 -0.9995 0.0203
vn 0.0327 -0.9993 0.0207
vn 0.0255 -0.9995 0.0183
vn -0.7073 0.0006 0.7069
vn -0.9234 -0.0149 0.3835
vn -0.9237 -0.0150 0.3828
vn 0.0323 -0.9992 0.0236
vn -0.9235 -0.0370 -0.3818
vn 0.9996 0.0281 -0.0005
vn 0.9235 0.0370 0.3817
vn 0.3833 0.0379 0.9229
vn 0.3816 0.0376 0.9236
vn 0.0190 -0.9996 0.0229
vn 0.0191 -0.9996 0.0224
vn 0.0189 -0.9996 0.0215
vn 0.0192 -0.9992 0.0355
vn 0.0161 -0.9994 0.0292
vn 0.9236 0.0150 -0.3830
vn 0.9233 0.0148 -0.3837
vn 0.7062 -0.0010 -0.7080
vn 0.3833 -0.0162 -0.9235
vn 0.7073 -0.0006 -0.7069
vn -0.3833 0.0160 0.9235
vn -0.7063 0.0008 0.7079
vn 0.0322 -0.9992 0.0234
vn 0.0360 -0.9990 0.0278
vn 0.0264 -0.9989 0.0376
vn 0.0259 -0.9989 0.0397
vn 0.0262 -0.9989 0.0387
vn 0.0270 -0.9988 0.0401
vn 0.0345 -0.9989 0.0303
vn 0.0317 -0.9989 0.0353
vn -0.0012 0.0289 0.9996
vn -0.3816 0.0163 0.9242
vn 0.0010 -0.0290 -0.9996
vn 0.3815 -0.0165 -0.9242
vn -0.0008 -0.0292 -0.9996
vn -0.3814 -0.0374 -0.9237
vn 0.0009 0.0293 0.9996
vn -0.7063 -0.0194 -0.7077
vn 0.8541 0.1671 -0.4926
vn 0.8534 0.1628 -0.4951
vn 0.8547 0.1714 -0.4901
vn 0.8534 0.1636 0.4950
vn -0.8644 0.0912 0.4944
vn -0.9234 -0.0246 0.3831
vn -0.7075 -0.0187 0.7065
vn -0.7062 -0.0187 0.7078
vn 0.7074 0.0193 0.7066
vn 0.7062 0.0187 -0.7078
vn 0.3814 0.0098 -0.9244
vn 0.9996 0.0268 -0.0001
vn -0.9234 -0.0252 -0.3830
vn -0.7075 -0.0194 -0.7065
vn -0.9237 -0.0251 -0.3822
vn 0.7074 0.0187 -0.7065
vn -0.3815 -0.0108 -0.9243
vn -0.3836 -0.0108 -0.9234
vn 0.3814 0.0106 0.9244
vn -0.9237 -0.0246 0.3822
vn -0.9996 -0.0267 -0.0000
vn -0.3836 -0.0099 0.9234
vn 0.9234 0.0249 0.3831
vn 0.3825 0.0564 0.9222
vn 0.7068 0.0580 0.7051
vn 0.7068 0.0579 0.7050
vn -0.3822 -0.0572 -0.9223
vn -0.7061 -0.0589 -0.7057
vn -0.3821 -0.0573 -0.9223
vn 0.0001 -0.0469 -0.9989
vn 0.0002 -0.0469 -0.9989
vn 0.3823 -0.0296 -0.9236
vn 0.3824 -0.0297 -0.9235
vn 0.7062 -0.0080 -0.7080
vn 0.7068 -0.0078 -0.7074
vn 0.9233 0.0151 -0.3838
vn 0.9234 0.0151 -0.3837
vn -0.9235 -0.0517 -0.3802
vn -0.9993 -0.0366 0.0024
vn -0.9234 -0.0517 -0.3803
vn 0.9994 0.0357 -0.0011
vn 0.9994 0.0355 -0.0016
vn 0.9232 0.0506 0.3810
vn 0.0377 -0.9982 0.0465
vn 0.0377 -0.9982 0.0466
vn 0.0378 -0.9982 0.0465
vn 0.0376 -0.9982 0.0466
vn -0.9233 -0.0160 0.3837
vn -0.7065 -0.0589 -0.7053
vn -0.7068 0.0069 0.7074
vn -0.7066 0.0069 0.7076
vn -0.3824 0.0288 0.9235
vn -0.3822 0.0288 0.9236
vn -0.0001 0.0462 0.9989
vn 0.0002 0.0461 0.9989
vn 0.3824 0.0564 0.9223
vn 0.9232 0.0507 0.3810
vn 0.0377 -0.9982 0.0464
vn 0.0259 -0.9990 0.0367
vn 0.0327 -0.9987 0.0382
vn 0.0267 -0.9990 0.0353
vn -0.9996 -0.0280 0.0018
vn -0.9238 -0.0436 -0.3804
vn -0.9996 -0.0281 0.0018
vn 0.9233 0.0436 0.3817
vn 0.7074 0.0530 0.7048
vn 0.7065 0.0529 0.7057
vn 0.0193 -0.9984 0.0533
vn 0.0165 -0.9988 0.0465
vn 0.0192 -0.9983 0.0543
vn -0.7062 -0.0528 -0.7060
vn -0.3831 -0.0538 -0.9221
vn -0.7071 -0.0529 -0.7051
vn 0.0342 -0.9983 0.0461
vn 0.0325 -0.9981 0.0516
vn 0.0330 -0.9980 0.0543
vn 0.0260 -0.9990 0.0377
vn 0.0255 -0.9990 0.0356
vn -0.7073 0.0127 0.7068
vn -0.9234 -0.0083 0.3837
vn -0.9237 -0.0084 0.3830
vn 0.0323 -0.9986 0.0409
vn -0.9235 -0.0436 -0.3811
vn 0.9996 0.0281 -0.0010
vn 0.9235 0.0436 0.3810
vn 0.3833 0.0540 0.9221
vn 0.3816 0.0537 0.9228
vn 0.0190 -0.9990 0.0402
vn 0.0191 -0.9990 0.0397
vn 0.0189 -0.9991 0.0387
vn 0.0191 -0.9984 0.0528
vn 0.0160 -0.9988 0.0465
vn 0.9236 0.0083 -0.3832
vn 0.9233 0.0081 -0.3839
vn 0.7062 -0.0132 -0.7079
vn 0.3833 -0.0321 -0.9230
vn 0.7073 -0.0129 -0.7068
vn -0.3833 0.0319 0.9231
vn -0.7063 0.0130 0.7078
vn 0.0360 -0.9983 0.0451
vn 0.0263 -0.9981 0.0549
vn 0.0258 -0.9980 0.0570
vn 0.0262 -0.9981 0.0560
vn 0.0271 -0.9980 0.0574
vn 0.0345 -0.9983 0.0475
vn 0.0317 -0.9981 0.0525
vn -0.0012 0.0462 0.9989
vn -0.3816 0.0323 0.9238
vn 0.0011 -0.0463 -0.9989
vn 0.3815 -0.0324 -0.9238
vn -0.0008 -0.0466 -0.9989
vn -0.3814 -0.0535 -0.9228
vn 0.0010 0.0467 0.9989
vn -0.7062 -0.0194 -0.7077
vn 0.8540 0.1670 -0.4927
vn 0.8534 0.1627 -0.4952
vn 0.9999 -0.0098 0.0023
vn -0.9210 0.1929 0.3384
vn -0.6748 -0.7380 -0.0000
vn 0.2814 -0.0091 -0.9595
vn -0.3748 0.0518 -0.9256
vn -0.9889 0.0312 -0.1452
vn -0.9210 0.1929 -0.3384
vn 0.0261 0.9179 -0.3959
vn 0.9999 -0.0098 -0.0023
vn 0.2815 -0.0091 0.9595
vn 0.6784 0.7346 -0.0001
vn 0.6784 0.7346 0.0001
vn 0.6749 0.7379 -0.0006
vn 0.6748 0.7380 0.0006
vn 0.6752 0.7376 0.0008
vn 0.6752 0.7376 -0.0008
vn 0.6750 0.7378 -0.0007
vn -0.6761 -0.7368 -0.0000
vn -0.6760 -0.7369 -0.0000
vn 0.0037 0.0093 1.0000
vn -0.9999 -0.0098 0.0022
vn 0.9210 0.1929 0.3384
vn 0.6748 -0.7380 -0.0000
vn 0.9889 0.0311 0.1452
vn -0.0261 0.9179 0.3959
vn 0.3749 0.0518 0.9256
vn 0.9210 0.1929 -0.3384
vn -0.9999 -0.0098 -0.0022
vn -0.6749 0.7379 -0.0007
vn -0.6750 0.7379 -0.0007
vn -0.6753 0.7375 -0.0008
vn -0.6753 0.7375 0.0008
vn -0.6750 0.7379 0.0007
vn -0.6749 0.7379 0.0007
vn 0.6764 -0.7366 -0.0001
vn 0.6764 -0.7366 0.0001
vn 0.6760 -0.7369 -0.0000
vn -0.0037 0.0093 -0.9999
vn 0.0316 0.9995 -0.0002
vn 0.0321 0.9995 0.0002
vn 0.0321 0.9995 -0.0002
vn 0.0316 0.9995 0.0002
vn 0.0319 0.9995 -0.0002
vn -0.0317 0.9995 0.0001
vn -0.0317 0.9995 -0.0001
vn 0.6152 -0.7791 -0.1202
vn 0.1888 0.9764 -0.1052
vn 0.3794 0.4097 -0.8296
vn 0.9314 -0.3466 -0.1114
vn -0.7341 0.6791 -0.0018
vn 0.0725 0.2225 0.9722
vn 0.9567 0.2899 0.0265
vn 0.7341 -0.6791 0.0018
vn -0.6559 -0.7092 0.2586
vn 0.0682 -0.9893 -0.1293
vn -0.1999 -0.0780 0.9767
vn -0.3461 0.6279 -0.6971
vn 0.9737 0.2020 -0.1059
vn 0.9730 -0.2309 -0.0000
vn 0.2180 0.0844 0.9723
vn -0.0707 -0.2435 -0.9673
vn 0.4460 0.5056 0.7385
vn 0.9737 0.2020 0.1059
vn -0.4799 -0.5190 -0.7074
vn 0.7341 -0.6791 -0.0018
vn -0.1999 -0.0780 -0.9767
vn 0.4460 0.5056 -0.7385
vn 0.0725 0.2226 -0.9722
vn 0.3365 0.3645 0.8683
vn -0.7341 0.6791 0.0018
vn -0.9737 0.1879 -0.1285
vn 0.7333 -0.6799 -0.0002
vn 0.6974 -0.3956 0.5975
vn 0.7341 0.6791 -0.0018
vn -0.0725 0.2225 0.9722
vn 0.4799 -0.5189 0.7074
vn -0.7341 -0.6791 0.0017
vn 0.6559 -0.7091 0.2589
vn 0.1999 -0.0780 0.9767
vn 0.0707 -0.2435 0.9673
vn -0.9737 0.2020 -0.1059
vn -0.9730 -0.2309 -0.0000
vn -0.6153 -0.7791 0.1202
vn 0.9737 0.1879 0.1285
vn -0.4461 0.5056 0.7385
vn -0.9737 0.2020 0.1059
vn -0.0682 -0.9893 0.1292
vn -0.7333 -0.6799 0.0002
vn -0.7341 -0.6791 -0.0017
vn 0.3460 0.6279 0.6971
vn 0.1999 -0.0780 -0.9767
vn -0.4460 0.5056 -0.7385
vn -0.0725 0.2225 -0.9722
vn -0.6355 0.6877 0.3510
vn -0.2180 0.0843 -0.9723
vn -0.3365 0.3645 -0.8683
vn -0.9567 0.2900 -0.0264
vn -0.3794 0.4097 0.8296
vn -0.9314 -0.3466 0.1114
vn 0.7341 0.6791 0.0018
vn -0.6355 0.6877 -0.3510
vn -0.1887 0.9764 0.1052
vn -0.7334 -0.6798 0.0002
vn -0.6974 -0.3956 -0.5976
vn 0.1756 0.1901 0.9659
vn 0.8396 0.5432 -0.0000
vn -0.1465 -0.5241 0.8390
vn -0.1465 -0.5241 -0.8389
vn 0.2014 -0.7135 0.6711
vn 0.2719 0.1456 0.9512
vn 0.2621 -0.1627 0.9512
vn -0.0098 -0.3083 0.9512
vn -0.2719 -0.1457 0.9512
vn -0.2621 0.1626 0.9512
vn -0.9798 0.0312 0.1978
vn -0.0312 -0.9798 0.1978
vn -0.6707 0.7149 0.1978
vn -0.7148 -0.6707 0.1977
vn -0.8909 -0.3362 0.3055
vn -0.8677 0.3922 0.3055
vn -0.3362 0.8909 0.3055
vn 0.3922 0.8677 0.3056
vn 0.8909 0.3362 0.3055
vn 0.8677 -0.3922 0.3055
vn 0.3362 -0.8908 0.3056
vn -0.1726 -0.3815 -0.9081
vn 0.8658 0.0965 -0.4910
vn 0.0376 0.9993 -0.0006
vn -0.8527 0.1580 -0.4979
vn -0.8546 0.1721 0.4899
vn 0.0404 0.9992 0.0025
vn 0.8614 0.0784 0.5018
vn 0.0370 0.9993 -0.0006
vn -0.8527 0.1579 -0.4980
vn 0.0404 0.9992 0.0026
vn 0.8614 0.0785 0.5018
vn -0.8527 0.1579 -0.4979
vn -0.8546 0.1722 0.4899
vn 0.4643 0.4290 -0.7749
vn -0.0089 -0.9219 0.3874
vn 0.7345 0.6786 0.0001
vn 0.7345 0.6786 -0.0001
vn 0.7640 0.2328 -0.6017
vn 0.8908 -0.3362 -0.3055
vn 0.8677 0.3922 -0.3056
vn 0.3362 0.8909 -0.3055
vn -0.3922 0.8677 -0.3056
vn -0.8909 0.3362 -0.3055
vn -0.8677 -0.3922 -0.3054
vn -0.3362 -0.8909 -0.3055
vn 0.1726 -0.3815 0.9081
vn -0.4262 0.6868 0.5887
vn -0.2110 -0.2249 -0.9513
vn -0.8614 0.0777 -0.5019
vn -0.9993 -0.0365 -0.0004
vn 0.0159 -0.9996 -0.0242
vn 0.0334 -0.9991 -0.0244
vn 0.0183 -0.9994 -0.0305
vn 0.0187 -0.9997 -0.0181
vn 0.0309 -0.9994 -0.0184
vn 0.8527 0.1580 -0.4980
vn 0.8527 0.1587 0.4978
vn -0.0404 0.9992 0.0025
vn -0.8614 0.0785 0.5018
vn -0.0404 0.9992 -0.0036
vn -0.8614 0.0776 -0.5019
vn -0.9993 -0.0366 -0.0003
vn 0.0333 -0.9992 -0.0208
vn 0.9996 0.0281 0.0008
vn 0.0183 -0.9995 -0.0269
vn 0.0185 -0.9997 -0.0144
vn 0.0309 -0.9994 -0.0147
vn 0.8527 0.1580 -0.4979
vn -0.8614 0.0784 0.5018
vn -0.0404 0.9992 -0.0037
vn -0.9993 -0.0365 0.0016
vn 0.0162 -0.9994 0.0292
vn 0.0334 -0.9990 0.0289
vn 0.9996 0.0281 -0.0006
vn 0.0184 -0.9996 0.0230
vn 0.0187 -0.9992 0.0354
vn 0.0309 -0.9989 0.0352
vn 0.8527 0.1579 -0.4980
vn 0.8527 0.1588 0.4977
vn -0.9993 -0.0365 0.0022
vn 0.0161 -0.9988 0.0465
vn 0.0334 -0.9984 0.0461
vn 0.9996 0.0282 -0.0010
vn 0.0184 -0.9990 0.0403
vn 0.0185 -0.9984 0.0527
vn 0.0309 -0.9982 0.0523
vn 0.8527 0.1578 -0.4980
vn 0.8526 0.1586 0.4978
s 1
f 85//1 335//2 43//3
f 119//4 82//5 108//6
f 95//7 133//8 129//9
f 123//10 117//11 118//12
f 65//13 71//14 159//15
f 122//16 107//17 69//18
f 146//19 151//20 150//21
f 10//22 74//23 9//24
f 11//25 157//26 138//27
f 26//28 21//29 134//30
f 99//31 148//32 336//33
f 101//34 336//33 102//35
f 336//33 148//32 144//36
f 42//37 335//2 41//38
f 167//39 164//40 163//41
f 89//42 71//14 84//43
f 37//44 105//45 35//46
f 159//15 163//41 164//40
f 128//47 77//48 336//33
f 130//49 119//4 117//11
f 134//30 21//29 20//50
f 97//51 107//17 95//7
f 23//52 12//53 138//27
f 19//54 6//55 124//56
f 92//57 124//56 125//58
f 111//59 66//60 158//61
f 77//48 76//62 336//33
f 12//53 11//25 138//27
f 132//63 26//28 134//30
f 33//64 83//65 74//23
f 26//28 135//66 28//67
f 162//68 149//69 163//41
f 102//35 336//33 139//70
f 136//71 27//72 135//66
f 158//61 23//52 138//27
f 142//73 117//11 150//21
f 5//74 125//58 124//56
f 126//75 134//30 20//50
f 109//76 146//19 119//4
f 29//77 28//67 135//66
f 335//2 160//78 41//38
f 7//79 144//36 4//80
f 150//21 149//69 142//73
f 105//45 84//43 83//65
f 166//81 31//82 36//83
f 40//84 106//85 39//86
f 335//2 57//87 55//88
f 128//47 79//89 78//90
f 16//91 154//92 15//93
f 101//34 125//58 336//33
f 33//64 74//23 10//22
f 16//91 152//94 154//92
f 131//95 133//8 136//71
f 9//24 81//96 1//97
f 135//66 27//72 29//77
f 72//98 138//27 157//26
f 89//42 129//9 123//10
f 63//99 62//100 161//101
f 167//39 31//82 166//81
f 112//102 335//2 61//78
f 53//103 52//104 81//96
f 81//96 52//104 51//105
f 155//106 22//107 17//108
f 120//109 115//110 144//36
f 162//68 71//14 70//111
f 80//112 125//58 3//113
f 154//92 14//114 15//93
f 127//115 131//95 132//63
f 335//2 42//37 43//3
f 37//44 39//86 106//85
f 144//36 114//116 139//70
f 110//117 145//118 146//19
f 30//119 25//120 165//121
f 150//21 119//4 146//19
f 100//122 148//32 99//31
f 141//123 156//124 140//125
f 105//45 34//126 35//46
f 81//96 51//105 60//127
f 119//4 86//128 82//5
f 72//98 157//26 68//129
f 158//61 165//121 24//130
f 159//15 165//121 158//61
f 84//43 95//7 89//42
f 154//92 146//19 145//118
f 56//131 83//65 50//132
f 161//101 58//133 335//2
f 104//134 148//32 103//135
f 85//1 44//136 45//137
f 94//138 98//139 336//33
f 6//55 5//74 124//56
f 8//140 143//141 7//79
f 125//58 128//47 336//33
f 59//142 58//133 161//101
f 145//118 14//114 154//92
f 136//71 122//16 116//143
f 37//44 97//51 105//45
f 148//32 100//122 103//135
f 163//41 153//144 167//39
f 61//78 335//2 60//127
f 152//94 156//124 151//20
f 161//101 62//100 59//142
f 98//139 99//31 336//33
f 36//83 32//145 166//81
f 71//14 47//146 48//147
f 167//39 141//123 113//148
f 104//134 144//36 148//32
f 106//85 40//84 38//149
f 46//150 85//1 45//137
f 158//61 73//151 111//59
f 83//65 34//126 105//45
f 13//152 143//141 8//140
f 54//153 83//65 56//131
f 93//154 126//75 124//56
f 144//36 115//110 114//116
f 44//136 85//1 43//3
f 94//138 336//33 147//35
f 30//119 166//81 32//145
f 136//71 132//63 131//95
f 78//90 77//48 128//47
f 127//115 134//30 126//75
f 120//109 143//141 121//155
f 53//103 74//23 54//153
f 336//33 76//62 75//156
f 71//14 64//157 47//146
f 151//20 153//144 149//69
f 16//91 18//158 155//106
f 58//133 57//87 335//2
f 130//49 129//9 131//95
f 165//121 25//120 24//130
f 66//60 65//13 159//15
f 17//108 156//124 155//106
f 65//13 64//157 71//14
f 123//10 70//111 89//42
f 126//75 19//54 124//56
f 158//61 66//60 159//15
f 13//152 145//118 143//141
f 157//26 112//102 67//159
f 157//26 161//101 335//2
f 109//76 119//4 108//6
f 46//150 81//96 85//1
f 125//58 101//34 90//160
f 125//58 90//160 91//161
f 92//57 125//58 91//161
f 22//107 155//106 18//158
f 80//112 79//89 128//47
f 87//162 86//128 119//4
f 88//163 87//162 127//115
f 96//164 88//163 126//75
f 49//165 71//14 48//147
f 84//43 71//14 49//165
f 109//76 110//117 146//19
f 137//166 145//118 110//117
f 164//40 30//119 165//121
f 83//65 84//43 50//132
f 38//149 107//17 106//85
f 142//73 70//111 118//12
f 157//26 67//159 68//129
f 335//2 85//1 81//96
f 63//99 157//26 2//167
f 145//118 121//155 143//141
f 228//168 225//169 328//170
f 286//171 275//172 249//173
f 262//174 300//175 274//176
f 290//177 284//178 297//179
f 216//180 250//181 217//182
f 274//176 289//183 236//184
f 313//185 318//186 319//187
f 177//188 176//189 241//190
f 178//191 324//192 169//193
f 193//194 301//195 188//196
f 269//197 266//198 265//199
f 269//197 315//200 266//198
f 292//201 268//202 269//197
f 228//168 208//203 327//204
f 331//205 334//206 330//207
f 256//208 238//209 237//210
f 204//211 202//212 272//213
f 326//214 330//207 329//215
f 269//197 244//216 295//217
f 297//179 286//171 294//218
f 301//195 187//219 188//196
f 274//176 264//220 262//174
f 190//221 305//222 179//223
f 186//224 291//225 173//226
f 259//227 291//225 260//228
f 278//229 325//230 233//231
f 269//197 243//232 244//216
f 179//223 305//222 178//191
f 193//194 299//233 301//195
f 250//181 200//234 241//190
f 193//194 195//235 302//236
f 329//215 316//237 309//238
f 311//239 269//197 306//240
f 194//241 303//242 302//236
f 190//221 325//230 305//222
f 309//238 284//178 285//243
f 172//244 292//201 170//245
f 293//246 187//219 301//195
f 294//218 286//171 293//246
f 196//247 302//236 195//235
f 228//168 327//204 222//248
f 174//249 311//239 310//250
f 317//251 316//237 318//186
f 251//252 272//213 250//181
f 333//253 203//254 198//255
f 207//256 206//257 273//258
f 209//259 208//203 228//168
f 295//217 245//260 246//261
f 183//262 182//263 321//264
f 292//201 269//197 295//217
f 200//234 177//188 241//190
f 319//187 183//262 321//264
f 298//265 300//175 296//266
f 176//189 248//267 241//190
f 302//236 196//247 194//241
f 239//268 305//222 240//269
f 256//208 296//266 262//174
f 230//270 328//170 229//271
f 198//255 334//206 333//253
f 248//267 228//168 227//272
f 220//273 248//267 219//274
f 248//267 218//275 219//274
f 322//276 184//277 189//278
f 287//279 311//239 282//280
f 329//215 238//209 326//214
f 247//281 292//201 295//217
f 321//264 182//263 181//282
f 294//218 298//265 297//179
f 228//168 210//283 209//259
f 204//211 273//258 206//257
f 311//239 306//240 281//284
f 313//185 312//285 286//171
f 197//286 332//287 192//288
f 317//251 286//171 284//178
f 267//289 266//198 315//200
f 323//290 308//291 307//292
f 272//213 202//212 201//293
f 248//267 227//272 218//275
f 286//171 249//173 253//294
f 239//268 235//295 324//192
f 325//230 191//296 332//287
f 332//287 326//214 325//230
f 251//252 262//174 264//220
f 313//185 321//264 312//285
f 223//297 217//182 250//181
f 228//168 224//298 225//169
f 271//299 270//300 315//200
f 252//301 212//302 211//303
f 265//199 261//304 269//197
f 173//226 291//225 172//244
f 175//305 174//249 310//250
f 269//197 314//306 242//307
f 226//308 328//170 225//169
f 312//285 321//264 181//282
f 289//183 303//242 283//309
f 264//220 204//211 272//213
f 315//200 270//300 267//289
f 330//207 320//310 316//237
f 248//267 252//301 228//168
f 323//290 319//187 318//186
f 328//170 226//308 229//271
f 243//232 269//197 242//307
f 203//254 333//253 199//311
f 238//209 215//312 214//313
f 308//291 334//206 280//314
f 271//299 311//239 171//315
f 273//258 205//316 207//256
f 213//317 212//302 252//301
f 325//230 240//269 305//222
f 250//181 272//213 201//293
f 180//318 175//305 310//250
f 221//319 250//181 241//190
f 260//228 293//246 263//320
f 311//239 281//284 282//280
f 211//303 210//283 252//301
f 311//239 315//200 269//197
f 197//286 199//311 333//253
f 299//233 303//242 298//265
f 245//260 295//217 244//216
f 301//195 294//218 293//246
f 287//279 310//250 311//239
f 220//273 241//190 248//267
f 269//197 261//304 314//306
f 238//209 214//313 231//321
f 318//186 320//310 323//290
f 183//262 322//276 185//322
f 224//298 228//168 222//248
f 297//179 296//266 290//177
f 332//287 191//296 192//288
f 326//214 238//209 325//230
f 323//290 184//277 322//276
f 232//323 238//209 231//321
f 290//177 237//210 285//243
f 186//224 293//246 291//225
f 325//230 232//323 233//231
f 312//285 180//318 310//250
f 324//192 234//324 279//325
f 324//192 279//325 228//168
f 276//326 275//172 286//171
f 213//317 248//267 168//327
f 292//201 257//328 268//202
f 292//201 258//329 257//328
f 259//227 258//329 292//201
f 189//278 185//322 322//276
f 247//281 295//217 246//261
f 254//330 286//171 253//294
f 293//246 254//330 255//331
f 263//320 293//246 255//331
f 216//180 215//312 238//209
f 228//168 252//301 210//283
f 276//326 312//285 277//332
f 304//333 277//332 312//285
f 197//286 331//205 332//287
f 251//252 250//181 238//209
f 274//176 205//316 273//258
f 309//238 237//210 329//215
f 324//192 235//295 234//324
f 324//192 228//168 328//170
f 230//270 324//192 328//170
f 312//285 288//334 304//333
f 94//335 265//336 98//337
f 13//338 181//339 14//340
f 32//341 203//342 199//343
f 139//344 281//345 306//346
f 49//347 215//348 216//349
f 63//350 169//351 230//352
f 62//353 230//352 229//354
f 14//340 182//355 15//356
f 82//357 253//358 249//359
f 29//360 194//361 196//362
f 51//363 219//364 218//365
f 15//356 183//366 16//367
f 66//368 278//369 233//370
f 18//371 189//372 22//373
f 5//374 170//375 3//376
f 27//377 283//378 194//361
f 46//379 168//380 1//381
f 50//382 216//349 217//383
f 8//384 174//385 175//386
f 37//387 206//388 39//389
f 72//390 240//391 73//392
f 52//393 220//394 219//364
f 16//367 185//395 18//371
f 21//396 193//397 188//398
f 115//399 287//400 282//401
f 8//384 180//402 13//338
f 45//403 213//404 46//379
f 59//405 229//354 226//406
f 66//368 232//407 65//408
f 76//409 244//410 243//411
f 41//412 209//413 42//414
f 11//415 169//351 2//416
f 25//417 197//418 192//419
f 6//420 186//421 173//422
f 110//423 304//424 137//425
f 112//426 234//427 67//428
f 38//429 236//378 69//378
f 20//430 188//398 187//431
f 104//432 171//433 4//434
f 30//435 199//343 197//418
f 23//436 191//437 190//438
f 35//439 204//440 37//387
f 19//441 187//431 186//421
f 43//442 211//443 44//444
f 68//445 239//446 72//390
f 40//447 205//448 38//429
f 91//449 259//450 92//451
f 98//337 266//452 99//453
f 60//454 218//365 227//455
f 75//456 243//411 242//457
f 88//458 254//459 87//460
f 78//461 246//462 245//463
f 6//420 172//464 5//374
f 28//465 196//362 195//466
f 102//467 268//468 101//469
f 77//470 245//463 244//410
f 26//471 195//466 193//397
f 90//472 258//473 91//449
f 12//474 178//475 11//415
f 22//373 184//476 17//477
f 61//478 227//455 228//479
f 10//480 200//481 33//482
f 34//483 202//484 35//439
f 55//485 224//486 222//487
f 111//488 240//391 278//369
f 120//489 288//490 287//400
f 101//469 257//491 90//472
f 17//477 307//492 140//492
f 100//493 270//494 103//495
f 31//496 280//492 198//497
f 79//498 247//499 246//462
f 80//500 170//375 247//499
f 87//460 253//358 86//501
f 88//458 263//502 255//503
f 109//504 275//505 276//506
f 99//453 267//507 100//493
f 116//378 289//508 283//378
f 39//389 207//509 40//447
f 9//510 168//380 176//511
f 42//414 210//512 43//442
f 53//513 221//514 220//394
f 36//515 198//497 203//342
f 47//516 215//348 48//517
f 57//518 225//519 224//486
f 114//520 282//401 281//345
f 10//480 176//511 177//521
f 58//522 226//406 225//519
f 140//492 308//523 141//524
f 92//451 260//525 93//525
f 44//444 212//526 45//403
f 61//478 279//527 112//426
f 110//423 276//506 277//528
f 47//516 231//529 214//530
f 65//408 231//529 64//531
f 103//495 271//532 104//432
f 160//533 208//534 41//412
f 96//535 260//525 263//502
f 147//536 242//457 314//537
f 7//538 171//433 174//385
f 24//539 192//419 191//437
f 12//474 190//438 179//540
f 137//425 288//490 121//541
f 82//357 275//505 108//542
f 50//382 223//543 56//544
f 102//467 306//346 269//545
f 147//536 261//546 94//335
f 67//428 235//547 68//445
f 33//482 201//548 34//483
f 56//544 221//514 54//514
f 160//533 222//487 327//549
f 69//378 289//508 122//550
f 113//492 308//523 280//492
f 335//2 55//88 160//78
f 50//132 84//43 49//165
f 87//162 119//4 127//115
f 126//75 88//163 127//115
f 336//33 75//156 147//35
f 139//70 336//33 144//36
f 60//127 335//2 81//96
f 112//102 157//26 335//2
f 452//551 443//552 442//553
f 418//554 379//555 404//556
f 341//557 406//558 376//559
f 416//560 462//561 461//560
f 377//562 445//563 448//564
f 459//565 405//566 439//567
f 347//568 480//569 346//570
f 410//571 468//572 467//573
f 446//574 472//575 389//576
f 365//577 345//578 369//579
f 482//580 342//581 455//582
f 643//583 407//584 464//585
f 485//586 487//587 488//588
f 463//589 413//590 458//591
f 484//592 454//593 440//594
f 385//595 448//564 447//596
f 481//597 360//598 470//599
f 471//600 389//601 472//602
f 444//603 451//604 450//605
f 358//606 390//607 357//608
f 383//609 397//610 382//611
f 433//612 449//613 483//612
f 480//614 345//578 360//598
f 442//553 453//615 452//551
f 447//596 389//576 385//595
f 349//616 347//568 346//570
f 359//617 426//618 401//619
f 396//620 412//621 407//622
f 473//623 450//605 475//623
f 478//624 347//568 343//625
f 407//584 465//626 464//585
f 433//612 485//627 435//627
f 479//628 344//629 345//578
f 460//630 439//567 417//631
f 471//632 360//598 365//633
f 487//587 405//634 476//635
f 369//579 344//629 371//636
f 346//570 480//569 481//637
f 346//570 481//637 431//638
f 337//639 353//640 354//641
f 382//611 398//642 381//643
f 337//639 429//644 340//645
f 386//646 394//647 384//648
f 371//649 378//650 377//651
f 472//575 388//652 358//606
f 434//653 398//642 436//654
f 431//655 348//656 430//657
f 482//658 341//557 477//659
f 357//608 391//660 355//661
f 354//662 359//617 362//663
f 437//664 435//665 438//666
f 348//656 351//667 352//668
f 436//654 435//665 434//653
f 355//661 387//669 356//670
f 369//671 377//651 385//672
f 371//636 341//557 376//559
f 469//673 396//674 457//675
f 644//676 421//677 363//678
f 454//593 441//679 440//594
f 471//600 358//680 351//681
f 353//682 356//683 354//662
f 406//684 457//675 396//674
f 481//685 350//686 431//655
f 380//687 404//556 379//555
f 367//688 425//689 366//690
f 359//691 363//692 370//693
f 437//664 427//694 361//695
f 473//623 393//696 386//646
f 349//616 429//697 339//698
f 430//657 340//645 429//644
f 422//699 363//678 421//677
f 431//638 349//616 346//570
f 352//668 340//645 348//656
f 478//700 341//557 344//629
f 471//701 350//686 470//702
f 362//663 359//617 401//619
f 370//703 423//704 368//705
f 337//639 354//641 362//706
f 368//705 424//707 367//688
f 361//708 403//709 380//687
f 366//690 426//618 364//710
f 399//711 644//711 646//711
f 384//648 395//712 383//609
f 339//698 428//713 338//714
f 419//715 375//554 418//554
f 432//716 337//639 400//717
f 352//718 355//719 353//682
f 338//714 455//582 342//581
f 351//681 357//720 352//718
f 420//721 374//715 419//715
f 449//722 405//634 483//723
f 338//714 432//724 399//725
f 372//726 420//721 402//727
f 412//728 466//729 465//626
f 409//730 469//673 468//572
f 467//573 411//731 410//571
f 477//732 343//625 342//581
f 445//563 378//733 449//722
f 449//722 396//734 405//634
f 486//735 485//586 488//588
f 397//736 394//737 475//738
f 392//739 433//740 361//695
f 433//740 437//664 361//695
f 392//739 361//695 359//741
f 392//739 359//741 356//670
f 387//669 392//739 356//670
f 361//742 380//743 379//744
f 359//691 372//745 363//692
f 364//746 359//691 366//747
f 366//747 359//691 367//748
f 367//748 359//691 368//749
f 368//749 359//691 370//693
f 372//745 361//742 373//745
f 373//745 361//742 374//742
f 374//742 361//742 375//742
f 375//742 361//742 379//744
f 434//750 485//627 484//750
f 483//723 405//634 487//587
f 365//751 385//672 389//601
f 415//752 463//589 462//561
f 486//753 438//754 436//753
f 449//722 378//733 396//734
f 339//698 342//581 343//625
f 347//568 339//698 343//625
f 445//755 392//755 387//755
f 376//756 396//674 378//650
f 441//757 442//758 443//757
f 461//560 417//631 416//560
f 405//759 417//760 439//761
f 396//620 413//762 405//759
f 408//746 409//763 396//620
f 409//763 410//764 396//620
f 410//764 411//765 396//620
f 411//765 412//621 396//620
f 413//762 414//762 405//759
f 414//762 415//759 405//759
f 415//759 416//759 405//759
f 416//759 417//760 405//759
f 456//711 469//711 457//711
f 438//754 487//766 437//767
f 437//767 476//711 427//711
f 448//755 387//755 391//755
f 390//768 448//755 391//755
f 447//768 388//769 446//769
f 474//755 446//769 388//769
f 456//770 406//558 341//557
f 400//717 362//706 401//771
f 595//772 604//773 594//774
f 570//775 531//776 527//777
f 493//778 528//779 558//780
f 614//781 568//782 613//783
f 529//784 597//785 530//786
f 557//787 611//788 591//789
f 632//790 499//791 498//792
f 562//793 620//794 561//795
f 624//796 598//797 541//798
f 497//799 517//800 521//801
f 494//802 634//803 607//804
f 641//805 616//806 559//807
f 639//808 637//809 640//810
f 610//811 566//812 615//813
f 636//814 606//815 638//816
f 537//817 600//818 529//784
f 633//819 512//820 632//821
f 623//822 541//823 517//824
f 596//825 603//826 595//772
f 542//827 510//828 509//829
f 535//830 549//831 547//832
f 601//833 585//834 635//834
f 632//821 497//799 631//835
f 594//774 605//836 593//837
f 541//798 599//838 537//817
f 501//839 498//792 499//791
f 578//840 511//841 553//842
f 548//843 559//844 564//844
f 625//845 602//846 596//825
f 499//791 630//847 495//848
f 617//849 559//807 616//806
f 585//834 637//850 635//834
f 631//835 496//851 630//852
f 591//789 612//853 569//853
f 623//854 512//820 622//855
f 639//808 628//856 557//857
f 521//801 496//851 497//799
f 498//792 633//858 632//790
f 498//792 583//859 633//858
f 505//860 489//861 506//862
f 550//863 534//864 533//865
f 581//866 489//861 492//867
f 538//868 546//869 545//870
f 523//871 530//872 528//873
f 540//874 624//796 510//828
f 586//875 550//863 533//865
f 583//876 500//877 502//878
f 634//879 493//778 608//880
f 509//829 543//881 542//827
f 506//882 511//841 508//883
f 587//884 589//885 590//886
f 503//887 500//877 504//888
f 588//889 587//884 590//886
f 507//890 539//891 543//881
f 521//892 529//893 523//871
f 493//778 523//894 528//779
f 548//895 621//896 609//897
f 515//898 573//899 642//900
f 593//837 606//815 592//901
f 623//822 510//902 624//903
f 505//904 508//883 507//905
f 558//906 548//895 609//897
f 633//907 502//878 622//908
f 556//776 532//909 531//776
f 519//910 577//911 576//912
f 511//913 522//914 515//914
f 589//885 513//915 579//916
f 625//845 545//870 627//845
f 581//917 501//839 491//918
f 582//919 492//867 500//877
f 515//898 574//920 573//899
f 501//839 583//859 498//792
f 504//888 492//867 505//860
f 493//778 630//852 496//851
f 623//921 502//878 503//922
f 514//923 553//842 511//841
f 522//924 575//925 574//920
f 489//861 514//926 506//862
f 576//912 520//927 519//910
f 555//928 513//929 532//909
f 518//930 578//840 577//911
f 648//931 641//931 610//932
f 547//832 536//933 535//830
f 580//934 491//918 490//935
f 527//777 571//936 570//775
f 584//937 489//861 580//938
f 504//939 507//905 509//940
f 607//804 490//935 494//802
f 503//941 509//940 510//902
f 526//936 572//942 571//936
f 601//943 635//944 557//857
f 584//945 490//935 551//946
f 554//947 525//948 524//949
f 564//950 618//951 563//952
f 561//795 621//896 560//953
f 563//952 619//954 562//793
f 495//848 629//955 494//802
f 597//785 601//943 530//786
f 601//943 557//857 548//956
f 638//816 637//809 636//814
f 606//957 627//958 550//959
f 544//960 513//915 585//961
f 585//961 513//915 589//885
f 544//960 511//962 513//915
f 544//960 508//963 511//962
f 539//891 508//963 544//960
f 513//964 531//965 532//966
f 511//913 524//967 513//964
f 516//968 518//969 511//913
f 518//969 519//970 511//913
f 519//970 520//971 511//913
f 520//971 522//914 511//913
f 524//967 525//972 513//964
f 525//972 526//967 513//964
f 526//967 527//965 513//964
f 527//965 531//965 513//964
f 586//973 637//850 587//974
f 635//944 639//808 557//857
f 517//824 537//975 521//892
f 615//813 567//781 614//781
f 590//976 638//977 588//977
f 601//943 548//956 530//786
f 494//802 491//918 495//848
f 495//848 501//839 499//791
f 544//978 597//978 539//978
f 528//873 548//895 558//906
f 534//979 535//979 536//979
f 613//783 569//853 612//853
f 557//980 591//981 569//982
f 548//843 565//983 559//844
f 560//968 548//843 561//984
f 561//984 548//843 562//985
f 562//985 548//843 563//986
f 563//986 548//843 564//844
f 565//983 557//980 566//987
f 566//987 557//980 567//983
f 567//983 557//980 568//982
f 568//982 557//980 569//982
f 639//988 590//976 589//988
f 579//931 639//988 589//988
f 539//978 600//978 543//978
f 543//978 599//978 542//978
f 540//978 599//978 598//978
f 626//989 540//978 598//978
f 608//880 558//780 609//990
f 552//991 514//926 489//861
f 641//931 634//932 608//932
f 432//711 644//711 399//711
f 400//711 401//711 426//711
f 432//711 400//711 644//711
f 646//711 644//711 402//711
f 455//711 643//711 482//711
f 482//711 643//711 456//711
f 643//711 464//711 456//711
f 465//992 467//993 469//711
f 421//711 426//711 424//994
f 644//711 400//711 421//711
f 455//711 645//711 643//711
f 455//711 646//711 645//711
f 646//711 476//711 645//711
f 645//711 476//711 459//711
f 427//711 646//711 403//711
f 646//711 402//711 420//711
f 646//711 420//711 419//995
f 646//711 419//995 418//711
f 646//711 418//711 404//711
f 403//711 646//711 404//711
f 645//711 459//711 460//711
f 643//711 645//711 458//711
f 645//711 460//711 461//711
f 645//711 461//711 462//995
f 645//711 462//995 463//711
f 458//711 645//711 463//711
f 648//931 579//931 647//931
f 647//931 579//931 555//932
f 551//931 648//931 647//931
f 642//931 584//932 551//931
f 642//931 552//932 584//932
f 573//932 552//932 642//931
f 607//931 634//932 641//931
f 621//931 608//932 609//931
f 578//931 553//931 552//932
f 578//931 552//932 573//932
f 577//931 575//996 576//997
f 616//932 641//931 608//932
f 616//932 621//931 620//931
f 618//998 620//931 619//999
f 647//931 555//932 556//932
f 642//931 647//931 554//932
f 647//931 556//932 570//931
f 554//932 647//931 572//932
f 647//931 570//931 571//931
f 572//932 647//931 571//931
f 628//931 648//931 611//932
f 648//931 610//932 615//932
f 648//931 615//932 614//931
f 611//932 648//931 612//932
f 648//931 614//931 613//931
f 612//932 648//931 613//931
f 641//805 559//807 565//1000
f 610//811 641//805 565//1000
f 554//947 524//949 642//900
f 524//949 515//898 642//900
f 413//590 407//584 643//583
f 458//591 413//590 643//583
f 402//727 644//676 372//726
f 372//726 644//676 363//678
f 648//931 607//931 641//931
f 647//931 642//931 551//931
f 752//1001 773//1002 751//1003
f 688//1004 685//1005 683//1004
f 676//1006 693//1007 696//1008
f 685//1009 682//1010 714//1011
f 707//1012 706//1013 704//1014
f 840//1015 662//1016 661//1017
f 692//1018 697//1019 694//1020
f 658//1021 654//1022 656//1023
f 782//1024 786//1025 783//1026
f 779//1027 752//1028 753//1029
f 711//1030 680//1031 708//1032
f 825//1033 803//1034 812//1035
f 675//1036 690//1037 693//1038
f 716//1039 661//1040 656//1041
f 841//1042 663//1043 662//1016
f 694//1020 696//1008 693//1007
f 724//1044 792//1045 729//1046
f 670//1047 654//1048 655//1049
f 698//1050 803//1051 804//1051
f 653//1052 670//1047 655//1049
f 800//1053 817//1054 808//1053
f 719//1055 814//1056 852//1057
f 704//1014 807//1058 707//1012
f 721//1059 720//1060 716//1061
f 665//1062 849//1063 847//1064
f 668//1065 718//1066 654//1048
f 665//1067 854//1068 793//1069
f 701//1070 804//1071 805//1071
f 671//1072 844//1073 820//1072
f 687//1005 672//1074 685//1005
f 717//1075 846//1076 842//1077
f 677//1078 696//1079 699//1080
f 650//1081 793//1082 726//1083
f 671//1084 668//1065 654//1048
f 718//1085 816//1086 689//1087
f 809//1088 726//1089 802//1090
f 704//1091 703//1092 701//1093
f 669//1094 834//1095 843//1096
f 686//1097 683//1004 684//1098
f 656//1041 661//1040 662//1099
f 701//1093 806//1100 704//1091
f 656//1041 662//1099 663//1101
f 661//1017 842//1102 840//1015
f 720//1103 739//1104 684//1098
f 668//1105 819//1106 719//1107
f 845//1108 649//1109 810//1110
f 674//1111 687//1112 690//1113
f 836//1114 664//1115 663//1043
f 709//1116 705//1117 706//1013
f 842//1077 846//1076 845//1118
f 692//1018 816//1086 817//1119
f 668//1105 820//1072 818//1120
f 811//1121 850//1122 667//1123
f 703//1124 698//1125 701//1070
f 712//1126 713//1127 715//1128
f 686//1129 691//1130 688//1131
f 801//1132 848//1133 813//1134
f 774//1135 776//1136 777//1135
f 790//1137 723//1138 731//1139
f 750//1140 767//1141 749//1142
f 824//1143 784//1144 787//1145
f 742//1146 832//1147 831//1148
f 791//1149 859//1150 863//1151
f 727//1152 728//1153 743//1153
f 804//1071 775//1154 805//1071
f 742//1146 833//1155 745//1155
f 758//1156 795//1157 787//1145
f 865//1158 801//1132 826//1159
f 782//1160 753//1161 754//1162
f 763//1163 768//1164 766//1165
f 795//1166 724//1044 723//1138
f 765//1167 767//1168 768//1164
f 757//1169 760//1170 758//1171
f 760//1172 763//1163 798//1173
f 761//1174 748//1175 764//1176
f 751//1177 770//1178 750//1179
f 830//1180 766//1165 825//1033
f 840//1181 810//1182 809//1183
f 738//1184 866//1185 740//1186
f 725//1187 657//1188 664//1188
f 766//1165 829//1189 763//1163
f 777//1190 778//1191 775//1192
f 712//1126 708//1032 709//1193
f 728//1153 744//1194 743//1153
f 652//1195 722//1195 739//1195
f 859//1150 862//1196 863//1151
f 868//1197 864//1198 865//1199
f 788//1200 757//1201 789//1202
f 740//1186 867//1203 741//1204
f 796//1205 790//1206 795//1157
f 857//1207 735//1208 858//1209
f 798//1173 792//1210 797//1211
f 762//1212 764//1176 765//1213
f 779//1214 783//1215 780//1216
f 745//1155 861//1217 744//1218
f 822//1219 726//1089 660//1220
f 741//1221 824//1143 863//1151
f 792//1222 742//1223 729//1224
f 807//1058 778//1225 781//1226
f 829//1189 792//1210 763//1163
f 776//1227 780//1228 777//1190
f 824//1229 867//1203 829//1230
f 731//1231 735//1232 734//1233
f 660//1234 793//1082 738//1235
f 739//1104 686//1097 684//1098
f 731//1231 736//1236 735//1232
f 745//1237 729//1224 742//1223
f 823//1238 862//1239 859//1239
f 795//1240 758//1171 798//1241
f 854//1242 738//1243 793//1244
f 755//1245 788//1200 785//1246
f 795//1157 790//1206 787//1145
f 862//1247 659//1248 863//1249
f 795//1250 723//1250 796//1250
f 766//1165 771//1251 769//1252
f 856//1253 725//1095 835//1095
f 806//1100 775//1192 778//1191
f 737//1254 736//1236 732//1254
f 772//1255 803//1051 769//1256
f 859//1257 734//1258 857//1207
f 727//1152 669//1052 653//1052
f 744//1218 860//1259 743//1260
f 652//1261 720//1262 651//1263
f 772//1264 777//1135 775//1154
f 786//1025 787//1145 784//1144
f 725//1187 737//1254 732//1254
f 743//1260 834//1095 727//1095
f 853//1265 737//1266 856//1253
f 761//1267 746//1268 747//1268
f 723//1138 729//1046 731//1139
f 718//1269 652//1261 654//1022
f 739//1270 722//1271 718//1085
f 649//1272 665//1273 650//1081
f 732//1274 730//1275 728//1276
f 700//1124 702//1277 699//1278
f 760//1172 765//1213 763//1163
f 716//1279 651//1263 721//1280
f 763//1163 792//1210 798//1173
f 817//1119 812//1035 692//1018
f 664//1188 657//1188 663//1101
f 697//1281 699//1080 696//1079
f 678//1282 699//1278 702//1277
f 823//1283 660//1220 659//1248
f 659//1284 738//1235 740//1285
f 732//1254 736//1236 733//1236
f 784//1144 783//1026 786//1025
f 821//1286 829//1230 830//1287
f 808//1288 816//1289 811//1121
f 724//1195 798//1195 797//1195
f 799//1290 830//1290 825//1290
f 794//1291 827//1292 832//1293
f 733//1294 729//1046 730//1295
f 749//1296 764//1297 748//1298
f 785//1246 754//1299 755//1245
f 858//1209 736//1300 853//1265
f 734//1233 790//1301 731//1231
f 695//1302 700//1303 697//1281
f 689//1087 739//1270 718//1085
f 655//1304 657//1305 653//1306
f 716//1061 811//1307 717//1075
f 710//1308 709//1193 707//1309
f 678//1310 705//1311 679//1312
f 683//1313 714//1011 715//1128
f 654//1022 651//1263 656//1023
f 693//1038 691//1314 694//1315
f 706//1316 702//1317 703//1092
f 670//1318 843//1096 844//1073
f 690//1113 688//1131 691//1130
f 720//1060 713//1127 716//1061
f 720//1250 721//1250 651//1250
f 714//1011 681//1319 711//1030
f 839//1320 725//1095 664//1115
f 798//1241 758//1171 760//1170
f 773//1321 771//1322 770//1178
f 658//1101 656//1041 663//1101
f 684//1323 713//1127 720//1060
f 708//1324 679//1325 705//1117
f 694//1315 689//1087 692//1018
f 810//1110 650//1326 809//1088
f 657//1188 658//1101 663//1101
f 666//1327 846//1328 667//1329
f 733//1236 736//1236 731//1231
f 774//1330 769//1256 771//1322
f 768//1331 770//1332 771//1251
f 811//1307 710//1308 808//1333
f 847//1198 851//1334 848//1199
f 824//1143 791//1149 863//1151
f 729//1224 744//1194 730//1335
f 850//1122 666//1336 667//1123
f 728//1276 838//1337 732//1274
f 686//1129 739//1270 689//1087
f 667//1338 846//1076 811//1307
f 816//1086 852//1057 850//1339
f 684//1323 715//1128 713//1127
f 869//1340 829//1189 867//1341
f 769//1252 825//1033 766//1165
f 781//1342 821//1343 807//1344
f 785//1246 789//1202 786//1025
f 758//1156 789//1202 757//1201
f 807//1344 808//1333 707//1309
f 812//1035 695//1345 692//1018
f 781//1226 780//1216 783//1215
f 790//1206 824//1143 787//1145
f 711//1030 715//1128 714//1011
f 811//1307 846//1076 717//1075
f 759//1346 756//1347 746//1348
f 759//1267 762//1169 757//1169
f 653//1306 838//1337 837//1337
f 807//1344 799//1349 800//1350
f 657//1188 725//1187 838//1187
f 653//1052 837//1351 727//1152
f 855//1352 847//1198 848//1199
f 827//1353 868//1354 828//1355
f 868//1354 826//1159 828//1355
f 855//1352 864//1198 854//1199
f 851//1334 850//1356 852//1197
f 861//1357 833//1358 831//1359
f 732//1254 838//1187 725//1187
f 728//1153 727//1152 837//1351
f 868//1197 867//1360 866//1361
f 814//1362 851//1363 852//1364
f 813//1134 851//1363 815//1365
f 863//1366 740//1285 741//1367
f 801//1368 813//1369 818//1370
f 832//1334 827//1371 828//1372
f 826//1373 801//1368 831//1359
f 801//1368 834//1374 831//1359
f 831//1359 832//1334 828//1372
f 828//1372 826//1373 831//1359
f 834//1374 860//1375 831//1359
f 860//1375 861//1357 831//1359
f 815//1376 814//1377 819//1197
f 819//1197 818//1370 815//1376
f 818//1370 820//1378 844//1379
f 815//1376 818//1370 813//1369
f 844//1379 843//1375 818//1370
f 843//1375 834//1374 818//1370
f 834//1374 801//1368 818//1370
f 802//1380 835//1381 840//1181
f 835//1381 839//1382 840//1181
f 839//1382 836//1383 840//1181
f 836//1383 841//1384 840//1181
f 840//1181 842//1385 810//1182
f 842//1385 845//1385 810//1182
f 809//1183 802//1380 840//1181
f 856//1382 835//1381 857//1386
f 835//1381 802//1380 857//1386
f 802//1380 822//1387 857//1386
f 856//1382 857//1386 853//1388
f 858//1389 853//1388 857//1386
f 859//1239 857//1386 823//1238
f 823//1238 857//1386 822//1387
f 799//1337 812//1337 800//1337
f 973//1390 994//1391 997//1392
f 906//1393 909//1394 904//1394
f 897//1395 914//1396 896//1397
f 906//1398 903//1399 893//1400
f 928//1401 927//1402 930//1403
f 1061//1404 883//1405 1062//1405
f 913//1406 918//1407 916//1408
f 879//1409 875//1410 876//1411
f 1007//1412 1003//1413 1004//1414
f 973//1415 1000//1416 974//1417
f 932//1418 901//1419 902//1420
f 1046//1421 1033//1422 1024//1423
f 896//1424 911//1425 895//1426
f 882//1427 937//1428 877//1429
f 1062//1405 884//1430 1057//1431
f 915//1432 917//1433 918//1407
f 1013//1434 945//1435 950//1436
f 875//1437 891//1437 876//1438
f 919//1439 1024//1440 916//1441
f 874//1442 891//1437 890//1442
f 1021//1443 1038//1444 1033//1444
f 940//1445 1035//1446 1040//1447
f 1028//1448 925//1449 928//1401
f 942//1450 937//1451 941//1452
f 886//1453 1070//1454 887//1455
f 939//1456 889//1457 875//1437
f 886//1458 1075//1459 1068//1459
f 1025//1460 922//1461 1026//1460
f 892//1462 1065//1463 891//1464
f 908//1393 893//1465 894//1465
f 938//1466 1063//1467 1067//1468
f 898//1469 917//1470 897//1471
f 871//1472 1014//1473 886//1474
f 892//1475 875//1437 889//1457
f 1037//1476 939//1477 910//1478
f 1030//1479 947//1480 871//1481
f 924//1482 925//1483 922//1484
f 890//1485 1055//1486 948//1486
f 904//1394 907//1487 905//1488
f 877//1429 883//1489 882//1427
f 1027//1490 922//1484 925//1483
f 877//1429 884//1491 883//1489
f 1063//1492 882//1493 1061//1404
f 941//1494 905//1488 960//1495
f 889//1496 1040//1497 1039//1498
f 1066//1499 870//1500 1067//1501
f 908//1502 895//1503 911//1504
f 1057//1431 885//1505 1060//1506
f 926//1507 930//1403 927//1402
f 1063//1467 1066//1508 1067//1468
f 913//1406 1037//1476 910//1478
f 889//1496 1041//1462 892//1462
f 1032//1509 1071//1510 1037//1511
f 919//1461 924//1512 922//1461
f 933//1513 934//1514 931//1515
f 907//1516 912//1517 910//1478
f 1069//1518 1022//1519 1034//1520
f 995//1521 997//1392 994//1391
f 1011//1522 944//1523 1017//1524
f 971//1525 988//1526 991//1527
f 1045//1528 1005//1529 1042//1530
f 963//1531 1053//1532 1015//1533
f 1012//1534 1084//1535 1080//1536
f 948//1537 964//1538 949//1538
f 996//1539 1025//1460 1026//1460
f 963//1531 1054//1540 1052//1541
f 979//1542 1008//1543 1016//1544
f 1022//1519 1086//1545 1047//1546
f 1003//1547 974//1548 1000//1549
f 989//1550 984//1551 987//1552
f 945//1435 1016//1553 944//1523
f 988//1554 986//1555 989//1550
f 981//1556 978//1557 979//1558
f 981//1559 1019//1560 984//1551
f 969//1561 982//1562 985//1563
f 972//1564 991//1565 994//1566
f 1051//1567 1046//1421 987//1552
f 1061//1568 1030//1569 1031//1570
f 959//1571 1087//1572 1085//1573
f 946//1574 885//1575 878//1575
f 987//1552 1050//1576 1051//1567
f 999//1577 998//1578 996//1579
f 929//1580 933//1513 930//1581
f 949//1538 965//1582 951//1583
f 873//1584 960//1584 943//1584
f 1080//1536 1084//1535 1083//1585
f 1085//1586 1089//1587 1086//1588
f 978//1589 1009//1590 1010//1591
f 961//1592 1088//1593 1087//1572
f 1017//1594 1016//1544 1011//1595
f 1078//1596 956//1597 955//1598
f 1019//1560 1018//1599 1013//1600
f 985//1563 983//1601 986//1602
f 1004//1603 1000//1549 1001//1604
f 966//1540 1082//1605 1054//1540
f 1043//1606 947//1480 1023//1607
f 962//1608 1084//1535 1045//1528
f 963//1457 1013//1609 950//1582
f 999//1610 1028//1448 1002//1611
f 1013//1600 1050//1576 984//1551
f 1001//1612 997//1613 998//1578
f 1045//1614 1088//1593 962//1615
f 952//1616 955//1617 956//1618
f 881//1619 1014//1473 947//1620
f 960//1495 905//1488 907//1487
f 952//1616 956//1618 957//1621
f 966//1622 963//1457 950//1582
f 1044//1623 1080//1624 1083//1625
f 1016//1626 1019//1627 979//1558
f 959//1628 1075//1629 1014//1630
f 1009//1590 976//1631 1006//1632
f 1016//1544 1008//1543 1011//1595
f 1083//1633 880//1634 1044//1635
f 1016//1636 1017//1636 944//1636
f 987//1552 992//1637 989//1638
f 1077//1639 946//1486 958//1640
f 996//1579 1027//1490 999//1577
f 958//1641 953//1641 957//1621
f 993//1642 1024//1440 1025//1440
f 955//1598 1080//1643 1078//1596
f 948//1537 874//1442 890//1442
f 965//1644 1081//1645 1082//1605
f 941//1646 873//1647 872//1648
f 998//1649 993//1539 996//1539
f 1007//1412 1008//1543 1010//1591
f 946//1574 953//1641 958//1641
f 964//1650 1055//1486 1081//1645
f 1074//1651 958//1640 957//1652
f 982//1653 967//1654 980//1653
f 950//1436 944//1523 952//1655
f 873//1647 939//1656 875//1410
f 960//1657 939//1477 943//1658
f 870//1659 886//1474 887//1660
f 951//1661 953//1662 949//1663
f 921//1664 923//1665 924//1512
f 981//1559 986//1602 983//1601
f 937//1666 872//1648 877//1667
f 984//1551 1019//1560 1013//1600
f 1038//1668 913//1406 1033//1422
f 885//1575 884//1491 878//1575
f 920//1669 918//1670 917//1470
f 899//1671 920//1672 898//1671
f 1044//1635 881//1673 1043//1606
f 880//1674 959//1675 881//1619
f 953//1641 954//1676 957//1621
f 1005//1529 1004//1414 1002//1677
f 1042//1678 1050//1679 1045//1614
f 1029//1680 1037//1511 1038//1681
f 945//1584 1018//1584 1019//1584
f 1020//1682 1051//1683 1042//1682
f 1015//1684 1048//1685 1090//1686
f 954//1687 950//1436 952//1655
f 970//1688 985//1689 988//1554
f 1006//1632 975//1690 1003//1413
f 1079//1597 957//1652 956//1597
f 1011//1691 955//1617 952//1616
f 921//1692 916//1441 918//1670
f 910//1478 939//1477 960//1657
f 878//1693 876//1694 874//1695
f 937//1451 1032//1696 934//1514
f 931//1515 930//1581 933//1513
f 926//1697 899//1698 900//1699
f 935//1700 904//1701 936//1702
f 872//1648 875//1410 877//1667
f 912//1703 914//1704 915//1705
f 923//1706 927//1707 924//1482
f 891//1464 1064//1708 890//1485
f 909//1709 911//1504 912//1517
f 941//1452 937//1451 934//1514
f 941//1636 872//1636 942//1636
f 902//1420 935//1700 932//1418
f 1060//1506 946//1486 1056//1486
f 1019//1627 981//1556 979//1558
f 992//1710 994//1566 991//1565
f 879//1711 884//1491 877//1429
f 905//1712 941//1452 934//1514
f 929//1713 900//1714 901//1715
f 910//1478 915//1705 913//1406
f 1031//1716 871//1481 870//1500
f 878//1575 884//1491 879//1711
f 1067//1717 887//1660 888//1718
f 954//1676 952//1616 957//1621
f 990//1719 995//1720 992//1710
f 989//1638 991//1527 988//1526
f 1032//1696 931//1515 934//1514
f 1072//1721 1068//1586 1069//1588
f 1045//1528 1084//1535 1012//1534
f 965//1582 950//1582 951//1583
f 887//1455 1071//1510 888//1722
f 949//1663 1059//1723 1058//1723
f 907//1516 910//1478 960//1657
f 888//1724 1032//1696 1067//1468
f 1073//1725 1037//1476 1071//1726
f 905//1712 936//1702 904//1701
f 1050//1576 1090//1686 1088//1727
f 1046//1421 990//1728 987//1552
f 1028//1729 1042//1530 1002//1677
f 1006//1632 1010//1591 1009//1590
f 979//1542 1010//1591 1008//1543
f 928//1730 1029//1731 1028//1729
f 916//1408 1033//1422 913//1406
f 1002//1611 1001//1604 999//1610
f 1011//1595 1045//1528 1012//1534
f 932//1418 936//1702 933//1513
f 1032//1696 938//1466 1067//1468
f 980//1732 977//1733 1009//1590
f 983//1557 980//1653 978//1557
f 874//1695 1059//1723 878//1693
f 1028//1729 1021//1734 1020//1735
f 878//1575 1059//1574 946//1574
f 874//1442 948//1537 1058//1736
f 1076//1737 1068//1586 1075//1588
f 1048//1738 1089//1739 1090//1740
f 1047//1546 1089//1739 1049//1741
f 1076//1737 1085//1586 1086//1588
f 1072//1721 1071//1742 1070//1743
f 1082//1744 1052//1745 1054//1746
f 953//1641 946//1574 1059//1574
f 949//1538 1058//1736 948//1537
f 1089//1587 1088//1747 1090//1748
f 1035//1749 1072//1750 1036//1751
f 1072//1750 1034//1520 1036//1751
f 961//1752 1084//1753 962//1754
f 1022//1755 1039//1756 1034//1757
f 1053//1748 1049//1758 1048//1721
f 1047//1759 1052//1745 1022//1755
f 1022//1755 1052//1745 1055//1760
f 1052//1745 1049//1758 1053//1748
f 1049//1758 1052//1745 1047//1759
f 1055//1760 1052//1745 1081//1744
f 1081//1744 1052//1745 1082//1744
f 1036//1761 1040//1587 1035//1587
f 1040//1587 1036//1761 1039//1756
f 1039//1756 1065//1762 1041//1744
f 1036//1761 1034//1757 1039//1756
f 1065//1762 1039//1756 1064//1744
f 1064//1744 1039//1756 1055//1760
f 1055//1760 1039//1756 1022//1755
f 1023//1625 1061//1568 1056//1763
f 1056//1763 1061//1568 1060//1764
f 1060//1764 1061//1568 1057//1764
f 1057//1764 1061//1568 1062//1765
f 1061//1568 1031//1570 1063//1766
f 1063//1766 1031//1570 1066//1625
f 1030//1569 1061//1568 1023//1625
f 1077//1764 1078//1767 1056//1763
f 1056//1763 1078//1767 1023//1625
f 1023//1625 1078//1767 1043//1768
f 1077//1764 1074//1764 1078//1767
f 1079//1769 1078//1767 1074//1764
f 1080//1624 1044//1623 1078//1767
f 1044//1623 1043//1768 1078//1767
f 1033//1723 1020//1723 1021//1723
f 1181//1770 1159//1771 1158//1772
f 1095//1773 1248//1774 1094//1774
f 1092//1775 1246//1776 1244//1777
f 1096//1778 1249//1779 1095//1773
f 1098//1780 1253//1781 1097//1782
f 1094//1774 1246//1783 1093//1783
f 1099//1784 1255//1785 1098//1780
f 1100//1786 1261//1787 1259//1786
f 1097//1782 1252//1788 1096//1778
f 1102//1771 1261//1789 1101//1789
f 1108//1790 1097//1790 1096//1790
f 1123//1791 1139//1792 1148//1793
f 1145//1794 1116//1795 1115//1794
f 1102//1790 1103//1790 1091//1790
f 1134//1796 1118//1797 1132//1797
f 1147//1798 1119//1796 1134//1796
f 1111//1799 1124//1800 1112//1801
f 1107//1790 1096//1790 1095//1790
f 1116//1802 1105//1803 1104//1802
f 1101//1804 1114//1790 1102//1790
f 1150//1805 1125//1806 1143//1806
f 1094//1790 1107//1790 1095//1790
f 1103//1807 1116//1802 1104//1802
f 1100//1790 1113//1804 1101//1804
f 1113//1808 1126//1809 1114//1809
f 1098//1790 1109//1790 1110//1790
f 1103//1807 1126//1809 1115//1810
f 1124//1800 1113//1808 1112//1801
f 1128//1811 1145//1811 1127//1811
f 1146//1795 1117//1812 1116//1795
f 1125//1806 1149//1813 1143//1806
f 1124//1813 1148//1793 1149//1813
f 1109//1814 1122//1815 1110//1816
f 1132//1797 1117//1812 1130//1812
f 1105//1803 1118//1817 1106//1818
f 1129//1811 1146//1811 1128//1811
f 1107//1819 1118//1817 1119//1820
f 1091//1790 1104//1790 1092//1790
f 1109//1814 1120//1821 1121//1814
f 1108//1821 1119//1820 1120//1821
f 1099//1790 1110//1790 1111//1790
f 1092//1790 1105//1790 1093//1822
f 1110//1816 1123//1823 1111//1799
f 1100//1790 1111//1790 1112//1790
f 1094//1790 1105//1790 1106//1790
f 1145//1794 1126//1805 1150//1805
f 1137//1824 1120//1798 1147//1798
f 1133//1825 1169//1826 1135//1827
f 1133//1811 1147//1811 1134//1811
f 1131//1811 1130//1811 1129//1811
f 1131//1811 1134//1811 1132//1811
f 1135//1811 1137//1811 1147//1811
f 1138//1811 1137//1811 1136//1811
f 1141//1811 1143//1811 1149//1811
f 1140//1811 1139//1811 1138//1811
f 1141//1811 1148//1811 1140//1811
f 1137//1824 1122//1792 1121//1828
f 1142//1811 1150//1811 1143//1811
f 1144//1811 1145//1811 1150//1811
f 1216//1829 1160//1830 1157//1831
f 1141//1832 1163//1833 1172//1834
f 1144//1835 1181//1770 1158//1772
f 1144//1835 1161//1836 1127//1837
f 1136//1838 1169//1826 1178//1839
f 1128//1840 1175//1841 1129//1842
f 1141//1832 1181//1770 1142//1843
f 1131//1844 1175//1841 1184//1845
f 1235//1846 1188//1847 1236//1847
f 1131//1844 1154//1848 1133//1825
f 1128//1840 1161//1836 1166//1849
f 1136//1838 1152//1850 1138//1851
f 1182//1852 1216//1829 1157//1831
f 1202//1853 1185//1854 1176//1855
f 1209//1856 1151//1857 1179//1858
f 1173//1859 1215//1860 1182//1852
f 1170//1861 1209//1856 1179//1858
f 1201//1862 1176//1855 1167//1863
f 1164//1864 1214//1865 1173//1859
f 1155//1866 1208//1867 1170//1861
f 1160//1830 1201//1862 1167//1863
f 1211//1868 1164//1864 1151//1857
f 1204//1869 1155//1866 1185//1854
f 1183//1870 1157//1831 1159//1771
f 1155//1866 1186//1774 1185//1854
f 1156//1871 1184//1845 1186//1774
f 1153//1780 1179//1858 1151//1857
f 1152//1850 1180//1782 1153//1780
f 1177//1872 1185//1854 1186//1774
f 1175//1841 1186//1774 1184//1845
f 1183//1870 1173//1859 1182//1852
f 1181//1770 1174//1786 1183//1870
f 1171//1778 1179//1858 1180//1782
f 1169//1826 1180//1782 1178//1839
f 1177//1872 1167//1863 1176//1855
f 1175//1841 1168//1775 1177//1872
f 1174//1786 1164//1864 1173//1859
f 1172//1834 1165//1784 1174//1786
f 1171//1778 1155//1866 1170//1861
f 1169//1826 1156//1871 1171//1778
f 1162//1873 1167//1863 1168//1775
f 1161//1836 1168//1775 1166//1849
f 1162//1873 1157//1831 1160//1830
f 1161//1836 1159//1771 1162//1873
f 1153//1780 1164//1864 1165//1784
f 1152//1850 1165//1784 1163//1833
f 1138//1851 1163//1833 1140//1874
f 1189//1875 1218//1876 1188//1876
f 1195//1877 1220//1878 1194//1878
f 1199//1790 1201//1790 1200//1790
f 1234//1879 1189//1880 1235//1846
f 1198//1881 1237//1882 1187//1882
f 1188//1847 1237//1882 1236//1847
f 1233//1883 1192//1884 1191//1883
f 1196//1885 1230//1886 1238//1885
f 1197//1887 1221//1888 1196//1889
f 1215//1790 1221//1790 1222//1790
f 1218//1790 1202//1790 1201//1790
f 1198//1890 1199//1891 1217//1890
f 1189//1875 1205//1892 1203//1875
f 1238//1885 1197//1893 1196//1885
f 1192//1894 1210//1895 1219//1894
f 1217//1890 1197//1887 1198//1890
f 1191//1896 1219//1894 1207//1897
f 1191//1896 1205//1892 1190//1892
f 1230//1886 1194//1898 1229//1898
f 1198//1881 1239//1899 1240//1900
f 1190//1879 1233//1883 1191//1883
f 1194//1878 1210//1895 1193//1895
f 1192//1884 1231//1901 1193//1901
f 1195//1877 1221//1888 1213//1877
f 1219//1790 1206//1790 1207//1790
f 1199//1891 1188//1876 1218//1876
f 1205//1790 1202//1790 1203//1790
f 1220//1790 1212//1790 1211//1790
f 1205//1790 1206//1790 1204//1790
f 1210//1790 1208//1790 1219//1790
f 1221//1790 1212//1790 1213//1790
f 1217//1790 1215//1790 1222//1790
f 1210//1790 1211//1790 1209//1790
f 1199//1790 1216//1790 1217//1790
f 1194//1898 1231//1901 1229//1898
f 1227//1780 1271//1780 1270//1780
f 1091//1873 1264//1771 1102//1771
f 1100//1786 1258//1902 1099//1784
f 1226//1811 1231//1811 1232//1811
f 1225//1811 1233//1811 1234//1811
f 1225//1778 1271//1778 1226//1778
f 1224//1811 1235//1223 1236//1811
f 1224//1774 1267//1774 1225//1774
f 1228//1065 1239//1065 1238//1811
f 1223//1903 1266//1903 1224//1903
f 1223//1811 1237//1904 1240//1811
f 1228//1786 1270//1786 1269//1786
f 1223//1771 1269//1771 1268//1771
f 1227//1811 1230//1811 1229//1811
f 1249//1905 1247//1906 1248//1907
f 1253//1908 1251//1909 1252//1909
f 1255//1910 1254//1908 1253//1908
f 1258//1911 1260//1912 1257//1911
f 1258//1911 1256//1910 1255//1910
f 1259//1912 1262//1913 1260//1912
f 1252//1909 1250//1905 1249//1905
f 1261//1913 1263//1914 1262//1913
f 1246//1915 1247//1906 1245//1915
f 1244//1916 1245//1915 1243//1917
f 1244//1916 1241//1918 1242//1918
f 1263//1914 1242//1918 1241//1918
f 1092//1775 1242//1919 1091//1873
f 1262//1790 1263//1790 1265//1790
f 1263//1790 1241//1790 1265//1790
f 1241//1790 1243//1790 1265//1790
f 1243//1790 1245//1790 1265//1790
f 1245//1790 1247//1790 1265//1790
f 1247//1790 1250//1790 1265//1790
f 1250//1790 1251//1790 1265//1790
f 1251//1790 1254//1790 1265//1790
f 1254//1790 1256//1790 1265//1790
f 1256//1790 1257//1790 1265//1790
f 1257//1790 1260//1790 1265//1790
f 1260//1790 1262//1790 1265//1790
f 1267//1811 1268//1811 1271//1811
f 1269//1811 1271//1811 1268//1811
f 1287//1920 1291//1921 1288//1922
f 1296//1923 1364//1924 1293//1924
f 1299//1925 1367//1923 1296//1923
f 1302//1926 1370//1927 1299//1925
f 1305//1928 1373//1926 1302//1926
f 1308//1929 1376//1930 1305//1928
f 1311//1931 1379//1929 1308//1929
f 1314//1932 1382//1931 1311//1931
f 1317//1933 1385//1932 1314//1932
f 1320//1934 1388//1933 1317//1933
f 1323//1935 1391//1934 1320//1934
f 1326//1936 1394//1937 1323//1935
f 1329//1938 1397//1936 1326//1936
f 1332//1939 1400//1938 1329//1938
f 1335//1940 1403//1939 1332//1939
f 1338//1941 1406//1942 1335//1940
f 1341//1943 1409//1941 1338//1941
f 1344//1944 1412//1943 1341//1943
f 1347//1945 1415//1944 1344//1944
f 1350//1946 1418//1945 1347//1945
f 1353//1947 1421//1946 1350//1946
f 1356//1948 1424//1947 1353//1947
f 1359//1949 1427//1948 1356//1948
f 1477//1950 1433//1951 1434//1952
f 1357//1953 1287//1920 1288//1922
f 1540//1954 1518//1786 1519//1955
f 1537//1956 1518//1786 1540//1954
f 1534//1957 1518//1786 1537//1956
f 1531//1958 1518//1786 1534//1957
f 1528//1959 1518//1786 1531//1958
f 1525//1960 1518//1786 1528//1959
f 1522//1961 1518//1786 1525//1960
f 1288//1922 1292//1962 1290//1963
f 1480//1964 1478//1965 1495//1966
f 1434//1952 1545//1967 1544//1968
f 1440//1969 1545//1967 1435//1970
f 1436//1971 1482//1972 1438//1973
f 1440//1969 1547//1974 1546//1975
f 1482//1972 1442//1976 1438//1973
f 1446//1977 1547//1974 1441//1978
f 1442//1976 1484//1979 1444//1980
f 1446//1977 1549//1981 1548//1982
f 1484//1979 1448//1983 1444//1980
f 1452//1984 1549//1981 1447//1985
f 1448//1983 1486//1986 1450//1987
f 1452//1984 1551//1988 1550//1989
f 1486//1986 1454//1990 1450//1987
f 1458//1991 1551//1988 1453//1992
f 1454//1990 1488//1993 1456//1994
f 1458//1991 1553//1995 1552//1996
f 1488//1993 1460//1997 1456//1994
f 1464//1998 1553//1995 1459//1999
f 1460//1997 1490//2000 1462//2001
f 1464//1998 1555//2002 1554//2003
f 1490//2000 1466//2004 1462//2001
f 1470//2005 1555//2002 1465//2006
f 1466//2004 1492//2007 1468//2008
f 1470//2005 1557//2009 1556//2010
f 1492//2007 1472//2011 1468//2008
f 1476//2012 1557//2009 1471//2013
f 1472//2011 1494//2014 1474//2015
f 1494//2014 1478//1965 1474//2015
f 1480//1964 1363//2016 1366//2017
f 1434//1952 1543//2018 1477//1950
f 1293//1924 1362//711 1289//711
f 1272//2019 1357//1953 1354//2020
f 1354//2020 1273//2021 1272//2019
f 1273//2021 1348//2022 1274//2023
f 1274//2023 1348//2022 1345//2024
f 1345//2024 1275//2025 1274//2023
f 1275//2025 1339//2026 1276//2027
f 1276//2027 1339//2026 1336//2028
f 1336//2028 1277//2029 1276//2027
f 1277//2029 1330//2030 1278//2031
f 1278//2031 1330//2030 1327//2032
f 1327//2032 1279//2033 1278//2031
f 1279//2033 1321//2034 1280//2035
f 1280//2035 1321//2034 1318//2036
f 1318//2036 1281//2037 1280//2035
f 1281//2037 1312//2038 1282//2039
f 1282//2039 1312//2038 1309//2040
f 1309//2040 1283//2041 1282//2039
f 1283//2041 1303//2042 1284//2043
f 1284//2043 1303//2042 1300//2044
f 1300//2044 1285//2045 1284//2043
f 1285//2045 1294//2046 1286//2047
f 1286//2047 1294//2046 1291//1921
f 1364//2048 1361//2049 1362//2049
f 1365//2050 1360//2051 1361//2052
f 1295//2053 1291//1921 1294//2046
f 1293//2054 1290//2055 1292//2054
f 1296//2056 1292//2054 1295//2056
f 1367//2057 1365//2048 1364//2048
f 1368//2058 1363//2016 1365//2050
f 1297//2059 1295//2053 1294//2046
f 1299//2060 1295//2056 1298//2060
f 1370//2061 1368//2057 1367//2057
f 1369//2062 1368//2058 1371//2063
f 1300//2044 1298//2064 1297//2059
f 1302//2065 1298//2060 1301//2065
f 1373//2066 1371//2061 1370//2061
f 1372//2067 1371//2063 1374//2068
f 1304//2069 1300//2044 1303//2042
f 1304//2070 1302//2065 1301//2065
f 1377//2071 1373//2066 1376//2071
f 1377//2072 1372//2067 1374//2068
f 1307//2073 1303//2042 1306//2074
f 1307//2075 1305//2070 1304//2070
f 1380//2076 1376//2071 1379//2076
f 1380//2077 1375//2078 1377//2072
f 1310//2079 1306//2074 1309//2040
f 1311//2080 1307//2075 1310//2081
f 1382//2082 1380//2076 1379//2076
f 1383//2083 1378//2084 1380//2077
f 1312//2038 1310//2079 1309//2040
f 1314//2085 1310//2081 1313//2086
f 1385//2087 1383//2082 1382//2082
f 1384//2088 1383//2083 1386//2089
f 1316//2090 1312//2038 1315//2091
f 1316//2092 1314//2085 1313//2086
f 1389//2093 1385//2087 1388//2093
f 1389//2094 1384//2088 1386//2089
f 1318//2036 1316//2090 1315//2091
f 1319//2095 1317//2096 1316//2092
f 1392//2097 1388//2093 1391//2098
f 1390//2099 1389//2094 1392//2100
f 1321//2034 1319//2101 1318//2036
f 1323//2102 1319//2095 1322//2102
f 1394//2103 1392//2097 1391//2098
f 1393//2104 1392//2100 1395//2105
f 1324//2106 1322//2107 1321//2034
f 1326//2108 1322//2102 1325//2108
f 1397//2109 1395//2103 1394//2103
f 1396//2110 1395//2105 1398//2111
f 1328//2112 1324//2106 1327//2032
f 1329//2113 1325//2108 1328//2113
f 1400//2114 1398//2109 1397//2109
f 1401//2115 1396//2110 1398//2111
f 1331//2116 1327//2032 1330//2030
f 1332//2117 1328//2113 1331//2117
f 1403//2118 1401//2114 1400//2114
f 1404//2119 1399//2120 1401//2115
f 1333//2121 1331//2116 1330//2030
f 1335//2122 1331//2117 1334//2122
f 1406//2123 1404//2118 1403//2118
f 1405//2124 1404//2119 1407//2125
f 1336//2028 1334//2126 1333//2121
f 1338//2127 1334//2122 1337//2127
f 1409//2128 1407//2123 1406//2123
f 1408//2129 1407//2125 1410//2130
f 1340//2131 1336//2028 1339//2026
f 1340//2132 1338//2127 1337//2127
f 1413//2133 1409//2128 1412//2133
f 1413//2134 1408//2129 1410//2130
f 1343//2135 1339//2026 1342//2136
f 1343//2137 1341//2132 1340//2132
f 1416//2138 1412//2133 1415//2138
f 1416//2139 1411//2140 1413//2134
f 1346//2141 1342//2136 1345//2024
f 1346//2142 1344//2143 1343//2137
f 1418//2144 1416//2138 1415//2138
f 1417//2145 1416//2139 1419//2146
f 1348//2022 1346//2141 1345//2024
f 1349//2147 1347//2142 1346//2142
f 1421//2148 1419//2144 1418//2144
f 1420//2149 1419//2146 1422//2150
f 1352//2151 1348//2022 1351//2152
f 1352//2153 1350//2147 1349//2147
f 1425//2154 1421//2148 1424//2154
f 1425//2155 1420//2149 1422//2150
f 1355//2156 1351//2152 1354//2020
f 1355//2157 1353//2153 1352//2153
f 1428//2158 1424//2154 1427//2158
f 1428//2159 1423//2160 1425//2155
f 1357//1953 1355//2156 1354//2020
f 1358//2161 1356//2157 1355//2157
f 1431//2162 1427//2158 1430//2162
f 1429//2163 1428//2159 1431//2164
f 1288//1922 1358//2165 1357//1953
f 1358//2161 1289//2055 1359//2161
f 1362//2049 1431//2162 1430//2162
f 1431//2164 1360//2051 1429//2163
f 1289//711 1430//2166 1359//1949
f 1479//2167 1432//2168 1433//1951
f 1433//1951 1435//1970 1434//1952
f 1432//2168 1437//2169 1433//1951
f 1439//2170 1435//1970 1437//2169
f 1438//1973 1437//2169 1436//1971
f 1439//2170 1441//1978 1440//1969
f 1438//1973 1443//2171 1439//2170
f 1445//2172 1441//1978 1443//2171
f 1444//1980 1443//2171 1442//1976
f 1445//2172 1447//1985 1446//1977
f 1444//1980 1449//2173 1445//2172
f 1451//2174 1447//1985 1449//2173
f 1450//1987 1449//2173 1448//1983
f 1451//2174 1453//1992 1452//1984
f 1450//1987 1455//2175 1451//2174
f 1457//2176 1453//1992 1455//2175
f 1456//1994 1455//2175 1454//1990
f 1457//2176 1459//1999 1458//1991
f 1456//1994 1461//2177 1457//2176
f 1463//2178 1459//1999 1461//2177
f 1462//2001 1461//2177 1460//1997
f 1463//2178 1465//2006 1464//1998
f 1462//2001 1467//2179 1463//2178
f 1469//2180 1465//2006 1467//2179
f 1468//2008 1467//2179 1466//2004
f 1469//2180 1471//2013 1470//2005
f 1468//2008 1473//2181 1469//2180
f 1475//2182 1471//2013 1473//2181
f 1474//2015 1473//2181 1472//2011
f 1475//2182 1477//1950 1476//2012
f 1474//2015 1479//2167 1475//2182
f 1476//2012 1543//2018 1558//2183
f 1480//1964 1436//1971 1432//2168
f 1495//1966 1429//2163 1360//2051
f 1494//2014 1426//2184 1429//2163
f 1493//2185 1426//2184 1494//2014
f 1493//2185 1420//2149 1423//2160
f 1492//2007 1417//2145 1420//2149
f 1491//2186 1417//2145 1492//2007
f 1491//2186 1411//2140 1414//2187
f 1490//2000 1408//2129 1411//2140
f 1489//2188 1408//2129 1490//2000
f 1489//2188 1402//2189 1405//2124
f 1488//1993 1399//2120 1402//2189
f 1487//2190 1399//2120 1488//1993
f 1487//2190 1393//2104 1396//2110
f 1486//1986 1390//2099 1393//2104
f 1485//2191 1390//2099 1486//1986
f 1485//2191 1384//2088 1387//2192
f 1484//1979 1381//2193 1384//2088
f 1483//2194 1381//2193 1484//1979
f 1483//2194 1375//2078 1378//2084
f 1482//1972 1372//2067 1375//2078
f 1481//2195 1372//2067 1482//1972
f 1481//2195 1366//2017 1369//2062
f 1495//1966 1363//2016 1480//1964
f 1496//1774 1501//1774 1543//1774
f 1504//2196 1286//2047 1503//2197
f 1284//2043 1504//2196 1505//2198
f 1506//2199 1284//2043 1505//2198
f 1282//2039 1506//2199 1507//2200
f 1508//2201 1282//2039 1507//2200
f 1280//2035 1508//2201 1509//2202
f 1510//2203 1280//2035 1509//2202
f 1278//2031 1510//2203 1511//2204
f 1512//2205 1278//2031 1511//2204
f 1276//2027 1512//2205 1513//2206
f 1514//2207 1276//2027 1513//2206
f 1274//2023 1514//2207 1515//2208
f 1516//2209 1274//2023 1515//2208
f 1272//2019 1516//2209 1517//2210
f 1502//2211 1272//2019 1517//2210
f 1519//1955 1520//2212 1542//2213
f 1503//2214 1520//2215 1521//2214
f 1538//2216 1513//2217 1536//2218
f 1532//2219 1509//2220 1530//2220
f 1515//2221 1538//2216 1539//2221
f 1526//2222 1505//2223 1524//2224
f 1511//2225 1532//2219 1533//2226
f 1507//2227 1526//2222 1527//2227
f 1541//2228 1515//2221 1539//2221
f 1535//2229 1511//2225 1533//2226
f 1517//2230 1541//2228 1542//2230
f 1560//1774 1564//1774 1559//1774
f 1529//2231 1507//2227 1527//2227
f 1513//2217 1535//2229 1536//2218
f 1523//2232 1503//2214 1521//2214
f 1509//2220 1529//2231 1530//2220
f 1505//2223 1523//2232 1524//2224
f 1521//2233 1519//1955 1522//1961
f 1523//2234 1521//2233 1522//1961
f 1524//2235 1522//1961 1525//1960
f 1526//2236 1524//2235 1525//1960
f 1527//2237 1525//1960 1528//1959
f 1529//2238 1527//2237 1528//1959
f 1530//2239 1528//1959 1531//1958
f 1532//2240 1530//2239 1531//1958
f 1533//2241 1531//1958 1534//1957
f 1535//2242 1533//2241 1534//1957
f 1536//2243 1534//1957 1537//1956
f 1538//2244 1536//2243 1537//1956
f 1539//2245 1537//1956 1540//1954
f 1541//2246 1539//2245 1540//1954
f 1542//2213 1540//1954 1519//1955
f 1517//2230 1520//2215 1502//2215
f 1496//1774 1544//1774 1545//1774
f 1554//1774 1499//1774 1553//1774
f 1501//1774 1500//1774 1556//1774
f 1546//1774 1547//1774 1497//1774
f 1500//1774 1499//1774 1554//1774
f 1551//1774 1552//1774 1499//1774
f 1499//1774 1552//1774 1553//1774
f 1549//1774 1550//1774 1498//1774
f 1499//1774 1498//1774 1551//1774
f 1551//1774 1498//1774 1550//1774
f 1497//1774 1547//1774 1548//1774
f 1548//1774 1549//1774 1498//1774
f 1554//1774 1555//1774 1500//1774
f 1546//1774 1496//1774 1545//1774
f 1498//1774 1497//1774 1548//1774
f 1557//1774 1558//1774 1501//1774
f 1558//1774 1543//1774 1501//1774
f 1497//1774 1496//1774 1546//1774
f 1561//1774 1563//1774 1560//1774
f 1556//1774 1557//1774 1501//1774
f 1559//711 1501//711 1496//711
f 1498//1932 1560//1932 1497//1932
f 1500//1941 1562//1941 1499//1941
f 1499//1936 1561//1936 1498//1936
f 1497//1926 1559//1926 1496//1926
f 1544//1774 1496//1774 1543//1774
f 1500//1774 1555//1774 1556//1774
f 1501//1946 1563//1946 1500//1946
f 1519//1955 1518//1786 1522//1961
f 1502//2211 1286//2047 1287//1920
f 1584//2247 1580//2248 1581//2249
f 1657//1924 1589//1923 1586//1924
f 1660//1923 1592//1925 1589//1923
f 1663//1927 1595//1926 1592//1925
f 1666//1926 1598//1928 1595//1926
f 1669//1930 1601//1929 1598//1928
f 1672//1929 1604//1931 1601//1929
f 1675//1931 1607//1932 1604//1931
f 1678//1932 1610//1933 1607//1932
f 1681//1933 1613//1934 1610//1933
f 1684//1934 1616//1935 1613//1934
f 1687//1937 1619//1936 1616//1935
f 1690//1936 1622//1938 1619//1936
f 1693//1938 1625//1939 1622//1938
f 1696//1939 1628//1940 1625//1939
f 1699//1942 1631//1941 1628//1940
f 1702//1941 1634//1943 1631//1941
f 1705//1943 1637//1944 1634//1943
f 1708//1944 1640//1945 1637//1944
f 1711//1945 1643//1946 1640//1945
f 1714//1946 1646//1947 1643//1946
f 1717//1947 1649//1948 1646//1947
f 1720//1948 1652//1949 1649//1948
f 1770//2250 1726//2251 1772//2252
f 1650//2253 1580//2248 1565//2254
f 1833//2255 1812//2256 1811//1774
f 1830//2257 1833//2255 1811//1774
f 1827//2258 1830//2257 1811//1774
f 1824//2259 1827//2258 1811//1774
f 1821//2260 1824//2259 1811//1774
f 1818//2261 1821//2260 1811//1774
f 1815//2262 1818//2261 1811//1774
f 1585//2263 1581//2249 1583//2264
f 1773//2265 1771//2266 1725//2267
f 1727//2268 1838//2269 1728//2270
f 1838//2269 1733//2271 1728//2270
f 1729//2272 1775//2273 1774//2274
f 1733//2271 1840//2275 1734//2276
f 1735//2277 1775//2273 1731//2278
f 1840//2275 1739//2279 1734//2276
f 1735//2277 1777//2280 1776//2281
f 1739//2279 1842//2282 1740//2283
f 1741//2284 1777//2280 1737//2285
f 1842//2282 1745//2286 1740//2283
f 1741//2284 1779//2287 1778//2288
f 1745//2286 1844//2289 1746//2290
f 1747//2291 1779//2287 1743//2292
f 1844//2289 1751//2293 1746//2290
f 1747//2291 1781//2294 1780//2295
f 1751//2293 1846//2296 1752//2297
f 1753//2298 1781//2294 1749//2299
f 1846//2296 1757//2300 1752//2297
f 1753//2298 1783//2301 1782//2302
f 1757//2300 1848//2303 1758//2304
f 1759//2305 1783//2301 1755//2306
f 1848//2303 1763//2307 1758//2304
f 1759//2305 1785//2308 1784//2309
f 1763//2307 1850//2310 1764//2311
f 1765//2312 1785//2308 1761//2313
f 1850//2310 1769//2314 1764//2311
f 1765//2312 1787//2315 1786//2316
f 1771//2266 1787//2315 1767//2317
f 1773//2265 1659//2318 1656//2319
f 1727//2268 1836//2320 1837//2321
f 1655//711 1586//1924 1582//711
f 1565//2254 1647//2322 1650//2253
f 1566//2323 1647//2322 1565//2254
f 1566//2323 1641//2324 1644//2325
f 1567//2326 1638//2327 1641//2324
f 1568//2328 1638//2327 1567//2326
f 1568//2328 1632//2329 1635//2330
f 1569//2331 1629//2332 1632//2329
f 1570//2333 1629//2332 1569//2331
f 1570//2333 1623//2334 1626//2335
f 1571//2336 1620//2337 1623//2334
f 1572//2338 1620//2337 1571//2336
f 1572//2338 1614//2339 1617//2340
f 1573//2341 1611//2342 1614//2339
f 1574//2343 1611//2342 1573//2341
f 1574//2343 1605//2344 1608//2345
f 1575//2346 1602//2347 1605//2344
f 1576//2348 1602//2347 1575//2346
f 1576//2348 1596//2349 1599//2350
f 1577//2351 1593//2352 1596//2349
f 1578//2353 1593//2352 1577//2351
f 1578//2353 1587//2354 1590//2355
f 1579//2356 1584//2247 1587//2354
f 1657//2054 1654//2357 1658//2054
f 1658//1962 1653//2358 1656//2319
f 1584//2247 1588//2359 1587//2354
f 1583//2049 1586//2360 1585//2360
f 1585//2360 1589//2057 1588//2057
f 1660//2361 1658//2054 1661//2361
f 1661//2362 1656//2319 1659//2318
f 1590//2355 1588//2359 1591//2363
f 1588//2057 1592//2364 1591//2364
f 1663//2365 1661//2361 1664//2365
f 1661//2362 1662//2366 1664//2367
f 1593//2352 1591//2363 1594//2368
f 1591//2364 1595//2066 1594//2066
f 1666//2369 1664//2365 1667//2369
f 1664//2367 1665//2370 1667//2371
f 1593//2352 1597//2372 1596//2349
f 1597//2373 1595//2066 1598//2373
f 1666//2369 1670//2070 1669//2070
f 1670//2374 1665//2370 1668//2375
f 1596//2349 1600//2376 1599//2350
f 1600//2377 1598//2373 1601//2377
f 1669//2070 1673//2075 1672//2075
f 1673//2378 1668//2375 1671//2379
f 1599//2350 1603//2380 1602//2347
f 1600//2377 1604//2082 1603//2381
f 1675//2081 1673//2075 1676//2081
f 1676//2382 1671//2379 1674//2383
f 1605//2344 1603//2380 1606//2384
f 1603//2381 1607//2385 1606//2386
f 1678//2387 1676//2081 1679//2387
f 1676//2382 1677//2388 1679//2389
f 1605//2344 1609//2390 1608//2345
f 1609//2391 1607//2385 1610//2093
f 1678//2387 1682//2092 1681//2092
f 1682//2392 1677//2388 1680//2393
f 1611//2342 1609//2390 1612//2394
f 1612//2395 1610//2093 1613//2395
f 1681//2092 1685//2095 1684//2095
f 1682//2392 1683//2396 1685//2397
f 1614//2339 1612//2394 1615//2398
f 1612//2395 1616//2399 1615//2399
f 1687//2102 1685//2095 1688//2102
f 1685//2397 1686//2400 1688//2401
f 1617//2340 1615//2398 1618//2402
f 1615//2399 1619//2109 1618//2109
f 1690//2403 1688//2102 1691//2403
f 1688//2401 1689//2404 1691//2405
f 1617//2340 1621//2406 1620//2337
f 1618//2109 1622//2114 1621//2114
f 1693//2407 1691//2403 1694//2407
f 1694//2408 1689//2404 1692//2409
f 1620//2337 1624//2410 1623//2334
f 1621//2114 1625//2411 1624//2411
f 1696//2117 1694//2407 1697//2117
f 1697//2412 1692//2409 1695//2413
f 1626//2335 1624//2410 1627//2414
f 1624//2411 1628//2415 1627//2415
f 1699//2416 1697//2117 1700//2416
f 1697//2412 1698//2417 1700//2418
f 1629//2332 1627//2414 1630//2419
f 1627//2415 1631//2128 1630//2128
f 1702//2420 1700//2416 1703//2420
f 1700//2418 1701//2421 1703//2422
f 1629//2332 1633//2423 1632//2329
f 1633//2424 1631//2128 1634//2424
f 1702//2420 1706//2425 1705//2425
f 1706//2426 1701//2421 1704//2427
f 1632//2329 1636//2428 1635//2330
f 1636//2138 1634//2424 1637//2138
f 1705//2425 1709//2429 1708//2429
f 1709//2430 1704//2427 1707//2431
f 1635//2330 1639//2432 1638//2327
f 1639//2433 1637//2138 1640//2433
f 1711//2434 1709//2429 1712//2434
f 1709//2430 1710//2435 1712//2141
f 1641//2324 1639//2432 1642//2436
f 1642//2148 1640//2433 1643//2148
f 1714//2437 1712//2434 1715//2437
f 1712//2141 1713//2438 1715//2439
f 1641//2324 1645//2440 1644//2325
f 1645//2441 1643//2148 1646//2441
f 1714//2437 1718//2153 1717//2153
f 1718//2151 1713//2438 1716//2442
f 1644//2325 1648//2443 1647//2322
f 1648//2158 1646//2441 1649//2158
f 1717//2153 1721//2444 1720//2444
f 1721//2445 1716//2442 1719//2446
f 1650//2253 1648//2443 1651//2447
f 1651//2448 1649//2158 1652//2162
f 1720//2444 1724//2161 1723//2161
f 1721//2445 1722//2449 1724//2450
f 1651//2447 1581//2249 1650//2253
f 1651//2448 1582//2049 1583//2049
f 1724//2161 1655//2357 1723//2161
f 1724//2450 1653//2358 1654//2451
f 1582//711 1723//2166 1655//711
f 1772//2252 1725//2267 1771//2266
f 1726//2251 1728//2270 1730//2452
f 1725//2267 1730//2452 1729//2272
f 1728//2270 1732//2453 1730//2452
f 1730//2452 1731//2278 1729//2272
f 1732//2453 1734//2276 1736//2454
f 1731//2278 1736//2454 1735//2277
f 1734//2276 1738//2455 1736//2454
f 1736//2454 1737//2285 1735//2277
f 1738//2455 1740//2283 1742//2456
f 1737//2285 1742//2456 1741//2284
f 1740//2283 1744//2457 1742//2456
f 1742//2456 1743//2292 1741//2284
f 1744//2457 1746//2290 1748//2458
f 1743//2292 1748//2458 1747//2291
f 1746//2290 1750//2459 1748//2458
f 1748//2458 1749//2299 1747//2291
f 1750//2459 1752//2297 1754//2460
f 1749//2299 1754//2460 1753//2298
f 1752//2297 1756//2461 1754//2460
f 1754//2460 1755//2306 1753//2298
f 1756//2461 1758//2304 1760//2462
f 1755//2306 1760//2462 1759//2305
f 1758//2304 1762//2463 1760//2462
f 1760//2462 1761//2313 1759//2305
f 1762//2463 1764//2311 1766//2464
f 1761//2313 1766//2464 1765//2312
f 1764//2311 1768//2465 1766//2464
f 1766//2464 1767//2317 1765//2312
f 1768//2465 1770//2250 1772//2252
f 1767//2317 1772//2252 1771//2266
f 1769//2314 1836//2320 1770//2250
f 1729//2272 1773//2265 1725//2267
f 1788//2466 1722//2449 1787//2315
f 1787//2315 1722//2449 1719//2446
f 1719//2446 1786//2316 1787//2315
f 1786//2316 1713//2438 1785//2308
f 1785//2308 1713//2438 1710//2435
f 1710//2435 1784//2309 1785//2308
f 1784//2309 1704//2427 1783//2301
f 1783//2301 1704//2427 1701//2421
f 1701//2421 1782//2302 1783//2301
f 1782//2302 1695//2413 1781//2294
f 1781//2294 1695//2413 1692//2409
f 1692//2409 1780//2295 1781//2294
f 1780//2295 1686//2400 1779//2287
f 1779//2287 1686//2400 1683//2396
f 1683//2396 1778//2288 1779//2287
f 1778//2288 1677//2388 1777//2280
f 1777//2280 1677//2388 1674//2383
f 1674//2383 1776//2281 1777//2280
f 1776//2281 1668//2375 1775//2273
f 1775//2273 1668//2375 1665//2370
f 1665//2370 1774//2274 1775//2273
f 1774//2274 1659//2318 1773//2265
f 1656//2319 1788//2466 1773//2265
f 1789//1786 1836//1786 1794//1786
f 1797//2467 1579//2356 1578//2353
f 1797//2467 1577//2351 1798//2468
f 1799//2469 1577//2351 1576//2348
f 1799//2469 1575//2346 1800//2470
f 1801//2471 1575//2346 1574//2343
f 1801//2471 1573//2341 1802//2472
f 1803//2473 1573//2341 1572//2338
f 1803//2473 1571//2336 1804//2474
f 1805//2475 1571//2336 1570//2333
f 1805//2475 1569//2331 1806//2476
f 1807//2477 1569//2331 1568//2328
f 1807//2477 1567//2326 1808//2478
f 1809//2479 1567//2326 1566//2323
f 1809//2479 1565//2254 1810//2480
f 1795//2481 1565//2254 1580//2248
f 1812//2256 1835//2482 1813//2483
f 1813//2484 1796//2485 1814//2485
f 1831//2486 1806//2487 1807//2488
f 1825//2489 1802//2490 1803//2491
f 1831//2486 1808//2492 1832//2492
f 1819//2493 1798//2494 1799//2493
f 1825//2489 1804//2495 1826//2496
f 1819//2493 1800//2497 1820//2497
f 1834//2498 1808//2492 1809//2499
f 1828//2500 1804//2495 1805//2501
f 1834//2498 1810//2502 1835//2502
f 1857//1786 1853//1786 1852//1786
f 1822//2503 1800//2497 1801//2504
f 1828//2500 1806//2487 1829//2505
f 1816//2506 1796//2485 1797//2506
f 1822//2503 1802//2490 1823//2490
f 1816//2506 1798//2494 1817//2494
f 1814//2507 1812//2256 1813//2483
f 1816//2508 1815//2262 1814//2507
f 1817//2509 1815//2262 1816//2508
f 1819//2510 1818//2261 1817//2509
f 1820//2511 1818//2261 1819//2510
f 1822//2512 1821//2260 1820//2511
f 1823//2513 1821//2260 1822//2512
f 1825//2514 1824//2259 1823//2513
f 1826//2515 1824//2259 1825//2514
f 1828//2516 1827//2258 1826//2515
f 1829//2517 1827//2258 1828//2516
f 1831//2518 1830//2257 1829//2517
f 1832//2519 1830//2257 1831//2518
f 1834//2520 1833//2255 1832//2519
f 1835//2482 1833//2255 1834//2520
f 1813//2484 1810//2502 1795//2484
f 1789//1786 1838//1786 1837//1786
f 1847//1786 1846//1786 1792//1786
f 1794//1786 1849//1786 1793//1786
f 1839//1786 1790//1786 1840//1786
f 1793//1786 1847//1786 1792//1786
f 1844//1786 1792//1786 1845//1786
f 1792//1786 1846//1786 1845//1786
f 1842//1786 1791//1786 1843//1786
f 1792//1786 1844//1786 1791//1786
f 1844//1786 1843//1786 1791//1786
f 1790//1786 1841//1786 1840//1786
f 1841//1786 1791//1786 1842//1786
f 1847//1786 1793//1786 1848//1786
f 1839//1786 1838//1786 1789//1786
f 1791//1786 1841//1786 1790//1786
f 1850//1786 1794//1786 1851//1786
f 1851//1786 1794//1786 1836//1786
f 1790//1786 1839//1786 1789//1786
f 1856//1786 1854//1786 1853//1786
f 1849//1786 1794//1786 1850//1786
f 1794//711 1852//711 1789//711
f 1853//1932 1791//1932 1790//1932
f 1855//1941 1793//1941 1792//1941
f 1854//1936 1792//1936 1791//1936
f 1852//1926 1790//1926 1789//1926
f 1837//1786 1836//1786 1789//1786
f 1793//1786 1849//1786 1848//1786
f 1856//1946 1794//1946 1793//1946
f 1812//2256 1815//2262 1811//1774
f 1579//2356 1795//2481 1580//2248
f 1951//2521 1861//2522 1881//2523
f 1882//2524 1965//2525 1964//2526
f 1953//2527 1867//2528 1865//2529
f 1961//2530 1872//2531 1962//2532
f 1955//2533 1883//2534 1868//2535
f 1957//2536 1877//2537 1958//2538
f 1962//2532 1884//2539 1963//2540
f 1959//2541 1885//2542 1960//2543
f 1865//2529 1964//2526 1953//2527
f 1859//2544 1871//2545 1869//2546
f 1863//2547 1952//2548 1951//2549
f 1963//2540 1883//2534 1956//2534
f 1966//2550 1881//2523 1858//2550
f 1960//2543 1873//2551 1961//2530
f 1862//2552 1952//2553 1965//2525
f 1954//2554 1868//2535 1867//2528
f 1879//2555 1966//2550 1858//2550
f 1903//2556 1892//2557 1891//2558
f 1909//2559 1899//2560 1906//2561
f 1906//2561 1898//2562 1904//2563
f 1904//2563 1897//2564 1918//2565
f 1918//2565 1896//2566 1916//2567
f 1916//2567 1895//2568 1914//2569
f 1908//2570 1901//2571 1912//2572
f 1914//2569 1894//2573 1911//2574
f 1907//2575 1894//2573 1893//2576
f 1901//2577 1886//2577 1902//2577
f 1887//2577 1888//2577 1902//2577
f 1891//2578 1892//2579 1902//2577
f 1897//2580 1898//2577 1902//2577
f 1896//2577 1897//2580 1902//2577
f 1890//2577 1891//2578 1902//2577
f 1886//2577 1887//2577 1902//2577
f 1908//2570 1887//2581 1886//2582
f 1912//2572 1900//2583 1909//2559
f 1910//2584 1888//2585 1887//2581
f 1913//2586 1889//2587 1888//2585
f 1915//2588 1890//2589 1889//2587
f 1917//2590 1891//2558 1890//2589
f 1905//2591 1893//2576 1892//2557
f 1895//2580 1896//2577 1902//2577
f 1894//2577 1895//2580 1902//2577
f 1889//2592 1890//2577 1902//2577
f 1900//2580 1901//2577 1902//2577
f 1893//2577 1894//2577 1902//2577
f 1888//2577 1889//2592 1902//2577
f 1899//2577 1900//2580 1902//2577
f 1892//2579 1893//2577 1902//2577
f 1898//2577 1899//2577 1902//2577
f 1906//2593 1943//2594 1909//2595
f 1937//2596 1922//2597 1921//2598
f 1945//2599 1950//2600 1946//2601
f 1911//2602 1924//2603 1914//2604
f 1947//2605 1944//2606 1943//2607
f 1904//2608 1932//2609 1935//2610
f 1903//2611 1949//2612 1905//2613
f 1920//2614 1942//2615 1919//2616
f 1904//2608 1947//2617 1906//2593
f 1943//2607 1938//2618 1937//2596
f 1939//2619 1946//2601 1940//2620
f 1949//2621 1934//2622 1950//2600
f 1912//2623 1943//2594 1937//2624
f 1905//2613 1945//2625 1907//2626
f 1910//2627 1921//2628 1941//2629
f 1939//2619 1923//2630 1924//2631
f 1911//2602 1945//2625 1939//2632
f 1928//2633 1931//2634 1932//2635
f 1926//2636 1919//2616 1925//2637
f 1924//2631 1927//2638 1928//2633
f 1917//2639 1933//2640 1903//2611
f 1918//2641 1928//2642 1932//2609
f 1916//2643 1924//2603 1928//2642
f 1910//2627 1920//2644 1913//2645
f 1941//2646 1922//2597 1942//2615
f 1915//2647 1930//2648 1917//2639
f 1908//2649 1937//2624 1921//2628
f 1930//2650 1925//2637 1929//2651
f 1932//2635 1936//2652 1935//2653
f 1915//2647 1920//2644 1926//2654
f 1935//2653 1948//2655 1947//2605
f 1933//2656 1929//2651 1934//2622
f 1958//2538 1876//2657 1959//2541
f 1859//2658 1966//2659 1957//2660
f 1866//2661 1954//2662 1953//2663
f 1874//2664 1962//2665 1963//2666
f 1878//2667 1860//2667 1871//2667
f 1955//2668 1954//2662 1866//2661
f 1878//2669 1958//2670 1959//2671
f 1866//2661 1953//2663 1964//2672
f 1874//2664 1961//2673 1962//2665
f 1870//2674 1860//2675 1874//2676
f 1878//2669 1959//2671 1960//2677
f 1870//2678 1864//2679 1880//2680
f 1871//2681 1880//2682 1869//2683
f 1863//2684 1864//2684 1866//2684
f 1863//2547 1965//2685 1952//2548
f 1859//2686 1875//2687 1863//2688
f 1875//2689 1880//2682 1864//2690
f 2060//2691 1970//2522 1990//2692
f 1991//2524 2074//2693 2073//2526
f 2062//2527 1976//2528 1974//2694
f 2070//2530 1981//2695 2071//2696
f 2064//2697 1992//2698 1977//2699
f 2066//2700 1986//2537 2067//2701
f 2071//2696 1993//2702 2072//2703
f 2068//2704 1994//2542 2069//2543
f 1974//2694 2073//2526 2062//2527
f 1968//2705 1980//2706 1978//2707
f 1972//2708 2061//2665 2060//2666
f 2072//2703 1992//2698 2065//2698
f 2075//2709 1990//2692 1967//2710
f 2069//2543 1982//2551 2070//2530
f 1971//2711 2061//2712 2074//2693
f 2063//2554 1977//2699 1976//2528
f 1988//2713 2075//2709 1967//2710
f 2012//2714 2001//2715 2000//2716
f 2018//2717 2008//2718 2015//2719
f 2015//2719 2007//2720 2013//2721
f 2013//2721 2006//2722 2027//2723
f 2027//2723 2005//2724 2025//2725
f 2025//2725 2004//2726 2023//2727
f 2017//2728 2010//2729 2021//2730
f 2023//2727 2003//2731 2020//2732
f 2016//2733 2003//2731 2002//2734
f 2010//2735 1995//2735 2011//2735
f 1996//2736 1997//2737 2011//2735
f 2000//2738 2001//2738 2011//2735
f 2006//2735 2007//2735 2011//2735
f 2005//2735 2006//2735 2011//2735
f 1999//2739 2000//2738 2011//2735
f 1995//2735 1996//2736 2011//2735
f 2017//2728 1996//2740 1995//2741
f 2021//2730 2009//2742 2018//2717
f 2019//2743 1997//2744 1996//2740
f 2022//2745 1998//2746 1997//2744
f 2024//2747 1999//2748 1998//2746
f 2026//2749 2000//2716 1999//2748
f 2014//2750 2002//2734 2001//2715
f 2004//2735 2005//2735 2011//2735
f 2003//2737 2004//2735 2011//2735
f 1998//2751 1999//2739 2011//2735
f 2009//2735 2010//2735 2011//2735
f 2002//2736 2003//2737 2011//2735
f 1997//2737 1998//2751 2011//2735
f 2008//2739 2009//2735 2011//2735
f 2001//2738 2002//2736 2011//2735
f 2007//2735 2008//2739 2011//2735
f 2015//2752 2052//2753 2018//2754
f 2046//2755 2031//2756 2030//2756
f 2054//2757 2059//2758 2055//2759
f 2020//2760 2033//2761 2023//2762
f 2056//2763 2053//2764 2052//2765
f 2013//2766 2041//2767 2044//2768
f 2012//2752 2058//2769 2014//2770
f 2029//2771 2051//2772 2028//2773
f 2013//2766 2056//2774 2015//2752
f 2052//2765 2047//2775 2046//2755
f 2048//2776 2055//2759 2049//2777
f 2058//2778 2043//2779 2059//2758
f 2021//2780 2052//2753 2046//2781
f 2014//2770 2054//2782 2016//2783
f 2019//2784 2030//2785 2050//2786
f 2048//2776 2032//2787 2033//2788
f 2020//2760 2054//2782 2048//2789
f 2037//2790 2040//2791 2041//2792
f 2035//2793 2028//2773 2034//2794
f 2033//2788 2036//2795 2037//2790
f 2026//2796 2042//2774 2012//2752
f 2027//2797 2037//2798 2041//2767
f 2025//2799 2033//2761 2037//2798
f 2019//2784 2029//2800 2022//2801
f 2050//2802 2031//2756 2051//2772
f 2024//2803 2039//2804 2026//2796
f 2017//2805 2046//2781 2030//2785
f 2039//2806 2034//2794 2038//2807
f 2041//2792 2045//2808 2044//2809
f 2024//2803 2029//2800 2035//2810
f 2044//2809 2057//2811 2056//2763
f 2042//2812 2038//2807 2043//2779
f 2067//2701 1985//2813 2068//2704
f 1968//2814 2075//2815 2066//2816
f 1975//2817 2063//2818 2062//2819
f 1983//2708 2071//2665 2072//2666
f 1987//2667 1969//2667 1980//2667
f 2064//2816 2063//2818 1975//2817
f 1987//2820 2067//2818 2068//2821
f 1975//2817 2062//2819 2073//2822
f 1983//2708 2070//2823 2071//2665
f 1979//2824 1969//2825 1983//2676
f 1987//2820 2068//2821 2069//2677
f 1979//2678 1973//2826 1989//2827
f 1980//2681 1989//2682 1978//2683
f 1972//2684 1973//2684 1975//2684
f 1972//2708 2074//2823 2061//2665
f 1968//2828 1984//2687 1972//2688
f 1984//2829 1989//2682 1973//2690
f 2169//2830 2079//2831 2099//2692
f 2100//2832 2183//2833 2182//2834
f 2171//2527 2085//2528 2083//2835
f 2179//2530 2090//2531 2180//2532
f 2173//2697 2101//2698 2086//2699
f 2175//2700 2095//2537 2176//2701
f 2180//2532 2102//2836 2181//2703
f 2177//2704 2103//2542 2178//2543
f 2083//2835 2182//2834 2171//2527
f 2077//2837 2089//2706 2087//2707
f 2081//2708 2170//2665 2169//2666
f 2181//2703 2101//2698 2174//2698
f 2184//2709 2099//2692 2076//2709
f 2178//2543 2091//2551 2179//2530
f 2080//2838 2170//2839 2183//2833
f 2172//2554 2086//2699 2085//2528
f 2097//2713 2184//2709 2076//2709
f 2121//2840 2110//2841 2109//2842
f 2127//2843 2117//2844 2124//2845
f 2124//2845 2116//2846 2122//2847
f 2122//2847 2115//2848 2136//2849
f 2136//2849 2114//2850 2134//2851
f 2134//2851 2113//2852 2132//2853
f 2126//2854 2119//2855 2130//2856
f 2132//2853 2112//2857 2129//2858
f 2125//2859 2112//2857 2111//2860
f 2119//2861 2104//2861 2120//2861
f 2105//2862 2106//2863 2120//2861
f 2109//2861 2110//2864 2120//2861
f 2115//2865 2116//2861 2120//2861
f 2114//2864 2115//2865 2120//2861
f 2108//2861 2109//2861 2120//2861
f 2104//2861 2105//2862 2120//2861
f 2126//2854 2105//2866 2104//2867
f 2130//2856 2118//2868 2127//2843
f 2128//2869 2106//2870 2105//2866
f 2131//2871 2107//2872 2106//2870
f 2133//2873 2108//2874 2107//2872
f 2135//2875 2109//2842 2108//2874
f 2123//2876 2111//2860 2110//2841
f 2113//2861 2114//2864 2120//2861
f 2112//2861 2113//2861 2120//2861
f 2107//2861 2108//2861 2120//2861
f 2118//2861 2119//2861 2120//2861
f 2111//2864 2112//2861 2120//2861
f 2106//2863 2107//2861 2120//2861
f 2117//2877 2118//2861 2120//2861
f 2110//2864 2111//2864 2120//2861
f 2116//2861 2117//2877 2120//2861
f 2124//2878 2161//2879 2127//2880
f 2155//2881 2140//2882 2139//2883
f 2163//2884 2168//2885 2164//2886
f 2129//2887 2142//2888 2132//2889
f 2165//2890 2162//2891 2161//2892
f 2122//2893 2150//2894 2153//2895
f 2121//2896 2167//2897 2123//2898
f 2138//2899 2160//2900 2137//2901
f 2122//2893 2165//2902 2124//2878
f 2161//2892 2156//2903 2155//2881
f 2157//2904 2164//2886 2158//2905
f 2167//2906 2152//2907 2168//2885
f 2130//2908 2161//2879 2155//2909
f 2123//2898 2163//2910 2125//2911
f 2128//2912 2139//2913 2159//2914
f 2157//2904 2141//2915 2142//2916
f 2129//2887 2163//2910 2157//2917
f 2146//2918 2149//2919 2150//2920
f 2144//2921 2137//2901 2143//2922
f 2142//2916 2145//2923 2146//2918
f 2135//2924 2151//2925 2121//2896
f 2136//2926 2146//2927 2150//2894
f 2134//2928 2142//2888 2146//2927
f 2128//2912 2138//2929 2131//2930
f 2159//2931 2140//2882 2160//2900
f 2133//2932 2148//2933 2135//2924
f 2126//2934 2155//2909 2139//2913
f 2148//2935 2143//2922 2147//2936
f 2150//2920 2154//2937 2153//2938
f 2133//2932 2138//2929 2144//2939
f 2153//2938 2166//2940 2165//2890
f 2151//2941 2147//2936 2152//2907
f 2176//2701 2094//2813 2177//2704
f 2077//2814 2184//2815 2175//2816
f 2084//2942 2172//2818 2171//2943
f 2092//2944 2180//2945 2181//2946
f 2096//2667 2078//2667 2089//2667
f 2173//2816 2172//2818 2084//2942
f 2096//2820 2176//2818 2177//2821
f 2084//2942 2171//2943 2182//2947
f 2092//2944 2179//2673 2180//2945
f 2088//2824 2078//2825 2092//2676
f 2096//2820 2177//2821 2178//2948
f 2088//2678 2082//2826 2098//2680
f 2089//2949 2098//2682 2087//2683
f 2081//2684 2082//2684 2084//2684
f 2081//2708 2183//2823 2170//2665
f 2077//2686 2093//2687 2081//2688
f 2093//2829 2098//2682 2082//2690
f 2278//2950 2188//2951 2208//2952
f 2209//2832 2292//2953 2291//2834
f 2280//2527 2194//2528 2192//2954
f 2288//2530 2199//2955 2289//2532
f 2282//2533 2210//2534 2195//2535
f 2284//2536 2204//2537 2285//2701
f 2289//2532 2211//2702 2290//2703
f 2286//2956 2212//2542 2287//2543
f 2192//2954 2291//2834 2280//2527
f 2186//2837 2198//2706 2196//2957
f 2190//2958 2279//2548 2278//2666
f 2290//2703 2210//2534 2283//2534
f 2293//2550 2208//2952 2185//2550
f 2287//2543 2200//2959 2288//2530
f 2189//2960 2279//2839 2292//2953
f 2281//2554 2195//2535 2194//2528
f 2206//2555 2293//2550 2185//2550
f 2230//2961 2219//2962 2218//2963
f 2236//2964 2226//2965 2233//2966
f 2233//2966 2225//2967 2231//2968
f 2231//2968 2224//2969 2245//2970
f 2245//2970 2223//2971 2243//2972
f 2243//2972 2222//2973 2241//2974
f 2235//2975 2228//2976 2239//2977
f 2241//2974 2221//2978 2238//2979
f 2234//2980 2221//2978 2220//2981
f 2228//2982 2213//2983 2229//2982
f 2214//2982 2215//2982 2229//2982
f 2218//2984 2219//2985 2229//2982
f 2224//2984 2225//2982 2229//2982
f 2223//2986 2224//2984 2229//2982
f 2217//2986 2218//2984 2229//2982
f 2213//2983 2214//2982 2229//2982
f 2235//2975 2214//2987 2213//2988
f 2239//2977 2227//2989 2236//2964
f 2237//2990 2215//2991 2214//2987
f 2240//2992 2216//2993 2215//2991
f 2242//2994 2217//2995 2216//2993
f 2244//2996 2218//2963 2217//2995
f 2232//2997 2220//2981 2219//2962
f 2222//2986 2223//2986 2229//2982
f 2221//2982 2222//2986 2229//2982
f 2216//2998 2217//2986 2229//2982
f 2227//2986 2228//2982 2229//2982
f 2220//2982 2221//2982 2229//2982
f 2215//2982 2216//2998 2229//2982
f 2226//2983 2227//2986 2229//2982
f 2219//2985 2220//2982 2229//2982
f 2225//2982 2226//2983 2229//2982
f 2233//2999 2270//3000 2236//3001
f 2264//3002 2249//3003 2248//3003
f 2272//3004 2277//3005 2273//3006
f 2238//3007 2251//3008 2241//3009
f 2274//3010 2271//3011 2270//3012
f 2231//3013 2259//3014 2262//3015
f 2230//3016 2276//3017 2232//3018
f 2247//3019 2269//3020 2246//3021
f 2231//3013 2274//3022 2233//2999
f 2270//3012 2265//3023 2264//3002
f 2266//3024 2273//3006 2267//3024
f 2276//3025 2261//3026 2277//3005
f 2239//3027 2270//3000 2264//3028
f 2232//3018 2272//3029 2234//3030
f 2237//3031 2248//3032 2268//3033
f 2266//3024 2250//3034 2251//3035
f 2238//3007 2272//3029 2266//3036
f 2255//3037 2258//3038 2259//3039
f 2253//3040 2246//3021 2252//3041
f 2251//3035 2254//3042 2255//3037
f 2244//3043 2260//3044 2230//3016
f 2245//3045 2255//3046 2259//3014
f 2243//3047 2251//3008 2255//3046
f 2237//3031 2247//3048 2240//3049
f 2268//3050 2249//3003 2269//3020
f 2242//3051 2257//3052 2244//3043
f 2239//3027 2248//3032 2235//3053
f 2257//3054 2252//3041 2256//3055
f 2259//3039 2263//3056 2262//3057
f 2242//3051 2247//3048 2253//3058
f 2262//3057 2275//3059 2274//3010
f 2260//3060 2256//3055 2261//3026
f 2285//2701 2203//2813 2286//2956
f 2186//3061 2293//3062 2284//2816
f 2193//2661 2281//2662 2280//2663
f 2201//2664 2289//2665 2290//2666
f 2205//2667 2187//2667 2198//2667
f 2282//2668 2281//2662 2193//2661
f 2205//3063 2285//2670 2286//3064
f 2193//2661 2280//2663 2291//2677
f 2201//2664 2288//2673 2289//2665
f 2197//2674 2187//2675 2201//3065
f 2205//3063 2286//3064 2287//2677
f 2197//3066 2191//2679 2207//3067
f 2198//2681 2207//2682 2196//2683
f 2190//2684 2191//2684 2193//2684
f 2190//2958 2292//2823 2279//2548
f 2186//2686 2202//2687 2190//2688
f 2202//2689 2207//2682 2191//2690
f 2361//3068 2386//3069 2384//3070
f 2451//3071 2298//3072 2297//1774
f 2447//3073 2296//3074 2295//3075
f 2452//3072 2299//3076 2298//3072
f 2456//3077 2301//3078 2300//3079
f 2449//3080 2297//1774 2296//3074
f 2458//3081 2302//3082 2301//3078
f 2303//1786 2464//3083 2304//3069
f 2455//3084 2300//3079 2299//3076
f 2304//3069 2467//3085 2305//3085
f 2300//3086 2311//3086 2299//3086
f 2351//3087 2325//3088 2326//3087
f 2318//3089 2349//3090 2348//3089
f 2294//3086 2317//3086 2305//3086
f 2337//3091 2321//3092 2322//3091
f 2322//3091 2350//3093 2337//3091
f 2315//3094 2326//3095 2314//3095
f 2298//3086 2311//3086 2310//3086
f 2308//3096 2319//3097 2307//3097
f 2304//3086 2317//3086 2316//3086
f 2346//3098 2329//3099 2353//3100
f 2298//3086 2309//3086 2297//3086
f 2307//3097 2318//3101 2306//3101
f 2304//3086 2315//3086 2303//3086
f 2329//3102 2316//3103 2317//3102
f 2313//3086 2300//3086 2301//3086
f 2318//3101 2317//3102 2306//3101
f 2315//3094 2328//3104 2327//3105
f 2348//1457 2331//1457 2330//1457
f 2349//3090 2320//3106 2333//3107
f 2346//3098 2327//3108 2328//3098
f 2351//3087 2327//3108 2352//3108
f 2313//3109 2324//3110 2312//3111
f 2333//3107 2321//3092 2335//3092
f 2309//3112 2320//3096 2308//3096
f 2349//1457 2332//3113 2331//1457
f 2322//3114 2309//3112 2310//3114
f 2307//3086 2294//3086 2295//3115
f 2324//3110 2311//3116 2312//3111
f 2323//3117 2310//3114 2311//3116
f 2302//3086 2313//3086 2301//3086
f 2296//3086 2307//3086 2295//3115
f 2314//3095 2325//3118 2313//3109
f 2315//3086 2302//3086 2303//3086
f 2309//3086 2296//3086 2297//3086
f 2353//3100 2318//3089 2348//3089
f 2350//3093 2324//3119 2340//3120
f 2338//3121 2357//3122 2336//3123
f 2336//3113 2350//1457 2338//1457
f 2333//3113 2334//1457 2332//3113
f 2334//1457 2337//1457 2336//3113
f 2338//1457 2340//1457 2339//1457
f 2340//1457 2341//1457 2339//1457
f 2344//1457 2346//3124 2345//3124
f 2342//1457 2343//3124 2341//1457
f 2351//1457 2344//1457 2343//3124
f 2324//3119 2342//3088 2340//3120
f 2345//3124 2353//1457 2347//1457
f 2347//1457 2348//1457 2330//1457
f 2360//3125 2403//3126 2419//3127
f 2344//3128 2366//3129 2343//3130
f 2347//3131 2384//3070 2345//3132
f 2330//3133 2361//3068 2347//3131
f 2381//3134 2338//3121 2339//3135
f 2378//3136 2331//3137 2332//3138
f 2384//3070 2344//3128 2345//3132
f 2334//3139 2378//3136 2332//3138
f 2439//3140 2392//3141 2438//3141
f 2334//3139 2357//3122 2387//3142
f 2369//3143 2330//3133 2331//3137
f 2341//3144 2381//3134 2339//3135
f 2385//3145 2419//3127 2418//3146
f 2388//3147 2405//3148 2379//3149
f 2382//3150 2414//3151 2412//3152
f 2376//3153 2418//3146 2417//3154
f 2373//3155 2412//3152 2411//3156
f 2379//3149 2404//3157 2370//3158
f 2367//3159 2417//3154 2415//3160
f 2373//3155 2409//3161 2358//3162
f 2370//3158 2403//3126 2363//3163
f 2354//3164 2415//3160 2414//3151
f 2358//3162 2407//3165 2388//3147
f 2362//3085 2385//3145 2386//3069
f 2358//3162 2389//1774 2359//3072
f 2389//1774 2357//3122 2359//3072
f 2356//3078 2382//3150 2383//3079
f 2356//3078 2381//3134 2355//3166
f 2389//1774 2379//3149 2380//3074
f 2387//3142 2380//3074 2378//3136
f 2385//3145 2377//1786 2386//3069
f 2386//3069 2375//3167 2384//3070
f 2382//3150 2374//3076 2383//3079
f 2383//3079 2372//3168 2381//3134
f 2379//3149 2371//3075 2380//3074
f 2380//3074 2369//3143 2378//3136
f 2377//1786 2367//3159 2368//3082
f 2377//1786 2366//3129 2375//3167
f 2374//3076 2358//3162 2359//3072
f 2374//3076 2357//3122 2372//3168
f 2370//3158 2365//3169 2371//3075
f 2369//3143 2365//3169 2364//3170
f 2365//3169 2360//3125 2362//3085
f 2365//3169 2361//3068 2364//3170
f 2368//3082 2354//3164 2356//3078
f 2368//3082 2355//3166 2366//3129
f 2343//3130 2355//3166 2341//3144
f 2391//3171 2406//3172 2392//3172
f 2423//3173 2398//3174 2397//3173
f 2403//3086 2421//3086 2402//3086
f 2437//3175 2392//3141 2393//3175
f 2390//3176 2443//3177 2401//3177
f 2439//3140 2390//3176 2391//3178
f 2394//3179 2435//3180 2436//3179
f 2433//3181 2399//3182 2441//3182
f 2424//3183 2400//3184 2399//3183
f 2425//3086 2417//3086 2418//3086
f 2421//3086 2405//3086 2406//3086
f 2402//3185 2401//3186 2420//3186
f 2392//3172 2408//3187 2393//3187
f 2400//3188 2441//3182 2399//3182
f 2422//3189 2396//3190 2395//3189
f 2401//3186 2425//3184 2420//3186
f 2410//3191 2395//3189 2394//3191
f 2393//3187 2410//3191 2394//3191
f 2433//3181 2397//3192 2398//3193
f 2401//3177 2442//3188 2400//3188
f 2393//3175 2436//3179 2437//3175
f 2397//3173 2413//3190 2423//3173
f 2395//3180 2434//3194 2435//3180
f 2416//3174 2399//3183 2398//3174
f 2410//3086 2411//3086 2422//3086
f 2421//3171 2390//3185 2402//3185
f 2406//3086 2407//3086 2408//3086
f 2414//3086 2416//3086 2423//3086
f 2407//3086 2410//3086 2408//3086
f 2422//3086 2412//3115 2413//3115
f 2416//3086 2417//3086 2424//3086
f 2420//3086 2418//3086 2419//3086
f 2412//3115 2423//3086 2413//3115
f 2420//3086 2403//3086 2402//3086
f 2397//3192 2434//3194 2396//3194
f 2473//3078 2429//3078 2430//3078
f 2467//3085 2294//3169 2305//3085
f 2461//3195 2303//1786 2302//3082
f 2435//1457 2434//1457 2429//1457
f 2437//1457 2436//1457 2428//1457
f 2429//3076 2470//3076 2428//3076
f 2439//1457 2438//1457 2427//1457
f 2470//1774 2427//1774 2428//1774
f 2441//1457 2442//1457 2431//1457
f 2427//3075 2471//3075 2426//3075
f 2443//1457 2440//1457 2426//1457
f 2431//1786 2473//1786 2430//1786
f 2471//3085 2431//3085 2426//3085
f 2432//1457 2433//3124 2430//3124
f 2450//3196 2452//3197 2451//3196
f 2455//3198 2457//3199 2456//3200
f 2456//3200 2459//3201 2458//3201
f 2460//3202 2462//3203 2461//3202
f 2459//3201 2461//3202 2458//3201
f 2462//3203 2465//3204 2464//3204
f 2452//3197 2454//3205 2455//3198
f 2464//3204 2466//3206 2467//3207
f 2449//3208 2450//3196 2451//3196
f 2447//3209 2448//3208 2449//3208
f 2444//3210 2447//3209 2445//3210
f 2445//3210 2466//3206 2444//3210
f 2445//3211 2295//3075 2294//3169
f 2465//3086 2468//3086 2466//3086
f 2466//3086 2468//3086 2444//3086
f 2444//3086 2468//3086 2446//3086
f 2446//3086 2468//3086 2448//3086
f 2448//3086 2468//3086 2450//3086
f 2450//3086 2468//3086 2453//3086
f 2453//3086 2468//3086 2454//3086
f 2454//3086 2468//3086 2457//3086
f 2457//3086 2468//3086 2459//3086
f 2459//3086 2468//3086 2460//3086
f 2460//3086 2468//3086 2463//3086
f 2463//3086 2468//3086 2465//3086
f 2470//1457 2471//1457 2469//1457
f 2471//1457 2473//1457 2472//1457
f 2494//3212 2490//3213 2491//3214
f 2567//3215 2499//3216 2496//3215
f 2570//3216 2502//3217 2499//3216
f 2573//3217 2505//3218 2502//3217
f 2576//3218 2508//3219 2505//3218
f 2579//3220 2511//3221 2508//3219
f 2582//3221 2514//3222 2511//3221
f 2585//3222 2517//3223 2514//3222
f 2588//3223 2520//3224 2517//3223
f 2591//3224 2523//3225 2520//3224
f 2594//3225 2526//3226 2523//3225
f 2597//3226 2529//3227 2526//3226
f 2600//3227 2532//3228 2529//3227
f 2603//3228 2535//3229 2532//3228
f 2606//3229 2538//3230 2535//3229
f 2609//3230 2541//3231 2538//3230
f 2612//3231 2544//3232 2541//3231
f 2615//3232 2547//3233 2544//3232
f 2618//3233 2550//3234 2547//3233
f 2621//3234 2553//3235 2550//3234
f 2624//3235 2556//3236 2553//3235
f 2627//3236 2559//3237 2556//3236
f 2630//3237 2562//3238 2559//3237
f 2680//3239 2636//3240 2682//3241
f 2560//3242 2490//3213 2475//3243
f 2743//3244 2722//3245 2721//1786
f 2740//3246 2743//3244 2721//1786
f 2737//3247 2740//3246 2721//1786
f 2734//3248 2737//3247 2721//1786
f 2731//3249 2734//3248 2721//1786
f 2728//3250 2731//3249 2721//1786
f 2725//3251 2728//3250 2721//1786
f 2495//3252 2491//3214 2493//3253
f 2683//3254 2681//3255 2635//3256
f 2637//3257 2748//3258 2638//3259
f 2748//3258 2643//3260 2638//3259
f 2639//3261 2685//3262 2684//3263
f 2643//3260 2750//3264 2644//3265
f 2645//3266 2685//3262 2641//3267
f 2750//3264 2649//3268 2644//3265
f 2645//3266 2687//3269 2686//3270
f 2649//3268 2752//3271 2650//3272
f 2651//3273 2687//3269 2647//3274
f 2752//3271 2655//3275 2650//3272
f 2651//3273 2689//3276 2688//3277
f 2655//3275 2754//3278 2656//3279
f 2657//3280 2689//3276 2653//3281
f 2754//3278 2661//3282 2656//3279
f 2657//3280 2691//3283 2690//3284
f 2661//3282 2756//3285 2662//3286
f 2663//3287 2691//3283 2659//3288
f 2756//3285 2667//3289 2662//3286
f 2663//3287 2693//3290 2692//3291
f 2667//3289 2758//3292 2668//3293
f 2669//3294 2693//3290 2665//3295
f 2758//3292 2673//3296 2668//3293
f 2669//3294 2695//3297 2694//3298
f 2673//3296 2760//3299 2674//3300
f 2675//3301 2695//3297 2671//3302
f 2760//3299 2679//3303 2674//3300
f 2675//3301 2697//3304 2696//3305
f 2681//3255 2697//3304 2677//3306
f 2683//3254 2569//3307 2566//3308
f 2637//3257 2746//3309 2747//3310
f 2565//931 2496//3215 2492//931
f 2475//3243 2557//3311 2560//3242
f 2476//3312 2557//3311 2475//3243
f 2476//3312 2551//3313 2554//3314
f 2477//3315 2548//3316 2551//3313
f 2478//3317 2548//3316 2477//3315
f 2478//3317 2542//3318 2545//3319
f 2479//3320 2539//3321 2542//3318
f 2480//3322 2539//3321 2479//3320
f 2480//3322 2533//3323 2536//3324
f 2481//3325 2530//3326 2533//3323
f 2482//3327 2530//3326 2481//3325
f 2482//3327 2524//3328 2527//3329
f 2483//3330 2521//3331 2524//3328
f 2484//3332 2521//3331 2483//3330
f 2484//3332 2515//3333 2518//3334
f 2485//3335 2512//3336 2515//3333
f 2486//3337 2512//3336 2485//3335
f 2486//3337 2506//3338 2509//3339
f 2487//3340 2503//3341 2506//3338
f 2488//3342 2503//3341 2487//3340
f 2488//3342 2497//3343 2500//3344
f 2489//3345 2494//3212 2497//3343
f 2567//3346 2564//3347 2568//3346
f 2568//3348 2563//3349 2566//3308
f 2497//3343 2495//3252 2498//3350
f 2493//3351 2496//3352 2495//3352
f 2495//3352 2499//3353 2498//3353
f 2570//3354 2568//3346 2571//3355
f 2568//3348 2569//3307 2571//3356
f 2497//3343 2501//3357 2500//3344
f 2501//3358 2499//3353 2502//3358
f 2570//3354 2574//3359 2573//3360
f 2574//3361 2569//3307 2572//3362
f 2500//3344 2504//3363 2503//3341
f 2504//3364 2502//3358 2505//3364
f 2573//3360 2577//3365 2576//3365
f 2577//3366 2572//3362 2575//3367
f 2506//3338 2504//3363 2507//3368
f 2507//3369 2505//3364 2508//3369
f 2576//3365 2580//3370 2579//3370
f 2577//3366 2578//3371 2580//3372
f 2509//3339 2507//3368 2510//3373
f 2507//3369 2511//3374 2510//3374
f 2582//3375 2580//3370 2583//3375
f 2580//3372 2581//3376 2583//3377
f 2512//3336 2510//3373 2513//3378
f 2510//3374 2514//3379 2513//3379
f 2585//3380 2583//3375 2586//3380
f 2583//3377 2584//3381 2586//3382
f 2515//3333 2513//3378 2516//3383
f 2516//3384 2514//3379 2517//3385
f 2585//3380 2589//3386 2588//3386
f 2586//3382 2587//3387 2589//3388
f 2518//3334 2516//3383 2519//3389
f 2516//3384 2520//3390 2519//3390
f 2591//3391 2589//3386 2592//3391
f 2589//3388 2590//3392 2592//3393
f 2518//3334 2522//3394 2521//3331
f 2519//3390 2523//3395 2522//3395
f 2594//3396 2592//3391 2595//3396
f 2595//3397 2590//3392 2593//3398
f 2521//3331 2525//3399 2524//3328
f 2525//3400 2523//3395 2526//3400
f 2594//3396 2598//3401 2597//3401
f 2598//3402 2593//3398 2596//3403
f 2524//3328 2528//3404 2527//3329
f 2528//3405 2526//3400 2529//3406
f 2597//3401 2601//3407 2600//3407
f 2601//3408 2596//3403 2599//3409
f 2527//3329 2531//3410 2530//3326
f 2531//3411 2529//3406 2532//3411
f 2600//3407 2604//3412 2603//3413
f 2604//3414 2599//3409 2602//3415
f 2533//3323 2531//3410 2534//3416
f 2531//3411 2535//3417 2534//3417
f 2606//3418 2604//3412 2607//3418
f 2604//3414 2605//3419 2607//3420
f 2536//3324 2534//3416 2537//3421
f 2534//3417 2538//3422 2537//3422
f 2609//3423 2607//3418 2610//3423
f 2607//3420 2608//3424 2610//3425
f 2539//3321 2537//3421 2540//3426
f 2540//3427 2538//3422 2541//3427
f 2612//3428 2610//3423 2613//3428
f 2610//3425 2611//3429 2613//3430
f 2542//3318 2540//3426 2543//3431
f 2543//3432 2541//3427 2544//3432
f 2615//3433 2613//3428 2616//3433
f 2613//3430 2614//3434 2616//3435
f 2545//3319 2543//3431 2546//3436
f 2543//3432 2547//3437 2546//3437
f 2618//3438 2616//3433 2619//3438
f 2616//3435 2617//3439 2619//3440
f 2545//3319 2549//3441 2548//3316
f 2546//3437 2550//3442 2549//3442
f 2621//3443 2619//3438 2622//3443
f 2622//3444 2617//3439 2620//3445
f 2548//3316 2552//3446 2551//3313
f 2549//3442 2553//3447 2552//3447
f 2624//3448 2622//3443 2625//3448
f 2625//3449 2620//3445 2623//3450
f 2554//3314 2552//3446 2555//3451
f 2552//3447 2556//3452 2555//3452
f 2627//3453 2625//3448 2628//3453
f 2625//3449 2626//3454 2628//3455
f 2557//3311 2555//3451 2558//3456
f 2555//3452 2559//3457 2558//3458
f 2630//3459 2628//3453 2631//3459
f 2628//3455 2629//3460 2631//3461
f 2560//3242 2558//3456 2561//3462
f 2558//3458 2562//3463 2561//3463
f 2633//3464 2631//3459 2634//3464
f 2631//3461 2632//3465 2634//3466
f 2561//3462 2491//3214 2560//3242
f 2561//3463 2492//3351 2493//3351
f 2634//3464 2565//3347 2633//3464
f 2634//3466 2563//3349 2564//3467
f 2562//3238 2565//931 2492//931
f 2682//3241 2635//3256 2681//3255
f 2636//3240 2638//3259 2640//3468
f 2635//3256 2640//3468 2639//3261
f 2638//3259 2642//3469 2640//3468
f 2640//3468 2641//3267 2639//3261
f 2642//3469 2644//3265 2646//3470
f 2641//3267 2646//3470 2645//3266
f 2644//3265 2648//3471 2646//3470
f 2646//3470 2647//3274 2645//3266
f 2648//3471 2650//3272 2652//3472
f 2647//3274 2652//3472 2651//3273
f 2650//3272 2654//3473 2652//3472
f 2652//3472 2653//3281 2651//3273
f 2654//3473 2656//3279 2658//3474
f 2653//3281 2658//3474 2657//3280
f 2656//3279 2660//3475 2658//3474
f 2658//3474 2659//3288 2657//3280
f 2660//3475 2662//3286 2664//3476
f 2659//3288 2664//3476 2663//3287
f 2662//3286 2666//3477 2664//3476
f 2664//3476 2665//3295 2663//3287
f 2666//3477 2668//3293 2670//3478
f 2665//3295 2670//3478 2669//3294
f 2668//3293 2672//3479 2670//3478
f 2670//3478 2671//3302 2669//3294
f 2672//3479 2674//3300 2676//3480
f 2671//3302 2676//3480 2675//3301
f 2674//3300 2678//3481 2676//3480
f 2676//3480 2677//3306 2675//3301
f 2678//3481 2680//3239 2682//3241
f 2677//3306 2682//3241 2681//3255
f 2679//3303 2746//3309 2680//3239
f 2639//3261 2683//3254 2635//3256
f 2698//3482 2632//3465 2697//3304
f 2697//3304 2632//3465 2629//3460
f 2629//3460 2696//3305 2697//3304
f 2696//3305 2623//3450 2695//3297
f 2695//3297 2623//3450 2620//3445
f 2620//3445 2694//3298 2695//3297
f 2694//3298 2614//3434 2693//3290
f 2693//3290 2614//3434 2611//3429
f 2611//3429 2692//3291 2693//3290
f 2692//3291 2605//3419 2691//3283
f 2691//3283 2605//3419 2602//3415
f 2602//3415 2690//3284 2691//3283
f 2690//3284 2596//3403 2689//3276
f 2689//3276 2596//3403 2593//3398
f 2593//3398 2688//3277 2689//3276
f 2688//3277 2587//3387 2687//3269
f 2687//3269 2587//3387 2584//3381
f 2584//3381 2686//3270 2687//3269
f 2686//3270 2578//3371 2685//3262
f 2685//3262 2578//3371 2575//3367
f 2575//3367 2684//3263 2685//3262
f 2684//3263 2569//3307 2683//3254
f 2566//3308 2698//3482 2683//3254
f 2699//1774 2746//1774 2704//1774
f 2707//3483 2489//3345 2488//3342
f 2707//3483 2487//3340 2708//3484
f 2709//3485 2487//3340 2486//3337
f 2709//3485 2485//3335 2710//3486
f 2711//3487 2485//3335 2484//3332
f 2711//3487 2483//3330 2712//3488
f 2713//3489 2483//3330 2482//3327
f 2713//3489 2481//3325 2714//3490
f 2715//3491 2481//3325 2480//3322
f 2715//3491 2479//3320 2716//3492
f 2717//3493 2479//3320 2478//3317
f 2717//3493 2477//3315 2718//3494
f 2719//3495 2477//3315 2476//3312
f 2719//3495 2475//3243 2720//3496
f 2705//3497 2475//3243 2490//3213
f 2722//3245 2745//3498 2723//3499
f 2723//3500 2706//3501 2724//3501
f 2741//3502 2716//3503 2717//3502
f 2735//3504 2712//3505 2713//3504
f 2741//3502 2718//3506 2742//3506
f 2729//3507 2708//3508 2709//3507
f 2735//3504 2714//3509 2736//3510
f 2729//3507 2710//3511 2730//3511
f 2744//3512 2718//3506 2719//3512
f 2738//3513 2714//3509 2715//3513
f 2744//3512 2720//3514 2745//3514
f 2767//1774 2763//1774 2762//1774
f 2732//3515 2710//3511 2711//3515
f 2738//3513 2716//3503 2739//3516
f 2726//3517 2706//3501 2707//3517
f 2732//3515 2712//3505 2733//3505
f 2726//3517 2708//3508 2727//3508
f 2724//3518 2722//3245 2723//3499
f 2726//3519 2725//3251 2724//3518
f 2727//3520 2725//3251 2726//3519
f 2729//3521 2728//3250 2727//3520
f 2730//3522 2728//3250 2729//3521
f 2732//3523 2731//3249 2730//3522
f 2733//3524 2731//3249 2732//3523
f 2735//3525 2734//3248 2733//3524
f 2736//3526 2734//3248 2735//3525
f 2738//3527 2737//3247 2736//3526
f 2739//3528 2737//3247 2738//3527
f 2741//3529 2740//3246 2739//3528
f 2742//3530 2740//3246 2741//3529
f 2744//3531 2743//3244 2742//3530
f 2745//3498 2743//3244 2744//3531
f 2723//3500 2720//3514 2705//3500
f 2699//1774 2748//1774 2747//1774
f 2757//1774 2756//1774 2702//1774
f 2704//1774 2759//1774 2703//1774
f 2749//1774 2700//1774 2750//1774
f 2703//1774 2757//1774 2702//1774
f 2754//1774 2702//1774 2755//1774
f 2702//1774 2756//1774 2755//1774
f 2752//1774 2701//1774 2753//1774
f 2702//1774 2754//1774 2701//1774
f 2754//1774 2753//1774 2701//1774
f 2700//1774 2751//1774 2750//1774
f 2751//1774 2701//1774 2752//1774
f 2757//1774 2703//1774 2758//1774
f 2749//1774 2748//1774 2699//1774
f 2701//1774 2751//1774 2700//1774
f 2760//1774 2704//1774 2761//1774
f 2761//1774 2704//1774 2746//1774
f 2700//1774 2749//1774 2699//1774
f 2763//1774 2765//1774 2764//1774
f 2759//1774 2704//1774 2760//1774
f 2704//931 2762//931 2699//931
f 2763//3223 2701//3223 2700//3223
f 2765//3231 2703//3231 2702//3231
f 2764//3227 2702//3227 2701//3227
f 2762//3218 2700//3218 2699//3218
f 2747//1774 2746//1774 2699//1774
f 2703//1774 2759//1774 2758//1774
f 2766//3235 2704//3235 2703//3235
f 2722//3245 2725//3251 2721//1786
f 2489//3345 2705//3497 2490//3213
f 2783//3532 2787//3533 2784//3534
f 2792//3216 2860//3215 2789//3215
f 2795//3217 2863//3216 2792//3216
f 2798//3218 2866//3217 2795//3217
f 2801//3219 2869//3218 2798//3218
f 2804//3221 2872//3220 2801//3219
f 2807//3222 2875//3221 2804//3221
f 2810//3223 2878//3222 2807//3222
f 2813//3224 2881//3223 2810//3223
f 2816//3225 2884//3224 2813//3224
f 2819//3226 2887//3225 2816//3225
f 2822//3227 2890//3226 2819//3226
f 2825//3228 2893//3227 2822//3227
f 2828//3229 2896//3228 2825//3228
f 2831//3230 2899//3229 2828//3229
f 2834//3231 2902//3230 2831//3230
f 2837//3232 2905//3231 2834//3231
f 2840//3233 2908//3232 2837//3232
f 2843//3234 2911//3233 2840//3233
f 2846//3235 2914//3234 2843//3234
f 2849//3236 2917//3235 2846//3235
f 2852//3237 2920//3236 2849//3236
f 2855//3238 2923//3237 2852//3237
f 2973//3535 2929//3536 2930//3537
f 2853//3538 2783//3532 2784//3534
f 3036//3539 3014//1774 3015//3540
f 3033//3541 3014//1774 3036//3539
f 3030//3542 3014//1774 3033//3541
f 3027//3543 3014//1774 3030//3542
f 3024//3544 3014//1774 3027//3543
f 3021//3545 3014//1774 3024//3544
f 3018//3546 3014//1774 3021//3545
f 2784//3534 2788//3348 2786//3467
f 2976//3547 2974//3548 2991//3549
f 2930//3537 3041//3550 3040//3551
f 2936//3552 3041//3550 2931//3553
f 2932//3554 2978//3555 2934//3556
f 2936//3552 3043//3557 3042//3558
f 2978//3555 2938//3559 2934//3556
f 2942//3560 3043//3557 2937//3561
f 2938//3559 2980//3562 2940//3563
f 2942//3560 3045//3564 3044//3565
f 2980//3562 2944//3566 2940//3563
f 2948//3567 3045//3564 2943//3568
f 2944//3566 2982//3569 2946//3570
f 2948//3567 3047//3571 3046//3572
f 2982//3569 2950//3573 2946//3570
f 2954//3574 3047//3571 2949//3575
f 2950//3573 2984//3576 2952//3577
f 2954//3574 3049//3578 3048//3579
f 2984//3576 2956//3580 2952//3577
f 2960//3581 3049//3578 2955//3582
f 2956//3580 2986//3583 2958//3584
f 2960//3581 3051//3585 3050//3586
f 2986//3583 2962//3587 2958//3584
f 2966//3588 3051//3585 2961//3589
f 2962//3587 2988//3590 2964//3591
f 2966//3588 3053//3592 3052//3593
f 2988//3590 2968//3594 2964//3591
f 2972//3595 3053//3592 2967//3596
f 2968//3594 2990//3597 2970//3598
f 2990//3597 2974//3548 2970//3598
f 2976//3547 2859//3599 2862//3600
f 2930//3537 3039//3601 2973//3535
f 2789//3215 2858//931 2785//931
f 2768//3602 2853//3538 2850//3603
f 2850//3603 2769//3604 2768//3602
f 2769//3604 2844//3605 2770//3606
f 2770//3606 2844//3605 2841//3607
f 2841//3607 2771//3608 2770//3606
f 2771//3608 2835//3609 2772//3610
f 2772//3610 2835//3609 2832//3611
f 2832//3611 2773//3612 2772//3610
f 2773//3612 2826//3613 2774//3614
f 2774//3614 2826//3613 2823//3615
f 2823//3615 2775//3616 2774//3614
f 2775//3616 2817//3617 2776//3618
f 2776//3618 2817//3617 2814//3619
f 2814//3619 2777//3620 2776//3618
f 2777//3620 2808//3621 2778//3622
f 2778//3622 2808//3621 2805//3623
f 2805//3623 2779//3624 2778//3622
f 2779//3624 2799//3625 2780//3626
f 2780//3626 2799//3625 2796//3627
f 2796//3627 2781//3628 2780//3626
f 2781//3628 2790//3629 2782//3630
f 2782//3630 2790//3629 2787//3533
f 2860//3631 2857//3632 2858//3632
f 2861//3633 2856//3634 2857//3635
f 2790//3629 2788//3348 2787//3533
f 2789//3346 2786//3347 2788//3346
f 2792//3354 2788//3346 2791//3355
f 2863//3636 2861//3631 2860//3631
f 2862//3600 2861//3633 2864//3637
f 2794//3638 2790//3629 2793//3639
f 2794//3640 2792//3354 2791//3355
f 2867//3641 2863//3636 2866//3642
f 2867//3643 2862//3600 2864//3637
f 2797//3366 2793//3639 2796//3627
f 2797//3365 2795//3359 2794//3640
f 2870//3644 2866//3642 2869//3644
f 2870//3645 2865//3646 2867//3643
f 2799//3625 2797//3366 2796//3627
f 2800//3370 2798//3365 2797//3365
f 2873//3647 2869//3644 2872//3647
f 2871//3648 2870//3645 2873//3649
f 2802//3650 2800//3372 2799//3625
f 2804//3375 2800//3370 2803//3375
f 2875//3651 2873//3647 2872//3647
f 2874//3652 2873//3649 2876//3653
f 2805//3623 2803//3377 2802//3650
f 2807//3380 2803//3375 2806//3380
f 2878//3654 2876//3651 2875//3651
f 2877//3655 2876//3653 2879//3656
f 2808//3621 2806//3382 2805//3623
f 2809//3386 2807//3380 2806//3380
f 2882//3657 2878//3654 2881//3657
f 2880//3658 2879//3656 2882//3659
f 2811//3660 2809//3388 2808//3621
f 2813//3391 2809//3386 2812//3391
f 2884//3661 2882//3657 2881//3657
f 2883//3662 2882//3659 2885//3663
f 2815//3664 2811//3660 2814//3619
f 2816//3396 2812//3391 2815//3396
f 2887//3665 2885//3661 2884//3661
f 2888//3666 2883//3662 2885//3663
f 2818//3667 2814//3619 2817//3617
f 2818//3401 2816//3396 2815//3396
f 2891//3668 2887//3665 2890//3668
f 2891//3669 2886//3670 2888//3666
f 2821//3671 2817//3617 2820//3672
f 2821//3407 2819//3401 2818//3401
f 2894//3673 2890//3668 2893//3673
f 2894//3674 2889//3675 2891//3669
f 2824//3676 2820//3672 2823//3615
f 2824//3412 2822//3407 2821//3407
f 2897//3677 2893//3673 2896//3678
f 2897//3679 2892//3680 2894//3674
f 2826//3613 2824//3676 2823//3615
f 2828//3418 2824//3412 2827//3418
f 2899//3681 2897//3677 2896//3678
f 2898//3682 2897//3679 2900//3683
f 2829//3684 2827//3685 2826//3613
f 2831//3686 2827//3418 2830//3686
f 2902//3687 2900//3681 2899//3681
f 2901//3688 2900//3683 2903//3689
f 2832//3611 2830//3690 2829//3684
f 2833//3428 2831//3686 2830//3686
f 2905//3691 2903//3687 2902//3687
f 2904//3692 2903//3689 2906//3693
f 2835//3609 2833//3430 2832//3611
f 2836//3433 2834//3428 2833//3428
f 2908//3694 2906//3691 2905//3691
f 2907//3695 2906//3693 2909//3696
f 2838//3697 2836//3435 2835//3609
f 2840//3438 2836//3433 2839//3438
f 2911//3698 2909//3694 2908//3694
f 2910//3699 2909//3696 2912//3700
f 2842//3701 2838//3697 2841//3607
f 2843//3443 2839//3438 2842//3443
f 2914//3702 2912//3698 2911//3698
f 2915//3703 2910//3699 2912//3700
f 2845//3449 2841//3607 2844//3605
f 2846//3448 2842//3443 2845//3448
f 2917//3704 2915//3702 2914//3702
f 2918//3705 2913//3706 2915//3703
f 2847//3707 2845//3449 2844//3605
f 2849//3453 2845//3448 2848//3708
f 2920//3709 2918//3704 2917//3704
f 2919//3710 2918//3705 2921//3711
f 2850//3603 2848//3455 2847//3707
f 2852//3459 2848//3708 2851//3459
f 2923//3457 2921//3709 2920//3709
f 2922//3712 2921//3711 2924//3713
f 2853//3538 2851//3714 2850//3603
f 2855//3464 2851//3459 2854//3464
f 2926//3715 2924//3457 2923//3457
f 2925//3716 2924//3713 2927//3717
f 2784//3534 2854//3466 2853//3538
f 2854//3464 2785//3347 2855//3464
f 2858//3632 2927//3715 2926//3715
f 2927//3717 2856//3634 2925//3716
f 2858//931 2855//3238 2785//931
f 2975//3718 2928//3719 2929//3536
f 2929//3536 2931//3553 2930//3537
f 2928//3719 2933//3720 2929//3536
f 2935//3721 2931//3553 2933//3720
f 2934//3556 2933//3720 2932//3554
f 2935//3721 2937//3561 2936//3552
f 2934//3556 2939//3722 2935//3721
f 2941//3723 2937//3561 2939//3722
f 2940//3563 2939//3722 2938//3559
f 2941//3723 2943//3568 2942//3560
f 2940//3563 2945//3724 2941//3723
f 2947//3725 2943//3568 2945//3724
f 2946//3570 2945//3724 2944//3566
f 2947//3725 2949//3575 2948//3567
f 2946//3570 2951//3726 2947//3725
f 2953//3727 2949//3575 2951//3726
f 2952//3577 2951//3726 2950//3573
f 2953//3727 2955//3582 2954//3574
f 2952//3577 2957//3728 2953//3727
f 2959//3729 2955//3582 2957//3728
f 2958//3584 2957//3728 2956//3580
f 2959//3729 2961//3589 2960//3581
f 2958//3584 2963//3730 2959//3729
f 2965//3731 2961//3589 2963//3730
f 2964//3591 2963//3730 2962//3587
f 2965//3731 2967//3596 2966//3588
f 2964//3591 2969//3732 2965//3731
f 2971//3733 2967//3596 2969//3732
f 2970//3598 2969//3732 2968//3594
f 2971//3733 2973//3535 2972//3595
f 2970//3598 2975//3718 2971//3733
f 2972//3595 3039//3601 3054//3734
f 2976//3547 2932//3554 2928//3719
f 2991//3549 2925//3716 2856//3634
f 2990//3597 2922//3712 2925//3716
f 2989//3735 2922//3712 2990//3597
f 2989//3735 2916//3736 2919//3710
f 2988//3590 2913//3706 2916//3736
f 2987//3737 2913//3706 2988//3590
f 2987//3737 2907//3695 2910//3699
f 2986//3583 2904//3692 2907//3695
f 2985//3738 2904//3692 2986//3583
f 2985//3738 2898//3682 2901//3688
f 2984//3576 2895//3739 2898//3682
f 2983//3740 2895//3739 2984//3576
f 2983//3740 2889//3675 2892//3680
f 2982//3569 2886//3670 2889//3675
f 2981//3741 2886//3670 2982//3569
f 2981//3741 2880//3658 2883//3662
f 2980//3562 2877//3655 2880//3658
f 2979//3742 2877//3655 2980//3562
f 2979//3742 2871//3648 2874//3652
f 2978//3555 2868//3743 2871//3648
f 2977//3744 2868//3743 2978//3555
f 2977//3744 2862//3600 2865//3646
f 2991//3549 2859//3599 2976//3547
f 2992//1786 2997//1786 3039//1786
f 3000//3745 2782//3630 2999//3746
f 2780//3626 3000//3745 3001//3747
f 3002//3748 2780//3626 3001//3747
f 2778//3622 3002//3748 3003//3749
f 3004//3750 2778//3622 3003//3749
f 2776//3618 3004//3750 3005//3751
f 3006//3752 2776//3618 3005//3751
f 2774//3614 3006//3752 3007//3753
f 3008//3754 2774//3614 3007//3753
f 2772//3610 3008//3754 3009//3755
f 3010//3756 2772//3610 3009//3755
f 2770//3606 3010//3756 3011//3757
f 3012//3758 2770//3606 3011//3757
f 2768//3602 3012//3758 3013//3759
f 2998//3760 2768//3602 3013//3759
f 3015//3540 3016//3761 3038//3762
f 2999//3763 3016//3764 3017//3763
f 3034//3765 3009//3766 3032//3767
f 3028//3768 3005//3769 3026//3769
f 3011//3770 3034//3765 3035//3770
f 3022//3771 3001//3772 3020//3772
f 3007//3773 3028//3768 3029//3774
f 3003//3775 3022//3771 3023//3775
f 3037//3776 3011//3770 3035//3770
f 3031//3777 3007//3773 3029//3774
f 3013//3778 3037//3776 3038//3778
f 3056//1786 3060//1786 3055//1786
f 3025//3779 3003//3775 3023//3775
f 3009//3766 3031//3777 3032//3767
f 3019//3780 2999//3763 3017//3763
f 3005//3769 3025//3779 3026//3769
f 3001//3772 3019//3780 3020//3772
f 3017//3781 3015//3540 3018//3546
f 3019//3782 3017//3781 3018//3546
f 3020//3783 3018//3546 3021//3545
f 3022//3784 3020//3783 3021//3545
f 3023//3785 3021//3545 3024//3544
f 3025//3786 3023//3785 3024//3544
f 3026//3787 3024//3544 3027//3543
f 3028//3788 3026//3787 3027//3543
f 3029//3789 3027//3543 3030//3542
f 3031//3790 3029//3789 3030//3542
f 3032//3791 3030//3542 3033//3541
f 3034//3792 3032//3791 3033//3541
f 3035//3793 3033//3541 3036//3539
f 3037//3794 3035//3793 3036//3539
f 3038//3762 3036//3539 3015//3540
f 3013//3778 3016//3764 2998//3764
f 2992//1786 3040//1786 3041//1786
f 3050//1786 2995//1786 3049//1786
f 2997//1786 2996//1786 3052//1786
f 3042//1786 3043//1786 2993//1786
f 2996//1786 2995//1786 3050//1786
f 3047//1786 3048//1786 2995//1786
f 2995//1786 3048//1786 3049//1786
f 3045//1786 3046//1786 2994//1786
f 2995//1786 2994//1786 3047//1786
f 3047//1786 2994//1786 3046//1786
f 2993//1786 3043//1786 3044//1786
f 3044//1786 3045//1786 2994//1786
f 3050//1786 3051//1786 2996//1786
f 3042//1786 2992//1786 3041//1786
f 2994//1786 2993//1786 3044//1786
f 3053//1786 3054//1786 2997//1786
f 3054//1786 3039//1786 2997//1786
f 2993//1786 2992//1786 3042//1786
f 3056//1786 3058//1786 3059//1786
f 3052//1786 3053//1786 2997//1786
f 3055//931 2997//931 2992//931
f 2994//3223 3056//3223 2993//3223
f 2996//3231 3058//3231 2995//3231
f 2995//3227 3057//3227 2994//3227
f 2993//3218 3055//3218 2992//3218
f 3040//1786 2992//1786 3039//1786
f 2996//1786 3051//1786 3052//1786
f 2997//3235 3059//3235 2996//3235
f 3015//3540 3014//1774 3018//3546
f 2998//3760 2782//3630 2783//3532
f 3154//3795 3064//3796 3155//3797
f 3168//3798 3085//3799 3167//3800
f 3156//3801 3070//3802 3157//3803
f 3164//3804 3075//3805 3076//3806
f 3158//3807 3086//3808 3159//3808
f 3160//3809 3080//3810 3082//3811
f 3165//3812 3087//3813 3075//3805
f 3162//3814 3088//3815 3079//3816
f 3167//3800 3068//3817 3156//3801
f 3062//3818 3074//3819 3081//3820
f 3154//3821 3155//3822 3066//3823
f 3086//3808 3166//3824 3159//3808
f 3084//3825 3169//3826 3061//3826
f 3076//3806 3163//3827 3164//3804
f 3155//3797 3065//3828 3168//3798
f 3157//3803 3071//3829 3158//3807
f 3082//3811 3169//3826 3160//3809
f 3106//3830 3095//3831 3108//3832
f 3102//3833 3112//3834 3109//3835
f 3101//3836 3109//3835 3107//3837
f 3100//3838 3107//3837 3121//3839
f 3099//3840 3121//3839 3119//3841
f 3098//3842 3119//3841 3117//3843
f 3104//3844 3111//3845 3115//3846
f 3097//3847 3117//3843 3114//3848
f 3110//3849 3097//3847 3114//3848
f 3104//3850 3105//3850 3089//3851
f 3090//3852 3105//3850 3091//3853
f 3094//3854 3105//3850 3095//3854
f 3100//3852 3105//3850 3101//3850
f 3099//3850 3105//3850 3100//3852
f 3093//3851 3105//3850 3094//3854
f 3089//3851 3105//3850 3090//3852
f 3111//3845 3090//3855 3113//3856
f 3103//3857 3115//3846 3112//3834
f 3113//3856 3091//3858 3116//3859
f 3116//3859 3092//3860 3118//3861
f 3118//3861 3093//3862 3120//3863
f 3120//3863 3094//3864 3106//3830
f 3108//3832 3096//3849 3110//3849
f 3098//3851 3105//3850 3099//3850
f 3097//3865 3105//3850 3098//3851
f 3092//3866 3105//3850 3093//3851
f 3103//3850 3105//3850 3104//3850
f 3096//3867 3105//3850 3097//3865
f 3091//3853 3105//3850 3092//3866
f 3102//3850 3105//3850 3103//3850
f 3095//3854 3105//3850 3096//3867
f 3101//3850 3105//3850 3102//3850
f 3146//3868 3109//3869 3112//3870
f 3125//3871 3140//3872 3124//3873
f 3148//3874 3153//3875 3152//3876
f 3127//3877 3114//3878 3117//3879
f 3147//3880 3150//3881 3146//3882
f 3107//3883 3135//3884 3121//3885
f 3152//3886 3106//3887 3108//3888
f 3123//3889 3145//3890 3144//3891
f 3150//3892 3107//3883 3109//3869
f 3141//3893 3146//3882 3140//3872
f 3142//3894 3149//3895 3148//3874
f 3152//3876 3137//3896 3136//3897
f 3115//3898 3146//3868 3112//3870
f 3148//3899 3108//3888 3110//3900
f 3113//3901 3124//3878 3111//3902
f 3126//3903 3142//3894 3127//3904
f 3114//3878 3148//3899 3110//3900
f 3131//3905 3134//3906 3130//3907
f 3129//3908 3122//3909 3123//3889
f 3130//3907 3127//3904 3131//3905
f 3136//3892 3120//3910 3106//3887
f 3121//3885 3131//3911 3119//3912
f 3119//3912 3127//3877 3117//3879
f 3123//3913 3113//3901 3116//3914
f 3144//3891 3125//3871 3124//3873
f 3133//3915 3118//3916 3120//3910
f 3124//3878 3115//3898 3111//3902
f 3133//3917 3128//3918 3129//3908
f 3139//3919 3135//3920 3138//3921
f 3118//3916 3123//3913 3116//3914
f 3151//3922 3138//3921 3150//3881
f 3136//3897 3132//3923 3133//3917
f 3161//3924 3079//3816 3080//3810
f 3160//3925 3169//3926 3062//3927
f 3069//3928 3156//3929 3157//3930
f 3166//3821 3165//3931 3077//3932
f 3081//3933 3063//3933 3077//3933
f 3069//3928 3157//3930 3158//3934
f 3081//3935 3162//3936 3161//3937
f 3167//3938 3156//3929 3069//3928
f 3077//3932 3165//3931 3164//3939
f 3063//3940 3073//3941 3077//3942
f 3163//3938 3162//3936 3081//3935
f 3073//3943 3067//3944 3069//3945
f 3083//3946 3074//3947 3072//3948
f 3067//3949 3066//3950 3069//3949
f 3066//3823 3155//3822 3168//3951
f 3078//3952 3062//3953 3066//3954
f 3078//3955 3083//3946 3072//3948
f 3263//3956 3173//3957 3264//3797
f 3277//3958 3194//3799 3276//3800
f 3265//3959 3179//3960 3266//3961
f 3273//3804 3184//3962 3185//3963
f 3267//3964 3195//3965 3268//3808
f 3269//3966 3189//3967 3191//3968
f 3274//3969 3196//3970 3184//3962
f 3271//3814 3197//3971 3188//3972
f 3276//3800 3177//3973 3265//3959
f 3171//3974 3183//3819 3190//3820
f 3263//3821 3264//3975 3175//3976
f 3195//3965 3275//3977 3268//3808
f 3193//3978 3278//3979 3170//3826
f 3185//3963 3272//3980 3273//3804
f 3264//3797 3174//3981 3277//3958
f 3266//3961 3180//3982 3267//3964
f 3191//3968 3278//3979 3269//3966
f 3215//3983 3204//3984 3217//3985
f 3211//3986 3221//3987 3218//3988
f 3210//3989 3218//3988 3216//3990
f 3209//3991 3216//3990 3230//3992
f 3208//3993 3230//3992 3228//3994
f 3207//3995 3228//3994 3226//3996
f 3213//3997 3220//3998 3224//3999
f 3206//4000 3226//3996 3223//4001
f 3219//4002 3206//4000 3223//4001
f 3213//4003 3214//4003 3198//4004
f 3199//4003 3214//4003 3200//4003
f 3203//4005 3214//4003 3204//4006
f 3209//4006 3214//4003 3210//4003
f 3208//4004 3214//4003 3209//4006
f 3202//4004 3214//4003 3203//4005
f 3198//4004 3214//4003 3199//4003
f 3220//3998 3199//4007 3222//4008
f 3212//4009 3224//3999 3221//3987
f 3222//4008 3200//4010 3225//4011
f 3225//4011 3201//4012 3227//4013
f 3227//4013 3202//4014 3229//4015
f 3229//4015 3203//4016 3215//3983
f 3217//3985 3205//4017 3219//4002
f 3207//4004 3214//4003 3208//4004
f 3206//4003 3214//4003 3207//4004
f 3201//4018 3214//4003 3202//4004
f 3212//4004 3214//4003 3213//4003
f 3205//4003 3214//4003 3206//4003
f 3200//4003 3214//4003 3201//4018
f 3211//4019 3214//4003 3212//4004
f 3204//4006 3214//4003 3205//4003
f 3210//4003 3214//4003 3211//4019
f 3255//4020 3218//4021 3221//4022
f 3234//4023 3249//4024 3233//4025
f 3257//4026 3262//4027 3261//4028
f 3236//4029 3223//4030 3226//4031
f 3256//4032 3259//4033 3255//4034
f 3216//4035 3244//4036 3230//4037
f 3261//4038 3215//4039 3217//4040
f 3232//4041 3254//4042 3253//4043
f 3259//4044 3216//4035 3218//4021
f 3250//4045 3255//4034 3249//4024
f 3251//4046 3258//4047 3257//4026
f 3261//4028 3246//4048 3245//4049
f 3224//4050 3255//4020 3221//4022
f 3257//4051 3217//4040 3219//4052
f 3222//4053 3233//4054 3220//4055
f 3235//4056 3251//4046 3236//4057
f 3223//4030 3257//4051 3219//4052
f 3240//4058 3243//4059 3239//4060
f 3238//4061 3231//4062 3232//4041
f 3239//4060 3236//4057 3240//4058
f 3245//4063 3229//4064 3215//4039
f 3230//4037 3240//4065 3228//4066
f 3228//4066 3236//4029 3226//4031
f 3232//4067 3222//4053 3225//4068
f 3253//4043 3234//4023 3233//4025
f 3242//4069 3227//4070 3229//4064
f 3233//4054 3224//4050 3220//4055
f 3242//4071 3237//4072 3238//4061
f 3248//4073 3244//4074 3247//4075
f 3227//4070 3232//4067 3225//4068
f 3260//4076 3247//4075 3259//4033
f 3245//4049 3241//4077 3242//4071
f 3270//4078 3188//3972 3189//3967
f 3269//4079 3278//3926 3171//3927
f 3178//4080 3265//4081 3266//4082
f 3275//3821 3274//3931 3186//3932
f 3190//3933 3172//3933 3186//3933
f 3178//4080 3266//4082 3267//3934
f 3190//3935 3271//3936 3270//3937
f 3276//3938 3265//4081 3178//4080
f 3186//3932 3274//3931 3273//3939
f 3172//3940 3182//3941 3186//3942
f 3272//3938 3271//3936 3190//3935
f 3182//3943 3176//4083 3178//4084
f 3192//3946 3183//4085 3181//3948
f 3176//3950 3175//3949 3178//4086
f 3175//3976 3264//3975 3277//4087
f 3187//3952 3171//4088 3175//3954
f 3187//4089 3192//3946 3181//3948
f 3372//3795 3282//3957 3373//3797
f 3386//3958 3303//4090 3385//4091
f 3374//3959 3288//4092 3375//3961
f 3382//4093 3293//3805 3294//4094
f 3376//4095 3304//3965 3377//3965
f 3378//4096 3298//4097 3300//4098
f 3383//3812 3305//4099 3293//3805
f 3380//4100 3306//3971 3297//4101
f 3385//4091 3286//3973 3374//3959
f 3280//4102 3292//3819 3299//3820
f 3372//3821 3373//3975 3284//3976
f 3304//3965 3384//4103 3377//3965
f 3302//4104 3387//3826 3279//3826
f 3294//4094 3381//3980 3382//4093
f 3373//3797 3283//3828 3386//3958
f 3375//3961 3289//4105 3376//4095
f 3300//4098 3387//3826 3378//4096
f 3324//4106 3313//4107 3326//4108
f 3320//4109 3330//4110 3327//4111
f 3319//4112 3327//4111 3325//4113
f 3318//4114 3325//4113 3339//4115
f 3317//4116 3339//4115 3337//4117
f 3316//4118 3337//4117 3335//4119
f 3322//4120 3329//4121 3333//4122
f 3315//4123 3335//4119 3332//4124
f 3328//4125 3315//4123 3332//4124
f 3322//4126 3323//4126 3307//4126
f 3308//4127 3323//4126 3309//4128
f 3312//4126 3323//4126 3313//4129
f 3318//4127 3323//4126 3319//4126
f 3317//4129 3323//4126 3318//4127
f 3311//4130 3323//4126 3312//4126
f 3307//4126 3323//4126 3308//4127
f 3329//4121 3308//4131 3331//4132
f 3321//4133 3333//4122 3330//4110
f 3331//4132 3309//4134 3334//4135
f 3334//4135 3310//4136 3336//4137
f 3336//4137 3311//4138 3338//4139
f 3338//4139 3312//4140 3324//4106
f 3326//4108 3314//4141 3328//4125
f 3316//4142 3323//4126 3317//4129
f 3315//4126 3323//4126 3316//4142
f 3310//4143 3323//4126 3311//4130
f 3321//4126 3323//4126 3322//4126
f 3314//4130 3323//4126 3315//4126
f 3309//4128 3323//4126 3310//4143
f 3320//4126 3323//4126 3321//4126
f 3313//4129 3323//4126 3314//4130
f 3319//4126 3323//4126 3320//4126
f 3364//4144 3327//4145 3330//4146
f 3343//4147 3358//4148 3342//4147
f 3366//4149 3371//4150 3370//4151
f 3345//4152 3332//4153 3335//4154
f 3365//4155 3368//4156 3364//4157
f 3325//4158 3353//4159 3339//4160
f 3370//4161 3324//4162 3326//4163
f 3341//4164 3363//4165 3362//4166
f 3368//4167 3325//4158 3327//4145
f 3359//4168 3364//4157 3358//4148
f 3360//4169 3367//4170 3366//4149
f 3370//4151 3355//4171 3354//4172
f 3333//4173 3364//4144 3330//4146
f 3366//4174 3326//4163 3328//4175
f 3331//4176 3342//4153 3329//4177
f 3344//4178 3360//4169 3345//4179
f 3332//4153 3366//4174 3328//4175
f 3349//4180 3352//4181 3348//4182
f 3347//4183 3340//4184 3341//4164
f 3348//4182 3345//4179 3349//4180
f 3354//4185 3338//4186 3324//4162
f 3339//4160 3349//4187 3337//4188
f 3337//4188 3345//4152 3335//4154
f 3341//4189 3331//4176 3334//4190
f 3362//4166 3343//4147 3342//4147
f 3351//4191 3336//4192 3338//4186
f 3342//4153 3333//4173 3329//4177
f 3351//4193 3346//4194 3347//4183
f 3357//4195 3353//4196 3356//4197
f 3336//4192 3341//4189 3334//4190
f 3369//4198 3356//4197 3368//4156
f 3354//4172 3350//4199 3351//4193
f 3379//4200 3297//4101 3298//4097
f 3378//4079 3387//3926 3280//3927
f 3287//4080 3374//4081 3375//4082
f 3384//3821 3383//3931 3295//3932
f 3299//3933 3281//3933 3295//3933
f 3287//4080 3375//4082 3376//3934
f 3299//3935 3380//3936 3379//3937
f 3385//3938 3374//4081 3287//4080
f 3295//3932 3383//3931 3382//3939
f 3281//4201 3291//4202 3295//4203
f 3381//3938 3380//3936 3299//3935
f 3291//4204 3285//3944 3287//3945
f 3301//3946 3292//4085 3290//3948
f 3285//3950 3284//3949 3287//4086
f 3284//3976 3373//3975 3386//4087
f 3296//4205 3280//4088 3284//3954
f 3296//4089 3301//3946 3290//3948
f 3481//4206 3391//4207 3482//4208
f 3495//3958 3412//4090 3494//4091
f 3483//3959 3397//3960 3484//4209
f 3491//3804 3402//4210 3403//4211
f 3485//4095 3413//4212 3486//3965
f 3487//4213 3407//4214 3409//4215
f 3492//4216 3414//4099 3402//4210
f 3489//4217 3415//3815 3406//4218
f 3494//4091 3395//4219 3483//3959
f 3389//4102 3401//3819 3408//3820
f 3481//3821 3482//3822 3393//3823
f 3413//4212 3493//3977 3486//3965
f 3411//4220 3496//3979 3388//4221
f 3403//4211 3490//3827 3491//3804
f 3482//4208 3392//4222 3495//3958
f 3484//4209 3398//4223 3485//4095
f 3409//4215 3496//3979 3487//4213
f 3433//4224 3422//4225 3435//4226
f 3429//4227 3439//4228 3436//4229
f 3428//4230 3436//4229 3434//4231
f 3427//4232 3434//4231 3448//4233
f 3426//4234 3448//4233 3446//4235
f 3425//4236 3446//4235 3444//4237
f 3431//4238 3438//4239 3442//4240
f 3424//4241 3444//4237 3441//4242
f 3437//4243 3424//4241 3441//4242
f 3431//4244 3432//4244 3416//4244
f 3417//4245 3432//4244 3418//4245
f 3421//4244 3432//4244 3422//4246
f 3427//4246 3432//4244 3428//4244
f 3426//4246 3432//4244 3427//4246
f 3420//4247 3432//4244 3421//4244
f 3416//4244 3432//4244 3417//4245
f 3438//4239 3417//4248 3440//4248
f 3430//4249 3442//4240 3439//4228
f 3440//4248 3418//4250 3443//4251
f 3443//4251 3419//4252 3445//4253
f 3445//4253 3420//4254 3447//4255
f 3447//4255 3421//4256 3433//4224
f 3435//4226 3423//4257 3437//4243
f 3425//4258 3432//4244 3426//4246
f 3424//4244 3432//4244 3425//4258
f 3419//4244 3432//4244 3420//4247
f 3430//4244 3432//4244 3431//4244
f 3423//4245 3432//4244 3424//4244
f 3418//4245 3432//4244 3419//4244
f 3429//4245 3432//4244 3430//4244
f 3422//4246 3432//4244 3423//4245
f 3428//4244 3432//4244 3429//4245
f 3473//4259 3436//4260 3439//4261
f 3452//4262 3467//4263 3451//4264
f 3475//4265 3480//4266 3479//4267
f 3454//4268 3441//4269 3444//4270
f 3474//4271 3477//4272 3473//4273
f 3434//4274 3462//4275 3448//4276
f 3479//4277 3433//4260 3435//4278
f 3450//4279 3472//4280 3471//4281
f 3477//4282 3434//4274 3436//4260
f 3468//4283 3473//4273 3467//4263
f 3469//4284 3476//4285 3475//4265
f 3479//4267 3464//4286 3463//4287
f 3442//4288 3473//4259 3439//4261
f 3475//4289 3435//4278 3437//4290
f 3440//4291 3451//4269 3438//4292
f 3453//4293 3469//4284 3454//4294
f 3441//4269 3475//4289 3437//4290
f 3458//4295 3461//4296 3457//4297
f 3456//4298 3449//4299 3450//4279
f 3457//4297 3454//4294 3458//4295
f 3463//4282 3447//4300 3433//4260
f 3448//4276 3458//4301 3446//4302
f 3446//4302 3454//4268 3444//4270
f 3450//4303 3440//4291 3443//4304
f 3471//4281 3452//4262 3451//4264
f 3460//4305 3445//4306 3447//4300
f 3451//4269 3442//4288 3438//4292
f 3460//4307 3455//4308 3456//4298
f 3466//4309 3462//4310 3465//4311
f 3445//4306 3450//4303 3443//4304
f 3478//4312 3465//4311 3477//4272
f 3463//4287 3459//4313 3460//4307
f 3488//4314 3406//4218 3407//4214
f 3487//3925 3496//3926 3389//3927
f 3396//3928 3483//3929 3484//3930
f 3493//3821 3492//3931 3404//3932
f 3408//3933 3390//3933 3404//3933
f 3396//3928 3484//3930 3485//3934
f 3408//3935 3489//3936 3488//3937
f 3494//3938 3483//3929 3396//3928
f 3404//3932 3492//3931 3491//3939
f 3390//4315 3400//4316 3404//3942
f 3490//3938 3489//3936 3408//3935
f 3400//3943 3394//3944 3396//4084
f 3410//3946 3401//3947 3399//3948
f 3394//4086 3393//4086 3396//3950
f 3393//3823 3482//3822 3495//3951
f 3405//4205 3389//4088 3393//3954
f 3405//3955 3410//3946 3399//3948
f 95//7 107//17 133//8
f 123//10 130//49 117//11
f 122//16 133//8 107//17
f 146//19 152//94 151//20
f 11//25 2//167 157//26
f 167//39 166//81 164//40
f 89//42 70//111 71//14
f 159//15 162//68 163//41
f 130//49 127//115 119//4
f 97//51 106//85 107//17
f 92//57 93//154 124//56
f 132//63 135//66 26//28
f 33//64 34//126 83//65
f 162//68 142//73 149//69
f 136//71 116//143 27//72
f 158//61 24//130 23//52
f 142//73 118//12 117//11
f 5//74 3//113 125//58
f 7//79 143//141 144//36
f 150//21 151//20 149//69
f 105//45 97//51 84//43
f 16//91 155//106 152//94
f 131//95 129//9 133//8
f 9//24 74//23 81//96
f 72//98 73//151 138//27
f 89//42 95//7 129//9
f 167//39 113//148 31//82
f 162//68 159//15 71//14
f 80//112 128//47 125//58
f 127//115 130//49 131//95
f 150//21 117//11 119//4
f 141//123 153//144 156//124
f 159//15 164//40 165//121
f 84//43 97//51 95//7
f 154//92 152//94 146//19
f 136//71 133//8 122//16
f 37//44 106//85 97//51
f 163//41 149//69 153//144
f 152//94 155//106 156//124
f 167//39 153//144 141//123
f 104//134 4//80 144//36
f 158//61 138//27 73//151
f 54//153 74//23 83//65
f 93//154 96//164 126//75
f 136//71 135//66 132//63
f 127//115 132//63 134//30
f 120//109 144//36 143//141
f 53//103 81//96 74//23
f 151//20 156//124 153//144
f 130//49 123//10 129//9
f 17//108 140//125 156//124
f 123//10 118//12 70//111
f 126//75 20//50 19//54
f 13//152 14//114 145//118
f 46//150 1//97 81//96
f 164//40 166//81 30//119
f 38//149 69//18 107//17
f 142//73 162//68 70//111
f 63//99 161//101 157//26
f 145//118 137//166 121//155
f 262//174 296//266 300//175
f 290//177 285//243 284//178
f 216//180 238//209 250//181
f 274//176 300//175 289//183
f 313//185 317//251 318//186
f 178//191 305//222 324//192
f 331//205 333//253 334//206
f 256//208 251//252 238//209
f 326//214 331//205 330//207
f 297//179 284//178 286//171
f 274//176 273//258 264//220
f 259//227 292//201 291//225
f 193//194 302//236 299//233
f 250//181 201//293 200//234
f 329//215 330//207 316//237
f 194//241 283//309 303//242
f 190//221 191//296 325//230
f 309//238 317//251 284//178
f 172//244 291//225 292//201
f 174//249 171//315 311//239
f 317//251 309//238 316//237
f 251//252 264//220 272//213
f 319//187 322//276 183//262
f 298//265 303//242 300//175
f 176//189 168//327 248//267
f 239//268 324//192 305//222
f 256//208 290//177 296//266
f 198//255 280//314 334//206
f 329//215 237//210 238//209
f 247//281 170//245 292//201
f 294//218 299//233 298//265
f 317//251 313//185 286//171
f 323//290 320//310 308//291
f 332//287 331//205 326//214
f 251//252 256//208 262//174
f 313//185 319//187 321//264
f 289//183 300//175 303//242
f 264//220 273//258 204//211
f 330//207 334//206 320//310
f 323//290 322//276 319//187
f 308//291 320//310 334//206
f 271//299 315//200 311//239
f 325//230 278//229 240//269
f 221//319 223//297 250//181
f 260//228 291//225 293//246
f 299//233 302//236 303//242
f 301//195 299//233 294//218
f 287//279 288//334 310//250
f 220//273 221//319 241//190
f 318//186 316//237 320//310
f 297//179 298//265 296//266
f 323//290 307//292 184//277
f 290//177 256//208 237//210
f 186//224 187//219 293//246
f 325//230 238//209 232//323
f 312//285 181//282 180//318
f 213//317 252//301 248//267
f 293//246 286//171 254//330
f 276//326 286//171 312//285
f 197//286 333//253 331//205
f 274//176 236//184 205//316
f 309//238 285//243 237//210
f 230//270 169//193 324//192
f 312//285 310//250 288//334
f 94//335 261//546 265//336
f 13//338 180//402 181//339
f 32//341 36//515 203//342
f 139//344 114//520 281//345
f 49//347 48//517 215//348
f 63//350 2//416 169//351
f 62//353 63//350 230//352
f 14//340 181//339 182//355
f 82//357 86//501 253//358
f 29//360 27//377 194//361
f 51//363 52//393 219//364
f 15//356 182//355 183//366
f 66//368 111//488 278//369
f 18//371 185//395 189//372
f 5//374 172//464 170//375
f 27//377 116//378 283//378
f 46//379 213//404 168//380
f 50//382 49//347 216//349
f 8//384 7//538 174//385
f 37//387 204//440 206//388
f 72//390 239//446 240//391
f 52//393 53//513 220//394
f 16//367 183//366 185//395
f 21//396 26//471 193//397
f 115//399 120//489 287//400
f 8//384 175//386 180//402
f 45//403 212//526 213//404
f 59//405 62//353 229//354
f 66//368 233//370 232//407
f 76//409 77//470 244//410
f 41//412 208//534 209//413
f 11//415 178//475 169//351
f 25//417 30//435 197//418
f 6//420 19//441 186//421
f 110//423 277//528 304//424
f 112//426 279//527 234//427
f 38//429 205//448 236//378
f 20//430 21//396 188//398
f 104//432 271//532 171//433
f 30//435 32//341 199//343
f 23//436 24//539 191//437
f 35//439 202//484 204//440
f 19//441 20//430 187//431
f 43//442 210//512 211//443
f 68//445 235//547 239//446
f 40//447 207//509 205//448
f 91//449 258//473 259//450
f 98//337 265//336 266//452
f 60//454 51//363 218//365
f 75//456 76//409 243//411
f 88//458 255//503 254//459
f 78//461 79//498 246//462
f 6//420 173//422 172//464
f 28//465 29//360 196//362
f 102//467 269//545 268//468
f 77//470 78//461 245//463
f 26//471 28//465 195//466
f 90//472 257//491 258//473
f 12//474 179//540 178//475
f 22//373 189//372 184//476
f 61//478 60//454 227//455
f 10//480 177//521 200//481
f 34//483 201//548 202//484
f 55//485 57//518 224//486
f 111//488 73//392 240//391
f 120//489 121//541 288//490
f 101//469 268//468 257//491
f 17//477 184//476 307//492
f 100//493 267//507 270//494
f 31//496 113//492 280//492
f 79//498 80//500 247//499
f 80//500 3//376 170//375
f 87//460 254//459 253//358
f 88//458 96//535 263//502
f 109//504 108//542 275//505
f 99//453 266//452 267//507
f 116//378 122//550 289//508
f 39//389 206//388 207//509
f 9//510 1//381 168//380
f 42//414 209//413 210//512
f 53//513 54//514 221//514
f 36//515 31//496 198//497
f 47//516 214//530 215//348
f 57//518 58//522 225//519
f 114//520 115//399 282//401
f 10//480 9//510 176//511
f 58//522 59//405 226//406
f 140//492 307//492 308//523
f 92//451 259//450 260//525
f 44//444 211//443 212//526
f 61//478 228//479 279//527
f 110//423 109//504 276//506
f 47//516 64//531 231//529
f 65//408 232//407 231//529
f 103//495 270//494 271//532
f 160//533 327//549 208//534
f 96//535 93//525 260//525
f 147//536 75//456 242//457
f 7//538 4//434 171//433
f 24//539 25//417 192//419
f 12//474 23//436 190//438
f 137//425 304//424 288//490
f 82//357 249//359 275//505
f 50//382 217//383 223//543
f 102//467 139//344 306//346
f 147//536 314//537 261//546
f 67//428 234//427 235//547
f 33//482 200//481 201//548
f 56//544 223//543 221//514
f 160//533 55//485 222//487
f 69//378 236//378 289//508
f 113//492 141//524 308//523
f 452//551 451//604 443//552
f 418//554 375//554 379//555
f 416//560 415//752 462//561
f 377//562 378//733 445//563
f 459//565 476//4317 405//566
f 347//568 479//4318 480//569
f 410//571 409//730 468//572
f 446//574 474//4319 472//575
f 365//577 360//598 345//578
f 482//580 477//732 342//581
f 485//586 483//723 487//587
f 463//589 414//4320 413//590
f 484//592 486//735 454//593
f 385//595 377//562 448//564
f 481//597 480//614 360//598
f 471//600 365//751 389//601
f 444//603 443//552 451//604
f 358//606 388//652 390//607
f 383//609 395//712 397//610
f 433//612 392//613 449//613
f 480//614 479//628 345//578
f 442//553 441//679 453//615
f 447//596 446//574 389//576
f 359//617 364//710 426//618
f 473//623 444//603 450//605
f 478//624 479//4318 347//568
f 407//584 412//728 465//626
f 433//612 483//612 485//627
f 479//628 478//700 344//629
f 460//630 459//565 439//567
f 471//632 470//599 360//598
f 369//579 345//578 344//629
f 337//639 340//645 353//640
f 382//611 397//610 398//642
f 337//639 428//4321 429//644
f 386//646 393//696 394//647
f 371//649 376//756 378//650
f 472//575 474//4319 388//652
f 434//653 381//643 398//642
f 431//655 350//686 348//656
f 482//658 456//770 341//557
f 357//608 390//607 391//660
f 354//662 356//683 359//617
f 437//664 433//740 435//665
f 348//656 350//686 351//667
f 436//654 438//666 435//665
f 355//661 391//660 387//669
f 369//671 371//649 377//651
f 371//636 344//629 341//557
f 469//673 408//4322 396//674
f 454//593 453//615 441//679
f 471//600 472//602 358//680
f 353//682 355//719 356//683
f 481//685 470//702 350//686
f 380//687 403//709 404//556
f 367//688 424//707 425//689
f 473//623 475//623 393//696
f 349//616 430//4323 429//697
f 430//657 348//656 340//645
f 422//699 370//703 363//678
f 431//638 430//4323 349//616
f 352//668 353//640 340//645
f 478//700 477//659 341//557
f 471//701 351//4324 350//686
f 370//703 422//699 423//704
f 368//705 423//704 424//707
f 361//708 427//4325 403//709
f 366//690 425//689 426//618
f 384//648 394//647 395//712
f 339//698 429//697 428//713
f 419//715 374//715 375//554
f 432//716 428//4321 337//639
f 352//718 357//720 355//719
f 338//714 399//725 455//582
f 351//681 358//680 357//720
f 420//721 373//4326 374//715
f 338//714 428//713 432//724
f 372//726 373//4326 420//721
f 412//728 411//731 466//729
f 409//730 408//4322 469//673
f 467//573 466//729 411//731
f 477//732 478//624 343//625
f 486//735 484//592 485//586
f 454//4327 486//753 436//753
f 436//753 398//4328 454//4327
f 398//4328 397//736 475//738
f 454//4327 475//738 453//4329
f 397//736 395//4330 394//737
f 394//737 393//4331 475//738
f 475//738 450//4332 451//4333
f 451//4333 452//4329 475//738
f 452//4329 453//4329 475//738
f 475//738 454//4327 398//4328
f 359//691 361//742 372//745
f 434//750 435//627 485//627
f 365//751 369//671 385//672
f 415//752 414//4320 463//589
f 486//753 488//754 438//754
f 339//698 338//714 342//581
f 347//568 349//616 339//698
f 445//755 449//755 392//755
f 376//756 406//684 396//674
f 444//4334 473//757 443//757
f 473//757 386//4334 384//757
f 443//757 473//757 441//757
f 384//757 383//757 473//757
f 383//757 382//757 473//757
f 382//757 381//4335 473//757
f 381//4335 434//750 484//750
f 484//750 440//4335 381//4335
f 440//4335 441//757 473//757
f 381//4335 440//4335 473//757
f 461//560 460//630 417//631
f 396//620 407//622 413//762
f 438//754 488//754 487//766
f 437//767 487//766 476//711
f 448//755 445//755 387//755
f 390//768 447//768 448//755
f 447//768 390//768 388//769
f 456//770 457//4336 406//558
f 400//717 337//639 362//706
f 595//772 603//826 604//773
f 570//775 556//776 531//776
f 614//781 567//781 568//782
f 529//784 600//818 597//785
f 557//787 628//4337 611//788
f 632//790 631//4338 499//791
f 562//793 619//954 620//794
f 624//796 626//4339 598//797
f 497//799 512//820 517//800
f 494//802 629//955 634//803
f 639//808 635//944 637//809
f 610//811 565//1000 566//812
f 636//814 592//901 606//815
f 537//817 599//838 600//818
f 633//819 622//855 512//820
f 623//822 624//903 541//823
f 596//825 602//846 603//826
f 542//827 540//874 510//828
f 535//830 534//864 549//831
f 601//833 544//833 585//834
f 632//821 512//820 497//799
f 594//774 604//773 605//836
f 541//798 598//797 599//838
f 578//840 516//4340 511//841
f 625//845 627//845 602//846
f 499//791 631//4338 630//847
f 617//849 564//950 559//807
f 585//834 587//974 637//850
f 631//835 497//799 496//851
f 591//789 611//788 612//853
f 623//854 517//4341 512//820
f 521//801 523//894 496//851
f 505//860 492//867 489//861
f 550//863 549//831 534//864
f 581//866 580//938 489//861
f 538//868 536//933 546//869
f 523//871 529//893 530//872
f 540//874 626//4339 624//796
f 586//875 588//889 550//863
f 583//876 582//919 500//877
f 634//879 629//4342 493//778
f 509//829 507//890 543//881
f 506//882 514//923 511//841
f 587//884 585//961 589//885
f 503//887 502//878 500//877
f 588//889 586//875 587//884
f 507//890 508//963 539//891
f 521//892 537//975 529//893
f 493//778 496//851 523//894
f 548//895 560//953 621//896
f 593//837 605//836 606//815
f 623//822 503//941 510//902
f 505//904 506//882 508//883
f 633//907 583//876 502//878
f 556//776 555//928 532//909
f 519//910 518//930 577//911
f 625//845 538//868 545//870
f 581//917 582//4343 501//839
f 582//919 581//866 492//867
f 515//898 522//924 574//920
f 501//839 582//4343 583//859
f 504//888 500//877 492//867
f 493//778 629//4342 630//852
f 623//921 622//908 502//878
f 522//924 520//927 575//925
f 576//912 575//925 520//927
f 555//928 579//4344 513//929
f 518//930 516//4340 578//840
f 547//832 546//869 536//933
f 580//934 581//917 491//918
f 527//777 526//936 571//936
f 584//937 552//991 489//861
f 504//939 505//904 507//905
f 607//804 551//946 490//935
f 503//941 504//939 509//940
f 526//936 525//948 572//942
f 584//945 580//934 490//935
f 554//947 572//942 525//948
f 564//950 617//849 618//951
f 561//795 620//794 621//896
f 563//952 618//951 619//954
f 495//848 630//847 629//955
f 638//816 640//810 637//809
f 588//977 638//977 606//957
f 606//957 605//4345 627//958
f 605//4345 604//4346 627//958
f 604//4346 603//4346 627//958
f 603//4346 602//4347 627//958
f 627//958 545//4348 546//4349
f 547//4350 627//958 546//4349
f 547//4350 549//4350 627//958
f 549//4350 550//959 627//958
f 550//959 588//977 606//957
f 511//913 515//914 524//967
f 586//973 636//973 637//850
f 517//824 541//823 537//975
f 615//813 566//812 567//781
f 590//976 640//976 638//977
f 494//802 490//935 491//918
f 495//848 491//918 501//839
f 544//978 601//978 597//978
f 528//873 530//872 548//895
f 538//4351 625//979 536//979
f 625//979 596//4352 595//979
f 536//979 625//979 534//979
f 595//979 594//979 625//979
f 594//979 593//979 625//979
f 593//979 592//4353 625//979
f 592//4353 636//973 586//973
f 586//973 533//4353 592//4353
f 533//4353 534//979 625//979
f 592//4353 533//4353 625//979
f 613//783 568//782 569//853
f 548//843 557//980 565//983
f 639//988 640//976 590//976
f 579//931 628//931 639//988
f 539//978 597//978 600//978
f 543//978 600//978 599//978
f 540//978 542//978 599//978
f 608//880 493//778 558//780
f 552//991 553//4354 514//926
f 456//711 464//711 469//711
f 464//711 465//992 469//711
f 465//992 466//4355 467//993
f 467//993 468//4356 469//711
f 421//711 400//711 426//711
f 426//711 425//4357 424//994
f 424//994 423//4358 422//4359
f 422//4359 421//711 424//994
f 455//711 399//711 646//711
f 646//711 427//711 476//711
f 648//931 628//931 579//931
f 551//931 607//931 648//931
f 574//4360 577//931 573//932
f 577//931 578//931 573//932
f 577//931 574//4360 575//996
f 620//931 617//4361 616//932
f 616//932 608//932 621//931
f 618//998 617//4361 620//931
f 752//1001 776//1136 773//1002
f 688//1004 687//1005 685//1005
f 676//1006 675//4362 693//1007
f 685//1009 672//4363 682//1010
f 707//1012 709//1116 706//1013
f 840//1015 841//1042 662//1016
f 692//1018 695//1345 697//1019
f 658//1021 655//4364 654//1022
f 782//1024 785//1246 786//1025
f 779//1027 776//1227 752//1028
f 711//1030 681//1319 680//1031
f 675//1036 674//4365 690//1037
f 716//1039 717//4366 661//1040
f 841//1042 836//1114 663//1043
f 694//1020 697//1019 696//1008
f 724//1044 797//4367 792//1045
f 670//1047 671//1084 654//1048
f 698//1050 695//1302 803//1051
f 653//1052 669//1052 670//1047
f 800//1053 812//1054 817//1054
f 719//1055 819//4368 814//1056
f 704//1014 806//1058 807//1058
f 665//1062 666//1336 849//1063
f 668//1065 719//4369 718//1066
f 665//1067 847//4370 854//1068
f 701//1070 698//1125 804//1071
f 671//1072 670//1318 844//1073
f 687//1005 673//1074 672//1074
f 677//1078 676//4371 696//1079
f 650//1081 665//1273 793//1082
f 718//1085 719//1055 816//1086
f 809//1088 650//1326 726//1089
f 704//1091 706//1316 703//1092
f 669//1094 727//1095 834//1095
f 686//1097 688//1004 683//1004
f 701//1093 805//1100 806//1100
f 661//1017 717//4372 842//1102
f 668//1105 818//1120 819//1106
f 845//1108 846//4373 649//1109
f 674//1111 673//4374 687//1112
f 836//1114 839//1320 664//1115
f 709//1116 708//1324 705//1117
f 692//1018 689//1087 816//1086
f 668//1105 671//1072 820//1072
f 811//1121 816//1289 850//1122
f 703//1124 700//1124 698//1125
f 712//1126 710//1308 713//1127
f 686//1129 689//1087 691//1130
f 801//1132 855//4375 848//1133
f 774//1135 773//1002 776//1136
f 790//1137 796//4376 723//1138
f 750//1140 770//1332 767//1141
f 824//1143 821//1343 784//1144
f 742//1146 794//4377 832//1147
f 804//1071 772//1264 775//1154
f 742//1146 831//1148 833//1155
f 865//1158 855//4375 801//1132
f 782//1160 779//1214 753//1161
f 763//1163 765//1167 768//1164
f 795//1166 798//4378 724//1044
f 765//1167 764//1297 767//1168
f 757//1169 762//1169 760//1170
f 761//1174 747//4379 748//1175
f 751//1177 773//1321 770//1178
f 738//1184 864//4380 866//1185
f 766//1165 830//1180 829//1189
f 777//1190 780//1228 778//1191
f 712//1126 711//1030 708//1032
f 728//1153 730//1335 744//1194
f 868//1197 866//1361 864//1198
f 788//1200 759//1346 757//1201
f 740//1186 866//1185 867//1203
f 857//1207 734//1258 735//1208
f 762//1212 761//1174 764//1176
f 779//1214 782//1160 783//1215
f 745//1155 833//1155 861//1217
f 822//1219 802//1090 726//1089
f 792//1222 794//4381 742//1223
f 807//1058 806//1058 778//1225
f 829//1189 794//1291 792//1210
f 776//1227 779//1027 780//1228
f 824//1229 741//1204 867//1203
f 660//1234 726//1083 793//1082
f 854//1242 864//1242 738//1243
f 755//1245 756//1347 788//1200
f 862//1247 823//1283 659//1248
f 766//1165 768//1331 771//1251
f 856//1253 737//1266 725//1095
f 806//1100 805//1100 775//1192
f 772//1255 804//1051 803//1051
f 859//1257 791//4382 734//1258
f 744//1218 861//1217 860//1259
f 652//1261 739//4383 720//1262
f 772//1264 774//1135 777//1135
f 786//1025 789//1202 787//1145
f 743//1260 860//1259 834//1095
f 853//1265 736//1300 737//1266
f 761//1267 759//1267 746//1268
f 723//1138 724//1044 729//1046
f 718//1269 722//4384 652//1261
f 649//1272 666//1327 665//1273
f 732//1274 733//1275 730//1275
f 700//1124 703//1124 702//1277
f 760//1172 762//1212 765//1213
f 716//1279 656//1023 651//1263
f 697//1281 700//1303 699//1080
f 678//1282 677//1282 699//1278
f 823//1283 822//1219 660//1220
f 659//1284 660//1234 738//1235
f 784//1144 781//1342 783//1026
f 821//1286 824//1229 829//1230
f 808//1288 817//4385 816//1289
f 799//1290 821//1290 830//1290
f 794//1291 869//1340 827//1292
f 733//1294 731//1139 729//1046
f 749//1296 767//1168 764//1297
f 785//1246 782//1024 754//1299
f 858//1209 735//1208 736//1300
f 734//1233 791//4386 790//1301
f 695//1302 698//1050 700//1303
f 655//1304 658//1304 657//1305
f 716//1061 713//1127 811//1307
f 710//1308 712//1126 709//1193
f 678//1310 702//1317 705//1311
f 683//1313 685//1009 714//1011
f 654//1022 652//1261 651//1263
f 693//1038 690//1037 691//1314
f 706//1316 705//1311 702//1317
f 670//1318 669//1094 843//1096
f 690//1113 687//1112 688//1131
f 714//1011 682//1010 681//1319
f 839//1320 835//1095 725//1095
f 773//1321 774//1330 771//1322
f 708//1324 680//4387 679//1325
f 694//1315 691//1314 689//1087
f 810//1110 649//1109 650//1326
f 666//1327 649//1272 846//1328
f 774//1330 772//1255 769//1256
f 768//1331 767//1141 770//1332
f 811//1307 713//1127 710//1308
f 847//1198 849//4388 851//1334
f 729//1224 745//1237 744//1194
f 850//1122 849//1063 666//1336
f 728//1276 837//1337 838//1337
f 816//1086 719//1055 852//1057
f 684//1323 683//1313 715//1128
f 869//1340 794//1291 829//1189
f 769//1252 803//1034 825//1033
f 784//1144 821//1343 781//1342
f 821//1343 799//1349 807//1344
f 785//1246 788//1200 789//1202
f 758//1156 787//1145 789//1202
f 800//1350 808//1333 807//1344
f 808//1333 710//1308 707//1309
f 812//1035 803//1034 695//1345
f 781//1226 778//1225 780//1216
f 790//1206 791//1149 824//1143
f 711//1030 712//1126 715//1128
f 759//1346 788//1200 756//1347
f 759//1267 761//1267 762//1169
f 653//1306 657//1305 838//1337
f 855//1352 854//1199 847//1198
f 827//1353 869//4389 868//1354
f 868//1354 865//1158 826//1159
f 855//1352 865//1199 864//1198
f 851//1334 849//4388 850//1356
f 868//1197 869//1334 867//1360
f 814//1362 815//1365 851//1363
f 813//1134 848//1133 851//1363
f 863//1366 659//1284 740//1285
f 799//1337 825//1337 812//1337
f 973//1390 972//1390 994//1391
f 906//1393 908//1393 909//1394
f 897//1395 917//1433 914//1396
f 906//1398 935//1700 903//1399
f 928//1401 925//1449 927//1402
f 1061//1404 882//1493 883//1405
f 913//1406 915//1432 918//1407
f 879//1409 877//1667 875//1410
f 1007//1412 1006//1632 1003//1413
f 973//1415 997//1613 1000//1416
f 932//1418 929//1580 901//1419
f 896//1424 914//1704 911//1425
f 882//1427 938//4390 937//1428
f 1062//1405 883//1405 884//1430
f 915//1432 914//1396 917//1433
f 1013//1434 1018//4391 945//1435
f 875//1437 892//1475 891//1437
f 919//1439 1025//1440 1024//1440
f 874//1442 876//1438 891//1437
f 1021//1443 1029//1443 1038//1444
f 940//1445 1073//1725 1035//1446
f 1028//1448 1027//1448 925//1449
f 886//1453 1068//4392 1070//1454
f 939//1456 940//4393 889//1457
f 886//1458 1014//4394 1075//1459
f 1025//1460 919//1461 922//1461
f 892//1462 1041//1462 1065//1463
f 908//1393 906//1393 893//1465
f 898//1469 920//1669 917//1470
f 871//1472 947//1620 1014//1473
f 1037//1476 940//1445 939//1477
f 1030//1479 1023//1607 947//1480
f 924//1482 927//1707 925//1483
f 890//1485 1064//1708 1055//1486
f 904//1394 909//1394 907//1487
f 1027//1490 1026//1490 922//1484
f 1063//1492 938//4395 882//1493
f 889//1496 940//4396 1040//1497
f 1066//1499 1031//1716 870//1500
f 908//1502 894//4397 895//1503
f 1057//1431 884//1430 885//1505
f 926//1507 929//1713 930//1403
f 913//1406 1038//1668 1037//1476
f 889//1496 1039//1498 1041//1462
f 1032//1509 888//1722 1071//1510
f 919//1461 921//1664 924//1512
f 933//1513 936//1702 934//1514
f 907//1516 909//1709 912//1517
f 1069//1518 1076//4398 1022//1519
f 995//1521 998//1649 997//1392
f 1011//1522 952//1655 944//1523
f 971//1525 970//4399 988//1526
f 1045//1528 1008//1543 1005//1529
f 963//1531 1052//1541 1053//1532
f 996//1539 993//1539 1025//1460
f 963//1531 966//1540 1054//1540
f 1022//1519 1076//4398 1086//1545
f 1003//1547 975//4400 974//1548
f 989//1550 986//1555 984//1551
f 945//1435 1019//4401 1016//1553
f 988//1554 985//1689 986//1555
f 981//1556 983//1557 978//1557
f 969//1561 968//4402 982//1562
f 972//1564 971//4403 991//1565
f 959//1571 961//1592 1087//1572
f 987//1552 984//1551 1050//1576
f 999//1577 1001//1612 998//1578
f 929//1580 932//1418 933//1513
f 949//1538 964//1538 965//1582
f 1085//1586 1087//4404 1089//1587
f 978//1589 980//1732 1009//1590
f 961//1592 962//1615 1088//1593
f 1078//1596 1079//1597 956//1597
f 985//1563 982//1562 983//1601
f 1004//1603 1003//1547 1000//1549
f 966//1540 965//1644 1082//1605
f 1043//1606 881//1673 947//1480
f 963//1457 1015//4405 1013//1609
f 999//1610 1027//1448 1028//1448
f 1013//1600 1015//1684 1050//1576
f 1001//1612 1000//1416 997//1613
f 1045//1614 1050//1679 1088//1593
f 881//1619 959//1675 1014//1473
f 959//1628 1085//1629 1075//1629
f 1009//1590 977//1733 976//1631
f 1083//1633 1084//4406 880//1634
f 987//1552 990//1728 992//1637
f 1077//1639 1056//1486 946//1486
f 996//1579 1026//1490 1027//1490
f 993//1642 990//1719 1024//1440
f 955//1598 1012//4407 1080//1643
f 965//1644 964//1650 1081//1645
f 941//1646 960//4408 873//1647
f 998//1649 995//1521 993//1539
f 1007//1412 1005//1529 1008//1543
f 964//1650 948//1486 1055//1486
f 1074//1651 1077//1639 958//1640
f 982//1653 968//1654 967//1654
f 950//1436 945//1435 944//1523
f 873//1647 943//4409 939//1656
f 870//1659 871//1472 886//1474
f 951//1661 954//4410 953//1662
f 921//1664 920//1672 923//1665
f 981//1559 984//1551 986//1602
f 937//1666 942//4411 872//1648
f 920//1669 921//1692 918//1670
f 899//1671 923//1665 920//1672
f 1044//1635 880//1634 881//1673
f 880//1674 961//1752 959//1675
f 1005//1529 1007//1412 1004//1414
f 1042//1678 1051//4412 1050//1679
f 1029//1680 1032//1509 1037//1511
f 1020//1682 1046//1683 1051//1683
f 1015//1684 1053//4413 1048//1685
f 954//1687 951//4414 950//1436
f 970//1688 969//4415 985//1689
f 1006//1632 976//1631 975//1690
f 1079//1597 1074//1651 957//1652
f 1011//1691 1012//4416 955//1617
f 921//1692 919//1439 916//1441
f 878//1693 879//4417 876//1694
f 937//1451 938//1466 1032//1696
f 931//1515 928//1730 930//1581
f 926//1697 923//1706 899//1698
f 935//1700 906//1398 904//1701
f 872//1648 873//1647 875//1410
f 912//1703 911//1425 914//1704
f 923//1706 926//1697 927//1707
f 891//1464 1065//1463 1064//1708
f 909//1709 908//1502 911//1504
f 902//1420 903//1399 935//1700
f 1060//1506 885//1505 946//1486
f 992//1710 995//1720 994//1566
f 929//1713 926//1507 900//1714
f 910//1478 912//1703 915//1705
f 1031//1716 1030//1479 871//1481
f 1067//1717 870//1659 887//1660
f 990//1719 993//1642 995//1720
f 989//1638 992//1637 991//1527
f 1032//1696 1029//1731 931//1515
f 1072//1721 1070//1743 1068//1586
f 965//1582 966//1622 950//1582
f 887//1455 1070//1454 1071//1510
f 949//1663 953//1662 1059//1723
f 1073//1725 940//1445 1037//1476
f 905//1712 934//1514 936//1702
f 1050//1576 1015//1684 1090//1686
f 1046//1421 1024//1423 990//1728
f 1020//1735 1042//1530 1028//1729
f 1042//1530 1005//1529 1002//1677
f 1006//1632 1007//1412 1010//1591
f 979//1542 978//1589 1010//1591
f 931//1515 1029//1731 928//1730
f 1029//1731 1021//1734 1028//1729
f 916//1408 1024//1423 1033//1422
f 1002//1611 1004//1603 1001//1604
f 1011//1595 1008//1543 1045//1528
f 932//1418 935//1700 936//1702
f 980//1732 967//4418 977//1733
f 983//1557 982//1653 980//1653
f 874//1695 1058//1723 1059//1723
f 1076//1737 1069//1588 1068//1586
f 1048//1738 1049//1741 1089//1739
f 1047//1546 1086//1545 1089//1739
f 1076//1737 1075//1588 1085//1586
f 1072//1721 1073//4419 1071//1742
f 1089//1587 1087//4404 1088//1747
f 1035//1749 1073//4420 1072//1750
f 1072//1750 1069//1518 1034//1520
f 961//1752 880//1674 1084//1753
f 1033//1723 1046//1723 1020//1723
f 1181//1770 1183//1870 1159//1771
f 1095//1773 1249//1779 1248//1774
f 1092//1775 1093//1776 1246//1776
f 1096//1778 1252//1788 1249//1779
f 1098//1780 1255//1785 1253//1781
f 1094//1774 1248//1774 1246//1783
f 1099//1784 1258//1902 1255//1785
f 1100//1786 1101//4421 1261//1787
f 1097//1782 1253//1781 1252//1788
f 1102//1771 1264//1771 1261//1789
f 1108//1790 1109//1790 1097//1790
f 1123//1791 1122//1792 1139//1792
f 1145//1794 1146//1795 1116//1795
f 1102//1790 1114//1790 1103//1790
f 1134//1796 1119//1796 1118//1797
f 1147//1798 1120//1798 1119//1796
f 1111//1799 1123//1823 1124//1800
f 1107//1790 1108//1790 1096//1790
f 1116//1802 1117//1803 1105//1803
f 1101//1804 1113//1804 1114//1790
f 1150//1805 1126//1805 1125//1806
f 1094//1790 1106//1790 1107//1790
f 1103//1807 1115//1810 1116//1802
f 1100//1790 1112//1790 1113//1804
f 1113//1808 1125//1808 1126//1809
f 1098//1790 1097//1790 1109//1790
f 1103//1807 1114//1809 1126//1809
f 1124//1800 1125//1808 1113//1808
f 1128//1811 1146//1811 1145//1811
f 1146//1795 1130//1812 1117//1812
f 1125//1806 1124//1813 1149//1813
f 1124//1813 1123//1791 1148//1793
f 1109//1814 1121//1814 1122//1815
f 1132//1797 1118//1797 1117//1812
f 1105//1803 1117//1803 1118//1817
f 1129//1811 1130//1811 1146//1811
f 1107//1819 1106//1818 1118//1817
f 1091//1790 1103//1790 1104//1790
f 1109//1814 1108//1821 1120//1821
f 1108//1821 1107//1819 1119//1820
f 1099//1790 1098//1790 1110//1790
f 1092//1790 1104//1790 1105//1790
f 1110//1816 1122//1815 1123//1823
f 1100//1790 1099//1790 1111//1790
f 1094//1790 1093//1822 1105//1790
f 1145//1794 1115//1794 1126//1805
f 1137//1824 1121//1828 1120//1798
f 1133//1825 1154//1848 1169//1826
f 1133//1811 1135//1811 1147//1811
f 1131//1811 1132//1811 1130//1811
f 1131//1811 1133//1811 1134//1811
f 1135//1811 1136//1811 1137//1811
f 1138//1811 1139//1811 1137//1811
f 1141//1811 1142//1811 1143//1811
f 1140//1811 1148//1811 1139//1811
f 1141//1811 1149//1811 1148//1811
f 1137//1824 1139//1792 1122//1792
f 1142//1811 1144//1811 1150//1811
f 1144//1811 1127//1811 1145//1811
f 1216//1829 1200//4422 1160//1830
f 1141//1832 1140//1874 1163//1833
f 1144//1835 1142//1843 1181//1770
f 1144//1835 1158//1772 1161//1836
f 1136//1838 1135//1827 1169//1826
f 1128//1840 1166//1849 1175//1841
f 1141//1832 1172//1834 1181//1770
f 1131//1844 1129//1842 1175//1841
f 1235//1846 1189//1880 1188//1847
f 1131//1844 1184//1845 1154//1848
f 1128//1840 1127//1837 1161//1836
f 1136//1838 1178//1839 1152//1850
f 1182//1852 1215//1860 1216//1829
f 1202//1853 1204//1869 1185//1854
f 1209//1856 1211//1868 1151//1857
f 1173//1859 1214//1865 1215//1860
f 1170//1861 1208//1867 1209//1856
f 1201//1862 1202//1853 1176//1855
f 1164//1864 1212//4423 1214//1865
f 1155//1866 1206//4424 1208//1867
f 1160//1830 1200//4422 1201//1862
f 1211//1868 1212//4423 1164//1864
f 1204//1869 1206//4424 1155//1866
f 1183//1870 1182//1852 1157//1831
f 1155//1866 1156//1871 1186//1774
f 1156//1871 1154//1848 1184//1845
f 1153//1780 1180//1782 1179//1858
f 1152//1850 1178//1839 1180//1782
f 1177//1872 1176//1855 1185//1854
f 1175//1841 1177//1872 1186//1774
f 1183//1870 1174//1786 1173//1859
f 1181//1770 1172//1834 1174//1786
f 1171//1778 1170//1861 1179//1858
f 1169//1826 1171//1778 1180//1782
f 1177//1872 1168//1775 1167//1863
f 1175//1841 1166//1849 1168//1775
f 1174//1786 1165//1784 1164//1864
f 1172//1834 1163//1833 1165//1784
f 1171//1778 1156//1871 1155//1866
f 1169//1826 1154//1848 1156//1871
f 1162//1873 1160//1830 1167//1863
f 1161//1836 1162//1873 1168//1775
f 1162//1873 1159//1771 1157//1831
f 1161//1836 1158//1772 1159//1771
f 1153//1780 1151//1857 1164//1864
f 1152//1850 1153//1780 1165//1784
f 1138//1851 1152//1850 1163//1833
f 1189//1875 1203//1875 1218//1876
f 1195//1877 1213//1877 1220//1878
f 1199//1790 1218//1790 1201//1790
f 1234//1879 1190//1879 1189//1880
f 1198//1881 1240//1900 1237//1882
f 1188//1847 1187//1882 1237//1882
f 1233//1883 1232//1884 1192//1884
f 1196//1885 1195//4425 1230//1886
f 1197//1887 1222//1887 1221//1888
f 1215//1790 1214//1790 1221//1790
f 1218//1790 1203//1790 1202//1790
f 1198//1890 1187//1891 1199//1891
f 1189//1875 1190//1892 1205//1892
f 1238//1885 1239//1899 1197//1893
f 1192//1894 1193//1895 1210//1895
f 1217//1890 1222//1887 1197//1887
f 1191//1896 1192//1894 1219//1894
f 1191//1896 1207//1897 1205//1892
f 1230//1886 1195//4425 1194//1898
f 1198//1881 1197//1893 1239//1899
f 1190//1879 1234//1879 1233//1883
f 1194//1878 1220//1878 1210//1895
f 1192//1884 1232//1884 1231//1901
f 1195//1877 1196//1889 1221//1888
f 1219//1790 1208//1790 1206//1790
f 1199//1891 1187//1891 1188//1876
f 1205//1790 1204//1790 1202//1790
f 1220//1790 1213//1790 1212//1790
f 1205//1790 1207//1790 1206//1790
f 1210//1790 1209//1790 1208//1790
f 1221//1790 1214//1790 1212//1790
f 1217//1790 1216//1790 1215//1790
f 1210//1790 1220//1790 1211//1790
f 1199//1790 1200//1790 1216//1790
f 1194//1898 1193//1901 1231//1901
f 1227//1780 1226//1780 1271//1780
f 1091//1873 1242//1919 1264//1771
f 1100//1786 1259//1786 1258//1902
f 1233//1811 1225//1811 1232//1811
f 1225//1811 1226//1811 1232//1811
f 1235//1223 1224//1811 1234//1811
f 1224//1811 1225//1811 1234//1811
f 1225//1778 1267//1778 1271//1778
f 1237//1904 1223//1811 1236//1811
f 1223//1811 1224//1811 1236//1811
f 1224//1774 1266//1774 1267//1774
f 1230//1811 1227//1811 1238//1811
f 1227//1811 1228//1065 1238//1811
f 1223//1903 1268//1903 1266//1903
f 1239//1065 1228//1065 1240//1811
f 1228//1065 1223//1811 1240//1811
f 1228//1786 1227//1786 1270//1786
f 1223//1771 1228//1771 1269//1771
f 1231//1811 1226//1811 1229//1811
f 1226//1811 1227//1811 1229//1811
f 1249//1905 1250//1905 1247//1906
f 1253//1908 1254//1908 1251//1909
f 1255//1910 1256//1910 1254//1908
f 1258//1911 1259//1912 1260//1912
f 1258//1911 1257//1911 1256//1910
f 1259//1912 1261//1913 1262//1913
f 1252//1909 1251//1909 1250//1905
f 1261//1913 1264//1914 1263//1914
f 1246//1915 1248//1907 1247//1906
f 1244//1916 1246//1915 1245//1915
f 1244//1916 1243//1917 1241//1918
f 1263//1914 1264//1914 1242//1918
f 1092//1775 1244//1777 1242//1919
f 1267//1811 1266//1811 1268//1811
f 1269//1811 1270//1811 1271//1811
f 1287//1920 1286//2047 1291//1921
f 1296//1923 1367//1923 1364//1924
f 1299//1925 1370//1927 1367//1923
f 1302//1926 1373//1926 1370//1927
f 1305//1928 1376//1930 1373//1926
f 1308//1929 1379//1929 1376//1930
f 1311//1931 1382//1931 1379//1929
f 1314//1932 1385//1932 1382//1931
f 1317//1933 1388//1933 1385//1932
f 1320//1934 1391//1934 1388//1933
f 1323//1935 1394//1937 1391//1934
f 1326//1936 1397//1936 1394//1937
f 1329//1938 1400//1938 1397//1936
f 1332//1939 1403//1939 1400//1938
f 1335//1940 1406//1942 1403//1939
f 1338//1941 1409//1941 1406//1942
f 1341//1943 1412//1943 1409//1941
f 1344//1944 1415//1944 1412//1943
f 1347//1945 1418//1945 1415//1944
f 1350//1946 1421//1946 1418//1945
f 1353//1947 1424//1947 1421//1946
f 1356//1948 1427//1948 1424//1947
f 1359//1949 1430//2166 1427//1948
f 1477//1950 1479//2167 1433//1951
f 1357//1953 1272//2019 1287//1920
f 1288//1922 1291//1921 1292//1962
f 1480//1964 1432//2168 1478//1965
f 1434//1952 1435//1970 1545//1967
f 1440//1969 1546//1975 1545//1967
f 1436//1971 1481//2195 1482//1972
f 1440//1969 1441//1978 1547//1974
f 1482//1972 1483//2194 1442//1976
f 1446//1977 1548//1982 1547//1974
f 1442//1976 1483//2194 1484//1979
f 1446//1977 1447//1985 1549//1981
f 1484//1979 1485//2191 1448//1983
f 1452//1984 1550//1989 1549//1981
f 1448//1983 1485//2191 1486//1986
f 1452//1984 1453//1992 1551//1988
f 1486//1986 1487//2190 1454//1990
f 1458//1991 1552//1996 1551//1988
f 1454//1990 1487//2190 1488//1993
f 1458//1991 1459//1999 1553//1995
f 1488//1993 1489//2188 1460//1997
f 1464//1998 1554//2003 1553//1995
f 1460//1997 1489//2188 1490//2000
f 1464//1998 1465//2006 1555//2002
f 1490//2000 1491//2186 1466//2004
f 1470//2005 1556//2010 1555//2002
f 1466//2004 1491//2186 1492//2007
f 1470//2005 1471//2013 1557//2009
f 1492//2007 1493//2185 1472//2011
f 1476//2012 1558//2183 1557//2009
f 1472//2011 1493//2185 1494//2014
f 1494//2014 1495//1966 1478//1965
f 1434//1952 1544//1968 1543//2018
f 1293//1924 1364//1924 1362//711
f 1354//2020 1351//2152 1273//2021
f 1273//2021 1351//2152 1348//2022
f 1345//2024 1342//2136 1275//2025
f 1275//2025 1342//2136 1339//2026
f 1336//2028 1333//2121 1277//2029
f 1277//2029 1333//2121 1330//2030
f 1327//2032 1324//2106 1279//2033
f 1279//2033 1324//2106 1321//2034
f 1318//2036 1315//2091 1281//2037
f 1281//2037 1315//2091 1312//2038
f 1309//2040 1306//2074 1283//2041
f 1283//2041 1306//2074 1303//2042
f 1300//2044 1297//2059 1285//2045
f 1285//2045 1297//2059 1294//2046
f 1364//2048 1365//2048 1361//2049
f 1365//2050 1363//2016 1360//2051
f 1295//2053 1292//1962 1291//1921
f 1293//2054 1289//2055 1290//2055
f 1296//2056 1293//2054 1292//2054
f 1367//2057 1368//2057 1365//2048
f 1368//2058 1366//2017 1363//2016
f 1297//2059 1298//2064 1295//2053
f 1299//2060 1296//2056 1295//2056
f 1370//2061 1371//2061 1368//2057
f 1369//2062 1366//2017 1368//2058
f 1300//2044 1301//4426 1298//2064
f 1302//2065 1299//2060 1298//2060
f 1373//2066 1374//2066 1371//2061
f 1372//2067 1369//2062 1371//2063
f 1304//2069 1301//4426 1300//2044
f 1304//2070 1305//2070 1302//2065
f 1377//2071 1374//2066 1373//2066
f 1377//2072 1375//2078 1372//2067
f 1307//2073 1304//2069 1303//2042
f 1307//2075 1308//2075 1305//2070
f 1380//2076 1377//2071 1376//2071
f 1380//2077 1378//2084 1375//2078
f 1310//2079 1307//2073 1306//2074
f 1311//2080 1308//2075 1307//2075
f 1382//2082 1383//2082 1380//2076
f 1383//2083 1381//2193 1378//2084
f 1312//2038 1313//4427 1310//2079
f 1314//2085 1311//2080 1310//2081
f 1385//2087 1386//2087 1383//2082
f 1384//2088 1381//2193 1383//2083
f 1316//2090 1313//4427 1312//2038
f 1316//2092 1317//2096 1314//2085
f 1389//2093 1386//2087 1385//2087
f 1389//2094 1387//2192 1384//2088
f 1318//2036 1319//2101 1316//2090
f 1319//2095 1320//2095 1317//2096
f 1392//2097 1389//2093 1388//2093
f 1390//2099 1387//2192 1389//2094
f 1321//2034 1322//2107 1319//2101
f 1323//2102 1320//2095 1319//2095
f 1394//2103 1395//2103 1392//2097
f 1393//2104 1390//2099 1392//2100
f 1324//2106 1325//4428 1322//2107
f 1326//2108 1323//2102 1322//2102
f 1397//2109 1398//2109 1395//2103
f 1396//2110 1393//2104 1395//2105
f 1328//2112 1325//4428 1324//2106
f 1329//2113 1326//2108 1325//2108
f 1400//2114 1401//2114 1398//2109
f 1401//2115 1399//2120 1396//2110
f 1331//2116 1328//2112 1327//2032
f 1332//2117 1329//2113 1328//2113
f 1403//2118 1404//2118 1401//2114
f 1404//2119 1402//2189 1399//2120
f 1333//2121 1334//2126 1331//2116
f 1335//2122 1332//2117 1331//2117
f 1406//2123 1407//2123 1404//2118
f 1405//2124 1402//2189 1404//2119
f 1336//2028 1337//4429 1334//2126
f 1338//2127 1335//2122 1334//2122
f 1409//2128 1410//2128 1407//2123
f 1408//2129 1405//2124 1407//2125
f 1340//2131 1337//4429 1336//2028
f 1340//2132 1341//2132 1338//2127
f 1413//2133 1410//2128 1409//2128
f 1413//2134 1411//2140 1408//2129
f 1343//2135 1340//2131 1339//2026
f 1343//2137 1344//2143 1341//2132
f 1416//2138 1413//2133 1412//2133
f 1416//2139 1414//2187 1411//2140
f 1346//2141 1343//2135 1342//2136
f 1346//2142 1347//2142 1344//2143
f 1418//2144 1419//2144 1416//2138
f 1417//2145 1414//2187 1416//2139
f 1348//2022 1349//4430 1346//2141
f 1349//2147 1350//2147 1347//2142
f 1421//2148 1422//2148 1419//2144
f 1420//2149 1417//2145 1419//2146
f 1352//2151 1349//4430 1348//2022
f 1352//2153 1353//2153 1350//2147
f 1425//2154 1422//2148 1421//2148
f 1425//2155 1423//2160 1420//2149
f 1355//2156 1352//2151 1351//2152
f 1355//2157 1356//2157 1353//2153
f 1428//2158 1425//2154 1424//2154
f 1428//2159 1426//2184 1423//2160
f 1357//1953 1358//2165 1355//2156
f 1358//2161 1359//2161 1356//2157
f 1431//2162 1428//2158 1427//2158
f 1429//2163 1426//2184 1428//2159
f 1288//1922 1290//1963 1358//2165
f 1358//2161 1290//2055 1289//2055
f 1362//2049 1361//2049 1431//2162
f 1431//2164 1361//2052 1360//2051
f 1289//711 1362//711 1430//2166
f 1479//2167 1478//1965 1432//2168
f 1433//1951 1437//2169 1435//1970
f 1432//2168 1436//1971 1437//2169
f 1439//2170 1440//1969 1435//1970
f 1438//1973 1439//2170 1437//2169
f 1439//2170 1443//2171 1441//1978
f 1438//1973 1442//1976 1443//2171
f 1445//2172 1446//1977 1441//1978
f 1444//1980 1445//2172 1443//2171
f 1445//2172 1449//2173 1447//1985
f 1444//1980 1448//1983 1449//2173
f 1451//2174 1452//1984 1447//1985
f 1450//1987 1451//2174 1449//2173
f 1451//2174 1455//2175 1453//1992
f 1450//1987 1454//1990 1455//2175
f 1457//2176 1458//1991 1453//1992
f 1456//1994 1457//2176 1455//2175
f 1457//2176 1461//2177 1459//1999
f 1456//1994 1460//1997 1461//2177
f 1463//2178 1464//1998 1459//1999
f 1462//2001 1463//2178 1461//2177
f 1463//2178 1467//2179 1465//2006
f 1462//2001 1466//2004 1467//2179
f 1469//2180 1470//2005 1465//2006
f 1468//2008 1469//2180 1467//2179
f 1469//2180 1473//2181 1471//2013
f 1468//2008 1472//2011 1473//2181
f 1475//2182 1476//2012 1471//2013
f 1474//2015 1475//2182 1473//2181
f 1475//2182 1479//2167 1477//1950
f 1474//2015 1478//1965 1479//2167
f 1476//2012 1477//1950 1543//2018
f 1480//1964 1481//2195 1436//1971
f 1495//1966 1494//2014 1429//2163
f 1493//2185 1423//2160 1426//2184
f 1493//2185 1492//2007 1420//2149
f 1491//2186 1414//2187 1417//2145
f 1491//2186 1490//2000 1411//2140
f 1489//2188 1405//2124 1408//2129
f 1489//2188 1488//1993 1402//2189
f 1487//2190 1396//2110 1399//2120
f 1487//2190 1486//1986 1393//2104
f 1485//2191 1387//2192 1390//2099
f 1485//2191 1484//1979 1384//2088
f 1483//2194 1378//2084 1381//2193
f 1483//2194 1482//1972 1375//2078
f 1481//2195 1369//2062 1372//2067
f 1481//2195 1480//1964 1366//2017
f 1495//1966 1360//2051 1363//2016
f 1504//2196 1285//2045 1286//2047
f 1284//2043 1285//2045 1504//2196
f 1506//2199 1283//2041 1284//2043
f 1282//2039 1283//2041 1506//2199
f 1508//2201 1281//2037 1282//2039
f 1280//2035 1281//2037 1508//2201
f 1510//2203 1279//2033 1280//2035
f 1278//2031 1279//2033 1510//2203
f 1512//2205 1277//2029 1278//2031
f 1276//2027 1277//2029 1512//2205
f 1514//2207 1275//2025 1276//2027
f 1274//2023 1275//2025 1514//2207
f 1516//2209 1273//2021 1274//2023
f 1272//2019 1273//2021 1516//2209
f 1502//2211 1287//1920 1272//2019
f 1503//2214 1502//2215 1520//2215
f 1538//2216 1514//4431 1513//2217
f 1532//2219 1510//4432 1509//2220
f 1515//2221 1514//4431 1538//2216
f 1526//2222 1506//2222 1505//2223
f 1511//2225 1510//4432 1532//2219
f 1507//2227 1506//2222 1526//2222
f 1541//2228 1516//4433 1515//2221
f 1535//2229 1512//4434 1511//2225
f 1517//2230 1516//4433 1541//2228
f 1560//1774 1563//1774 1564//1774
f 1529//2231 1508//2231 1507//2227
f 1513//2217 1512//4434 1535//2229
f 1523//2232 1504//2232 1503//2214
f 1509//2220 1508//2231 1529//2231
f 1505//2223 1504//2232 1523//2232
f 1521//2233 1520//2212 1519//1955
f 1524//2235 1523//2234 1522//1961
f 1527//2237 1526//2236 1525//1960
f 1530//2239 1529//2238 1528//1959
f 1533//2241 1532//2240 1531//1958
f 1536//2243 1535//2242 1534//1957
f 1539//2245 1538//2244 1537//1956
f 1542//2213 1541//2246 1540//1954
f 1517//2230 1542//2230 1520//2215
f 1561//1774 1562//1774 1563//1774
f 1559//711 1564//711 1501//711
f 1498//1932 1561//1932 1560//1932
f 1500//1941 1563//1941 1562//1941
f 1499//1936 1562//1936 1561//1936
f 1497//1926 1560//1926 1559//1926
f 1501//1946 1564//1946 1563//1946
f 1502//2211 1503//2197 1286//2047
f 1584//2247 1579//2356 1580//2248
f 1657//1924 1660//1923 1589//1923
f 1660//1923 1663//1927 1592//1925
f 1663//1927 1666//1926 1595//1926
f 1666//1926 1669//1930 1598//1928
f 1669//1930 1672//1929 1601//1929
f 1672//1929 1675//1931 1604//1931
f 1675//1931 1678//1932 1607//1932
f 1678//1932 1681//1933 1610//1933
f 1681//1933 1684//1934 1613//1934
f 1684//1934 1687//1937 1616//1935
f 1687//1937 1690//1936 1619//1936
f 1690//1936 1693//1938 1622//1938
f 1693//1938 1696//1939 1625//1939
f 1696//1939 1699//1942 1628//1940
f 1699//1942 1702//1941 1631//1941
f 1702//1941 1705//1943 1634//1943
f 1705//1943 1708//1944 1637//1944
f 1708//1944 1711//1945 1640//1945
f 1711//1945 1714//1946 1643//1946
f 1714//1946 1717//1947 1646//1947
f 1717//1947 1720//1948 1649//1948
f 1720//1948 1723//2166 1652//1949
f 1770//2250 1727//2268 1726//2251
f 1650//2253 1581//2249 1580//2248
f 1585//2263 1584//2247 1581//2249
f 1773//2265 1788//2466 1771//2266
f 1727//2268 1837//2321 1838//2269
f 1838//2269 1839//4435 1733//2271
f 1729//2272 1731//2278 1775//2273
f 1733//2271 1839//4435 1840//2275
f 1735//2277 1776//2281 1775//2273
f 1840//2275 1841//4436 1739//2279
f 1735//2277 1737//2285 1777//2280
f 1739//2279 1841//4436 1842//2282
f 1741//2284 1778//2288 1777//2280
f 1842//2282 1843//4437 1745//2286
f 1741//2284 1743//2292 1779//2287
f 1745//2286 1843//4437 1844//2289
f 1747//2291 1780//2295 1779//2287
f 1844//2289 1845//4438 1751//2293
f 1747//2291 1749//2299 1781//2294
f 1751//2293 1845//4438 1846//2296
f 1753//2298 1782//2302 1781//2294
f 1846//2296 1847//4439 1757//2300
f 1753//2298 1755//2306 1783//2301
f 1757//2300 1847//4439 1848//2303
f 1759//2305 1784//2309 1783//2301
f 1848//2303 1849//4440 1763//2307
f 1759//2305 1761//2313 1785//2308
f 1763//2307 1849//4440 1850//2310
f 1765//2312 1786//2316 1785//2308
f 1850//2310 1851//4441 1769//2314
f 1765//2312 1767//2317 1787//2315
f 1771//2266 1788//2466 1787//2315
f 1727//2268 1770//2250 1836//2320
f 1655//711 1657//1924 1586//1924
f 1566//2323 1644//2325 1647//2322
f 1566//2323 1567//2326 1641//2324
f 1568//2328 1635//2330 1638//2327
f 1568//2328 1569//2331 1632//2329
f 1570//2333 1626//2335 1629//2332
f 1570//2333 1571//2336 1623//2334
f 1572//2338 1617//2340 1620//2337
f 1572//2338 1573//2341 1614//2339
f 1574//2343 1608//2345 1611//2342
f 1574//2343 1575//2346 1605//2344
f 1576//2348 1599//2350 1602//2347
f 1576//2348 1577//2351 1596//2349
f 1578//2353 1590//2355 1593//2352
f 1578//2353 1579//2356 1587//2354
f 1657//2054 1655//2357 1654//2357
f 1658//1962 1654//2451 1653//2358
f 1584//2247 1585//2263 1588//2359
f 1583//2049 1582//2049 1586//2360
f 1585//2360 1586//2360 1589//2057
f 1660//2361 1657//2054 1658//2054
f 1661//2362 1658//1962 1656//2319
f 1590//2355 1587//2354 1588//2359
f 1588//2057 1589//2057 1592//2364
f 1663//2365 1660//2361 1661//2361
f 1661//2362 1659//2318 1662//2366
f 1593//2352 1590//2355 1591//2363
f 1591//2364 1592//2364 1595//2066
f 1666//2369 1663//2365 1664//2365
f 1664//2367 1662//2366 1665//2370
f 1593//2352 1594//2368 1597//2372
f 1597//2373 1594//2066 1595//2066
f 1666//2369 1667//2369 1670//2070
f 1670//2374 1667//2371 1665//2370
f 1596//2349 1597//2372 1600//2376
f 1600//2377 1597//2373 1598//2373
f 1669//2070 1670//2070 1673//2075
f 1673//2378 1670//2374 1668//2375
f 1599//2350 1600//2376 1603//2380
f 1600//2377 1601//2377 1604//2082
f 1675//2081 1672//2075 1673//2075
f 1676//2382 1673//2378 1671//2379
f 1605//2344 1602//2347 1603//2380
f 1603//2381 1604//2082 1607//2385
f 1678//2387 1675//2081 1676//2081
f 1676//2382 1674//2383 1677//2388
f 1605//2344 1606//2384 1609//2390
f 1609//2391 1606//2386 1607//2385
f 1678//2387 1679//2387 1682//2092
f 1682//2392 1679//2389 1677//2388
f 1611//2342 1608//2345 1609//2390
f 1612//2395 1609//2391 1610//2093
f 1681//2092 1682//2092 1685//2095
f 1682//2392 1680//2393 1683//2396
f 1614//2339 1611//2342 1612//2394
f 1612//2395 1613//2395 1616//2399
f 1687//2102 1684//2095 1685//2095
f 1685//2397 1683//2396 1686//2400
f 1617//2340 1614//2339 1615//2398
f 1615//2399 1616//2399 1619//2109
f 1690//2403 1687//2102 1688//2102
f 1688//2401 1686//2400 1689//2404
f 1617//2340 1618//2402 1621//2406
f 1618//2109 1619//2109 1622//2114
f 1693//2407 1690//2403 1691//2403
f 1694//2408 1691//2405 1689//2404
f 1620//2337 1621//2406 1624//2410
f 1621//2114 1622//2114 1625//2411
f 1696//2117 1693//2407 1694//2407
f 1697//2412 1694//2408 1692//2409
f 1626//2335 1623//2334 1624//2410
f 1624//2411 1625//2411 1628//2415
f 1699//2416 1696//2117 1697//2117
f 1697//2412 1695//2413 1698//2417
f 1629//2332 1626//2335 1627//2414
f 1627//2415 1628//2415 1631//2128
f 1702//2420 1699//2416 1700//2416
f 1700//2418 1698//2417 1701//2421
f 1629//2332 1630//2419 1633//2423
f 1633//2424 1630//2128 1631//2128
f 1702//2420 1703//2420 1706//2425
f 1706//2426 1703//2422 1701//2421
f 1632//2329 1633//2423 1636//2428
f 1636//2138 1633//2424 1634//2424
f 1705//2425 1706//2425 1709//2429
f 1709//2430 1706//2426 1704//2427
f 1635//2330 1636//2428 1639//2432
f 1639//2433 1636//2138 1637//2138
f 1711//2434 1708//2429 1709//2429
f 1709//2430 1707//2431 1710//2435
f 1641//2324 1638//2327 1639//2432
f 1642//2148 1639//2433 1640//2433
f 1714//2437 1711//2434 1712//2434
f 1712//2141 1710//2435 1713//2438
f 1641//2324 1642//2436 1645//2440
f 1645//2441 1642//2148 1643//2148
f 1714//2437 1715//2437 1718//2153
f 1718//2151 1715//2439 1713//2438
f 1644//2325 1645//2440 1648//2443
f 1648//2158 1645//2441 1646//2441
f 1717//2153 1718//2153 1721//2444
f 1721//2445 1718//2151 1716//2442
f 1650//2253 1647//2322 1648//2443
f 1651//2448 1648//2158 1649//2158
f 1720//2444 1721//2444 1724//2161
f 1721//2445 1719//2446 1722//2449
f 1651//2447 1583//2264 1581//2249
f 1651//2448 1652//2162 1582//2049
f 1724//2161 1654//2357 1655//2357
f 1724//2450 1722//2449 1653//2358
f 1582//711 1652//1949 1723//2166
f 1772//2252 1726//2251 1725//2267
f 1726//2251 1727//2268 1728//2270
f 1725//2267 1726//2251 1730//2452
f 1728//2270 1733//2271 1732//2453
f 1730//2452 1732//2453 1731//2278
f 1732//2453 1733//2271 1734//2276
f 1731//2278 1732//2453 1736//2454
f 1734//2276 1739//2279 1738//2455
f 1736//2454 1738//2455 1737//2285
f 1738//2455 1739//2279 1740//2283
f 1737//2285 1738//2455 1742//2456
f 1740//2283 1745//2286 1744//2457
f 1742//2456 1744//2457 1743//2292
f 1744//2457 1745//2286 1746//2290
f 1743//2292 1744//2457 1748//2458
f 1746//2290 1751//2293 1750//2459
f 1748//2458 1750//2459 1749//2299
f 1750//2459 1751//2293 1752//2297
f 1749//2299 1750//2459 1754//2460
f 1752//2297 1757//2300 1756//2461
f 1754//2460 1756//2461 1755//2306
f 1756//2461 1757//2300 1758//2304
f 1755//2306 1756//2461 1760//2462
f 1758//2304 1763//2307 1762//2463
f 1760//2462 1762//2463 1761//2313
f 1762//2463 1763//2307 1764//2311
f 1761//2313 1762//2463 1766//2464
f 1764//2311 1769//2314 1768//2465
f 1766//2464 1768//2465 1767//2317
f 1768//2465 1769//2314 1770//2250
f 1767//2317 1768//2465 1772//2252
f 1769//2314 1851//4441 1836//2320
f 1729//2272 1774//2274 1773//2265
f 1788//2466 1653//2358 1722//2449
f 1719//2446 1716//2442 1786//2316
f 1786//2316 1716//2442 1713//2438
f 1710//2435 1707//2431 1784//2309
f 1784//2309 1707//2431 1704//2427
f 1701//2421 1698//2417 1782//2302
f 1782//2302 1698//2417 1695//2413
f 1692//2409 1689//2404 1780//2295
f 1780//2295 1689//2404 1686//2400
f 1683//2396 1680//2393 1778//2288
f 1778//2288 1680//2393 1677//2388
f 1674//2383 1671//2379 1776//2281
f 1776//2281 1671//2379 1668//2375
f 1665//2370 1662//2366 1774//2274
f 1774//2274 1662//2366 1659//2318
f 1656//2319 1653//2358 1788//2466
f 1797//2467 1796//4442 1579//2356
f 1797//2467 1578//2353 1577//2351
f 1799//2469 1798//2468 1577//2351
f 1799//2469 1576//2348 1575//2346
f 1801//2471 1800//2470 1575//2346
f 1801//2471 1574//2343 1573//2341
f 1803//2473 1802//2472 1573//2341
f 1803//2473 1572//2338 1571//2336
f 1805//2475 1804//2474 1571//2336
f 1805//2475 1570//2333 1569//2331
f 1807//2477 1806//2476 1569//2331
f 1807//2477 1568//2328 1567//2326
f 1809//2479 1808//2478 1567//2326
f 1809//2479 1566//2323 1565//2254
f 1795//2481 1810//2480 1565//2254
f 1813//2484 1795//2484 1796//2485
f 1831//2486 1829//2505 1806//2487
f 1825//2489 1823//2490 1802//2490
f 1831//2486 1807//2488 1808//2492
f 1819//2493 1817//2494 1798//2494
f 1825//2489 1803//2491 1804//2495
f 1819//2493 1799//2493 1800//2497
f 1834//2498 1832//2492 1808//2492
f 1828//2500 1826//2496 1804//2495
f 1834//2498 1809//2499 1810//2502
f 1857//1786 1856//1786 1853//1786
f 1822//2503 1820//2497 1800//2497
f 1828//2500 1805//2501 1806//2487
f 1816//2506 1814//2485 1796//2485
f 1822//2503 1801//2504 1802//2490
f 1816//2506 1797//2506 1798//2494
f 1814//2507 1815//2262 1812//2256
f 1817//2509 1818//2261 1815//2262
f 1820//2511 1821//2260 1818//2261
f 1823//2513 1824//2259 1821//2260
f 1826//2515 1827//2258 1824//2259
f 1829//2517 1830//2257 1827//2258
f 1832//2519 1833//2255 1830//2257
f 1835//2482 1812//2256 1833//2255
f 1813//2484 1835//2502 1810//2502
f 1856//1786 1855//1786 1854//1786
f 1794//711 1857//711 1852//711
f 1853//1932 1854//1932 1791//1932
f 1855//1941 1856//1941 1793//1941
f 1854//1936 1855//1936 1792//1936
f 1852//1926 1853//1926 1790//1926
f 1856//1946 1857//1946 1794//1946
f 1579//2356 1796//4442 1795//2481
f 1951//2521 1952//2553 1861//2522
f 1882//2524 1862//2552 1965//2525
f 1953//2527 1954//2554 1867//2528
f 1961//2530 1873//2551 1872//2531
f 1955//2533 1956//2534 1883//2534
f 1957//2536 1879//2555 1877//2537
f 1962//2532 1872//2531 1884//2539
f 1959//2541 1876//2657 1885//2542
f 1865//2529 1882//2524 1964//2526
f 1859//2544 1878//4443 1871//2545
f 1966//2659 1859//2658 1951//2549
f 1859//2658 1863//2547 1951//2549
f 1963//2540 1884//2539 1883//2534
f 1966//2550 1951//2521 1881//2523
f 1960//2543 1885//2542 1873//2551
f 1862//2552 1861//2522 1952//2553
f 1954//2554 1955//2533 1868//2535
f 1879//2555 1957//2536 1966//2550
f 1903//2556 1905//2591 1892//2557
f 1909//2559 1900//2583 1899//2560
f 1906//2561 1899//2560 1898//2562
f 1904//2563 1898//2562 1897//2564
f 1918//2565 1897//2564 1896//2566
f 1916//2567 1896//2566 1895//2568
f 1908//2570 1886//2582 1901//2571
f 1914//2569 1895//2568 1894//2573
f 1907//2575 1911//2574 1894//2573
f 1908//2570 1910//2584 1887//2581
f 1912//2572 1901//2571 1900//2583
f 1910//2584 1913//2586 1888//2585
f 1913//2586 1915//2588 1889//2587
f 1915//2588 1917//2590 1890//2589
f 1917//2590 1903//2556 1891//2558
f 1905//2591 1907//2575 1893//2576
f 1906//2593 1947//2617 1943//2594
f 1937//2596 1938//2618 1922//2597
f 1945//2599 1949//2621 1950//2600
f 1911//2602 1939//2632 1924//2603
f 1947//2605 1948//2655 1944//2606
f 1904//2608 1918//2641 1932//2609
f 1903//2611 1933//2640 1949//2612
f 1920//2614 1941//2646 1942//2615
f 1904//2608 1935//2610 1947//2617
f 1943//2607 1944//2606 1938//2618
f 1939//2619 1945//2599 1946//2601
f 1949//2621 1933//2656 1934//2622
f 1912//2623 1909//2595 1943//2594
f 1905//2613 1949//2612 1945//2625
f 1910//2627 1908//2649 1921//2628
f 1939//2619 1940//2620 1923//2630
f 1911//2602 1907//2626 1945//2625
f 1928//2633 1927//2638 1931//2634
f 1926//2636 1920//2614 1919//2616
f 1924//2631 1923//2630 1927//2638
f 1917//2639 1930//2648 1933//2640
f 1918//2641 1916//2643 1928//2642
f 1916//2643 1914//2604 1924//2603
f 1910//2627 1941//2629 1920//2644
f 1941//2646 1921//2598 1922//2597
f 1915//2647 1926//2654 1930//2648
f 1908//2649 1912//2623 1937//2624
f 1930//2650 1926//2636 1925//2637
f 1932//2635 1931//2634 1936//2652
f 1915//2647 1913//2645 1920//2644
f 1935//2653 1936//2652 1948//2655
f 1933//2656 1930//2650 1929//2651
f 1958//2538 1877//2537 1876//2657
f 1958//2670 1878//2669 1957//2660
f 1878//2669 1859//2658 1957//2660
f 1956//4444 1870//3061 1963//2666
f 1870//3061 1874//2664 1963//2666
f 1878//2667 1874//2667 1860//2667
f 1866//2661 1870//3061 1955//2668
f 1870//3061 1956//4444 1955//2668
f 1965//2685 1863//2547 1964//2672
f 1863//2547 1866//2661 1964//2672
f 1870//2674 1880//4445 1860//2675
f 1961//2673 1874//2664 1960//2677
f 1874//2664 1878//2669 1960//2677
f 1870//2678 1866//4446 1864//2679
f 1871//2681 1860//4447 1880//2682
f 1863//2684 1875//2684 1864//2684
f 1859//2686 1869//4448 1875//2687
f 1875//2689 1869//2683 1880//2682
f 2060//2691 2061//2712 1970//2522
f 1991//2524 1971//2711 2074//2693
f 2062//2527 2063//2554 1976//2528
f 2070//2530 1982//2551 1981//2695
f 2064//2697 2065//2698 1992//2698
f 2066//2700 1988//2713 1986//2537
f 2071//2696 1981//2695 1993//2702
f 2068//2704 1985//2813 1994//2542
f 1974//2694 1991//2524 2073//2526
f 1968//2705 1987//4443 1980//2706
f 2075//2815 1968//2814 2060//2666
f 1968//2814 1972//2708 2060//2666
f 2072//2703 1993//2702 1992//2698
f 2075//2709 2060//2691 1990//2692
f 2069//2543 1994//2542 1982//2551
f 1971//2711 1970//2522 2061//2712
f 2063//2554 2064//2697 1977//2699
f 1988//2713 2066//2700 2075//2709
f 2012//2714 2014//2750 2001//2715
f 2018//2717 2009//2742 2008//2718
f 2015//2719 2008//2718 2007//2720
f 2013//2721 2007//2720 2006//2722
f 2027//2723 2006//2722 2005//2724
f 2025//2725 2005//2724 2004//2726
f 2017//2728 1995//2741 2010//2729
f 2023//2727 2004//2726 2003//2731
f 2016//2733 2020//2732 2003//2731
f 2017//2728 2019//2743 1996//2740
f 2021//2730 2010//2729 2009//2742
f 2019//2743 2022//2745 1997//2744
f 2022//2745 2024//2747 1998//2746
f 2024//2747 2026//2749 1999//2748
f 2026//2749 2012//2714 2000//2716
f 2014//2750 2016//2733 2002//2734
f 2015//2752 2056//2774 2052//2753
f 2046//2755 2047//2775 2031//2756
f 2054//2757 2058//2778 2059//2758
f 2020//2760 2048//2789 2033//2761
f 2056//2763 2057//2811 2053//2764
f 2013//2766 2027//2797 2041//2767
f 2012//2752 2042//2774 2058//2769
f 2029//2771 2050//2802 2051//2772
f 2013//2766 2044//2768 2056//2774
f 2052//2765 2053//2764 2047//2775
f 2048//2776 2054//2757 2055//2759
f 2058//2778 2042//2812 2043//2779
f 2021//2780 2018//2754 2052//2753
f 2014//2770 2058//2769 2054//2782
f 2019//2784 2017//2805 2030//2785
f 2048//2776 2049//2777 2032//2787
f 2020//2760 2016//2783 2054//2782
f 2037//2790 2036//2795 2040//2791
f 2035//2793 2029//2771 2028//2773
f 2033//2788 2032//2787 2036//2795
f 2026//2796 2039//2804 2042//2774
f 2027//2797 2025//2799 2037//2798
f 2025//2799 2023//2762 2033//2761
f 2019//2784 2050//2786 2029//2800
f 2050//2802 2030//2756 2031//2756
f 2024//2803 2035//2810 2039//2804
f 2017//2805 2021//2780 2046//2781
f 2039//2806 2035//2793 2034//2794
f 2041//2792 2040//2791 2045//2808
f 2024//2803 2022//2801 2029//2800
f 2044//2809 2045//2808 2057//2811
f 2042//2812 2039//2806 2038//2807
f 2067//2701 1986//2537 1985//2813
f 2067//2818 1987//2820 2066//2816
f 1987//2820 1968//2814 2066//2816
f 2065//2815 1979//4449 2072//2666
f 1979//4449 1983//2708 2072//2666
f 1987//2667 1983//2667 1969//2667
f 1975//2817 1979//4449 2064//2816
f 1979//4449 2065//2815 2064//2816
f 2074//2823 1972//2708 2073//2822
f 1972//2708 1975//2817 2073//2822
f 1979//2824 1989//4450 1969//2825
f 2070//2823 1983//2708 2069//2677
f 1983//2708 1987//2820 2069//2677
f 1979//2678 1975//4446 1973//2826
f 1980//2681 1969//4451 1989//2682
f 1972//2684 1984//2684 1973//2684
f 1968//2828 1978//4452 1984//2687
f 1984//2829 1978//2683 1989//2682
f 2169//2830 2170//2839 2079//2831
f 2100//2832 2080//2838 2183//2833
f 2171//2527 2172//2554 2085//2528
f 2179//2530 2091//2551 2090//2531
f 2173//2697 2174//2698 2101//2698
f 2175//2700 2097//2713 2095//2537
f 2180//2532 2090//2531 2102//2836
f 2177//2704 2094//2813 2103//2542
f 2083//2835 2100//2832 2182//2834
f 2077//2837 2096//4443 2089//2706
f 2184//2815 2077//2814 2169//2666
f 2077//2814 2081//2708 2169//2666
f 2181//2703 2102//2836 2101//2698
f 2184//2709 2169//2830 2099//2692
f 2178//2543 2103//2542 2091//2551
f 2080//2838 2079//2831 2170//2839
f 2172//2554 2173//2697 2086//2699
f 2097//2713 2175//2700 2184//2709
f 2121//2840 2123//2876 2110//2841
f 2127//2843 2118//2868 2117//2844
f 2124//2845 2117//2844 2116//2846
f 2122//2847 2116//2846 2115//2848
f 2136//2849 2115//2848 2114//2850
f 2134//2851 2114//2850 2113//2852
f 2126//2854 2104//2867 2119//2855
f 2132//2853 2113//2852 2112//2857
f 2125//2859 2129//2858 2112//2857
f 2126//2854 2128//2869 2105//2866
f 2130//2856 2119//2855 2118//2868
f 2128//2869 2131//2871 2106//2870
f 2131//2871 2133//2873 2107//2872
f 2133//2873 2135//2875 2108//2874
f 2135//2875 2121//2840 2109//2842
f 2123//2876 2125//2859 2111//2860
f 2124//2878 2165//2902 2161//2879
f 2155//2881 2156//2903 2140//2882
f 2163//2884 2167//2906 2168//2885
f 2129//2887 2157//2917 2142//2888
f 2165//2890 2166//2940 2162//2891
f 2122//2893 2136//2926 2150//2894
f 2121//2896 2151//2925 2167//2897
f 2138//2899 2159//2931 2160//2900
f 2122//2893 2153//2895 2165//2902
f 2161//2892 2162//2891 2156//2903
f 2157//2904 2163//2884 2164//2886
f 2167//2906 2151//2941 2152//2907
f 2130//2908 2127//2880 2161//2879
f 2123//2898 2167//2897 2163//2910
f 2128//2912 2126//2934 2139//2913
f 2157//2904 2158//2905 2141//2915
f 2129//2887 2125//2911 2163//2910
f 2146//2918 2145//2923 2149//2919
f 2144//2921 2138//2899 2137//2901
f 2142//2916 2141//2915 2145//2923
f 2135//2924 2148//2933 2151//2925
f 2136//2926 2134//2928 2146//2927
f 2134//2928 2132//2889 2142//2888
f 2128//2912 2159//2914 2138//2929
f 2159//2931 2139//2883 2140//2882
f 2133//2932 2144//2939 2148//2933
f 2126//2934 2130//2908 2155//2909
f 2148//2935 2144//2921 2143//2922
f 2150//2920 2149//2919 2154//2937
f 2133//2932 2131//2930 2138//2929
f 2153//2938 2154//2937 2166//2940
f 2151//2941 2148//2935 2147//2936
f 2176//2701 2095//2537 2094//2813
f 2176//2818 2096//2820 2175//2816
f 2096//2820 2077//2814 2175//2816
f 2174//2815 2088//2814 2181//2946
f 2088//2814 2092//2944 2181//2946
f 2096//2667 2092//2667 2078//2667
f 2084//2942 2088//2814 2173//2816
f 2088//2814 2174//2815 2173//2816
f 2183//2823 2081//2708 2182//2947
f 2081//2708 2084//2942 2182//2947
f 2088//2824 2098//4450 2078//2825
f 2179//2673 2092//2944 2178//2948
f 2092//2944 2096//2820 2178//2948
f 2088//2678 2084//4446 2082//2826
f 2089//2949 2078//4447 2098//2682
f 2081//2684 2093//2684 2082//2684
f 2077//2686 2087//4448 2093//2687
f 2093//2829 2087//2683 2098//2682
f 2278//2950 2279//2839 2188//2951
f 2209//2832 2189//2960 2292//2953
f 2280//2527 2281//2554 2194//2528
f 2288//2530 2200//2959 2199//2955
f 2282//2533 2283//2534 2210//2534
f 2284//2536 2206//2555 2204//2537
f 2289//2532 2199//2955 2211//2702
f 2286//2956 2203//2813 2212//2542
f 2192//2954 2209//2832 2291//2834
f 2186//2837 2205//4443 2198//2706
f 2293//3062 2186//3061 2278//2666
f 2186//3061 2190//2958 2278//2666
f 2290//2703 2211//2702 2210//2534
f 2293//2550 2278//2950 2208//2952
f 2287//2543 2212//2542 2200//2959
f 2189//2960 2188//2951 2279//2839
f 2281//2554 2282//2533 2195//2535
f 2206//2555 2284//2536 2293//2550
f 2230//2961 2232//2997 2219//2962
f 2236//2964 2227//2989 2226//2965
f 2233//2966 2226//2965 2225//2967
f 2231//2968 2225//2967 2224//2969
f 2245//2970 2224//2969 2223//2971
f 2243//2972 2223//2971 2222//2973
f 2235//2975 2213//2988 2228//2976
f 2241//2974 2222//2973 2221//2978
f 2234//2980 2238//2979 2221//2978
f 2235//2975 2237//2990 2214//2987
f 2239//2977 2228//2976 2227//2989
f 2237//2990 2240//2992 2215//2991
f 2240//2992 2242//2994 2216//2993
f 2242//2994 2244//2996 2217//2995
f 2244//2996 2230//2961 2218//2963
f 2232//2997 2234//2980 2220//2981
f 2233//2999 2274//3022 2270//3000
f 2264//3002 2265//3023 2249//3003
f 2272//3004 2276//3025 2277//3005
f 2238//3007 2266//3036 2251//3008
f 2274//3010 2275//3059 2271//3011
f 2231//3013 2245//3045 2259//3014
f 2230//3016 2260//3044 2276//3017
f 2247//3019 2268//3050 2269//3020
f 2231//3013 2262//3015 2274//3022
f 2270//3012 2271//3011 2265//3023
f 2266//3024 2272//3004 2273//3006
f 2276//3025 2260//3060 2261//3026
f 2239//3027 2236//3001 2270//3000
f 2232//3018 2276//3017 2272//3029
f 2237//3031 2235//3053 2248//3032
f 2266//3024 2267//3024 2250//3034
f 2238//3007 2234//3030 2272//3029
f 2255//3037 2254//3042 2258//3038
f 2253//3040 2247//3019 2246//3021
f 2251//3035 2250//3034 2254//3042
f 2244//3043 2257//3052 2260//3044
f 2245//3045 2243//3047 2255//3046
f 2243//3047 2241//3009 2251//3008
f 2237//3031 2268//3033 2247//3048
f 2268//3050 2248//3003 2249//3003
f 2242//3051 2253//3058 2257//3052
f 2239//3027 2264//3028 2248//3032
f 2257//3054 2253//3040 2252//3041
f 2259//3039 2258//3038 2263//3056
f 2242//3051 2240//3049 2247//3048
f 2262//3057 2263//3056 2275//3059
f 2260//3060 2257//3054 2256//3055
f 2285//2701 2204//2537 2203//2813
f 2285//2670 2205//3063 2284//2816
f 2205//3063 2186//3061 2284//2816
f 2283//3062 2197//3061 2290//2666
f 2197//3061 2201//2664 2290//2666
f 2205//2667 2201//2667 2187//2667
f 2193//2661 2197//3061 2282//2668
f 2197//3061 2283//3062 2282//2668
f 2292//2823 2190//2958 2291//2677
f 2190//2958 2193//2661 2291//2677
f 2197//2674 2207//4453 2187//2675
f 2288//2673 2201//2664 2287//2677
f 2201//2664 2205//3063 2287//2677
f 2197//3066 2193//4454 2191//2679
f 2198//2681 2187//4447 2207//2682
f 2190//2684 2202//2684 2191//2684
f 2186//2686 2196//4448 2202//2687
f 2202//2689 2196//2683 2207//2682
f 2361//3068 2362//3085 2386//3069
f 2451//3071 2452//3072 2298//3072
f 2447//3073 2449//3080 2296//3074
f 2452//3072 2455//3084 2299//3076
f 2456//3077 2458//3081 2301//3078
f 2449//3080 2451//3071 2297//1774
f 2458//3081 2461//3195 2302//3082
f 2303//1786 2462//1786 2464//3083
f 2455//3084 2456//3077 2300//3079
f 2304//3069 2464//3083 2467//3085
f 2300//3086 2312//3086 2311//3086
f 2351//3087 2342//3088 2325//3088
f 2318//3089 2319//3090 2349//3090
f 2294//3086 2306//3086 2317//3086
f 2337//3091 2335//3092 2321//3092
f 2322//3091 2323//3093 2350//3093
f 2315//3094 2327//3105 2326//3095
f 2298//3086 2299//3086 2311//3086
f 2308//3096 2320//3096 2319//3097
f 2304//3086 2305//3086 2317//3086
f 2346//3098 2328//3098 2329//3099
f 2298//3086 2310//3086 2309//3086
f 2307//3097 2319//3097 2318//3101
f 2304//3086 2316//3086 2315//3086
f 2329//3102 2328//3104 2316//3103
f 2313//3086 2312//3086 2300//3086
f 2318//3101 2329//3102 2317//3102
f 2315//3094 2316//3103 2328//3104
f 2348//1457 2349//1457 2331//1457
f 2349//3090 2319//3090 2320//3106
f 2346//3098 2352//3108 2327//3108
f 2351//3087 2326//3087 2327//3108
f 2313//3109 2325//3118 2324//3110
f 2333//3107 2320//3106 2321//3092
f 2309//3112 2321//4455 2320//3096
f 2349//1457 2333//3113 2332//3113
f 2322//3114 2321//4455 2309//3112
f 2307//3086 2306//3086 2294//3086
f 2324//3110 2323//3117 2311//3116
f 2323//3117 2322//3114 2310//3114
f 2302//3086 2314//3086 2313//3086
f 2296//3086 2308//3086 2307//3086
f 2314//3095 2326//3095 2325//3118
f 2315//3086 2314//3086 2302//3086
f 2309//3086 2308//3086 2296//3086
f 2353//3100 2329//3099 2318//3089
f 2350//3093 2323//3093 2324//3119
f 2338//3121 2372//3168 2357//3122
f 2336//3113 2337//1457 2350//1457
f 2333//3113 2335//1457 2334//1457
f 2334//1457 2335//1457 2337//1457
f 2338//1457 2350//1457 2340//1457
f 2340//1457 2342//1457 2341//1457
f 2344//1457 2352//1457 2346//3124
f 2342//1457 2351//1457 2343//3124
f 2351//1457 2352//1457 2344//1457
f 2324//3119 2325//3088 2342//3088
f 2345//3124 2346//3124 2353//1457
f 2347//1457 2353//1457 2348//1457
f 2360//3125 2363//3163 2403//3126
f 2344//3128 2375//3167 2366//3129
f 2347//3131 2361//3068 2384//3070
f 2330//3133 2364//3170 2361//3068
f 2381//3134 2372//3168 2338//3121
f 2378//3136 2369//3143 2331//3137
f 2384//3070 2375//3167 2344//3128
f 2334//3139 2387//3142 2378//3136
f 2439//3140 2391//3178 2392//3141
f 2334//3139 2336//3123 2357//3122
f 2369//3143 2364//3170 2330//3133
f 2341//3144 2355//3166 2381//3134
f 2385//3145 2360//3125 2419//3127
f 2388//3147 2407//3165 2405//3148
f 2382//3150 2354//3164 2414//3151
f 2376//3153 2385//3145 2418//3146
f 2373//3155 2382//3150 2412//3152
f 2379//3149 2405//3148 2404//3157
f 2367//3159 2376//3153 2417//3154
f 2373//3155 2411//3156 2409//3161
f 2370//3158 2404//3157 2403//3126
f 2354//3164 2367//3159 2415//3160
f 2358//3162 2409//3161 2407//3165
f 2362//3085 2360//3125 2385//3145
f 2358//3162 2388//3147 2389//1774
f 2389//1774 2387//3142 2357//3122
f 2356//3078 2354//3164 2382//3150
f 2356//3078 2383//3079 2381//3134
f 2389//1774 2388//3147 2379//3149
f 2387//3142 2389//1774 2380//3074
f 2385//3145 2376//3153 2377//1786
f 2386//3069 2377//1786 2375//3167
f 2382//3150 2373//3155 2374//3076
f 2383//3079 2374//3076 2372//3168
f 2379//3149 2370//3158 2371//3075
f 2380//3074 2371//3075 2369//3143
f 2377//1786 2376//3153 2367//3159
f 2377//1786 2368//3082 2366//3129
f 2374//3076 2373//3155 2358//3162
f 2374//3076 2359//3072 2357//3122
f 2370//3158 2363//3163 2365//3169
f 2369//3143 2371//3075 2365//3169
f 2365//3169 2363//3163 2360//3125
f 2365//3169 2362//3085 2361//3068
f 2368//3082 2367//3159 2354//3164
f 2368//3082 2356//3078 2355//3166
f 2343//3130 2366//3129 2355//3166
f 2391//3171 2421//3171 2406//3172
f 2423//3173 2416//3174 2398//3174
f 2403//3086 2404//3086 2421//3086
f 2437//3175 2438//3141 2392//3141
f 2390//3176 2440//3176 2443//3177
f 2439//3140 2440//3176 2390//3176
f 2394//3179 2395//3180 2435//3180
f 2433//3181 2398//3193 2399//3182
f 2424//3183 2425//3184 2400//3184
f 2425//3086 2424//3086 2417//3086
f 2421//3086 2404//3086 2405//3086
f 2402//3185 2390//3185 2401//3186
f 2392//3172 2406//3172 2408//3187
f 2400//3188 2442//3188 2441//3182
f 2422//3189 2413//3190 2396//3190
f 2401//3186 2400//3184 2425//3184
f 2410//3191 2422//3189 2395//3189
f 2393//3187 2408//3187 2410//3191
f 2433//3181 2432//4456 2397//3192
f 2401//3177 2443//3177 2442//3188
f 2393//3175 2394//3179 2436//3179
f 2397//3173 2396//3190 2413//3190
f 2395//3180 2396//3194 2434//3194
f 2416//3174 2424//3183 2399//3183
f 2410//3086 2409//4457 2411//3086
f 2421//3171 2391//3171 2390//3185
f 2406//3086 2405//3086 2407//3086
f 2414//3086 2415//4458 2416//3086
f 2407//3086 2409//4457 2410//3086
f 2422//3086 2411//3086 2412//3115
f 2416//3086 2415//4458 2417//3086
f 2420//3086 2425//3086 2418//3086
f 2412//3115 2414//3086 2423//3086
f 2420//3086 2419//3086 2403//3086
f 2397//3192 2432//4456 2434//3194
f 2473//3078 2474//3078 2429//3078
f 2467//3085 2445//3211 2294//3169
f 2461//3195 2462//1786 2303//1786
f 2429//1457 2428//1457 2435//1457
f 2428//1457 2436//1457 2435//1457
f 2428//1457 2427//1457 2437//1457
f 2427//1457 2438//1457 2437//1457
f 2429//3076 2474//3076 2470//3076
f 2427//1457 2426//1457 2439//1457
f 2426//1457 2440//1457 2439//1457
f 2470//1774 2469//1774 2427//1774
f 2431//1457 2430//3124 2441//1457
f 2430//3124 2433//3124 2441//1457
f 2427//3075 2469//3075 2471//3075
f 2426//1457 2431//1457 2443//1457
f 2431//1457 2442//1457 2443//1457
f 2431//1786 2472//1786 2473//1786
f 2471//3085 2472//3085 2431//3085
f 2430//3124 2429//1457 2432//1457
f 2429//1457 2434//1457 2432//1457
f 2450//3196 2453//4459 2452//3197
f 2455//3198 2454//3205 2457//3199
f 2456//3200 2457//3199 2459//3201
f 2460//3202 2463//3203 2462//3203
f 2459//3201 2460//3202 2461//3202
f 2462//3203 2463//3203 2465//3204
f 2452//3197 2453//4459 2454//3205
f 2464//3204 2465//3204 2466//3206
f 2449//3208 2448//3208 2450//3196
f 2447//3209 2446//3209 2448//3208
f 2444//3210 2446//3209 2447//3209
f 2445//3210 2467//3207 2466//3206
f 2445//3211 2447//3073 2295//3075
f 2470//1457 2474//1457 2471//1457
f 2471//1457 2474//1457 2473//1457
f 2494//3212 2489//3345 2490//3213
f 2567//3215 2570//3216 2499//3216
f 2570//3216 2573//3217 2502//3217
f 2573//3217 2576//3218 2505//3218
f 2576//3218 2579//3220 2508//3219
f 2579//3220 2582//3221 2511//3221
f 2582//3221 2585//3222 2514//3222
f 2585//3222 2588//3223 2517//3223
f 2588//3223 2591//3224 2520//3224
f 2591//3224 2594//3225 2523//3225
f 2594//3225 2597//3226 2526//3226
f 2597//3226 2600//3227 2529//3227
f 2600//3227 2603//3228 2532//3228
f 2603//3228 2606//3229 2535//3229
f 2606//3229 2609//3230 2538//3230
f 2609//3230 2612//3231 2541//3231
f 2612//3231 2615//3232 2544//3232
f 2615//3232 2618//3233 2547//3233
f 2618//3233 2621//3234 2550//3234
f 2621//3234 2624//3235 2553//3235
f 2624//3235 2627//3236 2556//3236
f 2627//3236 2630//3237 2559//3237
f 2630//3237 2633//3238 2562//3238
f 2680//3239 2637//3257 2636//3240
f 2560//3242 2491//3214 2490//3213
f 2495//3252 2494//3212 2491//3214
f 2683//3254 2698//3482 2681//3255
f 2637//3257 2747//3310 2748//3258
f 2748//3258 2749//4460 2643//3260
f 2639//3261 2641//3267 2685//3262
f 2643//3260 2749//4460 2750//3264
f 2645//3266 2686//3270 2685//3262
f 2750//3264 2751//4461 2649//3268
f 2645//3266 2647//3274 2687//3269
f 2649//3268 2751//4461 2752//3271
f 2651//3273 2688//3277 2687//3269
f 2752//3271 2753//4462 2655//3275
f 2651//3273 2653//3281 2689//3276
f 2655//3275 2753//4462 2754//3278
f 2657//3280 2690//3284 2689//3276
f 2754//3278 2755//4463 2661//3282
f 2657//3280 2659//3288 2691//3283
f 2661//3282 2755//4463 2756//3285
f 2663//3287 2692//3291 2691//3283
f 2756//3285 2757//4464 2667//3289
f 2663//3287 2665//3295 2693//3290
f 2667//3289 2757//4464 2758//3292
f 2669//3294 2694//3298 2693//3290
f 2758//3292 2759//4465 2673//3296
f 2669//3294 2671//3302 2695//3297
f 2673//3296 2759//4465 2760//3299
f 2675//3301 2696//3305 2695//3297
f 2760//3299 2761//4466 2679//3303
f 2675//3301 2677//3306 2697//3304
f 2681//3255 2698//3482 2697//3304
f 2637//3257 2680//3239 2746//3309
f 2565//931 2567//3215 2496//3215
f 2476//3312 2554//3314 2557//3311
f 2476//3312 2477//3315 2551//3313
f 2478//3317 2545//3319 2548//3316
f 2478//3317 2479//3320 2542//3318
f 2480//3322 2536//3324 2539//3321
f 2480//3322 2481//3325 2533//3323
f 2482//3327 2527//3329 2530//3326
f 2482//3327 2483//3330 2524//3328
f 2484//3332 2518//3334 2521//3331
f 2484//3332 2485//3335 2515//3333
f 2486//3337 2509//3339 2512//3336
f 2486//3337 2487//3340 2506//3338
f 2488//3342 2500//3344 2503//3341
f 2488//3342 2489//3345 2497//3343
f 2567//3346 2565//3347 2564//3347
f 2568//3348 2564//3467 2563//3349
f 2497//3343 2494//3212 2495//3252
f 2493//3351 2492//3351 2496//3352
f 2495//3352 2496//3352 2499//3353
f 2570//3354 2567//3346 2568//3346
f 2568//3348 2566//3308 2569//3307
f 2497//3343 2498//3350 2501//3357
f 2501//3358 2498//3353 2499//3353
f 2570//3354 2571//3355 2574//3359
f 2574//3361 2571//3356 2569//3307
f 2500//3344 2501//3357 2504//3363
f 2504//3364 2501//3358 2502//3358
f 2573//3360 2574//3359 2577//3365
f 2577//3366 2574//3361 2572//3362
f 2506//3338 2503//3341 2504//3363
f 2507//3369 2504//3364 2505//3364
f 2576//3365 2577//3365 2580//3370
f 2577//3366 2575//3367 2578//3371
f 2509//3339 2506//3338 2507//3368
f 2507//3369 2508//3369 2511//3374
f 2582//3375 2579//3370 2580//3370
f 2580//3372 2578//3371 2581//3376
f 2512//3336 2509//3339 2510//3373
f 2510//3374 2511//3374 2514//3379
f 2585//3380 2582//3375 2583//3375
f 2583//3377 2581//3376 2584//3381
f 2515//3333 2512//3336 2513//3378
f 2516//3384 2513//3379 2514//3379
f 2585//3380 2586//3380 2589//3386
f 2586//3382 2584//3381 2587//3387
f 2518//3334 2515//3333 2516//3383
f 2516//3384 2517//3385 2520//3390
f 2591//3391 2588//3386 2589//3386
f 2589//3388 2587//3387 2590//3392
f 2518//3334 2519//3389 2522//3394
f 2519//3390 2520//3390 2523//3395
f 2594//3396 2591//3391 2592//3391
f 2595//3397 2592//3393 2590//3392
f 2521//3331 2522//3394 2525//3399
f 2525//3400 2522//3395 2523//3395
f 2594//3396 2595//3396 2598//3401
f 2598//3402 2595//3397 2593//3398
f 2524//3328 2525//3399 2528//3404
f 2528//3405 2525//3400 2526//3400
f 2597//3401 2598//3401 2601//3407
f 2601//3408 2598//3402 2596//3403
f 2527//3329 2528//3404 2531//3410
f 2531//3411 2528//3405 2529//3406
f 2600//3407 2601//3407 2604//3412
f 2604//3414 2601//3408 2599//3409
f 2533//3323 2530//3326 2531//3410
f 2531//3411 2532//3411 2535//3417
f 2606//3418 2603//3413 2604//3412
f 2604//3414 2602//3415 2605//3419
f 2536//3324 2533//3323 2534//3416
f 2534//3417 2535//3417 2538//3422
f 2609//3423 2606//3418 2607//3418
f 2607//3420 2605//3419 2608//3424
f 2539//3321 2536//3324 2537//3421
f 2540//3427 2537//3422 2538//3422
f 2612//3428 2609//3423 2610//3423
f 2610//3425 2608//3424 2611//3429
f 2542//3318 2539//3321 2540//3426
f 2543//3432 2540//3427 2541//3427
f 2615//3433 2612//3428 2613//3428
f 2613//3430 2611//3429 2614//3434
f 2545//3319 2542//3318 2543//3431
f 2543//3432 2544//3432 2547//3437
f 2618//3438 2615//3433 2616//3433
f 2616//3435 2614//3434 2617//3439
f 2545//3319 2546//3436 2549//3441
f 2546//3437 2547//3437 2550//3442
f 2621//3443 2618//3438 2619//3438
f 2622//3444 2619//3440 2617//3439
f 2548//3316 2549//3441 2552//3446
f 2549//3442 2550//3442 2553//3447
f 2624//3448 2621//3443 2622//3443
f 2625//3449 2622//3444 2620//3445
f 2554//3314 2551//3313 2552//3446
f 2552//3447 2553//3447 2556//3452
f 2627//3453 2624//3448 2625//3448
f 2625//3449 2623//3450 2626//3454
f 2557//3311 2554//3314 2555//3451
f 2555//3452 2556//3452 2559//3457
f 2630//3459 2627//3453 2628//3453
f 2628//3455 2626//3454 2629//3460
f 2560//3242 2557//3311 2558//3456
f 2558//3458 2559//3457 2562//3463
f 2633//3464 2630//3459 2631//3459
f 2631//3461 2629//3460 2632//3465
f 2561//3462 2493//3253 2491//3214
f 2561//3463 2562//3463 2492//3351
f 2634//3464 2564//3347 2565//3347
f 2634//3466 2632//3465 2563//3349
f 2562//3238 2633//3238 2565//931
f 2682//3241 2636//3240 2635//3256
f 2636//3240 2637//3257 2638//3259
f 2635//3256 2636//3240 2640//3468
f 2638//3259 2643//3260 2642//3469
f 2640//3468 2642//3469 2641//3267
f 2642//3469 2643//3260 2644//3265
f 2641//3267 2642//3469 2646//3470
f 2644//3265 2649//3268 2648//3471
f 2646//3470 2648//3471 2647//3274
f 2648//3471 2649//3268 2650//3272
f 2647//3274 2648//3471 2652//3472
f 2650//3272 2655//3275 2654//3473
f 2652//3472 2654//3473 2653//3281
f 2654//3473 2655//3275 2656//3279
f 2653//3281 2654//3473 2658//3474
f 2656//3279 2661//3282 2660//3475
f 2658//3474 2660//3475 2659//3288
f 2660//3475 2661//3282 2662//3286
f 2659//3288 2660//3475 2664//3476
f 2662//3286 2667//3289 2666//3477
f 2664//3476 2666//3477 2665//3295
f 2666//3477 2667//3289 2668//3293
f 2665//3295 2666//3477 2670//3478
f 2668//3293 2673//3296 2672//3479
f 2670//3478 2672//3479 2671//3302
f 2672//3479 2673//3296 2674//3300
f 2671//3302 2672//3479 2676//3480
f 2674//3300 2679//3303 2678//3481
f 2676//3480 2678//3481 2677//3306
f 2678//3481 2679//3303 2680//3239
f 2677//3306 2678//3481 2682//3241
f 2679//3303 2761//4466 2746//3309
f 2639//3261 2684//3263 2683//3254
f 2698//3482 2563//3349 2632//3465
f 2629//3460 2626//3454 2696//3305
f 2696//3305 2626//3454 2623//3450
f 2620//3445 2617//3439 2694//3298
f 2694//3298 2617//3439 2614//3434
f 2611//3429 2608//3424 2692//3291
f 2692//3291 2608//3424 2605//3419
f 2602//3415 2599//3409 2690//3284
f 2690//3284 2599//3409 2596//3403
f 2593//3398 2590//3392 2688//3277
f 2688//3277 2590//3392 2587//3387
f 2584//3381 2581//3376 2686//3270
f 2686//3270 2581//3376 2578//3371
f 2575//3367 2572//3362 2684//3263
f 2684//3263 2572//3362 2569//3307
f 2566//3308 2563//3349 2698//3482
f 2707//3483 2706//4467 2489//3345
f 2707//3483 2488//3342 2487//3340
f 2709//3485 2708//3484 2487//3340
f 2709//3485 2486//3337 2485//3335
f 2711//3487 2710//3486 2485//3335
f 2711//3487 2484//3332 2483//3330
f 2713//3489 2712//3488 2483//3330
f 2713//3489 2482//3327 2481//3325
f 2715//3491 2714//3490 2481//3325
f 2715//3491 2480//3322 2479//3320
f 2717//3493 2716//3492 2479//3320
f 2717//3493 2478//3317 2477//3315
f 2719//3495 2718//3494 2477//3315
f 2719//3495 2476//3312 2475//3243
f 2705//3497 2720//3496 2475//3243
f 2723//3500 2705//3500 2706//3501
f 2741//3502 2739//3516 2716//3503
f 2735//3504 2733//3505 2712//3505
f 2741//3502 2717//3502 2718//3506
f 2729//3507 2727//3508 2708//3508
f 2735//3504 2713//3504 2714//3509
f 2729//3507 2709//3507 2710//3511
f 2744//3512 2742//3506 2718//3506
f 2738//3513 2736//3510 2714//3509
f 2744//3512 2719//3512 2720//3514
f 2767//1774 2766//1774 2763//1774
f 2732//3515 2730//3511 2710//3511
f 2738//3513 2715//3513 2716//3503
f 2726//3517 2724//3501 2706//3501
f 2732//3515 2711//3515 2712//3505
f 2726//3517 2707//3517 2708//3508
f 2724//3518 2725//3251 2722//3245
f 2727//3520 2728//3250 2725//3251
f 2730//3522 2731//3249 2728//3250
f 2733//3524 2734//3248 2731//3249
f 2736//3526 2737//3247 2734//3248
f 2739//3528 2740//3246 2737//3247
f 2742//3530 2743//3244 2740//3246
f 2745//3498 2722//3245 2743//3244
f 2723//3500 2745//3514 2720//3514
f 2763//1774 2766//1774 2765//1774
f 2704//931 2767//931 2762//931
f 2763//3223 2764//3223 2701//3223
f 2765//3231 2766//3231 2703//3231
f 2764//3227 2765//3227 2702//3227
f 2762//3218 2763//3218 2700//3218
f 2766//3235 2767//3235 2704//3235
f 2489//3345 2706//4467 2705//3497
f 2783//3532 2782//3630 2787//3533
f 2792//3216 2863//3216 2860//3215
f 2795//3217 2866//3217 2863//3216
f 2798//3218 2869//3218 2866//3217
f 2801//3219 2872//3220 2869//3218
f 2804//3221 2875//3221 2872//3220
f 2807//3222 2878//3222 2875//3221
f 2810//3223 2881//3223 2878//3222
f 2813//3224 2884//3224 2881//3223
f 2816//3225 2887//3225 2884//3224
f 2819//3226 2890//3226 2887//3225
f 2822//3227 2893//3227 2890//3226
f 2825//3228 2896//3228 2893//3227
f 2828//3229 2899//3229 2896//3228
f 2831//3230 2902//3230 2899//3229
f 2834//3231 2905//3231 2902//3230
f 2837//3232 2908//3232 2905//3231
f 2840//3233 2911//3233 2908//3232
f 2843//3234 2914//3234 2911//3233
f 2846//3235 2917//3235 2914//3234
f 2849//3236 2920//3236 2917//3235
f 2852//3237 2923//3237 2920//3236
f 2855//3238 2926//3238 2923//3237
f 2973//3535 2975//3718 2929//3536
f 2853//3538 2768//3602 2783//3532
f 2784//3534 2787//3533 2788//3348
f 2976//3547 2928//3719 2974//3548
f 2930//3537 2931//3553 3041//3550
f 2936//3552 3042//3558 3041//3550
f 2932//3554 2977//3744 2978//3555
f 2936//3552 2937//3561 3043//3557
f 2978//3555 2979//3742 2938//3559
f 2942//3560 3044//3565 3043//3557
f 2938//3559 2979//3742 2980//3562
f 2942//3560 2943//3568 3045//3564
f 2980//3562 2981//3741 2944//3566
f 2948//3567 3046//3572 3045//3564
f 2944//3566 2981//3741 2982//3569
f 2948//3567 2949//3575 3047//3571
f 2982//3569 2983//3740 2950//3573
f 2954//3574 3048//3579 3047//3571
f 2950//3573 2983//3740 2984//3576
f 2954//3574 2955//3582 3049//3578
f 2984//3576 2985//3738 2956//3580
f 2960//3581 3050//3586 3049//3578
f 2956//3580 2985//3738 2986//3583
f 2960//3581 2961//3589 3051//3585
f 2986//3583 2987//3737 2962//3587
f 2966//3588 3052//3593 3051//3585
f 2962//3587 2987//3737 2988//3590
f 2966//3588 2967//3596 3053//3592
f 2988//3590 2989//3735 2968//3594
f 2972//3595 3054//3734 3053//3592
f 2968//3594 2989//3735 2990//3597
f 2990//3597 2991//3549 2974//3548
f 2930//3537 3040//3551 3039//3601
f 2789//3215 2860//3215 2858//931
f 2850//3603 2847//3707 2769//3604
f 2769//3604 2847//3707 2844//3605
f 2841//3607 2838//3697 2771//3608
f 2771//3608 2838//3697 2835//3609
f 2832//3611 2829//3684 2773//3612
f 2773//3612 2829//3684 2826//3613
f 2823//3615 2820//3672 2775//3616
f 2775//3616 2820//3672 2817//3617
f 2814//3619 2811//3660 2777//3620
f 2777//3620 2811//3660 2808//3621
f 2805//3623 2802//3650 2779//3624
f 2779//3624 2802//3650 2799//3625
f 2796//3627 2793//3639 2781//3628
f 2781//3628 2793//3639 2790//3629
f 2860//3631 2861//3631 2857//3632
f 2861//3633 2859//3599 2856//3634
f 2790//3629 2791//3356 2788//3348
f 2789//3346 2785//3347 2786//3347
f 2792//3354 2789//3346 2788//3346
f 2863//3636 2864//4468 2861//3631
f 2862//3600 2859//3599 2861//3633
f 2794//3638 2791//3356 2790//3629
f 2794//3640 2795//3359 2792//3354
f 2867//3641 2864//4468 2863//3636
f 2867//3643 2865//3646 2862//3600
f 2797//3366 2794//3638 2793//3639
f 2797//3365 2798//3365 2795//3359
f 2870//3644 2867//3641 2866//3642
f 2870//3645 2868//3743 2865//3646
f 2799//3625 2800//3372 2797//3366
f 2800//3370 2801//3370 2798//3365
f 2873//3647 2870//3644 2869//3644
f 2871//3648 2868//3743 2870//3645
f 2802//3650 2803//3377 2800//3372
f 2804//3375 2801//3370 2800//3370
f 2875//3651 2876//3651 2873//3647
f 2874//3652 2871//3648 2873//3649
f 2805//3623 2806//3382 2803//3377
f 2807//3380 2804//3375 2803//3375
f 2878//3654 2879//3654 2876//3651
f 2877//3655 2874//3652 2876//3653
f 2808//3621 2809//3388 2806//3382
f 2809//3386 2810//3386 2807//3380
f 2882//3657 2879//3654 2878//3654
f 2880//3658 2877//3655 2879//3656
f 2811//3660 2812//4469 2809//3388
f 2813//3391 2810//3386 2809//3386
f 2884//3661 2885//3661 2882//3657
f 2883//3662 2880//3658 2882//3659
f 2815//3664 2812//4469 2811//3660
f 2816//3396 2813//3391 2812//3391
f 2887//3665 2888//3665 2885//3661
f 2888//3666 2886//3670 2883//3662
f 2818//3667 2815//3664 2814//3619
f 2818//3401 2819//3401 2816//3396
f 2891//3668 2888//3665 2887//3665
f 2891//3669 2889//3675 2886//3670
f 2821//3671 2818//3667 2817//3617
f 2821//3407 2822//3407 2819//3401
f 2894//3673 2891//3668 2890//3668
f 2894//3674 2892//3680 2889//3675
f 2824//3676 2821//3671 2820//3672
f 2824//3412 2825//3413 2822//3407
f 2897//3677 2894//3673 2893//3673
f 2897//3679 2895//3739 2892//3680
f 2826//3613 2827//3685 2824//3676
f 2828//3418 2825//3413 2824//3412
f 2899//3681 2900//3681 2897//3677
f 2898//3682 2895//3739 2897//3679
f 2829//3684 2830//3690 2827//3685
f 2831//3686 2828//3418 2827//3418
f 2902//3687 2903//3687 2900//3681
f 2901//3688 2898//3682 2900//3683
f 2832//3611 2833//3430 2830//3690
f 2833//3428 2834//3428 2831//3686
f 2905//3691 2906//3691 2903//3687
f 2904//3692 2901//3688 2903//3689
f 2835//3609 2836//3435 2833//3430
f 2836//3433 2837//3433 2834//3428
f 2908//3694 2909//3694 2906//3691
f 2907//3695 2904//3692 2906//3693
f 2838//3697 2839//3440 2836//3435
f 2840//3438 2837//3433 2836//3433
f 2911//3698 2912//3698 2909//3694
f 2910//3699 2907//3695 2909//3696
f 2842//3701 2839//3440 2838//3697
f 2843//3443 2840//3438 2839//3438
f 2914//3702 2915//3702 2912//3698
f 2915//3703 2913//3706 2910//3699
f 2845//3449 2842//3701 2841//3607
f 2846//3448 2843//3443 2842//3443
f 2917//3704 2918//3704 2915//3702
f 2918//3705 2916//3736 2913//3706
f 2847//3707 2848//3455 2845//3449
f 2849//3453 2846//3448 2845//3448
f 2920//3709 2921//3709 2918//3704
f 2919//3710 2916//3736 2918//3705
f 2850//3603 2851//3714 2848//3455
f 2852//3459 2849//3453 2848//3708
f 2923//3457 2924//3457 2921//3709
f 2922//3712 2919//3710 2921//3711
f 2853//3538 2854//3466 2851//3714
f 2855//3464 2852//3459 2851//3459
f 2926//3715 2927//3715 2924//3457
f 2925//3716 2922//3712 2924//3713
f 2784//3534 2786//3467 2854//3466
f 2854//3464 2786//3347 2785//3347
f 2858//3632 2857//3632 2927//3715
f 2927//3717 2857//3635 2856//3634
f 2858//931 2926//3238 2855//3238
f 2975//3718 2974//3548 2928//3719
f 2929//3536 2933//3720 2931//3553
f 2928//3719 2932//3554 2933//3720
f 2935//3721 2936//3552 2931//3553
f 2934//3556 2935//3721 2933//3720
f 2935//3721 2939//3722 2937//3561
f 2934//3556 2938//3559 2939//3722
f 2941//3723 2942//3560 2937//3561
f 2940//3563 2941//3723 2939//3722
f 2941//3723 2945//3724 2943//3568
f 2940//3563 2944//3566 2945//3724
f 2947//3725 2948//3567 2943//3568
f 2946//3570 2947//3725 2945//3724
f 2947//3725 2951//3726 2949//3575
f 2946//3570 2950//3573 2951//3726
f 2953//3727 2954//3574 2949//3575
f 2952//3577 2953//3727 2951//3726
f 2953//3727 2957//3728 2955//3582
f 2952//3577 2956//3580 2957//3728
f 2959//3729 2960//3581 2955//3582
f 2958//3584 2959//3729 2957//3728
f 2959//3729 2963//3730 2961//3589
f 2958//3584 2962//3587 2963//3730
f 2965//3731 2966//3588 2961//3589
f 2964//3591 2965//3731 2963//3730
f 2965//3731 2969//3732 2967//3596
f 2964//3591 2968//3594 2969//3732
f 2971//3733 2972//3595 2967//3596
f 2970//3598 2971//3733 2969//3732
f 2971//3733 2975//3718 2973//3535
f 2970//3598 2974//3548 2975//3718
f 2972//3595 2973//3535 3039//3601
f 2976//3547 2977//3744 2932//3554
f 2991//3549 2990//3597 2925//3716
f 2989//3735 2919//3710 2922//3712
f 2989//3735 2988//3590 2916//3736
f 2987//3737 2910//3699 2913//3706
f 2987//3737 2986//3583 2907//3695
f 2985//3738 2901//3688 2904//3692
f 2985//3738 2984//3576 2898//3682
f 2983//3740 2892//3680 2895//3739
f 2983//3740 2982//3569 2889//3675
f 2981//3741 2883//3662 2886//3670
f 2981//3741 2980//3562 2880//3658
f 2979//3742 2874//3652 2877//3655
f 2979//3742 2978//3555 2871//3648
f 2977//3744 2865//3646 2868//3743
f 2977//3744 2976//3547 2862//3600
f 2991//3549 2856//3634 2859//3599
f 3000//3745 2781//3628 2782//3630
f 2780//3626 2781//3628 3000//3745
f 3002//3748 2779//3624 2780//3626
f 2778//3622 2779//3624 3002//3748
f 3004//3750 2777//3620 2778//3622
f 2776//3618 2777//3620 3004//3750
f 3006//3752 2775//3616 2776//3618
f 2774//3614 2775//3616 3006//3752
f 3008//3754 2773//3612 2774//3614
f 2772//3610 2773//3612 3008//3754
f 3010//3756 2771//3608 2772//3610
f 2770//3606 2771//3608 3010//3756
f 3012//3758 2769//3604 2770//3606
f 2768//3602 2769//3604 3012//3758
f 2998//3760 2783//3532 2768//3602
f 2999//3763 2998//3764 3016//3764
f 3034//3765 3010//3765 3009//3766
f 3028//3768 3006//3768 3005//3769
f 3011//3770 3010//3765 3034//3765
f 3022//3771 3002//3771 3001//3772
f 3007//3773 3006//3768 3028//3768
f 3003//3775 3002//3771 3022//3771
f 3037//3776 3012//3776 3011//3770
f 3031//3777 3008//3777 3007//3773
f 3013//3778 3012//3776 3037//3776
f 3056//1786 3059//1786 3060//1786
f 3025//3779 3004//3779 3003//3775
f 3009//3766 3008//3777 3031//3777
f 3019//3780 3000//3780 2999//3763
f 3005//3769 3004//3779 3025//3779
f 3001//3772 3000//3780 3019//3780
f 3017//3781 3016//3761 3015//3540
f 3020//3783 3019//3782 3018//3546
f 3023//3785 3022//3784 3021//3545
f 3026//3787 3025//3786 3024//3544
f 3029//3789 3028//3788 3027//3543
f 3032//3791 3031//3790 3030//3542
f 3035//3793 3034//3792 3033//3541
f 3038//3762 3037//3794 3036//3539
f 3013//3778 3038//3778 3016//3764
f 3056//1786 3057//1786 3058//1786
f 3055//931 3060//931 2997//931
f 2994//3223 3057//3223 3056//3223
f 2996//3231 3059//3231 3058//3231
f 2995//3227 3058//3227 3057//3227
f 2993//3218 3056//3218 3055//3218
f 2997//3235 3060//3235 3059//3235
f 2998//3760 2999//3746 2782//3630
f 3154//3795 3084//3825 3064//3796
f 3168//3798 3065//3828 3085//3799
f 3156//3801 3068//3817 3070//3802
f 3164//3804 3165//3812 3075//3805
f 3158//3807 3071//3829 3086//3808
f 3160//3809 3161//3924 3080//3810
f 3165//3812 3166//3824 3087//3813
f 3162//3814 3163//3827 3088//3815
f 3167//3800 3085//3799 3068//3817
f 3062//3818 3072//4470 3074//3819
f 3066//3823 3062//3927 3154//3821
f 3062//3927 3169//3926 3154//3821
f 3086//3808 3087//3813 3166//3824
f 3084//3825 3154//3795 3169//3826
f 3076//3806 3088//3815 3163//3827
f 3155//3797 3064//3796 3065//3828
f 3157//3803 3070//3802 3071//3829
f 3082//3811 3061//3826 3169//3826
f 3106//3830 3094//3864 3095//3831
f 3102//3833 3103//3857 3112//3834
f 3101//3836 3102//3833 3109//3835
f 3100//3838 3101//3836 3107//3837
f 3099//3840 3100//3838 3121//3839
f 3098//3842 3099//3840 3119//3841
f 3104//3844 3089//4471 3111//3845
f 3097//3847 3098//3842 3117//3843
f 3110//3849 3096//3849 3097//3847
f 3111//3845 3089//4471 3090//3855
f 3103//3857 3104//3844 3115//3846
f 3113//3856 3090//3855 3091//3858
f 3116//3859 3091//3858 3092//3860
f 3118//3861 3092//3860 3093//3862
f 3120//3863 3093//3862 3094//3864
f 3108//3832 3095//3831 3096//3849
f 3146//3868 3150//3892 3109//3869
f 3125//3871 3141//3893 3140//3872
f 3148//3874 3149//3895 3153//3875
f 3127//3877 3142//4472 3114//3878
f 3147//3880 3151//3922 3150//3881
f 3107//3883 3138//4473 3135//3884
f 3152//3886 3136//3892 3106//3887
f 3123//3889 3122//3909 3145//3890
f 3150//3892 3138//4473 3107//3883
f 3141//3893 3147//3880 3146//3882
f 3142//3894 3143//3894 3149//3895
f 3152//3876 3153//3875 3137//3896
f 3115//3898 3140//4474 3146//3868
f 3148//3899 3152//3886 3108//3888
f 3113//3901 3144//4475 3124//3878
f 3126//3903 3143//3894 3142//3894
f 3114//3878 3142//4472 3148//3899
f 3131//3905 3135//3920 3134//3906
f 3129//3908 3128//3918 3122//3909
f 3130//3907 3126//3903 3127//3904
f 3136//3892 3133//3915 3120//3910
f 3121//3885 3135//3884 3131//3911
f 3119//3912 3131//3911 3127//3877
f 3123//3913 3144//4475 3113//3901
f 3144//3891 3145//3890 3125//3871
f 3133//3915 3129//4476 3118//3916
f 3124//3878 3140//4474 3115//3898
f 3133//3917 3132//3923 3128//3918
f 3139//3919 3134//3906 3135//3920
f 3118//3916 3129//4476 3123//3913
f 3151//3922 3139//3919 3138//3921
f 3136//3897 3137//3896 3132//3923
f 3161//3924 3162//3814 3079//3816
f 3062//3927 3081//3935 3160//3925
f 3081//3935 3161//3937 3160//3925
f 3077//3932 3073//3927 3166//3821
f 3073//3927 3159//3926 3166//3821
f 3081//3933 3074//3933 3063//3933
f 3159//3926 3073//3927 3158//3934
f 3073//3927 3069//3928 3158//3934
f 3069//3928 3066//3823 3167//3938
f 3066//3823 3168//3951 3167//3938
f 3063//3940 3083//4477 3073//3941
f 3081//3935 3077//3932 3163//3938
f 3077//3932 3164//3939 3163//3938
f 3073//3943 3083//4478 3067//3944
f 3083//3946 3063//4479 3074//3947
f 3067//3949 3078//4086 3066//3950
f 3078//3952 3072//4480 3062//3953
f 3078//3955 3067//4481 3083//3946
f 3263//3956 3193//3978 3173//3957
f 3277//3958 3174//3981 3194//3799
f 3265//3959 3177//3973 3179//3960
f 3273//3804 3274//3969 3184//3962
f 3267//3964 3180//3982 3195//3965
f 3269//3966 3270//4078 3189//3967
f 3274//3969 3275//3977 3196//3970
f 3271//3814 3272//3980 3197//3971
f 3276//3800 3194//3799 3177//3973
f 3171//3974 3181//4482 3183//3819
f 3175//3976 3171//3927 3263//3821
f 3171//3927 3278//3926 3263//3821
f 3195//3965 3196//3970 3275//3977
f 3193//3978 3263//3956 3278//3979
f 3185//3963 3197//3971 3272//3980
f 3264//3797 3173//3957 3174//3981
f 3266//3961 3179//3960 3180//3982
f 3191//3968 3170//3826 3278//3979
f 3215//3983 3203//4016 3204//3984
f 3211//3986 3212//4009 3221//3987
f 3210//3989 3211//3986 3218//3988
f 3209//3991 3210//3989 3216//3990
f 3208//3993 3209//3991 3230//3992
f 3207//3995 3208//3993 3228//3994
f 3213//3997 3198//4483 3220//3998
f 3206//4000 3207//3995 3226//3996
f 3219//4002 3205//4017 3206//4000
f 3220//3998 3198//4483 3199//4007
f 3212//4009 3213//3997 3224//3999
f 3222//4008 3199//4007 3200//4010
f 3225//4011 3200//4010 3201//4012
f 3227//4013 3201//4012 3202//4014
f 3229//4015 3202//4014 3203//4016
f 3217//3985 3204//3984 3205//4017
f 3255//4020 3259//4044 3218//4021
f 3234//4023 3250//4045 3249//4024
f 3257//4026 3258//4047 3262//4027
f 3236//4029 3251//4055 3223//4030
f 3256//4032 3260//4076 3259//4033
f 3216//4035 3247//4484 3244//4036
f 3261//4038 3245//4063 3215//4039
f 3232//4041 3231//4062 3254//4042
f 3259//4044 3247//4484 3216//4035
f 3250//4045 3256//4032 3255//4034
f 3251//4046 3252//4485 3258//4047
f 3261//4028 3262//4027 3246//4048
f 3224//4050 3249//4486 3255//4020
f 3257//4051 3261//4038 3217//4040
f 3222//4053 3253//4487 3233//4054
f 3235//4056 3252//4485 3251//4046
f 3223//4030 3251//4055 3257//4051
f 3240//4058 3244//4074 3243//4059
f 3238//4061 3237//4072 3231//4062
f 3239//4060 3235//4056 3236//4057
f 3245//4063 3242//4069 3229//4064
f 3230//4037 3244//4036 3240//4065
f 3228//4066 3240//4065 3236//4029
f 3232//4067 3253//4487 3222//4053
f 3253//4043 3254//4042 3234//4023
f 3242//4069 3238//4488 3227//4070
f 3233//4054 3249//4486 3224//4050
f 3242//4071 3241//4077 3237//4072
f 3248//4073 3243//4059 3244//4074
f 3227//4070 3238//4488 3232//4067
f 3260//4076 3248//4073 3247//4075
f 3245//4049 3246//4048 3241//4077
f 3270//4078 3271//3814 3188//3972
f 3171//3927 3190//3935 3269//4079
f 3190//3935 3270//3937 3269//4079
f 3186//3932 3182//3927 3275//3821
f 3182//3927 3268//3926 3275//3821
f 3190//3933 3183//3933 3172//3933
f 3268//3926 3182//3927 3267//3934
f 3182//3927 3178//4080 3267//3934
f 3178//4080 3175//3976 3276//3938
f 3175//3976 3277//4087 3276//3938
f 3172//3940 3192//4489 3182//3941
f 3190//3935 3186//3932 3272//3938
f 3186//3932 3273//3939 3272//3938
f 3182//3943 3192//4478 3176//4083
f 3192//3946 3172//4479 3183//4085
f 3176//3950 3187//3949 3175//3949
f 3187//3952 3181//4490 3171//4088
f 3187//4089 3176//4491 3192//3946
f 3372//3795 3302//4104 3282//3957
f 3386//3958 3283//3828 3303//4090
f 3374//3959 3286//3973 3288//4092
f 3382//4093 3383//3812 3293//3805
f 3376//4095 3289//4105 3304//3965
f 3378//4096 3379//4200 3298//4097
f 3383//3812 3384//4103 3305//4099
f 3380//4100 3381//3980 3306//3971
f 3385//4091 3303//4090 3286//3973
f 3280//4102 3290//4470 3292//3819
f 3284//3976 3280//3927 3372//3821
f 3280//3927 3387//3926 3372//3821
f 3304//3965 3305//4099 3384//4103
f 3302//4104 3372//3795 3387//3826
f 3294//4094 3306//3971 3381//3980
f 3373//3797 3282//3957 3283//3828
f 3375//3961 3288//4092 3289//4105
f 3300//4098 3279//3826 3387//3826
f 3324//4106 3312//4140 3313//4107
f 3320//4109 3321//4133 3330//4110
f 3319//4112 3320//4109 3327//4111
f 3318//4114 3319//4112 3325//4113
f 3317//4116 3318//4114 3339//4115
f 3316//4118 3317//4116 3337//4117
f 3322//4120 3307//4492 3329//4121
f 3315//4123 3316//4118 3335//4119
f 3328//4125 3314//4141 3315//4123
f 3329//4121 3307//4492 3308//4131
f 3321//4133 3322//4120 3333//4122
f 3331//4132 3308//4131 3309//4134
f 3334//4135 3309//4134 3310//4136
f 3336//4137 3310//4136 3311//4138
f 3338//4139 3311//4138 3312//4140
f 3326//4108 3313//4107 3314//4141
f 3364//4144 3368//4167 3327//4145
f 3343//4147 3359//4168 3358//4148
f 3366//4149 3367//4170 3371//4150
f 3345//4152 3360//4493 3332//4153
f 3365//4155 3369//4198 3368//4156
f 3325//4158 3356//4494 3353//4159
f 3370//4161 3354//4185 3324//4162
f 3341//4164 3340//4184 3363//4165
f 3368//4167 3356//4494 3325//4158
f 3359//4168 3365//4155 3364//4157
f 3360//4169 3361//4495 3367//4170
f 3370//4151 3371//4150 3355//4171
f 3333//4173 3358//4496 3364//4144
f 3366//4174 3370//4161 3326//4163
f 3331//4176 3362//4497 3342//4153
f 3344//4178 3361//4495 3360//4169
f 3332//4153 3360//4493 3366//4174
f 3349//4180 3353//4196 3352//4181
f 3347//4183 3346//4194 3340//4184
f 3348//4182 3344//4178 3345//4179
f 3354//4185 3351//4191 3338//4186
f 3339//4160 3353//4159 3349//4187
f 3337//4188 3349//4187 3345//4152
f 3341//4189 3362//4497 3331//4176
f 3362//4166 3363//4165 3343//4147
f 3351//4191 3347//4498 3336//4192
f 3342//4153 3358//4496 3333//4173
f 3351//4193 3350//4199 3346//4194
f 3357//4195 3352//4181 3353//4196
f 3336//4192 3347//4498 3341//4189
f 3369//4198 3357//4195 3356//4197
f 3354//4172 3355//4171 3350//4199
f 3379//4200 3380//4100 3297//4101
f 3280//3927 3299//3935 3378//4079
f 3299//3935 3379//3937 3378//4079
f 3295//3932 3291//3927 3384//3821
f 3291//3927 3377//3926 3384//3821
f 3299//3933 3292//3933 3281//3933
f 3377//3926 3291//3927 3376//3934
f 3291//3927 3287//4080 3376//3934
f 3287//4080 3284//3976 3385//3938
f 3284//3976 3386//4087 3385//3938
f 3281//4201 3301//4499 3291//4202
f 3299//3935 3295//3932 3381//3938
f 3295//3932 3382//3939 3381//3938
f 3291//4204 3301//4500 3285//3944
f 3301//3946 3281//4479 3292//4085
f 3285//3950 3296//3949 3284//3949
f 3296//4205 3290//4480 3280//4088
f 3296//4089 3285//4491 3301//3946
f 3481//4206 3411//4220 3391//4207
f 3495//3958 3392//4222 3412//4090
f 3483//3959 3395//4219 3397//3960
f 3491//3804 3492//4216 3402//4210
f 3485//4095 3398//4223 3413//4212
f 3487//4213 3488//4314 3407//4214
f 3492//4216 3493//3977 3414//4099
f 3489//4217 3490//3827 3415//3815
f 3494//4091 3412//4090 3395//4219
f 3389//4102 3399//4470 3401//3819
f 3393//3823 3389//3927 3481//3821
f 3389//3927 3496//3926 3481//3821
f 3413//4212 3414//4099 3493//3977
f 3411//4220 3481//4206 3496//3979
f 3403//4211 3415//3815 3490//3827
f 3482//4208 3391//4207 3392//4222
f 3484//4209 3397//3960 3398//4223
f 3409//4215 3388//4221 3496//3979
f 3433//4224 3421//4256 3422//4225
f 3429//4227 3430//4249 3439//4228
f 3428//4230 3429//4227 3436//4229
f 3427//4232 3428//4230 3434//4231
f 3426//4234 3427//4232 3448//4233
f 3425//4236 3426//4234 3446//4235
f 3431//4238 3416//4501 3438//4239
f 3424//4241 3425//4236 3444//4237
f 3437//4243 3423//4257 3424//4241
f 3438//4239 3416//4501 3417//4248
f 3430//4249 3431//4238 3442//4240
f 3440//4248 3417//4248 3418//4250
f 3443//4251 3418//4250 3419//4252
f 3445//4253 3419//4252 3420//4254
f 3447//4255 3420//4254 3421//4256
f 3435//4226 3422//4225 3423//4257
f 3473//4259 3477//4282 3436//4260
f 3452//4262 3468//4283 3467//4263
f 3475//4265 3476//4285 3480//4266
f 3454//4268 3469//4502 3441//4269
f 3474//4271 3478//4312 3477//4272
f 3434//4274 3465//4503 3462//4275
f 3479//4277 3463//4282 3433//4260
f 3450//4279 3449//4299 3472//4280
f 3477//4282 3465//4503 3434//4274
f 3468//4283 3474//4271 3473//4273
f 3469//4284 3470//4504 3476//4285
f 3479//4267 3480//4266 3464//4286
f 3442//4288 3467//4505 3473//4259
f 3475//4289 3479//4277 3435//4278
f 3440//4291 3471//4506 3451//4269
f 3453//4293 3470//4504 3469//4284
f 3441//4269 3469//4502 3475//4289
f 3458//4295 3462//4310 3461//4296
f 3456//4298 3455//4308 3449//4299
f 3457//4297 3453//4293 3454//4294
f 3463//4282 3460//4305 3447//4300
f 3448//4276 3462//4275 3458//4301
f 3446//4302 3458//4301 3454//4268
f 3450//4303 3471//4506 3440//4291
f 3471//4281 3472//4280 3452//4262
f 3460//4305 3456//4507 3445//4306
f 3451//4269 3467//4505 3442//4288
f 3460//4307 3459//4313 3455//4308
f 3466//4309 3461//4296 3462//4310
f 3445//4306 3456//4507 3450//4303
f 3478//4312 3466//4309 3465//4311
f 3463//4287 3464//4286 3459//4313
f 3488//4314 3489//4217 3406//4218
f 3389//3927 3408//3935 3487//3925
f 3408//3935 3488//3937 3487//3925
f 3404//3932 3400//3927 3493//3821
f 3400//3927 3486//3926 3493//3821
f 3408//3933 3401//3933 3390//3933
f 3486//3926 3400//3927 3485//3934
f 3400//3927 3396//3928 3485//3934
f 3396//3928 3393//3823 3494//3938
f 3393//3823 3495//3951 3494//3938
f 3390//4315 3410//4508 3400//4316
f 3408//3935 3404//3932 3490//3938
f 3404//3932 3491//3939 3490//3938
f 3400//3943 3410//4509 3394//3944
f 3410//3946 3390//4479 3401//3947
f 3394//4086 3405//4086 3393//4086
f 3405//4205 3399//4490 3389//4088
f 3405//3955 3394//4481 3410//3946
