# Blender 4.5.3 LTS
# www.blender.org
o Person
v 0.115774 3.922398 0.649693
v -0.445521 4.019782 0.542071
v 0.034938 3.619083 -0.221270
v 0.096468 2.264585 0.668639
v -0.373680 0.436204 0.446018
v -0.030742 3.872615 0.605532
v 0.484240 2.896636 0.666830
v -0.296635 0.409404 0.353214
v -0.305486 4.349535 0.461098
v -0.221273 3.993387 0.731508
v 0.107401 2.006338 0.078511
v 0.282037 2.937198 0.851361
v 0.341420 0.160998 -0.351821
v 0.508880 2.260481 -0.764289
v -0.132791 1.325994 0.237349
v 0.074353 2.626228 0.785770
v -0.280397 4.553796 0.534959
v -0.410964 2.679005 -0.041067
v -0.181907 3.613694 -0.330172
v -0.184448 3.064441 -0.163714
v -0.017914 4.303924 0.556764
v 0.193096 3.357928 0.890914
v 0.185236 3.262618 0.813146
v 0.374512 2.068953 -0.351554
v -0.344601 2.657073 0.040354
v 0.093107 3.652104 -0.196052
v 0.330110 0.122413 -0.159038
v -0.299983 1.369748 0.600277
v 0.002830 2.685803 0.638013
v 0.271431 0.617174 -0.386435
v -0.009955 0.572087 0.358663
v -0.039598 4.156116 0.575653
v 0.482687 0.183597 -0.449761
v -0.372786 2.259549 0.422296
v -0.315732 2.746732 0.472954
v 0.283765 3.903817 0.510511
v -0.281845 2.945298 0.411863
v -0.456826 3.010206 -0.151133
v -0.226268 0.668269 0.560134
v -0.094170 4.204343 0.464308
v -0.193120 2.104016 -0.571987
v 0.074742 1.376935 -0.174717
v -0.381577 2.489281 0.182839
v 0.374949 3.177349 0.533841
v 0.355871 0.771485 -0.125769
v 0.513481 2.208519 -0.593330
v -0.309876 3.926189 0.044299
v -0.323516 2.790752 -0.039083
v 0.336461 2.742244 0.317361
v 0.133961 1.756256 0.531382
v -0.450357 2.500130 0.046562
v -0.088851 2.710319 -0.239450
v -0.405791 2.100414 -0.558209
v 0.047693 2.047410 0.701263
v -0.471625 4.560559 0.919639
v -0.019729 1.542335 0.578907
v 0.046297 1.268236 0.523149
v -0.025725 4.065833 0.234684
v 0.009426 2.327573 0.727723
v 0.008100 2.261374 0.722590
v 0.464222 2.295705 -0.698598
v -0.554820 4.201159 0.728781
v 0.199865 2.315868 -0.287113
v 0.165942 2.009567 -0.306415
v 0.064314 2.410333 -0.531716
v 0.086125 1.594544 0.471990
v -0.772108 0.062203 0.862445
v -0.805386 0.087701 0.807149
v -0.292186 1.729126 0.515784
v -0.195356 1.523950 0.601773
v -0.360515 3.575610 0.069636
v -0.165172 3.967850 0.669673
v 0.119983 1.855697 -0.000381
v 0.012774 2.316319 0.660963
v 0.026087 1.005593 0.286392
v 0.520576 0.143961 -0.233809
v -0.074793 1.178150 -0.270502
v -0.354550 3.437821 -0.038151
v 0.211694 1.977477 -0.456019
v 0.030834 1.191683 0.298202
v 0.270446 3.821116 0.762137
v -0.011907 1.784514 0.703688
v 0.061233 2.113530 -0.245060
v 0.227259 0.009031 -0.076040
v 0.195480 2.659654 0.628250
v -0.124281 2.273273 0.744752
v -0.187288 3.051240 -0.336466
v -0.184839 4.616722 0.706228
v -0.353092 4.548979 0.869052
v -0.635266 4.363511 0.832318
v -0.136296 1.263389 -0.249988
v 0.382277 2.730502 -0.275351
v -0.407433 2.389452 0.150984
v -0.100278 1.323397 0.606066
v 0.111864 0.030143 -0.138172
v -0.615041 4.389312 0.908780
v 0.209995 1.853798 0.289832
v -0.504916 2.074353 0.021692
v 0.472063 3.529459 0.443251
v -0.093787 2.477966 0.709733
v -0.147984 2.382955 0.690976
v -0.116049 2.357626 0.760625
v 0.379380 2.478937 0.102757
v 0.512312 2.829333 0.737635
v -0.321726 2.555186 -0.146723
v 0.072816 1.317317 0.007236
v 0.234868 2.698091 0.602421
v -0.252731 1.366913 0.291832
v -0.108448 1.325425 0.124602
v 0.413502 0.926856 -0.238650
v -0.365064 3.927234 0.533976
v 0.464052 0.780624 -0.231530
v 0.367332 2.198664 0.283446
v -0.058636 1.614673 0.201212
v -0.008286 1.403838 0.110298
v 0.264619 0.067859 -0.361217
v -0.098272 0.635826 0.539905
v -0.422102 0.105400 0.401655
v 0.295812 0.402470 -0.282601
v -0.246920 0.323198 0.551246
v -0.571010 0.134698 0.537006
v 0.236895 -0.006240 -0.297451
v 0.387031 0.020261 -0.413945
v -0.270842 3.696365 0.435586
v -0.138667 0.537033 0.561438
v -0.255279 1.938846 0.605413
v 0.390677 2.766471 -0.324980
v -0.150247 0.303963 0.496706
v -0.316537 3.765037 0.131312
v -0.384491 2.271356 -0.191028
v 0.303726 2.879202 0.671514
v 0.225812 3.022450 0.735499
v 0.321711 2.946332 0.440699
v -0.351378 4.375645 0.464373
v -0.385006 3.462745 -0.340837
v 0.275527 3.271930 0.948758
v -0.246326 0.596479 0.303367
v 0.378313 0.410233 -0.403437
v -0.370486 1.993577 -0.442087
v -0.027561 3.654774 -0.235100
v -0.252080 3.920290 0.555584
v -0.197289 4.352292 0.463547
v -0.147509 3.987641 0.083943
v -0.413078 2.282386 -0.315500
v 0.208051 1.199626 -0.270950
v -0.348805 2.141111 -0.466187
v 0.473580 2.798134 0.818829
v -0.197075 3.932590 0.123638
v 0.178071 1.979513 0.172762
v -0.322763 3.228811 -0.095056
v -0.347849 1.961504 -0.560749
v 0.253055 2.485930 -0.239344
v 0.137992 0.071569 -0.069644
v -0.294756 3.347960 -0.052029
v -0.518143 4.557319 0.792064
v 0.333385 0.154210 -0.184831
v 0.250504 2.987553 -0.026584
v -0.418975 0.311677 0.465491
v 0.397032 0.186729 -0.165829
v -0.139436 4.240115 0.820103
v 0.021857 3.965844 0.612309
v -0.278356 4.041217 0.423868
v 0.312093 2.776580 0.879503
v 0.447787 2.433734 0.099968
v -0.356348 3.697850 -0.127483
v 0.389750 0.298755 -0.187712
v 0.315066 0.522966 -0.198707
v -0.088997 4.338276 0.467751
v 0.043208 1.914835 -0.334460
v 0.086184 2.645455 0.690098
v -0.118552 1.104351 -0.204474
v 0.333607 2.745039 -0.492294
v 0.393223 2.666315 -0.539714
v -0.614436 4.358634 0.796368
v 0.514191 2.329803 -0.433172
v -0.477719 4.051202 0.656168
v 0.198461 2.778832 -0.426414
v -0.348659 0.370008 0.364716
v -0.453041 3.979376 0.638077
v -0.427934 1.804561 0.063040
v -0.034471 3.277838 -0.192850
v 0.023061 2.627383 -0.264821
v 0.617039 0.256009 -0.266676
v 0.278311 2.789518 -0.518970
v -0.222520 1.896491 -0.233879
v 0.130583 1.568749 0.370046
v -0.413362 4.459331 0.518346
v -0.706822 0.090839 0.678931
v 0.370521 2.260821 0.156689
v -0.304246 4.360716 0.427073
v -0.112736 0.263485 0.367146
v 0.256624 2.181905 0.003183
v 0.543348 0.614901 -0.329225
v -0.171315 0.454226 0.517231
v -0.089867 0.298855 0.462221
v -0.210784 0.172171 0.541752
v 0.050250 1.368306 0.537532
v 0.180539 3.888419 0.696009
v 0.394662 0.479671 -0.166820
v -0.181885 3.454580 -0.367400
v -0.350762 3.719317 0.229160
v -0.274752 1.419965 0.624839
v -0.058012 4.490208 0.726756
v -0.178311 1.666140 -0.240184
v 0.054006 1.418756 0.284864
v 0.340106 2.562003 0.496492
v -0.257720 1.208350 -0.039158
v 0.528088 0.453481 -0.212447
v 0.605813 0.538852 -0.386945
v 0.414250 2.625399 0.136312
v 0.519602 0.615392 -0.386737
v 0.150007 2.374175 0.630129
v 0.210708 2.373000 0.587123
v -0.412268 3.441401 -0.283497
v -0.150295 1.564704 -0.212428
v 0.185973 1.743142 0.381183
v -0.284672 2.353263 0.388166
v 0.509290 2.321930 -0.585581
v -0.297335 1.934280 -0.288984
v -0.269733 1.878528 -0.353190
v -0.162170 1.894463 0.746707
v -0.475845 2.876664 -0.264643
v -0.355457 3.387220 0.391187
v -0.379841 2.290107 -0.123387
v -0.088498 1.385867 0.600345
v 0.751429 0.283640 -0.373448
v -0.340059 2.157295 0.386192
v -0.206712 3.428463 0.640059
v 0.523336 0.399171 -0.235707
v -0.273194 3.456313 0.540670
v -0.590179 4.507734 0.868261
v -0.234530 3.264173 -0.103785
v 0.079971 1.912186 0.133402
v -0.193881 2.977101 -0.223252
v -0.389235 0.380039 0.492747
v -0.158306 4.191639 0.787755
v 0.433077 0.088079 -0.137797
v 0.441021 0.008637 -0.154184
v -0.165383 4.570074 0.589094
v 0.473283 0.730407 -0.403631
v -0.294230 1.316693 0.479793
v -0.123082 3.798598 0.547412
v -0.433857 4.130074 0.810086
v 0.075527 2.855931 -0.264676
v -0.158258 2.574763 0.580908
v -0.341612 4.313766 0.466239
v 0.241148 3.678926 0.022399
v -0.286980 4.270023 0.898079
v -0.293484 2.726115 -0.175694
v 0.289221 2.027241 0.388641
v -0.301074 1.304297 0.067713
v 0.494929 3.452649 0.760328
v -0.359572 3.337057 -0.103783
v -0.011853 4.379619 0.664627
v 0.038497 1.269467 -0.298650
v -0.260499 2.021020 0.669632
v 0.143076 1.142330 -0.349248
v -0.060402 0.370640 0.375816
v -0.078600 1.864088 0.756478
v -0.295696 2.188129 0.494629
v -0.343070 1.684654 0.161004
v -0.150487 1.425643 -0.246667
v 0.182277 3.255206 0.764756
v 0.341537 2.381135 0.475932
v -0.379350 4.029135 0.788054
v -0.448054 2.261833 -0.489769
v -0.230067 2.170506 -0.638404
v -0.318880 4.416714 0.934843
v -0.236895 0.006240 0.297451
v -0.133151 0.018357 0.349731
v -0.380724 0.285520 0.544631
v -0.417406 2.170911 -0.512870
v 0.084432 1.396667 -0.007120
v 0.102349 1.523502 0.297451
v -0.167683 1.262277 0.261149
v 0.533617 0.338294 -0.227181
v -0.641631 0.119553 0.687433
v 0.005883 1.409975 -0.174566
v 0.068845 1.917189 -0.165278
v 0.156838 2.059949 0.059713
v 0.356109 2.827745 -0.422982
v 0.367243 2.801488 0.031817
v 0.021846 3.860908 -0.146505
v 0.156147 2.651651 -0.265750
v -0.177411 1.730840 0.231182
v 0.209199 2.488525 0.621621
v -0.304004 2.873788 -0.121273
v 0.123979 2.032984 -0.112385
v 0.272841 2.620061 0.825115
v -0.210227 4.242197 0.866435
v -0.228107 2.372018 0.529378
v 0.367651 0.336112 -0.346043
v -0.031638 2.591147 -0.252739
v 0.166196 2.144610 -0.185946
v -0.294154 3.482452 0.474976
v 0.299184 0.081691 -0.115846
v 0.490725 0.542862 -0.202006
v 0.290555 0.490333 -0.349121
v 0.075041 1.296607 0.450784
v -0.620014 4.434226 0.720419
v -0.006955 0.644101 0.469616
v -0.134754 3.276464 0.691991
v -0.184124 4.178941 0.418446
v -0.480802 4.323313 0.878488
v -0.275097 3.197305 -0.027826
v 0.557199 0.544657 -0.258733
v 0.362046 0.385573 -0.218943
v 0.514223 3.298982 0.763409
v -0.024996 3.991329 0.033367
v -0.168123 1.514049 0.231520
v 0.260890 2.025608 0.203210
v -0.419901 3.178351 -0.244677
v -0.404587 3.460334 0.128758
v -0.119208 1.375096 0.226813
v -0.402640 4.299124 0.474034
v -0.046726 1.221709 0.584310
v 0.259700 3.273664 0.856127
v -0.523243 4.176711 0.614971
v -0.504200 4.543817 0.690738
v -0.419169 4.594172 0.632740
v 0.449305 2.574156 -0.497003
v 0.381910 2.262678 0.318074
v -0.032789 1.066573 0.575629
v 0.046610 1.494617 0.062057
v -0.048362 1.239287 0.078557
v -0.414288 2.836228 -0.069223
v -0.554729 0.166728 0.609844
v -0.503750 0.231560 0.528390
v -0.420349 0.085598 0.737775
v 0.495434 3.525209 0.683219
v 0.280846 2.492950 -0.222874
v 0.373386 3.160617 0.479515
v 0.291897 2.393394 -0.071026
v 0.441420 0.328558 -0.411199
v -0.106995 3.058722 0.631959
v -0.383948 3.633962 0.170475
v -0.297070 1.569132 -0.173005
v -0.020083 1.255697 0.264797
v -0.105413 4.530662 0.800064
v -0.223525 2.133605 0.700839
v -0.373631 3.413108 0.081265
v 0.122942 1.931372 0.598018
v 0.583961 0.577060 -0.402597
v -0.505745 2.458698 0.058239
v -0.369519 2.489643 -0.048505
v -0.409806 2.480209 -0.110792
v 0.425247 2.262214 -0.320752
v -0.393252 4.633168 0.736817
v -0.285517 2.441564 0.476140
v -0.348937 2.334893 0.407025
v 0.388714 3.544773 0.914366
v -0.303415 2.948486 -0.119974
v -0.345902 3.396033 0.032824
v -0.468542 0.231436 0.571425
v -0.530018 4.053124 0.646593
v 0.413970 3.300696 0.884291
v 0.210638 3.752784 0.872438
v -0.280770 2.639431 -0.107989
v -0.483629 4.591004 0.850789
v -0.376847 2.502330 -0.045160
v 0.262270 3.689340 0.924850
v -0.439314 2.515574 0.048616
v 0.560647 2.127843 -0.412962
v -0.072614 1.936340 -0.260042
v -0.295431 0.641512 0.506374
v -0.328274 0.594000 0.439309
v -0.177609 2.507023 -0.407244
v -0.025202 1.457444 0.233366
v 0.340754 0.308864 -0.241572
v 0.491578 0.670567 -0.420962
v -0.344787 1.351744 -0.025550
v 0.200499 2.584008 0.607133
v 0.311794 2.583625 0.718389
v -0.117142 0.461425 0.286465
v -0.595830 4.349611 0.875715
v -0.077655 1.503746 0.677230
v 0.352979 3.814992 0.638944
v -0.339401 0.237028 0.579701
v 0.398323 2.719283 -0.469076
v 0.387391 2.773999 -0.445279
v -0.258565 4.542394 0.899832
v -0.280711 1.871240 0.430601
v 0.431611 0.507292 -0.461255
v -0.412352 2.503678 -0.276237
v 0.081665 4.036030 0.394151
v -0.435450 2.485774 -0.250090
v -0.296760 2.733018 -0.173667
v 0.331187 0.038245 -0.096404
v -0.064414 4.317157 0.784129
v -0.288924 0.411836 0.562280
v 0.313011 2.474593 -0.075832
v 0.442649 0.621694 -0.453443
v -0.251764 1.277348 -0.156878
v -0.288843 2.770740 -0.274873
v -0.019291 2.439115 -0.637797
v 0.357226 2.372466 0.381499
v -0.160779 2.960299 -0.171113
v 0.612878 0.197016 -0.316103
v -0.362596 0.404660 0.533237
v 0.169309 3.932904 0.205403
v -0.049380 1.188448 0.586216
v -0.245589 1.228308 0.557088
v 0.436906 3.384426 0.391786
v -0.108292 0.188617 0.383392
v -0.299219 1.849362 -0.197621
v 0.118241 3.504052 0.874538
v 0.523395 2.157937 -0.550463
v 0.293785 3.567831 0.160774
v -0.427731 0.039115 0.777546
v -0.522180 2.409167 -0.117096
v -0.519361 2.389867 -0.115004
v 0.395456 2.696571 -0.581864
v 0.344355 0.268315 -0.212474
v -0.229138 0.291659 0.302827
v 0.505483 2.070001 -0.399900
v 0.281904 0.707295 -0.144752
v -0.327353 3.741817 -0.233501
v -0.260350 3.863128 0.253827
v 0.231949 2.662759 -0.289181
v -0.334195 1.263662 0.457264
v 0.111875 2.605373 -0.590960
v 0.437830 3.717482 0.652504
v -0.130688 3.198509 -0.205897
v -0.377036 2.837641 0.246721
v -0.154159 3.718008 0.593630
v 0.091935 1.661818 0.019813
v 0.279388 2.754303 -0.341361
v 0.078430 1.571546 0.035189
v 0.014270 4.058184 0.549450
v -0.482201 2.435011 -0.394122
v -0.032559 1.128911 0.257280
v -0.199128 0.401906 0.278899
v -0.050933 1.066622 0.247199
v 0.499713 0.700650 -0.220655
v 0.060526 1.501500 -0.041210
v 0.727890 0.358879 -0.338340
v -0.063137 2.450280 0.754561
v -0.174466 4.162471 0.774978
v -0.333131 3.461908 -0.314042
v 0.306882 3.087439 -0.237030
v -0.316291 3.221853 0.237730
v -0.455374 2.293153 -0.078295
v 0.211181 0.665577 -0.215341
v -0.602967 0.075114 0.825622
v 0.238496 0.090760 -0.253333
v 0.028469 1.723199 -0.153600
v 0.367414 3.052701 0.481521
v 0.258971 2.934644 0.789577
v -0.258168 3.087796 -0.392513
v -0.468671 2.377661 -0.111775
v -0.197923 3.850065 0.445330
v -0.558522 4.343898 0.777627
v -0.133226 0.335605 0.279218
v 0.199425 1.197345 -0.074820
v -0.264395 1.418953 0.139725
v -0.009838 4.276347 0.656807
v -0.170864 1.146220 -0.184545
v -0.149186 2.841618 0.594610
v -0.402332 0.221314 0.395580
v -0.077830 1.053216 -0.098331
v 0.020979 3.617784 0.784126
v 0.177811 2.436944 -0.214823
v -0.413613 2.325896 -0.374287
v 0.064317 1.137019 0.480773
v 0.067681 1.115988 0.343994
v -0.329983 0.450954 0.329854
v -0.333960 4.245267 0.455512
v -0.098023 3.975321 -0.050992
v -0.004868 1.077489 -0.018989
v 0.041542 1.341903 -0.260744
v 0.121630 1.315499 -0.081686
v -0.190099 1.183769 0.282436
v 0.008421 1.324717 0.289038
v -0.097694 3.434527 -0.316267
v 0.029606 1.850156 0.164948
v 0.027189 1.123735 0.508129
v -0.378675 3.328614 0.220431
v -0.284175 1.992935 0.323449
v 0.041280 1.330438 0.397742
v -0.069808 4.449813 0.626030
v -0.480343 4.367374 0.528706
v -0.000429 2.388290 0.788994
v -0.225938 3.831400 0.381850
v 0.371094 2.789408 -0.516121
v 0.115471 1.322838 -0.223409
v -0.450719 4.047030 0.701063
v -0.364432 2.598334 -0.087186
v 0.087205 1.384671 0.380400
v -0.197931 3.912640 0.358309
v -0.006456 1.294661 0.092891
v 0.016624 1.244176 0.296152
v -0.271671 1.251628 0.310773
v 0.421003 0.678904 -0.201644
v 0.344809 3.130656 0.036590
v -0.144272 0.384442 0.552620
v 0.155388 3.041771 0.605753
v 0.344385 0.866859 -0.383602
v -0.496503 0.093288 0.757706
v -0.060896 3.675146 -0.270016
v -0.151807 1.802434 0.702980
v -0.245500 1.855462 -0.289664
v 0.756775 0.383386 -0.430969
v 0.064382 1.514792 0.500923
v -0.194586 1.174511 -0.026598
v -0.180333 1.796359 -0.221338
v -0.236760 3.996562 -0.059670
v -0.230823 2.286527 0.651618
v -0.035767 1.851895 -0.220139
v -0.017369 1.801602 -0.217242
v 0.514150 2.204275 -0.670791
v -0.236952 0.332267 0.277541
v 0.044701 2.718563 -0.459221
v -0.325995 1.923626 0.192372
v -0.207236 1.160328 0.592788
v -0.062626 3.883070 -0.185333
v 0.415338 2.774747 0.636630
v -0.165653 4.037410 0.316165
v -0.377093 2.668156 -0.255401
v -0.629994 0.013530 0.845702
v 0.313880 0.424821 -0.382280
v 0.179051 3.560749 -0.117504
v 0.224651 1.907531 0.436244
v -0.372678 3.424629 -0.082766
v 0.431023 0.370791 -0.203340
v -0.313081 1.511336 0.530318
v -0.093614 2.622837 -0.544366
v -0.173707 1.118151 0.270921
v 0.229819 2.240085 0.555752
v -0.195790 3.896181 -0.213208
v -0.274225 2.845387 -0.143618
v -0.469098 4.171124 0.840955
v 0.344380 2.452804 0.050568
v 0.677821 0.355541 -0.522655
v 0.022459 0.933290 0.531171
v -0.159070 1.106122 0.585760
v -0.418033 0.220914 0.606010
v 0.204258 2.024158 0.538526
v -0.499392 4.465336 0.886405
v 0.379763 3.217509 0.234581
v -0.264327 3.285441 0.007938
v 0.396355 3.697129 0.379120
v -0.359610 0.032810 0.428382
v 0.179078 1.261675 -0.120261
v -0.494081 4.154787 0.711642
v -0.627342 4.440685 0.892180
v -0.147830 4.262682 0.859159
v -0.574905 4.251798 0.627159
v 0.423366 3.612813 0.853397
v 0.191271 0.734735 -0.372781
v 0.325787 0.733857 -0.411515
v 0.138977 3.661789 0.887655
v -0.362008 3.891281 0.611404
v -0.380006 3.168658 -0.163377
v -0.387566 3.779711 -0.000170
v -0.297594 3.932401 -0.131938
v 0.073232 1.828305 -0.135300
v 0.222513 2.191058 0.562734
v -0.005791 1.530306 -0.141996
v 0.412512 2.410609 0.246248
v -0.464824 0.273305 0.503564
v 0.526910 0.653845 -0.332813
v 0.444304 2.532468 -0.389753
v 0.075865 1.209500 0.468609
v -0.456500 2.133146 0.208988
v -0.372235 2.022481 0.222440
v -0.493144 4.198171 0.515803
v -0.149812 4.468908 0.495941
v -0.304514 4.638851 0.614701
v -0.041491 0.433931 0.447582
v -0.088233 1.485683 -0.199854
v 0.222696 2.831503 0.555231
v -0.142727 2.519526 0.552344
v -0.344012 0.480897 0.502157
v 0.463358 3.290957 0.643291
v 0.395575 2.433875 0.196787
v -0.041383 2.309739 0.764953
v -0.359213 2.692872 0.306955
v 0.150468 2.500746 0.647625
v -0.111928 3.034438 -0.247360
v -0.219918 0.073121 0.573545
v -0.510783 2.312537 0.031739
v -0.065896 1.370909 -0.261425
v 0.659286 0.477935 -0.365545
v 0.299457 0.456203 -0.226992
v -0.334646 3.031161 0.241078
v -0.352709 3.075144 0.207703
v -0.261060 1.991809 0.464951
v -0.296886 4.248963 0.458420
v -0.311720 4.297563 0.405702
v -0.129732 4.031322 0.209639
v -0.165728 4.476762 0.904065
v -0.050938 2.996954 -0.282533
v -0.358579 2.458539 0.057494
v -0.106061 1.272208 0.566833
v -0.245943 1.118858 0.496274
v -0.139976 4.531059 0.843410
v -0.569222 4.418796 0.705596
v -0.357042 1.963640 -0.512482
v -0.081065 2.431620 0.792315
v -0.206661 1.101384 0.286816
v 0.362548 2.822958 -0.435478
v 0.141945 3.626030 -0.151386
v -0.510816 2.524916 -0.005654
v -0.059016 4.475596 0.828538
v -0.259573 0.027343 0.554653
v -0.172943 1.998227 -0.559246
v 0.235168 2.965132 0.617787
v 0.201674 2.802630 0.854258
v -0.271204 0.544482 0.536115
v -0.450200 4.498986 0.570262
v 0.069560 3.532324 -0.230550
v -0.379577 2.593714 -0.413165
v 0.042528 2.394819 0.663287
v -0.361943 4.517033 0.529667
v -0.082612 2.046838 -0.659721
v -0.538566 4.470301 0.619248
v 0.313721 2.661379 0.012161
v 0.145978 0.965876 -0.375802
v -0.515357 4.416396 0.569921
v -0.024545 3.273434 0.714909
v -0.172376 1.818612 0.201250
v 0.019797 1.442486 -0.165640
v -0.286270 1.158335 0.446537
v -0.234770 0.077944 0.292604
v -0.299365 4.293446 0.450765
v -0.158006 4.381455 0.894037
v -0.426114 2.547399 -0.242546
v -0.371898 2.312712 0.425712
v 0.092478 3.447206 0.821929
v -0.247854 4.609170 0.845383
v -0.096862 3.383254 -0.229724
v 0.012655 4.087908 0.469357
v -0.233666 1.929220 0.216616
v 0.511337 0.428433 -0.436946
v 0.345422 0.373621 -0.319764
v 0.206604 3.142033 0.643302
v 0.249723 0.594062 -0.217534
v -0.249726 1.943190 0.312004
v -0.345616 3.057278 -0.381245
v -0.189521 0.565844 0.245111
v -0.410775 3.632270 -0.071429
v -0.560585 2.436758 0.027856
v -0.114650 4.443368 0.858398
v 0.467265 0.804473 -0.317577
v -0.224572 3.077347 -0.184885
v 0.169498 2.039315 0.167954
v -0.252066 2.899492 0.557069
v 0.076491 1.731478 -0.114866
v 0.582244 0.524291 -0.405753
v 0.391857 2.538284 -0.284261
v 0.133024 2.088682 -0.089440
v -0.140422 0.085523 0.297772
v -0.381991 0.300602 0.360577
v 0.471488 2.146133 -0.644679
v 0.741655 0.305635 -0.503132
v 0.448816 3.185114 0.876482
v -0.009949 2.424117 0.773291
v -0.119621 0.038799 0.430388
v -0.185058 0.373653 0.573801
v 0.208024 0.043308 -0.288684
v -0.063855 3.755819 -0.259524
v -0.417406 4.603884 0.835350
v -0.255171 1.416153 -0.196692
v -0.008726 1.675239 0.158752
v 0.345519 2.905797 0.648959
v 0.304126 3.243178 0.630469
v -0.084385 4.099410 0.342095
v -0.087669 4.067966 0.661643
v 0.567837 0.187102 -0.457923
v -0.209936 1.903846 -0.459292
v 0.018106 2.122538 -0.687477
v -0.352139 2.482739 -0.358506
v -0.106472 0.324580 0.304417
v -0.095410 2.604595 -0.272390
v 0.361425 2.625774 -0.287623
v -0.120217 2.875783 -0.287369
v -0.135048 2.569369 -0.250379
v -0.299422 1.695068 0.385144
v -0.661243 -0.001779 0.608032
v -0.343934 4.174700 0.439306
v -0.413956 4.509354 0.884490
v 0.457874 0.469176 -0.467748
v 0.190239 2.240279 -0.184272
v 0.395383 3.290444 0.567149
v -0.273472 1.286148 0.587903
v -0.254370 2.547855 -0.230653
v -0.251175 2.611969 -0.451516
v -0.224988 4.349314 0.901190
v -0.341350 2.451416 0.346783
v -0.389545 2.572312 -0.223981
v -0.205537 3.908239 0.234274
v -0.473769 4.360778 0.915305
v 0.089130 2.116306 -0.611564
v -0.138682 4.175534 0.831735
v -0.307525 0.323544 0.579342
v -0.401560 0.001871 0.740475
v 0.486022 3.503391 0.649334
v -0.159211 1.444576 0.217750
v 0.441024 2.519573 -0.632437
v 0.444698 0.434368 -0.170616
v 0.032270 1.151040 0.018468
v -0.112641 4.545062 0.760293
v 0.414194 2.680709 -0.334760
v -0.126624 2.541100 -0.578637
v 0.121117 3.999280 0.554278
v -0.290892 1.467447 0.418859
v 0.376340 0.543586 -0.466833
v 0.139147 1.724879 0.241196
v 0.185326 3.290922 0.704711
v 0.489840 3.405832 0.679701
v 0.112536 3.809211 -0.047976
v -0.404147 1.923291 -0.090410
v 0.309709 0.103791 -0.364619
v -0.062035 4.215816 0.501052
v 0.437900 2.456036 0.048935
v -0.142317 2.484405 0.615068
v 0.100351 2.557213 0.647109
v -0.200097 4.193621 0.808850
v -0.345046 2.527389 0.440311
v -0.419736 1.917491 0.204952
v 0.032357 1.421701 0.032589
v 0.247015 3.093752 -0.152877
v -0.402254 2.446556 -0.116767
v 0.386886 3.349412 0.239900
v -0.234940 1.486228 0.268699
v -0.499665 2.534744 -0.132332
v -0.547236 4.517549 0.902807
v -0.162629 0.190709 0.315657
v -0.476425 4.067566 0.615346
v -0.511958 4.342048 0.896376
v 0.044005 2.026793 -0.196312
v 0.358908 2.460939 -0.572262
v 0.002959 1.806046 0.174404
v -0.319310 4.612540 0.805872
v 0.204854 0.583621 -0.336844
v -0.243694 0.856829 0.298223
v -0.115338 2.433426 0.649083
v 0.343732 0.276828 -0.314563
v 0.620390 0.473990 -0.447498
v -0.413319 0.015350 0.514085
v 0.122502 1.224437 -0.011375
v -0.401074 2.481108 -0.110886
v 0.112412 0.082093 -0.136239
v -0.401163 4.317246 0.916574
v 0.293147 3.150436 0.138785
v -0.402489 3.960646 0.674490
v 0.243896 0.512263 -0.289907
v -0.253046 3.634432 0.484056
v -0.196665 0.294551 0.581513
v -0.543043 2.415939 0.039442
v -0.322277 0.476164 0.433523
v -0.392718 2.419540 -0.123725
v -0.422164 4.618280 0.796549
v -0.000910 1.512059 -0.197289
v 0.514204 2.258534 -0.746518
v -0.128968 1.499742 0.169090
v 0.270327 2.012944 0.362038
v 0.194495 0.654294 -0.293714
v 0.382207 0.540718 -0.151365
v 0.513934 0.639168 -0.267327
v -0.185730 4.123257 0.797458
v -0.269830 0.268701 0.296854
v -0.377444 3.385851 -0.201733
v 0.077914 0.944663 0.386918
v 0.102811 2.166142 -0.250922
v -0.234851 1.717127 0.207584
v -0.755692 0.114421 0.857876
v -0.291468 0.504465 0.565134
v 0.159986 1.837156 0.220868
v 0.127556 2.143398 -0.701506
v 0.219148 2.497978 -0.161835
v 0.330299 3.795185 0.782638
v 0.381186 3.298074 0.612279
v -0.500321 2.212429 0.106712
v -0.371450 2.486327 0.006726
v -0.006860 3.031190 0.667062
v -0.083300 4.183537 0.714509
v 0.342830 2.187330 -0.298666
v 0.280141 3.525914 0.074363
v -0.032103 2.700286 0.590801
v -0.387258 2.517210 0.034252
v -0.525803 0.061214 0.504452
v -0.377592 2.533270 -0.103048
v -0.515406 2.392891 -0.080976
vn 0.7813 0.5770 -0.2381
vn -0.6255 -0.0108 0.7802
vn -0.9209 -0.2306 0.3143
vn 0.9292 0.2661 0.2565
vn -0.2032 -0.6711 0.7129
vn -0.3219 0.1095 -0.9404
vn 0.4556 -0.0735 -0.8871
vn 0.0129 0.9237 -0.3829
vn 0.0432 -0.7856 0.6173
vn -0.9279 -0.0634 -0.3673
vn 0.6914 -0.0637 0.7196
vn -0.0744 0.0635 0.9952
vn -0.7880 0.2310 -0.5708
vn 0.3773 0.7937 -0.4772
vn -0.6575 -0.6440 0.3912
vn 0.4034 0.5385 0.7398
vn 0.7247 -0.0307 -0.6883
vn -0.2238 0.2196 -0.9496
vn 0.7185 -0.2885 0.6329
vn -0.2882 0.2749 -0.9173
vn 0.0256 0.5822 -0.8126
vn 0.6125 -0.0790 0.7865
vn 0.9757 0.0674 0.2084
vn -0.1985 0.9484 0.2474
vn -0.8978 -0.3988 -0.1870
vn 0.0397 -0.3252 0.9448
vn -0.2035 0.8974 -0.3916
vn 0.2528 0.6159 0.7462
vn -0.5557 -0.2997 0.7755
vn -0.0791 0.9897 -0.1194
vn 0.4720 -0.6086 0.6379
vn -0.9139 0.0849 -0.3970
vn 0.8693 0.4688 0.1565
vn 0.5712 0.4957 -0.6543
vn -0.7894 -0.3477 0.5059
vn -0.9608 -0.1645 -0.2232
vn -0.7626 -0.6469 -0.0077
vn 0.5068 0.8091 -0.2976
vn 0.4890 0.8233 0.2884
vn 0.2246 0.4892 -0.8428
vn -0.6256 0.4017 -0.6688
vn 0.9275 -0.3713 0.0434
vn 0.5878 -0.5435 0.5992
vn 0.8434 -0.0495 0.5350
vn 0.3342 0.2614 -0.9055
vn -0.9531 -0.2475 -0.1745
vn 0.8844 0.2234 -0.4098
vn 0.6692 0.1527 -0.7273
vn -0.1311 0.1395 -0.9815
vn -0.2493 0.6778 0.6917
vn 0.8510 -0.5083 0.1321
vn -0.7948 -0.5135 -0.3234
vn -0.2057 0.6131 0.7628
vn -0.6432 0.7557 -0.1230
vn -0.4586 -0.6267 -0.6300
vn 0.7420 0.4141 0.5272
vn -0.2317 -0.6863 0.6894
vn 0.8237 0.3515 0.4450
vn -0.6312 0.0818 0.7713
vn -0.9847 -0.0787 0.1554
vn -0.6646 0.0253 0.7468
vn -0.9034 -0.3869 0.1848
vn 0.5227 0.6590 -0.5408
vn -0.3956 -0.9021 0.1722
vn 0.3392 0.8964 0.2852
vn -0.9211 0.2095 -0.3280
vn -0.9867 0.1348 0.0914
vn 0.1096 0.2176 0.9699
vn 0.6711 -0.0362 0.7405
vn 0.6451 -0.0773 -0.7602
vn 0.5782 0.0043 0.8159
vn 0.2809 -0.0742 0.9569
vn 0.9219 -0.2754 -0.2725
vn 0.6071 0.5728 0.5507
vn 0.9720 -0.1744 -0.1577
vn -0.0845 -0.1120 0.9901
vn -0.4490 0.3880 0.8049
vn 0.0483 0.6262 0.7781
vn 0.9993 0.0365 0.0066
vn 0.8946 -0.2018 -0.3988
vn -0.9052 -0.3479 -0.2440
vn 0.3601 -0.2520 -0.8982
vn -0.6813 -0.1552 -0.7154
vn -0.1561 0.3432 0.9262
vn 0.9846 -0.1130 -0.1337
vn -0.6565 -0.1213 -0.7445
vn 0.2886 -0.1475 0.9460
vn -0.5395 0.1275 0.8323
vn -0.1514 0.1358 -0.9791
vn -0.8415 -0.0635 0.5365
vn -0.4233 -0.9054 0.0333
vn 0.7576 0.1861 0.6257
vn 0.1496 -0.8199 0.5526
vn -0.0577 -0.4914 0.8690
vn -0.1673 0.1335 -0.9768
vn -0.9948 0.0974 0.0297
vn -0.5886 0.0187 -0.8082
vn -0.8331 -0.3299 0.4440
vn -0.0201 -0.9976 0.0669
vn 0.7681 -0.3483 -0.5373
vn 0.7013 0.3599 -0.6153
vn 0.9022 0.1766 -0.3935
vn -0.0374 0.2652 -0.9635
vn -0.8471 -0.2389 0.4747
vn -0.5405 0.4294 -0.7235
vn -0.7705 -0.1746 0.6131
vn 0.1882 0.8443 -0.5018
vn -0.9057 0.1894 0.3793
vn -0.3639 0.2911 0.8848
vn 0.8434 0.5373 -0.0012
vn -0.8456 0.5313 0.0523
vn -0.6028 0.7876 0.1273
vn -0.2677 0.2873 -0.9197
vn 0.7471 0.6508 -0.1351
vn 0.0591 0.4222 -0.9046
vn 0.0389 0.5317 -0.8460
vn 0.2683 0.2368 0.9338
vn 0.5888 -0.3773 -0.7149
vn -0.4129 0.3034 0.8588
vn -0.3011 -0.0182 -0.9534
vn -0.4185 -0.5338 0.7348
vn -0.1031 0.0273 -0.9943
vn -0.7143 -0.0729 -0.6960
vn -0.7763 0.2347 0.5850
vn 0.8727 -0.0168 0.4879
vn -0.4046 0.4877 -0.7736
vn -0.7357 0.3365 -0.5878
vn 0.9945 0.0833 0.0636
vn 0.3777 0.9223 -0.0820
vn -0.8740 -0.2915 -0.3888
vn 0.3036 -0.3705 0.8778
vn -0.3169 0.1360 -0.9387
vn -0.7352 -0.0649 -0.6748
vn 0.7881 -0.1746 -0.5903
vn -0.0562 0.8887 0.4550
vn 0.0949 0.9888 0.1150
vn 0.9456 0.3139 -0.0855
vn -0.2329 -0.3720 0.8986
vn -0.5431 0.8078 -0.2293
vn -0.5201 0.7393 0.4277
vn -0.9906 -0.0983 0.0953
vn -0.9173 0.2071 0.3400
vn 0.7844 0.0072 -0.6202
vn -0.4809 0.2902 -0.8274
vn 0.8915 -0.3046 0.3353
vn -0.1739 0.8423 0.5102
vn -0.1152 -0.0481 -0.9922
vn 0.8492 -0.2868 0.4434
vn 0.9000 -0.3348 0.2790
vn -0.7391 0.0065 0.6736
vn 0.1649 -0.8769 -0.4515
vn 0.9559 0.2170 0.1978
vn -0.8413 0.5339 -0.0845
vn 0.9659 -0.2532 0.0536
vn 0.0841 0.6943 0.7148
vn -0.7910 0.3049 -0.5305
vn 0.8524 -0.0375 0.5216
vn 0.1199 0.4778 0.8703
vn 0.8442 0.1616 -0.5112
vn -0.0228 -0.1457 -0.9891
vn 0.9091 -0.3708 -0.1899
vn -0.6798 -0.0961 -0.7271
vn -0.7609 -0.3714 0.5321
vn 0.5424 -0.1128 -0.8325
vn -0.8201 0.4959 0.2857
vn 0.2492 0.3809 -0.8904
vn 0.1321 0.0451 0.9902
vn -0.9960 -0.0894 -0.0014
vn -0.1905 0.1347 0.9724
vn -0.6120 0.5731 0.5450
vn -0.1818 0.6542 0.7342
vn 0.1512 -0.6166 0.7726
vn -0.0782 0.2336 -0.9692
vn -0.5831 -0.0700 -0.8094
vn 0.8826 0.0049 0.4701
vn -0.4851 0.7331 0.4768
vn 0.6824 -0.2791 0.6756
vn 0.1487 0.4749 0.8674
vn 0.1054 -0.0919 -0.9902
vn -0.2414 -0.6220 -0.7449
vn 0.3145 -0.2302 -0.9209
vn 0.2054 0.9540 0.2183
vn 0.2363 0.8647 -0.4433
vn 0.6935 -0.6550 -0.3000
vn 0.6661 0.5914 -0.4545
vn -0.4460 -0.8511 0.2768
vn -0.9337 -0.0035 0.3581
vn -0.7556 -0.0594 0.6523
vn 0.4815 0.0684 -0.8738
vn -0.6024 -0.0170 -0.7980
vn 0.0861 -0.7253 -0.6830
vn 0.5421 -0.3973 0.7405
vn -0.6628 0.0740 -0.7452
vn 0.5114 -0.8537 -0.0985
vn 0.3567 -0.0240 -0.9339
vn -0.5698 -0.3236 0.7554
vn -0.4916 -0.5964 0.6345
vn 0.2251 0.8268 0.5155
vn -0.1549 -0.9599 0.2335
vn 0.1070 0.7713 0.6275
vn 0.3800 0.5674 -0.7305
vn 0.9092 0.0236 -0.4157
vn -0.2599 -0.4381 0.8605
vn -0.4176 -0.6595 0.6250
vn 0.6405 -0.2120 0.7381
vn 0.4346 -0.8582 0.2732
vn 0.9624 -0.2306 0.1436
vn -0.8496 -0.4526 0.2708
vn -0.3849 0.8917 -0.2382
vn 0.2323 0.6779 -0.6974
vn 0.2082 -0.0890 0.9740
vn -0.3899 -0.7170 0.5779
vn -0.5984 0.5421 0.5899
vn -0.8943 -0.2017 -0.3993
vn -0.2908 -0.1849 -0.9387
vn -0.9022 -0.2261 -0.3673
vn 0.6947 0.3516 0.6276
vn -0.7127 0.6567 -0.2464
vn 0.7429 -0.6658 0.0690
vn -0.4448 0.0256 -0.8952
vn 0.8242 -0.5349 0.1860
vn -0.5986 -0.2487 -0.7614
vn -0.8570 -0.0614 -0.5117
vn -0.2692 0.0374 -0.9624
vn -0.7947 0.1803 0.5796
vn 0.2749 0.4463 0.8516
vn -0.6733 -0.7370 -0.0594
vn -0.8947 -0.4241 -0.1400
vn -0.0578 -0.4815 -0.8746
vn -0.8750 -0.2328 0.4244
vn 0.7746 -0.3350 0.5364
vn 0.1132 0.7583 -0.6420
vn 0.2351 -0.3785 0.8952
vn -0.1247 -0.9469 -0.2962
vn 0.9469 -0.0598 -0.3160
vn 0.9952 0.0353 0.0914
vn 0.8193 0.1662 0.5488
vn 0.0811 -0.7395 -0.6682
vn 0.6870 0.0125 0.7266
vn 0.9035 -0.0947 0.4180
vn -0.4359 -0.2448 -0.8661
vn 0.9876 -0.1494 0.0473
vn 0.1285 -0.5060 0.8529
vn -0.8766 -0.4749 -0.0780
vn 0.0654 -0.0335 -0.9973
vn 0.0613 -0.9872 0.1475
vn 0.4023 0.2110 -0.8908
vn 0.7440 0.1156 0.6581
vn 0.7639 -0.5736 -0.2956
vn 0.8554 -0.1926 0.4809
vn 0.7638 -0.2887 -0.5773
vn 0.2901 -0.5437 -0.7876
vn -0.8564 -0.0015 -0.5163
vn 0.5333 0.0349 -0.8452
vn 0.8829 0.4585 0.1014
vn 0.8060 0.4622 -0.3697
vn -0.3771 -0.3518 -0.8567
vn -0.4724 -0.7594 -0.4474
vn -0.8723 0.4885 -0.0221
vn -0.4908 0.3950 -0.7766
vn 0.8684 -0.0711 -0.4908
vn -0.5728 0.6391 -0.5134
vn -0.1330 -0.5152 0.8467
vn 0.6848 -0.7221 -0.0983
vn 0.9817 0.0448 0.1851
vn 0.5609 0.2256 -0.7965
vn 0.0318 0.0546 0.9980
vn 0.4496 0.8403 0.3028
vn 0.8515 -0.0833 -0.5177
vn -0.2803 0.4782 -0.8323
vn -0.6528 0.7112 0.2609
vn 0.9890 0.1158 -0.0921
vn -0.9419 0.2917 -0.1664
vn 0.4310 -0.1408 0.8913
vn 0.3001 -0.2804 0.9118
vn 0.7548 -0.0593 0.6533
vn 0.2047 0.5215 0.8284
vn 0.9192 -0.0904 -0.3832
vn -0.9427 -0.2323 0.2393
vn 0.2941 0.1772 0.9392
vn 0.7519 -0.6496 0.1125
vn -0.6396 -0.1238 -0.7587
vn 0.8911 -0.4290 0.1479
vn -0.9251 -0.3587 0.1248
vn 0.9241 0.2176 0.3141
vn 0.5610 0.7006 0.4409
vn 0.6462 -0.6900 -0.3261
vn -0.7135 0.5347 0.4527
vn -0.7806 -0.1956 0.5936
vn 0.4194 -0.0105 0.9077
vn -0.4574 -0.8547 -0.2454
vn 0.6004 0.7854 -0.1503
vn 0.5304 0.8230 -0.2034
vn -0.2465 -0.4990 0.8308
vn 0.1598 -0.9576 -0.2397
vn 0.7887 0.2988 0.5373
vn 0.9634 -0.0908 -0.2522
vn 0.2932 0.3589 0.8861
vn -0.9941 0.0919 0.0585
vn -0.0985 0.9683 -0.2294
vn -0.5753 0.7594 0.3040
vn -0.8152 0.1084 -0.5690
vn 0.9246 -0.1669 0.3423
vn 0.6945 -0.1714 0.6988
vn 0.3222 -0.1659 0.9320
vn -0.9345 0.1373 0.3284
vn -0.7943 0.4191 0.4398
vn -0.8989 -0.0451 0.4357
vn -0.7149 0.3416 -0.6102
vn -0.9892 0.1383 -0.0474
vn -0.6413 0.7448 -0.1842
vn 0.2167 0.8628 0.4568
vn 0.4990 -0.3755 0.7811
vn -0.8150 0.4497 0.3655
vn 0.0918 0.2899 0.9526
vn 0.2864 0.9326 0.2198
vn -0.8424 0.5371 -0.0437
vn -0.9277 -0.2756 0.2518
vn 0.0279 0.9539 0.2989
vn -0.0922 -0.6746 -0.7324
vn -0.1181 -0.5973 -0.7933
vn -0.9883 0.1479 0.0378
vn 0.7264 0.3833 -0.5705
vn -0.6438 -0.2486 0.7237
vn -0.8989 0.3062 -0.3134
vn -0.4041 -0.3980 0.8236
vn 0.9363 -0.1624 0.3115
vn 0.5384 -0.1474 0.8297
vn -0.9942 -0.0907 -0.0581
vn -0.6377 0.3794 0.6703
vn -0.7915 0.0748 -0.6066
vn -0.4076 -0.3042 0.8610
vn -0.8597 0.1841 0.4764
vn 0.3817 0.8788 -0.2866
vn 0.9586 0.1656 -0.2317
vn -0.6220 0.7788 -0.0812
vn -0.9930 0.0863 -0.0807
vn 0.2833 -0.2276 0.9316
vn 0.7712 -0.4596 -0.4405
vn -0.3263 0.0133 0.9452
vn 0.8861 -0.3206 0.3348
vn 0.2512 0.1986 0.9473
vn 0.7207 -0.6687 -0.1827
vn 0.8020 -0.5166 0.2999
vn 0.0455 -0.9971 -0.0617
vn 0.1784 -0.0930 -0.9796
vn 0.8283 -0.4396 0.3475
vn -0.2042 0.1265 -0.9707
vn -0.3888 -0.6669 -0.6357
vn 0.4480 -0.0530 0.8925
vn -0.3914 0.9157 -0.0915
vn -0.0917 0.1854 -0.9784
vn -0.5846 -0.1250 -0.8016
vn -0.3326 0.4687 -0.8183
vn -0.2437 0.6249 -0.7417
vn 0.7717 -0.0998 0.6281
vn -0.9947 0.0980 0.0295
vn 0.9972 0.0165 -0.0725
vn -0.1575 0.1356 -0.9782
vn -0.4343 0.1141 -0.8935
vn -0.3974 0.4712 0.7874
vn -0.0775 0.5724 0.8163
vn 0.9104 0.0585 0.4097
vn -0.4333 -0.2471 0.8667
vn 0.2984 -0.4908 0.8186
vn 0.7555 0.6349 -0.1619
vn -0.3940 -0.0836 0.9153
vn 0.4096 0.8821 -0.2326
vn 0.9210 0.3524 -0.1660
vn 0.9659 -0.2185 -0.1387
vn 0.8260 -0.1543 0.5421
vn -0.1407 0.7940 0.5915
vn -0.4541 -0.3046 0.8373
vn -0.8396 0.4082 0.3584
vn 0.5690 -0.5026 0.6509
vn -0.9189 -0.0841 -0.3854
vn 0.4718 0.6692 0.5741
vn -0.8864 0.2196 -0.4075
vn 0.3475 -0.4465 -0.8245
vn 0.8891 0.2031 0.4101
vn -0.7966 -0.4113 0.4429
vn 0.6492 -0.1529 0.7451
vn 0.0064 0.4549 -0.8905
vn -0.0975 0.9291 0.3567
vn -0.0339 -0.5907 0.8061
vn -0.2305 -0.9702 0.0753
vn -0.2283 -0.0745 -0.9707
vn -0.4707 0.0830 -0.8784
vn 0.8719 0.3351 -0.3571
vn 0.8416 -0.1156 0.5276
vn 0.2006 -0.2772 0.9396
vn -0.9924 -0.0996 0.0724
vn -0.8259 -0.4034 0.3940
vn 0.9895 -0.1274 -0.0684
vn 0.0245 -0.9143 -0.4043
vn -0.9708 0.2013 -0.1308
vn 0.6822 0.1654 0.7122
vn -0.8436 0.4618 0.2742
vn 0.5766 -0.0240 0.8166
vn 0.3500 -0.0373 -0.9360
vn 0.1732 -0.3676 0.9137
vn 0.1825 0.9759 0.1200
vn 0.1806 0.9818 0.0591
vn -0.0601 -0.2898 -0.9552
vn 0.7731 -0.2878 0.5652
vn 0.5596 -0.2304 0.7961
vn -0.1978 0.6383 0.7439
vn 0.5050 -0.0727 -0.8600
vn 0.6395 0.0743 0.7652
vn -0.1222 0.9409 0.3158
vn 0.9309 -0.2720 -0.2439
vn 0.8542 0.1145 0.5071
vn 0.0938 0.2051 -0.9742
vn -0.0966 -0.1832 -0.9783
vn 0.9746 0.1938 -0.1119
vn 0.7302 0.2295 0.6435
vn -0.4675 -0.4683 -0.7498
vn -0.3997 0.8971 -0.1884
vn 0.6360 -0.1486 -0.7573
vn 0.2798 0.3098 -0.9087
vn -0.8159 0.1161 0.5664
vn 0.5070 0.1343 0.8514
vn 0.5490 0.8326 -0.0732
vn -0.1635 -0.5836 -0.7954
vn 0.5929 0.6040 -0.5327
vn 0.2526 -0.1482 0.9562
vn 0.7794 -0.0859 0.6207
vn 0.8954 0.0498 0.4424
vn -0.9529 0.0119 -0.3029
vn -0.5639 -0.3271 0.7583
vn 0.8349 0.2941 -0.4653
vn 0.3056 0.0519 -0.9508
vn 0.6243 0.7566 -0.1946
vn -0.8216 -0.1262 0.5559
vn 0.3920 -0.8971 0.2037
vn -0.9551 0.1877 -0.2294
vn -0.3442 -0.1758 0.9223
vn -0.4590 0.0653 -0.8860
vn -0.7783 -0.4557 -0.4319
vn -0.7405 -0.0223 -0.6716
vn 0.3180 0.3488 -0.8816
vn 0.0944 0.5118 -0.8539
vn -0.2182 0.0040 -0.9759
vn 0.0637 -0.5324 0.8441
vn -0.0295 0.9973 0.0667
vn 0.9631 -0.2368 0.1277
vn 0.4651 -0.0093 0.8852
vn -0.9677 0.1047 -0.2294
vn 0.3030 -0.9333 -0.1930
vn 0.3116 -0.5654 0.7636
vn 0.2395 -0.2094 -0.9480
vn 0.4116 0.7983 -0.4397
vn -0.1020 0.9676 -0.2310
vn 0.8153 -0.0094 0.5790
vn 0.9801 -0.1869 -0.0670
vn 0.7336 0.6717 0.1037
vn 0.7366 0.6676 0.1079
vn -0.0896 0.0374 0.9953
vn -0.1590 -0.1142 0.9806
vn 0.2761 0.1789 0.9443
vn 0.2289 0.7892 0.5699
vn 0.0328 -0.2658 -0.9635
vn -0.4584 0.4704 0.7541
vn 0.9690 -0.2427 -0.0467
vn -0.9998 0.0175 0.0076
vn 0.1283 -0.3795 0.9163
vn 0.1600 -0.9802 0.1166
vn -0.3667 0.2455 -0.8974
vn 0.5208 0.0113 0.8536
vn -0.1174 0.2262 -0.9670
vn 0.1587 -0.0688 0.9849
vn 0.8559 0.3403 -0.3895
vn -0.3145 -0.9476 -0.0564
vn 0.3627 0.3272 0.8726
vn 0.1237 -0.9709 0.2050
vn 0.9911 0.1142 0.0686
vn 0.7819 0.0026 -0.6234
vn -0.1985 0.2156 0.9561
vn 0.7544 -0.5400 0.3732
vn 0.1331 0.2875 0.9485
vn -0.1309 0.3241 -0.9369
vn 0.8083 -0.2781 -0.5190
vn 0.9561 0.1984 -0.2156
vn -0.4232 0.2104 -0.8813
vn 0.8669 -0.2123 -0.4510
vn -0.0655 -0.9931 -0.0976
vn 0.8478 -0.1658 0.5038
vn -0.4836 -0.8713 0.0834
vn 0.9554 0.2772 -0.1015
vn -0.3928 0.2520 0.8844
vn -0.0107 0.9319 -0.3625
vn -0.7908 0.0932 -0.6050
vn 0.8196 0.1675 0.5479
vn 0.7755 -0.0896 -0.6249
vn 0.9731 0.2039 -0.1074
vn 0.5269 0.4273 -0.7347
vn -0.8331 -0.0153 0.5530
vn 0.9176 -0.0122 0.3972
vn 0.6799 0.7206 -0.1358
vn 0.3273 -0.2839 -0.9012
vn -0.3210 0.1648 -0.9326
vn 0.1590 -0.4813 0.8620
vn -0.8632 -0.0269 -0.5042
vn -0.8170 -0.5755 0.0362
vn 0.4239 -0.4868 -0.7638
vn 0.7491 0.5135 -0.4185
vn -0.9767 0.1772 0.1207
vn -0.0874 -0.1643 -0.9825
vn 0.4516 0.4302 -0.7816
vn -0.5204 -0.2271 0.8232
vn -0.4298 -0.7318 0.5289
vn 0.7650 0.3286 -0.5539
vn -0.5651 -0.7108 0.4189
vn 0.3544 -0.2270 0.9071
vn -0.1405 -0.3329 0.9324
vn -0.5098 0.1037 -0.8540
vn 0.6283 0.1863 -0.7554
vn 0.5637 -0.2388 -0.7907
vn -0.5090 -0.4518 0.7326
vn 0.7506 0.1122 -0.6511
vn -0.2146 0.1182 -0.9695
vn 0.6858 -0.1281 -0.7165
vn -0.8529 -0.4546 -0.2566
vn 0.5227 0.8085 0.2704
vn -0.2819 -0.3905 0.8764
vn -0.9334 -0.2987 -0.1988
vn 0.5412 0.7899 0.2883
vn -0.8646 0.4833 -0.1370
vn -0.1512 0.2915 0.9445
vn 0.1367 0.1647 -0.9768
vn 0.1204 -0.1033 -0.9873
vn -0.9465 -0.1314 0.2947
vn -0.5558 0.5526 -0.6210
vn 0.3241 0.5848 0.7436
vn 0.9982 -0.0242 0.0541
vn -0.6169 -0.5248 0.5865
vn 0.3631 0.6816 0.6353
vn 0.5642 0.1268 -0.8158
vn -0.9090 0.2021 -0.3645
vn 0.5539 0.7792 0.2931
vn 0.0137 0.9981 0.0604
vn -0.0724 -0.2146 -0.9740
vn 0.3207 -0.6944 -0.6442
vn -0.6030 -0.1418 0.7850
vn 0.3513 0.0445 -0.9352
vn 0.6132 0.0273 -0.7895
vn -0.6659 -0.4431 0.6002
vn 0.9695 0.0853 0.2297
vn -0.6754 -0.1718 0.7172
vn 0.9199 0.0254 -0.3912
vn -0.7400 -0.6207 -0.2590
vn -0.8074 0.4851 -0.3358
vn 0.6485 0.5943 0.4758
vn -0.8769 0.4786 -0.0442
vn -0.6998 0.3046 0.6462
vn -0.9127 0.2852 -0.2928
vn -0.4385 -0.6853 0.5815
vn -0.8806 -0.4713 0.0486
vn 0.4880 -0.7512 -0.4445
vn 0.8101 0.5052 -0.2975
vn 0.2464 0.0686 0.9667
vn 0.0946 -0.7616 0.6411
vn -0.6804 -0.7252 0.1054
vn 0.9583 -0.0169 -0.2852
vn -0.5882 -0.0717 0.8056
vn 0.2700 -0.1716 -0.9474
vn -0.6900 0.0331 -0.7230
vn 0.8142 -0.0199 0.5802
vn -0.7409 0.0348 -0.6708
vn -0.1656 -0.3098 -0.9363
vn 0.4804 -0.0322 -0.8764
vn -0.5159 0.1024 -0.8505
vn -0.1709 0.5624 -0.8090
vn 0.9424 0.3340 -0.0154
vn -0.9923 -0.1050 -0.0663
vn 0.9813 0.1594 0.1077
vn -0.8997 -0.2271 -0.3728
vn -0.6761 0.7340 0.0639
vn -0.5452 0.4331 -0.7177
vn 0.3576 -0.1805 0.9162
vn -0.2917 0.2541 -0.9221
vn -0.2083 -0.0803 -0.9748
vn -0.2825 0.1198 -0.9518
vn -0.6268 0.2484 -0.7385
vn -0.6638 0.0590 -0.7456
vn -0.3464 0.4136 0.8420
vn -0.3579 0.1702 -0.9181
vn 0.9322 -0.3118 0.1840
vn -0.1635 -0.1670 0.9723
vn 0.3333 -0.2091 0.9193
vn -0.1656 -0.9824 -0.0864
vn -0.3732 -0.3532 -0.8579
vn -0.0229 0.3617 -0.9320
vn -0.5790 -0.1974 -0.7911
vn 0.0486 -0.6110 0.7901
vn 0.1166 0.4455 0.8876
vn -0.3649 0.6061 -0.7068
vn 0.6568 -0.0261 0.7537
vn 0.7761 -0.6195 0.1180
vn -0.5773 0.2971 -0.7605
vn -0.1471 -0.5386 0.8296
vn -0.7151 -0.6988 0.0178
vn -0.0583 -0.2533 0.9656
vn 0.2930 -0.2039 0.9341
vn 0.6914 -0.5924 -0.4135
vn -0.9309 0.1692 -0.3236
vn 0.2304 0.9723 0.0403
vn 0.8139 -0.5798 0.0388
vn -0.5639 -0.6655 -0.4890
vn 0.6865 0.7271 0.0078
vn -0.8624 0.3115 0.3991
vn -0.7482 0.3143 -0.5843
vn 0.2039 -0.6091 0.7665
vn 0.9196 0.2828 -0.2726
vn -0.8491 -0.0197 0.5279
vn -0.8251 0.1173 -0.5527
vn 0.8357 -0.4251 -0.3476
vn -0.9477 0.2379 -0.2128
vn -0.6500 0.1221 -0.7501
vn 0.1781 0.6948 0.6968
vn 0.3430 0.7176 -0.6062
vn 0.9970 0.0250 -0.0736
vn -0.7368 0.1432 -0.6608
vn 0.9795 -0.1594 -0.1230
vn 0.9270 -0.2133 0.3086
vn -0.5084 0.4050 -0.7600
vn -0.2744 -0.6111 -0.7425
vn 0.1968 -0.0772 0.9774
vn -0.5336 0.0547 -0.8440
vn 0.6243 -0.1789 0.7604
vn -0.5100 -0.3593 0.7815
vn -0.2305 -0.4810 -0.8459
vn -0.9526 0.3016 0.0407
vn -0.6588 -0.7498 -0.0610
vn -0.9727 0.2102 -0.0988
vn 0.7045 -0.1768 0.6873
vn 0.8260 0.1018 0.5543
vn 0.9465 -0.0358 -0.3207
vn 0.9291 -0.3539 -0.1077
vn -0.4982 0.3138 -0.8083
vn 0.8087 -0.0208 0.5879
vn 0.9608 -0.2224 0.1656
vn 0.9679 -0.1602 -0.1939
vn -0.6064 -0.7952 0.0026
vn -0.9112 0.3800 0.1590
vn 0.5511 -0.3962 0.7344
vn -0.8481 -0.1213 -0.5158
vn -0.9833 -0.0622 -0.1712
vn 0.6495 -0.7445 -0.1542
vn -0.5883 0.5441 0.5982
vn 0.4649 -0.3472 -0.8144
vn 0.5244 0.4044 0.7493
vn 0.6945 0.6562 -0.2950
vn -0.8302 0.2083 0.5171
vn -0.9465 -0.1665 0.2764
vn 0.6196 0.7845 0.0274
vn -0.3867 -0.2906 0.8752
vn 0.7822 0.5277 0.3313
vn -0.3518 -0.0919 0.9315
vn 0.9503 -0.1299 -0.2830
vn -0.9864 0.1437 -0.0800
vn -0.5323 -0.6972 -0.4802
vn -0.4099 -0.1610 -0.8978
vn 0.5747 0.4669 -0.6721
vn -0.8748 -0.0716 0.4791
vn 0.9799 -0.0149 0.1991
vn -0.6618 -0.3812 0.6456
vn -0.8223 -0.3819 0.4219
vn -0.8269 -0.5594 -0.0573
vn 0.5816 0.4898 -0.6495
vn 0.1648 -0.9817 0.0951
vn 0.2649 -0.2781 0.9233
vn 0.4130 0.0055 0.9107
vn -0.2878 -0.8447 -0.4513
vn 0.1416 0.0638 0.9879
vn -0.5870 0.5426 0.6008
vn -0.8561 -0.0182 -0.5164
vn -0.9689 -0.0611 0.2399
vn -0.2765 -0.0667 -0.9587
vn 0.6474 0.0121 0.7621
vn -0.5386 0.0085 0.8425
vn 0.4967 -0.1261 -0.8587
vn 0.9129 -0.4006 -0.0779
vn 0.0744 0.1773 0.9813
vn -0.8115 -0.5745 -0.1071
vn -0.8711 -0.3987 -0.2866
vn 0.0501 0.2340 -0.9709
vn -0.2288 0.9058 0.3567
vn -0.8682 -0.3449 0.3567
vn 0.2706 -0.1725 -0.9471
vn 0.5216 -0.8338 -0.1807
vn -0.1847 0.2529 -0.9497
vn -0.2606 -0.7634 -0.5911
vn 0.0033 -0.3606 -0.9327
vn -0.7726 -0.3573 -0.5248
vn 0.2317 0.2988 -0.9258
vn 0.3079 0.0158 -0.9513
vn -0.0157 -0.3065 -0.9517
vn -0.8127 0.3016 -0.4986
vn -0.0156 0.9867 0.1619
vn -0.9280 0.2317 -0.2916
vn 0.3297 -0.5425 0.7727
vn 0.4717 0.6888 -0.5505
vn 0.4791 -0.0769 -0.8744
vn 0.2593 0.3410 -0.9036
vn -0.5747 0.0536 -0.8166
vn -0.4228 -0.0789 -0.9028
vn -0.0353 -0.9987 0.0371
vn -0.2423 -0.0912 0.9659
vn 0.5378 -0.7061 -0.4608
vn -0.4631 0.0509 0.8848
vn 0.2249 0.0787 -0.9712
vn -0.1103 0.0162 0.9938
vn -0.3652 0.3082 -0.8784
vn 0.1899 0.9071 0.3757
vn -0.5918 0.5358 0.6022
vn -0.7663 0.5700 0.2965
vn 0.7778 -0.2285 0.5856
vn 0.4352 0.5398 -0.7206
vn -0.6760 -0.7253 0.1299
vn -0.0650 0.8833 0.4643
vn 0.7546 -0.0123 -0.6561
vn -0.8855 0.0813 0.4574
vn 0.7731 0.4552 -0.4417
vn 0.0918 -0.6030 -0.7924
vn 0.1048 0.1229 0.9869
vn 0.5045 0.7452 0.4361
vn 0.3611 0.2051 -0.9097
vn 0.7662 0.0563 0.6401
vn 0.8123 -0.3556 0.4622
vn -0.5948 0.4170 0.6872
vn -0.5269 0.8394 -0.1332
vn 0.6530 -0.2017 -0.7300
vn 0.2466 -0.3748 0.8937
vn 0.7801 0.4723 -0.4104
vn 0.7727 0.4902 -0.4032
vn 0.5886 -0.7192 0.3693
vn -0.3425 -0.7687 0.5402
vn -0.7055 -0.5668 0.4255
vn 0.8882 -0.4401 -0.1318
vn 0.0869 -0.5642 0.8211
vn 0.1571 0.1241 0.9798
vn 0.9316 -0.1228 -0.3421
vn 0.0184 0.1562 -0.9876
vn 0.6089 0.2100 0.7649
vn 0.8857 -0.3944 -0.2448
vn 0.8633 0.4179 -0.2830
vn -0.8764 -0.3508 0.3298
vn 0.9343 0.1392 0.3282
vn 0.0398 0.1756 -0.9836
vn 0.9482 0.0691 -0.3101
vn -0.3101 0.8286 0.4660
vn -0.8580 0.5136 -0.0029
vn -0.2689 0.1205 0.9556
vn 0.0621 -0.1091 -0.9921
vn 0.2308 0.7244 0.6496
vn 0.7567 -0.2260 0.6135
vn 0.3902 -0.1871 -0.9015
vn -0.9922 -0.0238 0.1226
vn 0.5912 -0.7692 -0.2426
vn 0.4394 0.3973 0.8056
vn -0.9504 -0.2537 0.1800
vn 0.1238 0.1271 0.9841
vn -0.9712 0.1966 -0.1345
vn -0.4069 0.1786 -0.8959
vn -0.1689 0.0508 -0.9843
vn -0.5309 0.5791 -0.6186
vn -0.4340 0.5890 -0.6817
vn -0.8501 -0.1549 -0.5034
vn 0.8677 -0.2541 -0.4272
vn -0.6334 -0.3511 0.6896
vn 0.4287 0.8940 -0.1300
vn 0.9876 -0.1517 -0.0392
vn -0.1962 -0.4150 0.8884
vn -0.8897 -0.4416 -0.1160
vn 0.1402 -0.3751 -0.9163
vn -0.7407 0.0548 0.6696
vn 0.7997 -0.0925 0.5932
vn -0.2433 0.8140 0.5274
vn -0.7765 0.5244 0.3495
vn -0.8764 0.2611 -0.4046
vn -0.8976 -0.2544 0.3598
vn -0.2912 -0.2387 -0.9264
vn -0.9713 0.1381 -0.1937
vn -0.1333 0.1399 -0.9811
vn -0.7976 -0.4922 -0.3486
vn -0.9406 0.1596 0.2998
vn -0.5555 -0.8048 0.2090
vn -0.7029 0.6889 -0.1769
vn -0.7566 -0.3582 0.5471
vn -0.3539 0.6992 0.6211
vn -0.2842 -0.3873 0.8771
vn -0.9562 -0.2288 -0.1825
vn 0.5592 -0.1652 0.8124
vn -0.0212 -0.4086 0.9125
vn 0.0338 -0.9280 -0.3709
vn 0.3626 0.3273 0.8726
vn 0.2927 -0.7049 0.6461
vn -0.2488 -0.3891 0.8870
vn 0.0593 0.6066 0.7928
vn -0.0734 0.4579 0.8860
vn 0.0011 0.9585 0.2851
vn 0.6560 -0.1819 -0.7325
vn 0.6340 -0.0263 0.7729
vn 0.0872 -0.2250 0.9705
vn -0.9988 0.0024 -0.0488
vn 0.0769 -0.6112 0.7877
vn 0.3216 0.0630 0.9448
vn 0.4443 -0.1902 0.8755
vn 0.4804 0.0648 -0.8747
vn -0.8053 -0.3401 0.4856
vn -0.7877 -0.5030 0.3556
vn -0.6019 0.7718 -0.2049
vn 0.6320 0.3741 0.6787
vn -0.6854 0.0462 -0.7267
vn 0.8953 0.4196 0.1497
vn -0.8613 0.5040 -0.0640
vn 0.5663 -0.6817 0.4632
vn -0.6761 0.6776 0.2894
vn 0.7983 -0.5921 0.1102
vn -0.2561 -0.0125 -0.9666
vn 0.3540 -0.6087 0.7101
vn -0.3062 -0.1033 0.9464
vn 0.8919 -0.2461 0.3794
vn -0.3944 -0.1093 0.9124
vn -0.9581 0.1449 0.2470
vn -0.4396 0.4749 -0.7624
vn -0.1693 0.9241 -0.3426
vn -0.2796 0.3555 -0.8919
vn 0.7326 0.0396 0.6795
vn -0.6930 -0.0204 0.7206
vn -0.8350 -0.4428 0.3267
vn -0.8348 -0.3052 0.4582
vn -0.2732 -0.0581 0.9602
vn 0.2614 0.1277 0.9567
vn -0.4984 0.0396 -0.8661
vn -0.7156 0.4504 0.5338
vn -0.8356 0.2623 -0.4828
vn 0.8921 0.4519 0.0039
vn 0.8986 -0.1543 -0.4107
vn 0.1533 0.9876 -0.0339
vn -0.0074 0.0023 -1.0000
vn 0.0967 0.6935 0.7139
vn 0.8656 0.4293 0.2577
vn 0.3681 0.5700 0.7346
vn -0.8466 -0.1658 -0.5057
vn 0.9206 0.0629 -0.3853
vn -0.7055 -0.6318 -0.3212
vn 0.6348 -0.2281 -0.7382
vn -0.9470 -0.2869 0.1446
vn -0.6238 0.2312 0.7466
vn -0.9076 0.0096 0.4197
vn -0.5361 -0.7935 -0.2879
vn -0.4545 0.2637 -0.8508
vn -0.8085 0.5585 -0.1857
vn -0.3720 -0.2503 0.8938
vn -0.3691 0.9030 -0.2198
vn -0.5180 -0.0276 0.8550
vn 0.5990 -0.7371 0.3130
vn -0.1631 0.3366 0.9274
vn 0.6008 0.6571 -0.4554
vn -0.7555 0.2890 0.5879
vn 0.0823 0.7707 0.6318
vn 0.0052 -0.2626 -0.9649
vn -0.4791 -0.0219 -0.8775
vn 0.4573 -0.5598 0.6910
vn -0.2012 -0.4740 0.8572
vn 0.3643 0.5767 0.7313
vn -0.0796 0.9065 0.4147
vn 0.4106 0.1283 -0.9027
vn 0.9308 -0.1277 0.3426
vn -0.2666 0.2391 -0.9337
vn -0.5141 -0.2127 -0.8309
vn 0.3397 0.2529 0.9059
vn 0.7387 0.3152 0.5958
vn -0.8412 0.4723 0.2633
vn -0.3097 -0.2739 0.9105
vn 0.8119 -0.2465 -0.5292
vn -0.5657 -0.8237 -0.0394
vn 0.3306 -0.6351 0.6981
vn 0.3517 -0.3109 -0.8829
vn 0.2494 -0.7551 0.6063
vn -0.7998 0.0167 -0.6000
vn -0.7033 -0.5362 0.4667
vn 0.6329 0.5702 0.5238
vn -0.5223 -0.0583 -0.8508
vn 0.3289 -0.0845 0.9406
vn -0.8292 -0.5464 0.1179
vn -0.2469 0.4440 0.8613
vn -0.1134 0.6203 0.7761
vn -0.4462 0.6624 0.6018
vn -0.4555 0.7870 -0.4161
vn -0.6276 0.7402 -0.2414
vn 0.4884 0.6239 -0.6101
vn 0.7689 0.4035 -0.4960
vn 0.8671 -0.3228 0.3793
vn -0.7759 0.6219 -0.1064
vn -0.9474 -0.2078 0.2435
vn 0.0100 -0.5469 0.8371
vn 0.6551 -0.6109 0.4447
vn -0.9954 0.0849 -0.0444
vn -0.6283 0.2110 0.7488
vn 0.6990 -0.4057 0.5890
vn -0.9019 0.1485 -0.4056
vn 0.5123 0.1072 -0.8521
vn -0.0259 0.3313 0.9432
vn 0.8560 -0.4613 -0.2335
vn -0.6296 -0.7259 -0.2769
vn -0.0189 -0.0935 -0.9954
vn -0.4796 0.6088 0.6319
vn -0.9356 0.1073 0.3363
vn 0.4101 -0.0288 -0.9116
vn 0.9870 -0.1339 -0.0888
vn 0.8462 -0.0984 0.5236
vn 0.6419 0.1402 0.7539
vn 0.8474 0.5223 -0.0955
vn -0.9928 -0.0886 0.0807
vn -0.9136 0.3405 -0.2223
vn 0.7659 0.1089 0.6337
vn 0.9200 -0.3533 0.1697
vn 0.7755 -0.6296 0.0478
vn 0.1682 -0.9516 -0.2573
vn -0.5182 -0.4489 0.7280
vn 0.3875 0.2492 0.8876
vn -0.5336 0.0454 0.8445
vn 0.9399 0.2156 0.2647
vn 0.1550 -0.4526 0.8781
vn -0.4067 -0.0276 -0.9131
vn -0.8178 -0.1410 0.5580
vn 0.7060 0.4689 -0.5307
vn 0.4940 0.4535 -0.7418
vn -0.0972 0.1702 -0.9806
vn 0.2542 0.9326 -0.2562
vn -0.9045 0.0426 -0.4244
vn 0.8887 0.0473 -0.4560
vn -0.0826 -0.9761 0.2013
vn -0.5798 0.5805 -0.5717
vn 0.2693 -0.8674 0.4184
vn -0.5302 0.8192 0.2188
vn -0.3157 0.2442 0.9169
vn -0.2414 0.9396 -0.2428
vn -0.0945 0.9681 -0.2323
vn -0.4473 0.6570 -0.6069
vn -0.4126 0.3445 -0.8432
vn 0.7197 -0.6829 0.1255
vn -0.9789 0.1378 -0.1506
vn -0.8130 0.5756 -0.0880
vn -0.2837 -0.0429 -0.9580
vn 0.8280 0.4737 0.2999
vn -0.8899 -0.1860 0.4166
vn 0.9660 -0.2535 0.0503
vn -0.4823 0.5240 0.7021
vn 0.8722 -0.2850 -0.3976
vn -0.6906 -0.0647 -0.7204
vn -0.6513 0.2340 0.7219
vn -0.1617 0.1008 -0.9817
vn -0.8875 0.3432 0.3074
vn 0.9434 -0.0886 0.3196
vn 0.9984 -0.0545 0.0147
vn -0.8542 -0.5129 -0.0851
vn 0.7175 0.0661 0.6935
vn 0.8186 0.5188 0.2465
vn 0.1997 -0.0619 0.9779
vn 0.6802 0.4499 0.5788
vn -0.6545 -0.5885 -0.4748
vn 0.2889 -0.5415 0.7895
vn -0.8271 0.2931 0.4795
vn 0.7080 -0.1541 0.6892
vn -0.0393 -0.4409 -0.8967
vn 0.3529 -0.0541 0.9341
vn 0.9327 0.0204 0.3602
vn -0.3681 -0.2647 -0.8913
vn 0.0931 0.9768 0.1931
vn 0.9136 0.1011 -0.3938
vn 0.2076 0.2005 0.9574
vn 0.7446 -0.2857 0.6033
vn -0.5270 0.2940 -0.7974
vn 0.2876 -0.3255 0.9008
vn 0.0525 0.7587 -0.6493
vn 0.0466 -0.2306 -0.9719
vn -0.2605 -0.6857 0.6797
vn 0.0357 0.1493 -0.9882
vn -0.7110 0.0682 0.6999
vn 0.5307 -0.1126 0.8401
vn -0.5123 -0.2787 -0.8123
vn -0.9287 0.1942 -0.3159
vn -0.2545 -0.6100 0.7504
vn -0.0552 -0.2633 0.9631
vn -0.8886 0.2162 0.4044
vn -0.0181 0.3782 -0.9256
vn 0.4981 -0.8616 -0.0980
vn -0.6656 -0.0816 -0.7418
vn -0.9362 0.0664 0.3452
vn 0.3904 0.5974 0.7005
vn 0.7263 -0.6608 -0.1895
vn 0.8898 0.2234 -0.3979
vn 0.3432 0.2501 -0.9054
vn 0.4780 0.1414 -0.8669
vn -0.1853 -0.4920 0.8506
vn -0.1203 -0.4016 0.9079
vn 0.1606 0.8329 -0.5296
vn 0.9217 0.3128 0.2293
vn 0.8996 0.2082 -0.3839
vn 0.4588 0.0085 -0.8885
vn 0.8955 0.1052 0.4324
vn 0.7291 -0.6836 -0.0321
vn 0.4685 0.8636 -0.1861
vn 0.3948 0.1148 -0.9116
vn 0.6582 -0.4640 -0.5929
vn 0.5481 -0.8238 0.1445
vn 0.6487 0.6428 -0.4075
vn 0.6424 -0.0038 -0.7663
vn -0.3417 -0.8042 -0.4862
vn -0.6263 0.4361 -0.6462
vn -0.3605 -0.3233 -0.8750
vn -0.0087 0.0891 -0.9960
vn -0.2306 -0.0575 0.9714
vn -0.8023 0.2144 0.5571
vn -0.5224 0.8352 -0.1720
vn -0.8528 -0.3496 0.3880
vn 0.5402 0.1858 -0.8208
vn 0.2031 0.8108 0.5490
vn -0.7969 0.1909 -0.5732
vn -0.8350 -0.4005 0.3773
vn -0.0116 -0.9688 0.2475
vn -0.0263 -0.3261 0.9450
vn -0.9567 -0.1791 0.2296
vn 0.1999 -0.2750 0.9404
vn 0.9053 -0.4126 -0.1006
vn -0.8036 -0.2000 0.5605
vn -0.2757 0.1949 -0.9413
vn -0.9008 -0.1784 -0.3958
vn -0.2928 -0.9554 -0.0400
vn 0.6605 0.1547 0.7347
vn -0.9112 -0.3913 -0.1291
vn 0.7504 -0.2483 0.6126
vn 0.9627 0.2682 -0.0367
vn -0.4410 0.5344 -0.7211
vn -0.8271 -0.5510 -0.1111
vn 0.5221 0.8140 0.2546
vn -0.2944 0.9338 -0.2035
vn -0.2445 0.3917 -0.8870
vn 0.1114 -0.9851 -0.1309
vn -0.7828 -0.4357 0.4442
vn 0.0967 -0.2233 0.9699
vn -0.6336 0.2298 -0.7387
vn -0.9318 0.0160 0.3625
vn -0.5938 0.7004 0.3961
vn 0.0496 0.1483 -0.9877
vn -0.8865 0.2129 0.4108
vn 0.3118 -0.3547 0.8815
vn 0.8380 0.0592 0.5424
vn 0.8744 -0.2443 0.4193
vn -0.7427 -0.3142 0.5913
vn 0.7981 -0.4012 0.4496
vn -0.7553 0.2011 -0.6237
vn 0.0944 -0.9935 -0.0641
vn -0.1709 -0.3514 0.9205
vn -0.5468 0.3645 0.7538
vn 0.2277 -0.0836 0.9701
vn 0.5345 -0.1590 -0.8301
vn 0.1573 -0.0219 -0.9873
vn 0.9389 0.1508 0.3095
vn -0.8555 0.2285 -0.4646
vn 0.9339 -0.0533 -0.3535
vn -0.7701 0.4614 0.4404
vn -0.3116 -0.9448 0.1018
vn -0.9771 0.0677 0.2018
vn 0.7524 0.1579 -0.6395
vn -0.5591 -0.6998 -0.4446
vn -0.8360 0.0285 0.5479
vn 0.2941 -0.5452 0.7850
vn -0.4255 -0.2496 0.8699
vn -0.5385 0.4175 0.7319
vn 0.9653 -0.2349 0.1144
vn 0.8957 0.0241 0.4440
vn 0.4606 -0.2564 0.8498
vn 0.9759 0.0787 -0.2036
vn -0.9914 -0.1045 0.0787
vn 0.4702 -0.3264 0.8200
vn -0.8766 0.0476 0.4789
vn 0.9748 0.2200 -0.0382
vn 0.2343 -0.8454 -0.4800
vn -0.5207 0.5831 -0.6236
vn -0.8017 -0.5842 0.1263
vn -0.7524 0.0849 -0.6532
vn 0.6061 -0.0735 0.7920
vn -0.8518 0.4271 -0.3034
vn -0.1656 0.2742 0.9473
vn -0.0835 0.2981 -0.9509
vn -0.0795 0.3127 -0.9465
vn 0.2592 -0.3526 0.8992
vn -0.7552 0.2341 -0.6123
vn -0.0506 -0.3781 -0.9244
vn 0.5950 -0.6831 -0.4234
vn 0.3173 -0.2257 -0.9211
vn 0.6518 -0.7395 -0.1686
vn -0.8049 -0.3893 0.4479
vn 0.4888 0.0785 0.8688
vn -0.5024 -0.2627 -0.8238
vn -0.0221 -0.9966 -0.0793
vn -0.8969 0.4272 -0.1141
vn -0.4114 0.4852 0.7716
vn -0.2063 0.9489 -0.2390
vn 0.4932 0.3870 -0.7791
vn -0.2533 0.4569 -0.8527
vn -0.8274 0.4919 0.2711
vn 0.8673 -0.0369 0.4965
vn -0.8624 0.1641 0.4788
vn 0.8484 -0.0980 0.5202
vn 0.3432 0.8578 0.3825
vn 0.2454 0.7139 0.6558
vn -0.9824 0.1679 0.0823
vn -0.6712 -0.4638 0.5782
vn 0.5400 -0.8392 -0.0649
vn -0.4480 0.1898 -0.8737
vn -0.6216 -0.2844 -0.7299
vn 0.8248 -0.5305 -0.1956
vn -0.9165 0.3157 -0.2456
vn 0.9266 0.0616 -0.3709
vn -0.2919 0.1161 -0.9494
vn 0.6018 -0.6626 0.4459
vn -0.3385 0.1772 -0.9241
vn -0.8291 -0.5200 -0.2052
vn -0.2919 0.2312 -0.9281
vn -0.8547 0.4342 0.2847
vn 0.8239 0.0846 0.5604
vn 0.6337 -0.4396 0.6365
vn 0.7431 0.6163 -0.2608
vn 0.9228 -0.1500 0.3550
vn -0.2733 0.7335 0.6223
vn 0.5424 0.1915 -0.8180
vn 0.9356 0.3296 0.1263
vn 0.0679 0.2781 0.9581
vn 0.1519 0.0613 0.9865
vn -0.4868 -0.2301 0.8427
vn -0.0236 0.1253 -0.9918
vn 0.0098 0.2686 0.9632
vn -0.2352 0.6284 -0.7414
vn -0.9903 0.1389 -0.0056
vn -0.1549 0.8122 0.5624
vn 0.3343 0.5728 -0.7484
vn -0.6535 -0.7249 0.2178
vn 0.6025 0.4135 0.6827
vn -0.9451 -0.2886 0.1529
vn 0.4732 0.3975 -0.7862
vn -0.9603 -0.1279 -0.2478
vn 0.1991 -0.2015 0.9590
vn 0.1863 0.9284 0.3216
vn 0.1038 0.9780 0.1811
vn 0.2693 -0.1303 0.9542
vn 0.2742 -0.3483 0.8964
vn -0.9561 0.1117 0.2709
vn -0.3882 -0.6673 -0.6356
vn -0.6660 -0.4361 0.6052
vn 0.5965 -0.0693 -0.7996
vn 0.8910 -0.1838 -0.4150
vn -0.9645 0.2288 0.1319
vn -0.5128 0.7455 0.4257
vn 0.7963 -0.4563 -0.3970
vn -0.1783 -0.5577 0.8107
vn -0.6379 -0.6966 -0.3284
vn 0.8232 -0.5651 -0.0538
vn 0.3346 -0.5818 0.7413
vn 0.1440 0.3024 0.9422
vn -0.3341 0.2152 -0.9176
vn -0.7928 -0.2211 -0.5680
vn -0.1264 0.9531 0.2749
vn 0.6182 -0.5063 0.6012
vn 0.7266 -0.5851 0.3601
vn -0.1161 -0.9832 -0.1407
vn -0.2711 -0.8613 0.4298
vn -0.8958 -0.3582 0.2631
vn 0.7627 0.5256 0.3769
vn 0.3608 -0.1104 -0.9261
vn -0.5102 0.8366 0.1993
vn 0.9599 -0.2427 -0.1406
vn -0.1306 0.0504 -0.9902
vn 0.6731 -0.4594 -0.5796
vn -0.2688 0.8583 0.4372
vn 0.4359 -0.8995 0.0293
vn -0.3469 0.1369 0.9278
vn -0.7395 -0.6260 0.2476
vn 0.1811 -0.9822 -0.0493
vn 0.9809 -0.0878 -0.1735
vn -0.0740 0.1328 -0.9884
vn -0.2533 -0.3429 -0.9046
vn 0.1737 -0.9836 -0.0481
vn 0.6499 0.7102 -0.2706
vn 0.3898 0.2799 -0.8773
vn -0.4726 -0.2506 -0.8449
vn 0.4233 0.0669 -0.9035
vn 0.7317 0.0162 0.6814
vn 0.3794 0.2598 -0.8880
vn 0.3472 0.0862 0.9338
vn -0.9136 -0.4060 -0.0220
vn 0.9287 -0.3552 0.1064
vn -0.8083 -0.3323 0.4861
vn -0.9756 -0.1343 0.1738
vn -0.6649 0.5102 0.5455
vn 0.1665 0.7953 0.5830
vn 0.3209 -0.9358 0.1457
vn 0.1174 -0.1529 -0.9812
vn 0.5322 -0.4946 0.6871
vn 0.1209 -0.9902 -0.0694
vn 0.1193 -0.7811 -0.6129
vn 0.9184 0.3433 -0.1967
vn 0.9872 0.0069 -0.1592
vn 0.9998 0.0146 -0.0153
vn 0.0074 -0.3534 -0.9354
vn -0.1696 0.8035 -0.5706
vn 0.4903 -0.1088 0.8647
vn 0.2037 -0.6100 0.7658
vn 0.3628 -0.1146 0.9248
vn -0.1896 0.0442 -0.9809
vn -0.9661 0.0156 -0.2578
vn 0.4157 0.4235 0.8049
vn 0.8293 0.1092 0.5481
vn 0.5129 0.2329 -0.8262
vn -0.6991 0.4350 -0.5674
vn -0.5113 0.6999 -0.4987
vn -0.4057 0.8441 0.3507
vn -0.2279 -0.9088 -0.3495
vn -0.3268 0.9288 -0.1747
vn 0.1492 -0.8304 -0.5369
vn -0.9245 -0.1251 -0.3601
vn 0.0751 -0.4047 0.9114
vn -0.8934 -0.0031 -0.4493
vn 0.0250 -0.9063 -0.4218
vn 0.2715 0.5567 0.7851
vn -0.2939 0.7479 0.5953
vn -0.4224 -0.2922 -0.8580
vn -0.9849 0.0991 -0.1423
vn -0.3192 -0.6130 -0.7227
vn -0.4623 -0.6318 0.6222
vn -0.8424 -0.2821 0.4591
vn -0.1778 -0.0756 -0.9812
vn -0.9945 -0.0287 0.1004
vn -0.8295 -0.4635 -0.3115
vn -0.0106 0.0688 0.9976
vn -0.9400 -0.1557 0.3036
vn 0.1441 -0.2257 0.9635
vn 0.3518 -0.8363 -0.4206
vn -0.4486 0.5519 -0.7030
vn -0.6109 -0.6085 0.5065
vn 0.8228 -0.5182 -0.2334
vn -0.2562 0.3482 -0.9017
vn -0.7045 -0.1411 0.6955
vn -0.9362 0.0903 -0.3396
vn 0.9271 0.1134 -0.3573
vn 0.7290 0.0349 -0.6836
vn 0.6062 -0.7293 -0.3172
vn -0.6148 0.1367 0.7767
vn 0.6695 0.7210 -0.1788
vn 0.2332 -0.5130 0.8261
vn 0.4996 0.8147 0.2942
vn -0.9328 0.2415 0.2675
vn -0.6846 0.6330 0.3614
vn -0.8591 0.2055 0.4687
vn 0.2926 0.4381 0.8500
vn -0.0224 0.9067 -0.4212
vn 0.5454 -0.7120 0.4422
vn 0.8652 0.3692 -0.3393
vn 0.5300 -0.1821 -0.8282
vn 0.9464 -0.2349 -0.2217
vn 0.0351 -0.7687 -0.6387
vn 0.6418 -0.5340 0.5504
vn -0.2697 -0.2457 -0.9311
vn 0.9979 0.0633 0.0148
vn 0.0598 0.1970 -0.9786
vn -0.5540 0.4620 -0.6925
vn 0.7105 -0.0739 0.6998
vn 0.9037 -0.1838 -0.3868
vn -0.6339 0.1315 -0.7621
vn -0.2974 0.9093 0.2911
vn 0.8128 -0.4757 0.3361
vn 0.6835 -0.6274 0.3732
vn 0.1024 -0.4861 -0.8679
vn 0.9839 -0.1169 -0.1354
vn 0.4965 0.5379 0.6813
vn -0.7887 -0.3188 0.5257
vn 0.8357 -0.1572 -0.5262
vn -0.4659 -0.7529 -0.4649
vn -0.2099 -0.9760 0.0582
vn -0.9298 -0.0878 -0.3574
vn -0.9895 0.0879 -0.1147
vn -0.8132 -0.1622 0.5589
vn 0.7752 -0.0489 -0.6298
vn 0.6800 -0.1584 -0.7159
vn 0.0237 -0.9973 0.0698
vn 0.4983 0.7412 0.4498
vn 0.8118 -0.4516 -0.3702
vn -0.7957 0.6055 -0.0139
vn 0.1816 0.7241 0.6654
vn 0.3293 -0.5397 0.7747
vn 0.3027 -0.8230 0.4806
vn 0.8333 -0.3015 -0.4633
vn 0.3729 -0.5011 0.7809
vn 0.9345 0.0157 -0.3556
vn -0.6758 0.4633 0.5733
vn -0.8496 -0.4655 0.2479
vn 0.0286 -0.1124 -0.9933
vn -0.8613 0.3267 -0.3892
vn -0.1293 -0.2305 0.9645
vn -0.9430 0.3301 0.0415
vn -0.2178 -0.6811 -0.6990
vn -0.5638 0.3942 0.7258
vn 0.0622 -0.2299 0.9712
vn 0.6059 0.7272 -0.3226
vn -0.4335 0.3235 -0.8411
vn 0.1772 -0.8425 0.5087
vn 0.2163 0.3069 -0.9268
vn 0.9694 -0.1922 -0.1528
vn -0.9411 0.2453 -0.2328
vn 0.3735 -0.6262 0.6844
vn 0.9062 -0.0268 0.4220
vn -0.9812 0.1855 -0.0538
vn -0.9271 0.1881 -0.3243
vn -0.7113 0.7024 -0.0248
vn 0.8388 0.1825 -0.5130
vn 0.9900 -0.1065 -0.0927
vn 0.9618 -0.2442 0.1239
vn 0.2841 0.2134 -0.9347
vn 0.4707 0.8801 0.0625
vn -0.0156 0.3041 0.9525
vn -0.5829 0.8102 0.0609
vn -0.6492 0.5636 -0.5108
vn -0.0437 -0.2662 0.9629
vn -0.0632 -0.4274 0.9019
vn -0.9453 -0.3254 -0.0220
vn -0.5210 0.0446 0.8524
vn 0.6795 -0.0467 0.7322
vn -0.3762 0.0411 0.9256
vn -0.3569 0.6420 -0.6786
vn -0.2797 -0.0430 0.9591
vn 0.3255 0.1708 0.9300
vn 0.6581 0.1382 -0.7401
vn -0.2307 -0.2582 0.9382
vn 0.0155 0.2529 -0.9674
vn 0.9391 0.3313 -0.0912
vn 0.3312 -0.3848 -0.8616
vn -0.4515 0.0358 -0.8916
vn -0.3566 0.1154 -0.9271
vn -0.5343 0.2779 -0.7983
vn 0.0652 -0.3421 0.9374
vn 0.6771 -0.0119 0.7358
vn 0.2898 0.9226 0.2544
vn -0.9972 -0.0737 0.0133
vn -0.8070 0.2896 -0.5146
vn -0.9666 -0.1485 0.2088
vn -0.5609 -0.3420 -0.7539
vn 0.9921 0.1128 -0.0545
vn 0.3309 0.6260 0.7061
vn -0.0412 -0.7188 -0.6940
vn -0.6470 -0.7537 -0.1149
vn -0.8743 -0.2123 -0.4366
vn 0.0345 -0.3535 0.9348
vn -0.3304 -0.2692 0.9046
vn -0.0053 0.9977 0.0681
vn -0.1406 -0.9877 0.0686
vn 0.9596 -0.1845 0.2127
vn -0.9867 0.1345 0.0915
vn -0.8436 -0.0786 0.5312
vn 0.7240 0.6586 0.2051
vn 0.6482 -0.5594 0.5166
vn -0.8099 0.0085 -0.5864
vn -0.6337 0.4131 0.6540
vn 0.5185 0.8524 0.0679
vn 0.3398 -0.8836 -0.3220
vn 0.4695 0.0749 0.8797
vn 0.7042 -0.0212 0.7097
vn 0.2436 0.2899 0.9255
vn -0.2816 0.3234 -0.9034
vn 0.6332 -0.3028 0.7123
vn 0.0223 0.8818 0.4710
vn -0.5196 0.0966 -0.8489
vn 0.8697 -0.3870 -0.3063
vn 0.3852 -0.1028 -0.9171
vn -0.7419 -0.0548 -0.6683
vn 0.4325 -0.0661 0.8992
vn -0.0931 -0.2179 -0.9715
vn 0.4311 -0.4044 0.8066
vn 0.6493 -0.0010 -0.7605
vn 0.5058 0.0470 -0.8614
vn -0.8755 -0.3070 -0.3733
vn -0.0779 -0.3129 -0.9466
vn 0.0419 0.0241 -0.9988
vn -0.2142 -0.3746 0.9021
vn 0.9125 -0.2613 0.3147
vn -0.7054 -0.4729 0.5280
vn -0.4841 -0.3871 -0.7848
vn -0.5290 -0.2255 -0.8181
vn 0.2029 -0.1963 0.9593
vn -0.4172 -0.6692 0.6149
vn 0.1410 -0.1300 0.9814
vn 0.2012 -0.4698 0.8596
vn 0.9665 0.1385 -0.2160
vn 0.1861 0.9802 0.0670
vn -0.6831 0.0828 -0.7256
vn -0.6366 -0.2275 -0.7369
vn 0.7667 -0.5003 -0.4022
vn 0.9327 0.3555 0.0602
vn 0.6736 0.7323 -0.1005
vn -0.9959 -0.0158 -0.0889
vn 0.2144 -0.3770 0.9010
vn -0.7764 0.1061 -0.6212
vn 0.1496 0.8022 0.5780
vn -0.4883 -0.7385 0.4649
vn -0.8822 0.4645 -0.0774
vn -0.2962 0.9036 0.3095
vn 0.4610 0.2848 -0.8404
vn -0.8930 0.1533 -0.4231
vn -0.5103 -0.5834 0.6319
vn -0.9473 0.2703 -0.1719
vn -0.0534 0.9592 0.2777
vn -0.9810 -0.1695 0.0946
vn 0.7555 -0.1140 0.6452
vn -0.9764 0.1095 -0.1863
vn 0.6071 -0.2240 0.7624
vn 0.8277 0.0165 0.5609
vn -0.6809 0.6653 -0.3061
vn -0.1862 -0.5334 0.8251
vn -0.5010 -0.6222 -0.6015
vn -0.9576 -0.0600 0.2816
vn 0.7568 0.2616 -0.5990
vn -0.0273 -0.3223 0.9462
vn -0.8699 0.4902 -0.0545
vn -0.5176 0.7455 0.4199
vn 0.8799 0.3956 0.2630
vn 0.9115 -0.2739 -0.3067
vn 0.6924 -0.1652 -0.7023
vn -0.6236 0.7817 -0.0089
vn -0.4690 -0.2447 -0.8486
vn -0.8970 -0.2888 -0.3347
vn 0.0692 -0.3807 0.9221
vn 0.0931 0.8743 0.4763
vn -0.6736 -0.7385 0.0301
vn 0.8925 -0.2551 -0.3719
vn -0.6979 0.2869 -0.6562
vn -0.6307 0.0792 0.7720
vn -0.7218 0.6524 -0.2309
vn 0.6753 -0.2203 0.7039
vn -0.7943 -0.2150 0.5682
vn 0.3084 0.3031 0.9017
vn -0.8240 0.5411 0.1678
vn 0.9838 0.1209 -0.1323
vn 0.1483 -0.0312 0.9884
vn 0.9793 0.2018 -0.0141
vn 0.3358 -0.0854 0.9381
vn -0.3956 -0.7298 0.5576
vn 0.9633 0.1769 -0.2019
vn 0.3419 0.9018 0.2644
vn 0.9404 -0.1023 0.3244
vn -0.6326 -0.4934 -0.5970
vn 0.9242 -0.3134 -0.2182
vn -0.2824 -0.9521 0.1174
vn 0.8353 0.5427 0.0879
vn 0.9878 0.0647 0.1420
vn -0.8519 -0.2116 0.4790
vn 0.5227 -0.6702 0.5269
vn 0.0149 -0.2594 -0.9657
vn 0.3435 0.1726 0.9232
vn 0.5596 -0.6468 -0.5182
vn 0.9840 0.1457 0.1025
vn -0.0964 -0.2975 0.9498
vn 0.7942 0.1172 0.5963
vn 0.7667 0.1716 0.6186
vn -0.6476 0.6648 -0.3723
vn 0.5345 0.6929 0.4840
vn -0.0839 -0.2132 0.9734
vn -0.7945 -0.4586 -0.3981
vn 0.2381 -0.1071 0.9653
vn 0.7257 0.3979 -0.5612
vn -0.9566 -0.2793 0.0831
vn 0.9380 0.3114 -0.1519
vn 0.8905 0.3236 -0.3199
vn -0.4382 -0.0940 -0.8940
vn -0.4551 0.2858 0.8434
vn 0.5413 0.5296 0.6531
vn 0.9263 -0.1851 0.3281
vn 0.8299 0.5227 -0.1949
vn 0.0013 -0.4618 -0.8870
vn -0.0109 -0.1826 -0.9831
vn -0.7709 0.5796 0.2643
vn -0.3866 -0.7252 -0.5698
vn 0.6338 -0.0902 0.7682
vn -0.3307 0.7692 -0.5467
vn -0.0955 -0.0938 -0.9910
vn 0.7889 0.5329 -0.3061
vn -0.9577 0.2368 -0.1637
vn 0.9744 -0.2242 -0.0153
vn -0.5915 0.7846 -0.1859
vn -0.8066 0.1914 -0.5592
vn 0.4705 -0.8020 0.3680
vn 0.0556 -0.0796 0.9953
vn -0.1101 0.4127 0.9042
vn -0.0387 0.7791 0.6256
vn -0.0407 -0.0606 0.9973
vn -0.7177 -0.0065 -0.6964
vn 0.9313 -0.3495 0.1022
vn 0.0645 0.0087 0.9979
vn -0.9724 -0.0339 0.2308
vn 0.0219 -0.0653 0.9976
vn 0.1657 0.6495 0.7421
vn 0.1020 0.9759 0.1929
vn 0.8372 -0.5327 0.1237
vn -0.7853 0.1847 -0.5909
vn -0.2536 0.9562 -0.1462
vn -0.7319 -0.0243 -0.6810
vn 0.3254 -0.4518 0.8306
vn 0.1528 -0.1128 -0.9818
vn -0.3218 0.1132 0.9400
vn -0.9810 -0.0316 0.1912
vn 0.8458 0.1783 -0.5029
vn -0.9071 0.3842 0.1720
vn -0.9062 0.3436 -0.2465
vn 0.7966 -0.0406 0.6031
vn 0.3319 -0.6362 0.6965
vn 0.1195 0.6467 0.7533
vn -0.3361 -0.0037 -0.9418
vn 0.5022 -0.4565 0.7344
vn 0.1491 -0.6667 -0.7302
vn -0.6861 0.6532 -0.3204
vn 0.1502 -0.5086 0.8478
vn 0.8625 0.1943 -0.4672
vn -0.8197 0.5546 0.1436
vn -0.9265 -0.1914 -0.3239
vn 0.4553 -0.0048 -0.8903
vn 0.9371 0.2553 0.2379
vn 0.3692 -0.3863 0.8453
vn -0.4556 0.7803 0.4283
vn -0.9835 -0.0810 0.1615
vn -0.0753 -0.2534 -0.9644
vn -0.8966 0.0601 -0.4388
vn -0.7513 0.6248 -0.2125
vn -0.9437 -0.1739 0.2816
vn 0.1249 0.3410 0.9317
vn -0.8253 0.0262 -0.5640
vn -0.7971 0.5008 0.3373
vn -0.2382 0.9273 -0.2886
vn -0.0122 -0.7654 0.6435
vn -0.8587 -0.1450 -0.4916
vn -0.9464 -0.2885 -0.1456
vn -0.3660 -0.1358 -0.9207
vn 0.3382 0.9236 0.1807
vn 0.6339 -0.1552 0.7577
vn 0.2208 0.6997 -0.6795
vn -0.7830 0.3835 0.4898
vn 0.9691 0.2462 0.0114
vn -0.8815 0.4689 -0.0552
vn -0.4463 0.2276 -0.8654
vn 0.4090 -0.3893 0.8253
vn 0.3525 0.7094 -0.6104
vn 0.5570 -0.5630 -0.6106
vn 0.3121 -0.5667 0.7625
vn 0.4787 -0.4810 0.7345
vn 0.7220 -0.4736 0.5045
vn 0.2860 -0.2598 0.9223
vn -0.8970 -0.3127 -0.3125
vn 0.4625 0.5370 0.7055
vn -0.9387 -0.3216 -0.1243
vn -0.9361 -0.2969 0.1887
vn 0.5607 0.7664 0.3135
vn -0.4104 0.7468 0.5233
vn 0.3101 -0.9489 -0.0591
vn 0.2156 -0.3580 -0.9085
vn 0.8871 0.3661 -0.2812
vn 0.2930 -0.5792 0.7607
vn -0.9167 -0.1922 0.3502
vn -0.9083 -0.0874 -0.4090
vn -0.7435 -0.3596 -0.5639
vn -0.2609 -0.0865 -0.9615
vn -0.4402 -0.8837 0.1589
vn -0.5953 0.2953 -0.7472
vn -0.2440 0.3915 -0.8872
vn 0.3383 -0.2341 0.9115
vn 0.6661 -0.1717 0.7259
vn 0.0688 0.2409 -0.9681
vn -0.1834 -0.1990 0.9627
vn 0.3393 0.1839 -0.9225
vn -0.8544 0.1250 -0.5044
vn -0.0374 0.1665 -0.9853
vn 0.7744 0.6235 -0.1078
vn -0.8435 0.0289 -0.5364
vn 0.8006 0.5924 -0.0900
vn -0.8812 0.3838 0.2761
vn 0.5528 0.7775 -0.2998
vn -0.4012 0.8644 0.3030
s 1
f 36//1 541//1 400//1
f 340//2 256//2 221//2
f 251//3 180//3 371//3
f 548//4 252//4 330//4
f 251//5 701//5 325//5
f 255//6 257//6 77//6
f 624//7 270//7 269//7
f 184//8 601//8 484//8
f 552//9 10//9 265//9
f 597//10 616//10 619//10
f 234//11 645//11 18//11
f 107//12 245//12 372//12
f 678//13 382//13 285//13
f 468//14 309//14 283//14
f 375//15 96//15 90//15
f 630//16 381//16 596//16
f 288//17 279//17 731//17
f 421//18 14//18 770//18
f 195//19 749//19 196//19
f 713//20 123//20 116//20
f 184//21 484//21 412//21
f 117//22 125//22 301//22
f 760//23 561//23 434//23
f 93//24 350//24 217//24
f 141//25 162//25 451//25
f 701//26 416//26 45//26
f 667//27 58//27 590//27
f 476//28 535//28 323//28
f 544//29 355//29 486//29
f 468//30 143//30 309//30
f 94//31 299//31 197//31
f 420//32 108//32 492//32
f 429//33 632//33 714//33
f 714//34 632//34 40//34
f 22//35 406//35 23//35
f 642//36 410//36 411//36
f 750//37 642//37 411//37
f 309//38 58//38 400//38
f 134//39 9//39 190//39
f 515//40 661//40 529//40
f 303//41 517//41 162//41
f 522//42 97//42 757//42
f 226//43 183//43 398//43
f 557//44 322//44 528//44
f 52//45 293//45 674//45
f 144//46 463//46 146//46
f 299//47 80//47 491//47
f 80//48 338//48 491//48
f 472//49 433//49 527//49
f 536//50 327//50 329//50
f 44//51 607//51 332//51
f 477//52 353//52 540//52
f 89//53 681//53 381//53
f 753//54 348//54 320//54
f 118//55 624//55 542//55
f 471//56 741//56 543//56
f 96//57 375//57 730//57
f 106//58 741//58 471//58
f 39//59 595//59 365//59
f 452//60 547//60 62//60
f 406//61 551//61 461//61
f 544//62 318//62 729//62
f 392//63 561//63 211//63
f 119//64 635//64 307//64
f 120//65 749//65 128//65
f 25//66 775//66 424//66
f 126//67 587//67 382//67
f 591//68 381//68 268//68
f 18//69 487//69 234//69
f 683//70 765//70 462//70
f 212//71 4//71 213//71
f 286//72 613//72 212//72
f 216//73 186//73 708//73
f 208//74 209//74 343//74
f 330//75 252//75 697//75
f 268//76 692//76 744//76
f 489//77 517//77 483//77
f 156//78 27//78 237//78
f 46//79 510//79 218//79
f 426//80 428//80 446//80
f 477//81 313//81 341//81
f 646//82 769//82 475//82
f 149//83 769//83 646//83
f 681//84 538//84 268//84
f 206//85 49//85 539//85
f 666//86 665//86 132//86
f 668//87 72//87 161//87
f 166//88 413//88 159//88
f 395//89 770//89 671//89
f 317//90 12//90 163//90
f 246//91 589//91 625//91
f 656//92 308//92 356//92
f 430//93 672//93 627//93
f 672//94 430//94 266//94
f 395//95 671//95 267//95
f 69//96 678//96 525//96
f 352//97 530//97 287//97
f 28//98 420//98 685//98
f 519//99 679//99 696//99
f 588//100 680//100 589//100
f 247//101 521//101 711//101
f 569//102 258//102 374//102
f 530//103 249//103 387//103
f 302//104 228//104 335//104
f 610//105 619//105 616//105
f 399//106 235//106 695//106
f 506//107 515//107 529//107
f 350//108 581//108 774//108
f 289//109 657//109 482//109
f 495//110 195//110 673//110
f 590//111 148//111 691//111
f 691//112 148//112 418//112
f 672//113 732//113 146//113
f 88//114 702//114 239//114
f 614//115 142//115 134//115
f 512//116 395//116 704//116
f 553//117 326//117 645//117
f 211//118 707//118 392//118
f 326//119 38//119 603//119
f 611//120 181//120 3//120
f 460//121 443//121 416//121
f 723//122 224//122 450//122
f 723//123 752//123 224//123
f 425//124 230//124 228//124
f 656//125 147//125 308//125
f 526//126 704//126 612//126
f 328//127 560//127 459//127
f 9//128 588//128 190//128
f 58//129 667//129 385//129
f 581//130 450//130 442//130
f 65//131 367//131 41//131
f 257//132 618//132 77//132
f 405//133 337//133 712//133
f 539//134 49//134 745//134
f 245//135 717//135 372//135
f 348//136 88//136 568//136
f 434//137 370//137 240//137
f 695//138 271//138 196//138
f 517//139 667//139 590//139
f 328//140 354//140 560//140
f 224//141 752//141 130//141
f 783//142 627//142 723//142
f 333//143 462//143 771//143
f 704//144 266//144 612//144
f 50//145 186//145 216//145
f 354//146 536//146 560//146
f 134//147 246//147 315//147
f 607//148 571//148 332//148
f 631//149 645//149 87//149
f 307//150 369//150 166//150
f 765//151 294//151 651//151
f 645//152 234//152 87//152
f 627//153 612//153 430//153
f 332//154 403//154 99//154
f 27//155 296//155 237//155
f 223//156 441//156 586//156
f 447//157 403//157 332//157
f 237//158 296//158 388//158
f 247//159 722//159 521//159
f 592//160 244//160 52//160
f 394//161 87//161 234//161
f 121//162 118//162 782//162
f 136//163 22//163 23//163
f 731//164 279//164 364//164
f 12//165 448//165 608//165
f 529//166 499//166 19//166
f 767//167 67//167 519//167
f 413//168 369//168 738//168
f 12//169 608//169 163//169
f 357//170 198//170 551//170
f 1//171 551//171 198//171
f 107//172 29//172 245//172
f 467//173 680//173 315//173
f 725//174 698//174 108//174
f 92//175 562//175 703//175
f 536//176 271//176 158//176
f 462//177 765//177 63//177
f 685//178 316//178 594//178
f 411//179 410//179 742//179
f 30//180 747//180 735//180
f 733//181 708//181 114//181
f 749//182 195//182 128//182
f 470//183 582//183 42//183
f 415//184 654//184 407//184
f 40//185 632//185 667//185
f 139//186 598//186 670//186
f 153//187 743//187 95//187
f 12//188 317//188 263//188
f 247//189 494//189 157//189
f 121//190 782//190 679//190
f 111//191 162//191 141//191
f 607//192 29//192 571//192
f 459//193 118//193 121//193
f 149//194 311//194 757//194
f 646//195 311//195 149//195
f 416//196 637//196 167//196
f 469//197 460//197 416//197
f 437//198 599//198 657//198
f 747//199 298//199 167//199
f 161//200 1//200 705//200
f 485//201 145//201 257//201
f 651//202 288//202 83//202
f 221//203 500//203 259//203
f 227//204 565//204 633//204
f 286//205 213//205 264//205
f 495//206 673//206 258//206
f 26//207 592//207 611//207
f 223//208 477//208 441//208
f 320//209 348//209 568//209
f 239//210 567//210 17//210
f 535//211 39//211 534//211
f 504//212 460//212 469//212
f 727//213 231//213 545//213
f 586//214 305//214 20//214
f 267//215 615//215 151//215
f 581//216 726//216 450//216
f 662//217 55//217 681//217
f 231//218 155//218 616//218
f 196//219 191//219 195//219
f 600//220 527//220 736//220
f 264//221 396//221 559//221
f 91//222 77//222 457//222
f 232//223 20//223 305//223
f 255//224 77//224 91//224
f 425//225 748//225 295//225
f 599//226 482//226 657//226
f 251//227 371//227 393//227
f 448//228 132//228 131//228
f 674//229 677//229 686//229
f 78//230 523//230 253//230
f 537//231 342//231 522//231
f 303//232 40//232 667//232
f 154//233 150//233 645//233
f 220//234 670//234 501//234
f 73//235 556//235 279//235
f 11//236 73//236 288//236
f 125//237 569//237 31//237
f 670//238 606//238 654//238
f 316//239 464//239 563//239
f 503//240 186//240 66//240
f 639//241 518//241 222//241
f 563//242 464//242 465//242
f 768//243 194//243 125//243
f 638//244 633//244 621//244
f 185//245 508//245 509//245
f 263//246 317//246 23//246
f 512//247 704//247 526//247
f 562//248 347//248 175//248
f 487//249 518//249 387//249
f 537//250 250//250 322//250
f 104//251 516//251 7//251
f 280//252 233//252 11//252
f 366//253 736//253 137//253
f 31//254 374//254 640//254
f 32//255 429//255 714//255
f 480//256 254//256 21//256
f 262//257 582//257 663//257
f 139//258 670//258 220//258
f 156//259 13//259 713//259
f 131//260 85//260 170//260
f 465//261 764//261 75//261
f 623//262 527//262 600//262
f 685//263 402//263 316//263
f 757//264 311//264 250//264
f 546//265 694//265 160//265
f 244//266 331//266 284//266
f 316//267 514//267 401//267
f 429//268 705//268 632//268
f 694//269 438//269 160//269
f 649//270 739//270 634//270
f 182//271 512//271 526//271
f 175//272 407//272 46//272
f 369//273 292//273 738//273
f 388//274 238//274 237//274
f 484//275 65//275 61//275
f 237//276 238//276 76//276
f 153//277 388//277 296//277
f 308//278 574//278 710//278
f 720//279 98//279 180//279
f 409//280 444//280 519//280
f 503//281 274//281 186//281
f 190//282 246//282 134//282
f 503//283 205//283 274//283
f 723//284 386//284 752//284
f 92//285 703//285 127//285
f 596//286 604//286 339//286
f 415//287 407//287 363//287
f 6//288 242//288 425//288
f 406//289 461//289 629//289
f 276//290 159//290 183//290
f 559//291 575//291 164//291
f 385//292 36//292 400//292
f 385//293 400//293 58//293
f 717//294 245//294 572//294
f 670//295 169//295 501//295
f 454//296 112//296 110//296
f 270//297 652//297 404//297
f 183//298 159//298 237//298
f 726//299 38//299 222//299
f 116//300 445//300 27//300
f 445//301 296//301 27//301
f 341//302 287//302 487//302
f 534//303 301//303 764//303
f 557//304 54//304 342//304
f 664//305 756//305 115//305
f 349//306 43//306 93//306
f 38//307 553//307 312//307
f 253//308 312//308 553//308
f 384//309 672//309 463//309
f 545//310 300//310 90//310
f 327//311 354//311 121//311
f 695//312 749//312 120//312
f 152//313 462//313 63//313
f 201//314 124//314 418//314
f 212//315 74//315 4//315
f 767//316 444//316 277//316
f 201//317 418//317 129//317
f 340//318 260//318 478//318
f 444//319 498//319 277//319
f 682//320 634//320 138//320
f 138//321 634//321 292//321
f 23//322 709//322 263//322
f 602//323 26//323 283//323
f 261//324 251//324 455//324
f 417//325 135//325 214//325
f 744//326 243//326 265//326
f 482//327 59//327 613//327
f 475//328 733//328 664//328
f 386//329 463//329 144//329
f 16//330 100//330 437//330
f 68//331 188//331 679//331
f 35//332 780//332 647//332
f 271//333 235//333 158//333
f 568//334 88//334 239//334
f 408//335 779//335 247//335
f 231//336 359//336 155//336
f 603//337 38//337 726//337
f 72//338 6//338 161//338
f 569//339 374//339 31//339
f 163//340 437//340 657//340
f 522//341 50//341 216//341
f 767//342 519//342 444//342
f 479//343 473//343 488//343
f 172//344 484//344 601//344
f 679//345 740//345 696//345
f 726//346 346//346 450//346
f 456//347 777//347 32//347
f 346//348 723//348 450//348
f 174//349 597//349 452//349
f 718//350 761//350 236//350
f 188//351 277//351 121//351
f 472//352 431//352 433//352
f 618//353 549//353 171//353
f 240//354 392//354 30//354
f 414//355 762//355 653//355
f 664//356 324//356 428//356
f 69//357 382//357 678//357
f 252//358 710//358 697//358
f 246//359 467//359 315//359
f 334//360 533//360 33//360
f 1//361 6//361 461//361
f 760//362 199//362 297//362
f 297//363 193//363 760//363
f 304//364 531//364 744//364
f 388//365 84//365 238//365
f 377//366 422//366 541//366
f 35//367 719//367 780//367
f 667//368 632//368 385//368
f 99//369 541//369 422//369
f 631//370 87//370 474//370
f 342//371 50//371 522//371
f 182//372 284//372 177//372
f 759//373 584//373 199//373
f 599//374 100//374 101//374
f 297//375 199//375 306//375
f 25//376 48//376 358//376
f 297//377 306//377 193//377
f 25//378 358//378 775//378
f 511//379 191//379 414//379
f 210//380 494//380 745//380
f 260//381 34//381 227//381
f 699//382 484//382 61//382
f 421//383 699//383 14//383
f 359//384 662//384 753//384
f 72//385 242//385 6//385
f 174//386 452//386 730//386
f 676//387 674//387 686//387
f 713//388 33//388 123//388
f 561//389 193//389 211//389
f 528//390 322//390 396//390
f 688//391 290//391 546//391
f 71//392 78//392 287//392
f 34//393 774//393 227//393
f 322//394 189//394 575//394
f 532//395 715//395 164//395
f 584//396 520//396 119//396
f 454//397 45//397 112//397
f 399//398 5//398 235//398
f 352//399 487//399 530//399
f 574//400 7//400 773//400
f 490//401 109//401 325//401
f 690//402 686//402 612//402
f 690//403 105//403 686//403
f 693//404 654//404 606//404
f 160//405 668//405 777//405
f 286//406 212//406 213//406
f 630//407 89//407 381//407
f 474//408 87//408 200//408
f 238//409 398//409 76//409
f 783//410 105//410 690//410
f 133//411 724//411 403//411
f 133//412 206//412 724//412
f 310//413 368//413 698//413
f 698//414 314//414 15//414
f 210//415 715//415 282//415
f 668//416 429//416 32//416
f 466//417 432//417 453//417
f 573//418 751//418 466//418
f 80//419 465//419 431//419
f 275//420 80//420 431//420
f 500//421 69//421 525//421
f 390//422 120//422 128//422
f 14//423 61//423 755//423
f 518//424 346//424 726//424
f 110//425 644//425 497//425
f 115//426 109//426 490//426
f 273//427 115//427 490//427
f 650//428 347//428 562//428
f 5//429 178//429 235//429
f 416//430 443//430 637//430
f 428//431 435//431 558//431
f 698//432 205//432 314//432
f 754//433 558//433 435//433
f 230//434 424//434 37//434
f 537//435 757//435 250//435
f 467//436 589//436 680//436
f 261//437 455//437 766//437
f 224//438 185//438 405//438
f 171//439 549//439 758//439
f 224//440 405//440 98//440
f 211//441 383//441 707//441
f 211//442 343//442 383//442
f 52//443 182//443 293//443
f 272//444 53//444 41//444
f 687//445 674//445 526//445
f 301//446 31//446 764//446
f 332//447 571//447 447//447
f 139//448 146//448 598//448
f 14//449 755//449 615//449
f 61//450 615//450 755//450
f 640//451 374//451 432//451
f 515//452 468//452 283//452
f 346//453 781//453 742//453
f 321//454 46//454 218//454
f 322//455 113//455 189//455
f 604//456 203//456 339//456
f 339//457 203//457 702//457
f 656//458 317//458 163//458
f 356//459 317//459 656//459
f 229//460 524//460 276//460
f 498//461 444//461 329//461
f 505//462 509//462 558//462
f 18//463 603//463 51//463
f 280//464 294//464 683//464
f 413//465 738//465 13//465
f 367//466 272//466 41//466
f 213//467 396//467 264//467
f 579//468 592//468 676//468
f 60//469 54//469 4//469
f 19//470 200//470 135//470
f 60//471 86//471 54//471
f 321//472 218//472 173//472
f 420//473 492//473 402//473
f 700//474 208//474 306//474
f 152//475 331//475 771//475
f 391//476 722//476 157//476
f 21//477 714//477 168//477
f 538//478 692//478 268//478
f 183//479 237//479 76//479
f 44//480 496//480 607//480
f 303//481 680//481 588//481
f 97//482 769//482 149//482
f 175//483 363//483 407//483
f 173//484 732//484 172//484
f 407//485 654//485 46//485
f 174//486 730//486 375//486
f 537//487 322//487 557//487
f 207//488 457//488 504//488
f 440//489 127//489 601//489
f 159//490 413//490 156//490
f 184//491 281//491 601//491
f 285//492 725//492 678//492
f 196//493 404//493 191//493
f 404//494 728//494 191//494
f 434//495 240//495 644//495
f 314//496 488//496 473//496
f 228//497 230//497 647//497
f 389//498 456//498 254//498
f 370//499 434//499 561//499
f 15//500 314//500 473//500
f 200//501 639//501 439//501
f 248//502 10//502 761//502
f 207//503 91//503 457//503
f 460//504 171//504 758//504
f 374//505 258//505 432//505
f 400//506 247//506 711//506
f 167//507 298//507 584//507
f 669//508 123//508 33//508
f 380//509 379//509 172//509
f 759//510 167//510 584//510
f 746//511 552//511 265//511
f 541//512 408//512 400//512
f 746//513 179//513 552//513
f 578//514 613//514 286//514
f 599//515 102//515 482//515
f 481//516 315//516 566//516
f 508//517 556//517 509//517
f 556//518 508//518 279//518
f 154//519 78//519 253//519
f 661//520 140//520 499//520
f 661//521 499//521 529//521
f 556//522 648//522 509//522
f 353//523 154//523 232//523
f 106//524 471//524 42//524
f 700//525 307//525 524//525
f 179//526 729//526 2//526
f 705//527 81//527 36//527
f 105//528 358//528 676//528
f 307//529 166//529 524//529
f 665//530 7//530 516//530
f 773//531 7//531 665//531
f 96//532 545//532 90//532
f 8//533 178//533 5//533
f 329//534 444//534 409//534
f 59//535 60//535 74//535
f 486//536 179//536 746//536
f 60//537 4//537 74//537
f 558//538 204//538 505//538
f 547//539 597//539 619//539
f 88//540 630//540 702//540
f 734//541 630//541 88//541
f 114//542 368//542 310//542
f 191//543 453//543 673//543
f 253//544 150//544 154//544
f 649//545 634//545 343//545
f 209//546 649//546 343//546
f 185//547 219//547 501//547
f 396//548 322//548 575//548
f 253//549 553//549 150//549
f 308//550 7//550 574//550
f 552//551 2//551 111//551
f 235//552 653//552 158//552
f 115//553 273//553 721//553
f 47//554 555//554 554//554
f 242//555 124//555 748//555
f 554//556 555//556 641//556
f 84//557 153//557 95//557
f 402//558 492//558 514//558
f 426//559 446//559 648//559
f 254//560 480//560 203//560
f 524//561 166//561 276//561
f 620//562 666//562 709//562
f 256//563 478//563 587//563
f 588//564 589//564 190//564
f 245//565 719//565 349//565
f 631//566 181//566 423//566
f 631//567 423//567 232//567
f 528//568 396//568 213//568
f 547//569 619//569 481//569
f 621//570 733//570 285//570
f 343//571 634//571 682//571
f 725//572 310//572 698//572
f 303//573 667//573 517//573
f 703//574 321//574 379//574
f 735//575 758//575 549//575
f 562//576 321//576 703//576
f 638//577 621//577 382//577
f 16//578 170//578 100//578
f 610//579 187//579 619//579
f 765//580 83//580 64//580
f 146//581 693//581 598//581
f 267//582 671//582 615//582
f 367//583 732//583 672//583
f 634//584 334//584 292//584
f 628//585 350//585 34//585
f 361//586 357//586 551//586
f 184//587 412//587 699//587
f 322//588 250//588 113//588
f 102//589 86//589 576//589
f 416//590 167//590 493//590
f 771//591 331//591 391//591
f 275//592 431//592 492//592
f 492//593 431//593 472//593
f 123//594 122//594 660//594
f 94//595 685//595 594//595
f 427//596 419//596 675//596
f 512//597 184//597 421//597
f 591//598 626//598 643//598
f 197//599 479//599 488//599
f 582//600 91//600 393//600
f 692//601 96//601 730//601
f 504//602 457//602 460//602
f 756//603 455//603 109//603
f 756//604 109//604 115//604
f 651//605 83//605 765//605
f 483//606 517//606 590//606
f 470//607 471//607 485//607
f 654//608 510//608 46//608
f 740//609 118//609 542//609
f 471//610 543//610 485//610
f 425//611 295//611 230//611
f 560//612 158//612 459//612
f 594//613 563//613 57//613
f 563//614 465//614 80//614
f 507//615 628//615 34//615
f 439//616 639//616 312//616
f 575//617 532//617 103//617
f 763//618 439//618 312//618
f 292//619 334//619 13//619
f 390//620 659//620 495//620
f 582//621 278//621 42//621
f 456//622 21//622 254//622
f 121//623 679//623 188//623
f 456//624 32//624 21//624
f 208//625 229//625 209//625
f 272//626 267//626 53//626
f 30//627 392//627 747//627
f 766//628 756//628 664//628
f 527//629 640//629 736//629
f 476//630 464//630 401//630
f 295//631 223//631 585//631
f 383//632 520//632 707//632
f 340//633 478//633 256//633
f 623//634 600//634 595//634
f 230//635 585//635 424//635
f 557//636 342//636 537//636
f 196//637 580//637 658//637
f 73//638 648//638 556//638
f 697//639 684//639 99//639
f 170//640 85//640 717//640
f 426//641 664//641 428//641
f 684//642 44//642 99//642
f 426//643 648//643 73//643
f 318//644 544//644 62//644
f 28//645 202//645 706//645
f 503//646 82//646 56//646
f 623//647 472//647 527//647
f 525//648 678//648 706//648
f 123//649 669//649 398//649
f 245//650 780//650 719//650
f 87//651 394//651 449//651
f 361//652 351//652 548//652
f 309//653 711//653 283//653
f 227//654 774//654 564//654
f 720//655 564//655 774//655
f 632//656 705//656 385//656
f 302//657 335//657 776//657
f 772//658 548//658 422//658
f 335//659 458//659 776//659
f 403//660 724//660 99//660
f 35//661 37//661 719//661
f 466//662 453//662 8//662
f 640//663 432//663 466//663
f 432//664 258//664 673//664
f 609//665 365//665 366//665
f 264//666 210//666 206//666
f 221//667 69//667 500//667
f 221//668 256//668 126//668
f 478//669 633//669 638//669
f 502//670 655//670 533//670
f 605//671 269//671 658//671
f 83//672 364//672 64//672
f 197//673 225//673 94//673
f 214//674 135//674 763//674
f 225//675 202//675 94//675
f 245//676 29//676 780//676
f 366//677 137//677 751//677
f 768//678 366//678 751//678
f 618//679 550//679 549//679
f 4//680 557//680 528//680
f 427//681 675//681 92//681
f 274//682 205//682 368//682
f 387//683 394//683 234//683
f 326//684 603//684 18//684
f 353//685 232//685 540//685
f 162//686 489//686 451//686
f 421//687 770//687 395//687
f 399//688 390//688 5//688
f 637//689 758//689 735//689
f 181//690 397//690 423//690
f 669//691 655//691 226//691
f 732//692 510//692 693//692
f 782//693 118//693 740//693
f 533//694 655//694 669//694
f 95//695 660//695 122//695
f 283//696 26//696 3//696
f 282//697 715//697 617//697
f 639//698 449//698 518//698
f 477//699 540//699 305//699
f 153//700 296//700 743//700
f 540//701 232//701 305//701
f 125//702 194//702 569//702
f 379//703 173//703 172//703
f 114//704 274//704 368//704
f 370//705 392//705 240//705
f 334//706 33//706 13//706
f 108//707 275//707 492//707
f 200//708 439//708 135//708
f 163//709 608//709 437//709
f 642//710 362//710 344//710
f 86//711 340//711 221//711
f 26//712 244//712 592//712
f 86//713 221//713 259//713
f 287//714 530//714 387//714
f 327//715 498//715 329//715
f 29//716 607//716 780//716
f 350//717 93//717 581//717
f 233//718 664//718 426//718
f 732//719 218//719 510//719
f 141//720 451//720 242//720
f 277//721 498//721 327//721
f 714//722 40//722 168//722
f 37//723 424//723 577//723
f 21//724 168//724 567//724
f 652//725 270//725 624//725
f 175//726 415//726 363//726
f 271//727 378//727 196//727
f 710//728 574//728 773//728
f 415//729 175//729 347//729
f 389//730 777//730 456//730
f 493//731 167//731 759//731
f 155//732 753//732 320//732
f 697//733 710//733 773//733
f 154//734 645//734 232//734
f 480//735 21//735 567//735
f 239//736 480//736 567//736
f 771//737 462//737 152//737
f 390//738 128//738 659//738
f 420//739 402//739 685//739
f 250//740 311//740 189//740
f 629//741 620//741 709//741
f 153//742 84//742 388//742
f 575//743 333//743 532//743
f 134//744 142//744 9//744
f 583//745 229//745 276//745
f 216//746 708//746 97//746
f 479//747 299//747 473//747
f 720//748 180//748 261//748
f 436//749 226//749 502//749
f 728//750 652//750 624//750
f 210//751 282//751 494//751
f 716//752 717//752 572//752
f 448//753 170//753 16//753
f 107//754 372//754 286//754
f 215//755 754//755 570//755
f 361//756 772//756 357//756
f 631//757 232//757 645//757
f 676//758 592//758 52//758
f 452//759 597//759 547//759
f 651//760 294//760 280//760
f 717//761 578//761 286//761
f 585//762 586//762 48//762
f 513//763 720//763 766//763
f 382//764 587//764 638//764
f 611//765 592//765 579//765
f 527//766 433//766 640//766
f 616//767 320//767 610//767
f 320//768 614//768 610//768
f 371//769 337//769 663//769
f 273//770 278//770 622//770
f 406//771 629//771 23//771
f 278//772 273//772 42//772
f 106//773 42//773 273//773
f 629//774 302//774 620//774
f 23//775 629//775 709//775
f 754//776 622//776 570//776
f 737//777 716//777 291//777
f 699//778 61//778 14//778
f 536//779 158//779 560//779
f 101//780 291//780 507//780
f 586//781 20//781 48//781
f 747//782 637//782 735//782
f 185//783 505//783 405//783
f 595//784 600//784 736//784
f 405//785 505//785 204//785
f 547//786 566//786 318//786
f 223//787 201//787 336//787
f 62//788 544//788 531//788
f 5//789 573//789 466//789
f 265//790 544//790 486//790
f 124//791 691//791 418//791
f 199//792 307//792 700//792
f 251//793 393//793 207//793
f 688//794 160//794 389//794
f 248//795 744//795 265//795
f 355//796 729//796 176//796
f 306//797 199//797 700//797
f 290//798 718//798 236//798
f 692//799 730//799 744//799
f 350//800 628//800 217//800
f 662//801 681//801 89//801
f 662//802 734//802 348//802
f 631//803 499//803 140//803
f 4//804 54//804 557//804
f 727//805 545//805 538//805
f 28//806 706//806 241//806
f 576//807 86//807 60//807
f 86//808 259//808 54//808
f 325//809 701//809 741//809
f 722//810 244//810 26//810
f 521//811 26//811 440//811
f 243//812 544//812 265//812
f 121//813 277//813 327//813
f 112//814 45//814 434//814
f 232//815 423//815 20//815
f 434//816 644//816 112//816
f 100//817 737//817 101//817
f 580//818 409//818 605//818
f 291//819 101//819 737//819
f 475//820 233//820 646//820
f 285//821 114//821 310//821
f 659//822 128//822 195//822
f 228//823 458//823 335//823
f 783//824 249//824 530//824
f 228//825 647//825 458//825
f 253//826 763//826 312//826
f 555//827 529//827 417//827
f 143//828 58//828 309//828
f 529//829 19//829 417//829
f 718//830 248//830 761//830
f 291//831 716//831 349//831
f 349//832 719//832 689//832
f 242//833 451//833 483//833
f 92//834 675//834 650//834
f 675//835 152//835 650//835
f 459//836 624//836 118//836
f 242//837 483//837 124//837
f 246//838 190//838 589//838
f 127//839 380//839 601//839
f 97//840 149//840 757//840
f 506//841 143//841 468//841
f 244//842 284//842 182//842
f 536//843 329//843 378//843
f 193//844 306//844 343//844
f 378//845 329//845 409//845
f 371//846 663//846 393//846
f 52//847 674//847 676//847
f 552//848 179//848 2//848
f 509//849 648//849 446//849
f 224//850 130//850 219//850
f 86//851 101//851 507//851
f 102//852 101//852 86//852
f 103//853 164//853 575//853
f 463//854 672//854 146//854
f 155//855 319//855 616//855
f 202//856 28//856 685//856
f 767//857 277//857 188//857
f 461//858 228//858 629//858
f 666//859 684//859 773//859
f 681//860 268//860 381//860
f 400//861 711//861 309//861
f 67//862 767//862 68//862
f 284//863 419//863 177//863
f 204//864 754//864 215//864
f 285//865 310//865 725//865
f 503//866 56//866 488//866
f 455//867 251//867 109//867
f 209//868 229//868 583//868
f 359//869 55//869 662//869
f 722//870 331//870 244//870
f 604//871 389//871 254//871
f 172//872 732//872 367//872
f 383//873 682//873 138//873
f 596//874 643//874 604//874
f 596//875 591//875 643//875
f 360//876 783//876 346//876
f 720//877 261//877 766//877
f 97//878 708//878 769//878
f 68//879 679//879 67//879
f 64//880 364//880 169//880
f 708//881 274//881 114//881
f 501//882 169//882 364//882
f 287//883 78//883 352//883
f 265//884 486//884 746//884
f 543//885 741//885 454//885
f 423//886 397//886 20//886
f 650//887 778//887 347//887
f 219//888 220//888 501//888
f 717//889 716//889 737//889
f 768//890 125//890 609//890
f 366//891 768//891 609//891
f 100//892 717//892 737//892
f 231//893 616//893 300//893
f 739//894 502//894 533//894
f 711//895 602//895 283//895
f 324//896 115//896 721//896
f 590//897 143//897 148//897
f 448//898 263//898 132//898
f 376//899 202//899 225//899
f 490//900 325//900 106//900
f 156//901 413//901 13//901
f 86//902 507//902 340//902
f 389//903 160//903 777//903
f 738//904 292//904 13//904
f 644//905 550//905 497//905
f 447//906 571//906 107//906
f 783//907 690//907 249//907
f 119//908 520//908 635//908
f 582//909 470//909 91//909
f 177//910 419//910 427//910
f 783//911 487//911 627//911
f 157//912 282//912 617//912
f 499//913 631//913 474//913
f 353//914 487//914 352//914
f 206//915 133//915 286//915
f 36//916 377//916 541//916
f 577//917 424//917 593//917
f 181//918 611//918 579//918
f 356//919 308//919 252//919
f 487//920 387//920 234//920
f 484//921 172//921 65//921
f 670//922 79//922 169//922
f 647//923 780//923 458//923
f 378//924 580//924 196//924
f 82//925 70//925 376//925
f 49//926 210//926 745//926
f 82//927 259//927 70//927
f 20//928 397//928 358//928
f 78//929 554//929 641//929
f 110//930 497//930 145//930
f 145//931 497//931 257//931
f 742//932 723//932 411//932
f 781//933 345//933 742//933
f 71//934 287//934 341//934
f 345//935 723//935 742//935
f 362//936 346//936 345//936
f 362//937 345//937 344//937
f 410//938 723//938 345//938
f 346//939 410//939 345//939
f 362//940 642//940 750//940
f 642//941 344//941 410//941
f 362//942 781//942 346//942
f 750//943 344//943 781//943
f 170//944 717//944 100//944
f 344//945 750//945 410//945
f 719//946 37//946 689//946
f 418//947 148//947 129//947
f 733//948 114//948 285//948
f 454//949 110//949 543//949
f 78//950 641//950 523//950
f 44//951 332//951 99//951
f 70//952 525//952 202//952
f 192//953 683//953 333//953
f 162//954 517//954 489//954
f 461//955 425//955 228//955
f 200//956 449//956 639//956
f 34//957 350//957 774//957
f 233//958 73//958 11//958
f 206//959 539//959 724//959
f 441//960 477//960 305//960
f 323//961 534//961 476//961
f 376//962 197//962 488//962
f 621//963 766//963 664//963
f 429//964 668//964 161//964
f 623//965 492//965 472//965
f 376//966 225//966 197//966
f 129//967 47//967 554//967
f 54//968 82//968 342//968
f 364//969 508//969 185//969
f 741//970 701//970 45//970
f 476//971 534//971 764//971
f 582//972 393//972 663//972
f 177//973 427//973 184//973
f 471//974 470//974 42//974
f 166//975 159//975 276//975
f 759//976 760//976 434//976
f 187//977 481//977 619//977
f 778//978 64//978 24//978
f 550//979 644//979 240//979
f 240//980 30//980 550//980
f 199//981 584//981 119//981
f 257//982 497//982 618//982
f 535//983 595//983 39//983
f 54//984 259//984 82//984
f 222//985 518//985 726//985
f 424//986 585//986 25//986
f 150//987 553//987 645//987
f 266//988 272//988 367//988
f 295//989 748//989 223//989
f 184//990 699//990 421//990
f 669//991 226//991 398//991
f 641//992 165//992 523//992
f 507//993 260//993 340//993
f 381//994 591//994 596//994
f 387//995 518//995 394//995
f 515//996 140//996 661//996
f 515//997 3//997 140//997
f 284//998 331//998 152//998
f 349//999 572//999 245//999
f 701//1000 469//1000 416//1000
f 506//1001 468//1001 515//1001
f 548//1002 330//1002 422//1002
f 330//1003 697//1003 422//1003
f 431//1004 75//1004 433//1004
f 745//1005 494//1005 779//1005
f 11//1006 288//1006 280//1006
f 193//1007 343//1007 211//1007
f 499//1008 474//1008 19//1008
f 731//1009 83//1009 288//1009
f 613//1010 373//1010 482//1010
f 432//1011 673//1011 453//1011
f 724//1012 539//1012 408//1012
f 520//1013 138//1013 635//1013
f 665//1014 85//1014 131//1014
f 383//1015 138//1015 520//1015
f 665//1016 516//1016 85//1016
f 565//1017 564//1017 720//1017
f 93//1018 51//1018 581//1018
f 155//1019 359//1019 753//1019
f 291//1020 93//1020 217//1020
f 649//1021 209//1021 583//1021
f 198//1022 81//1022 705//1022
f 627//1023 384//1023 386//1023
f 349//1024 93//1024 291//1024
f 269//1025 270//1025 658//1025
f 323//1026 535//1026 534//1026
f 752//1027 386//1027 144//1027
f 290//1028 694//1028 546//1028
f 435//1029 721//1029 622//1029
f 304//1030 62//1030 531//1030
f 693//1031 606//1031 598//1031
f 26//1032 601//1032 281//1032
f 90//1033 174//1033 375//1033
f 741//1034 45//1034 454//1034
f 729//1035 318//1035 2//1035
f 342//1036 82//1036 503//1036
f 127//1037 703//1037 379//1037
f 614//1038 187//1038 610//1038
f 62//1039 547//1039 318//1039
f 559//1040 164//1040 715//1040
f 68//1041 767//1041 188//1041
f 417//1042 19//1042 135//1042
f 740//1043 542//1043 605//1043
f 260//1044 227//1044 478//1044
f 39//1045 609//1045 117//1045
f 466//1046 137//1046 640//1046
f 748//1047 124//1047 201//1047
f 349//1048 716//1048 572//1048
f 173//1049 218//1049 732//1049
f 748//1050 201//1050 223//1050
f 172//1051 367//1051 65//1051
f 548//1052 351//1052 252//1052
f 82//1053 376//1053 56//1053
f 136//1054 406//1054 22//1054
f 50//1055 66//1055 186//1055
f 105//1056 676//1056 686//1056
f 740//1057 605//1057 696//1057
f 287//1058 387//1058 249//1058
f 235//1059 271//1059 695//1059
f 591//1060 268//1060 626//1060
f 279//1061 508//1061 364//1061
f 762//1062 414//1062 728//1062
f 264//1063 559//1063 210//1063
f 358//1064 397//1064 676//1064
f 189//1065 333//1065 575//1065
f 92//1066 281//1066 184//1066
f 67//1067 679//1067 519//1067
f 223//1068 336//1068 313//1068
f 521//1069 722//1069 26//1069
f 709//1070 666//1070 263//1070
f 37//1071 577//1071 689//1071
f 415//1072 24//1072 169//1072
f 259//1073 500//1073 70//1073
f 129//1074 148//1074 47//1074
f 324//1075 721//1075 435//1075
f 92//1076 650//1076 562//1076
f 347//1077 778//1077 24//1077
f 391//1078 331//1078 722//1078
f 71//1079 554//1079 78//1079
f 684//1080 496//1080 44//1080
f 129//1081 554//1081 71//1081
f 422//1082 697//1082 99//1082
f 763//1083 135//1083 439//1083
f 355//1084 544//1084 729//1084
f 478//1085 638//1085 587//1085
f 20//1086 358//1086 48//1086
f 59//1087 576//1087 60//1087
f 235//1088 178//1088 653//1088
f 609//1089 125//1089 117//1089
f 614//1090 567//1090 142//1090
f 17//1091 567//1091 614//1091
f 362//1092 750//1092 781//1092
f 627//1093 672//1093 384//1093
f 510//1094 654//1094 693//1094
f 280//1095 683//1095 192//1095
f 769//1096 708//1096 733//1096
f 238//1097 123//1097 398//1097
f 486//1098 176//1098 179//1098
f 436//1099 276//1099 183//1099
f 442//1100 224//1100 98//1100
f 355//1101 176//1101 486//1101
f 201//1102 129//1102 336//1102
f 70//1103 202//1103 376//1103
f 612//1104 687//1104 526//1104
f 470//1105 485//1105 255//1105
f 470//1106 255//1106 91//1106
f 608//1107 448//1107 16//1107
f 376//1108 488//1108 56//1108
f 417//1109 214//1109 763//1109
f 341//1110 487//1110 353//1110
f 51//1111 593//1111 775//1111
f 51//1112 93//1112 593//1112
f 156//1113 713//1113 27//1113
f 167//1114 637//1114 747//1114
f 147//1115 516//1115 104//1115
f 134//1116 315//1116 481//1116
f 77//1117 618//1117 171//1117
f 147//1118 373//1118 516//1118
f 93//1119 43//1119 593//1119
f 299//1120 491//1120 473//1120
f 625//1121 467//1121 246//1121
f 289//1122 373//1122 147//1122
f 8//1123 453//1123 178//1123
f 353//1124 78//1124 154//1124
f 704//1125 395//1125 267//1125
f 507//1126 291//1126 217//1126
f 438//1127 761//1127 668//1127
f 668//1128 761//1128 72//1128
f 563//1129 80//1129 57//1129
f 537//1130 522//1130 757//1130
f 354//1131 327//1131 536//1131
f 474//1132 200//1132 19//1132
f 112//1133 644//1133 110//1133
f 675//1134 419//1134 152//1134
f 361//1135 136//1135 351//1135
f 500//1136 525//1136 70//1136
f 410//1137 346//1137 742//1137
f 538//1138 96//1138 692//1138
f 568//1139 17//1139 614//1139
f 523//1140 417//1140 763//1140
f 92//1141 127//1141 281//1141
f 255//1142 485//1142 257//1142
f 531//1143 544//1143 243//1143
f 378//1144 409//1144 580//1144
f 127//1145 440//1145 281//1145
f 172//1146 601//1146 380//1146
f 180//1147 712//1147 371//1147
f 626//1148 268//1148 688//1148
f 662//1149 348//1149 753//1149
f 348//1150 734//1150 88//1150
f 613//1151 74//1151 212//1151
f 65//1152 41//1152 61//1152
f 723//1153 627//1153 386//1153
f 174//1154 300//1154 597//1154
f 224//1155 219//1155 185//1155
f 200//1156 87//1156 449//1156
f 32//1157 714//1157 21//1157
f 369//1158 307//1158 635//1158
f 231//1159 727//1159 359//1159
f 694//1160 761//1160 438//1160
f 109//1161 251//1161 325//1161
f 5//1162 466//1162 8//1162
f 233//1163 192//1163 646//1163
f 160//1164 438//1164 668//1164
f 493//1165 759//1165 434//1165
f 178//1166 414//1166 653//1166
f 532//1167 157//1167 617//1167
f 686//1168 677//1168 687//1168
f 482//1169 576//1169 59//1169
f 125//1170 31//1170 301//1170
f 771//1171 391//1171 532//1171
f 744//1172 730//1172 304//1172
f 440//1173 26//1173 281//1173
f 436//1174 502//1174 583//1174
f 140//1175 181//1175 631//1175
f 526//1176 293//1176 182//1176
f 195//1177 191//1177 673//1177
f 680//1178 303//1178 162//1178
f 731//1179 364//1179 83//1179
f 410//1180 784//1180 723//1180
f 784//1181 411//1181 723//1181
f 159//1182 156//1182 237//1182
f 460//1183 758//1183 443//1183
f 136//1184 317//1184 356//1184
f 280//1185 288//1185 651//1185
f 337//1186 570//1186 663//1186
f 337//1187 215//1187 570//1187
f 136//1188 23//1188 317//1188
f 688//1189 546//1189 160//1189
f 570//1190 622//1190 262//1190
f 566//1191 680//1191 2//1191
f 622//1192 278//1192 262//1192
f 490//1193 106//1193 273//1193
f 142//1194 40//1194 303//1194
f 302//1195 776//1195 496//1195
f 525//1196 706//1196 202//1196
f 59//1197 74//1197 613//1197
f 144//1198 139//1198 220//1198
f 424//1199 775//1199 593//1199
f 121//1200 354//1200 328//1200
f 357//1201 81//1201 198//1201
f 552//1202 141//1202 72//1202
f 516//1203 578//1203 85//1203
f 761//1204 10//1204 72//1204
f 122//1205 123//1205 238//1205
f 646//1206 192//1206 311//1206
f 503//1207 488//1207 205//1207
f 408//1208 745//1208 779//1208
f 247//1209 157//1209 722//1209
f 275//1210 15//1210 338//1210
f 555//1211 506//1211 529//1211
f 63//1212 765//1212 64//1212
f 94//1213 594//1213 57//1213
f 656//1214 163//1214 147//1214
f 244//1215 182//1215 52//1215
f 165//1216 417//1216 523//1216
f 583//1217 276//1217 436//1217
f 404//1218 196//1218 658//1218
f 414//1219 191//1219 728//1219
f 328//1220 459//1220 121//1220
f 743//1221 445//1221 660//1221
f 512//1222 182//1222 177//1222
f 396//1223 575//1223 559//1223
f 512//1224 177//1224 184//1224
f 670//1225 654//1225 79//1225
f 241//1226 706//1226 725//1226
f 776//1227 458//1227 607//1227
f 581//1228 442//1228 98//1228
f 111//1229 141//1229 552//1229
f 429//1230 161//1230 705//1230
f 89//1231 630//1231 734//1231
f 680//1232 111//1232 2//1232
f 595//1233 736//1233 365//1233
f 762//1234 728//1234 459//1234
f 573//1235 495//1235 768//1235
f 623//1236 595//1236 514//1236
f 773//1237 665//1237 666//1237
f 774//1238 581//1238 98//1238
f 341//1239 353//1239 477//1239
f 513//1240 766//1240 621//1240
f 720//1241 774//1241 98//1241
f 565//1242 720//1242 513//1242
f 314//1243 205//1243 488//1243
f 512//1244 421//1244 395//1244
f 514//1245 595//1245 535//1245
f 113//1246 250//1246 189//1246
f 728//1247 624//1247 459//1247
f 307//1248 199//1248 119//1248
f 158//1249 653//1249 459//1249
f 435//1250 622//1250 754//1250
f 539//1251 745//1251 408//1251
f 349//1252 689//1252 43//1252
f 51//1253 603//1253 581//1253
f 204//1254 558//1254 754//1254
f 45//1255 416//1255 493//1255
f 81//1256 377//1256 36//1256
f 647//1257 37//1257 35//1257
f 514//1258 492//1258 623//1258
f 599//1259 101//1259 102//1259
f 776//1260 607//1260 496//1260
f 178//1261 453//1261 511//1261
f 482//1262 373//1262 289//1262
f 379//1263 321//1263 173//1263
f 75//1264 31//1264 640//1264
f 186//1265 274//1265 708//1265
f 511//1266 453//1266 191//1266
f 636//1267 496//1267 684//1267
f 550//1268 735//1268 549//1268
f 464//1269 764//1269 465//1269
f 618//1270 497//1270 550//1270
f 13//1271 33//1271 713//1271
f 206//1272 286//1272 264//1272
f 428//1273 558//1273 446//1273
f 550//1274 30//1274 735//1274
f 628//1275 507//1275 217//1275
f 773//1276 684//1276 697//1276
f 495//1277 258//1277 569//1277
f 192//1278 233//1278 280//1278
f 658//1279 270//1279 404//1279
f 768//1280 495//1280 194//1280
f 507//1281 34//1281 260//1281
f 764//1282 31//1282 75//1282
f 207//1283 393//1283 91//1283
f 95//1284 122//1284 84//1284
f 706//1285 678//1285 725//1285
f 585//1286 48//1286 25//1286
f 390//1287 573//1287 5//1287
f 333//1288 683//1288 462//1288
f 683//1289 294//1289 765//1289
f 122//1290 238//1290 84//1290
f 594//1291 316//1291 563//1291
f 189//1292 311//1292 192//1292
f 241//1293 108//1293 420//1293
f 390//1294 495//1294 573//1294
f 519//1295 696//1295 409//1295
f 185//1296 501//1296 364//1296
f 189//1297 192//1297 333//1297
f 401//1298 535//1298 476//1298
f 104//1299 7//1299 308//1299
f 551//1300 1//1300 461//1300
f 443//1301 758//1301 637//1301
f 185//1302 509//1302 505//1302
f 129//1303 71//1303 336//1303
f 152//1304 63//1304 778//1304
f 483//1305 691//1305 124//1305
f 782//1306 740//1306 679//1306
f 461//1307 6//1307 425//1307
f 268//1308 744//1308 248//1308
f 649//1309 583//1309 739//1309
f 739//1310 533//1310 334//1310
f 552//1311 72//1311 10//1311
f 343//1312 682//1312 383//1312
f 360//1313 518//1313 487//1313
f 577//1314 593//1314 43//1314
f 626//1315 688//1315 389//1315
f 308//1316 147//1316 104//1316
f 38//1317 312//1317 222//1317
f 313//1318 336//1318 71//1318
f 47//1319 506//1319 555//1319
f 99//1320 724//1320 541//1320
f 226//1321 655//1321 502//1321
f 306//1322 208//1322 343//1322
f 26//1323 611//1323 3//1323
f 721//1324 273//1324 622//1324
f 545//1325 96//1325 538//1325
f 627//1326 690//1326 612//1326
f 448//1327 131//1327 170//1327
f 202//1328 685//1328 94//1328
f 251//1329 469//1329 701//1329
f 584//1330 298//1330 520//1330
f 228//1331 302//1331 629//1331
f 759//1332 199//1332 760//1332
f 361//1333 406//1333 136//1333
f 568//1334 614//1334 320//1334
f 551//1335 406//1335 361//1335
f 372//1336 717//1336 286//1336
f 465//1337 75//1337 431//1337
f 513//1338 621//1338 633//1338
f 9//1339 142//1339 303//1339
f 400//1340 408//1340 247//1340
f 769//1341 733//1341 475//1341
f 315//1342 680//1342 566//1342
f 266//1343 704//1343 272//1343
f 704//1344 267//1344 272//1344
f 163//1345 657//1345 289//1345
f 316//1346 401//1346 464//1346
f 51//1347 775//1347 360//1347
f 256//1348 587//1348 126//1348
f 386//1349 384//1349 463//1349
f 130//1350 752//1350 144//1350
f 457//1351 77//1351 171//1351
f 353//1352 352//1352 78//1352
f 399//1353 695//1353 120//1353
f 606//1354 670//1354 598//1354
f 457//1355 171//1355 460//1355
f 138//1356 292//1356 635//1356
f 342//1357 66//1357 50//1357
f 399//1358 120//1358 390//1358
f 743//1359 296//1359 445//1359
f 542//1360 269//1360 605//1360
f 503//1361 66//1361 342//1361
f 126//1362 382//1362 69//1362
f 221//1363 126//1363 69//1363
f 772//1364 422//1364 377//1364
f 666//1365 636//1365 684//1365
f 298//1366 707//1366 520//1366
f 369//1367 413//1367 166//1367
f 385//1368 705//1368 36//1368
f 79//1369 654//1369 415//1369
f 106//1370 325//1370 741//1370
f 286//1371 447//1371 107//1371
f 419//1372 284//1372 152//1372
f 732//1373 693//1373 146//1373
f 476//1374 764//1374 464//1374
f 360//1375 105//1375 783//1375
f 665//1376 131//1376 132//1376
f 360//1377 346//1377 518//1377
f 75//1378 640//1378 433//1378
f 263//1379 666//1379 132//1379
f 351//1380 136//1380 356//1380
f 770//1381 14//1381 615//1381
f 41//1382 151//1382 615//1382
f 473//1383 491//1383 338//1383
f 494//1384 282//1384 157//1384
f 98//1385 712//1385 180//1385
f 533//1386 669//1386 33//1386
f 168//1387 40//1387 142//1387
f 565//1388 513//1388 633//1388
f 783//1389 530//1389 487//1389
f 227//1390 564//1390 565//1390
f 450//1391 224//1391 442//1391
f 653//1392 762//1392 459//1392
f 268//1393 248//1393 688//1393
f 532//1394 164//1394 103//1394
f 733//1395 621//1395 664//1395
f 248//1396 265//1396 10//1396
f 532//1397 391//1397 157//1397
f 526//1398 674//1398 293//1398
f 98//1399 405//1399 712//1399
f 680//1400 162//1400 111//1400
f 561//1401 392//1401 370//1401
f 604//1402 254//1402 203//1402
f 702//1403 203//1403 239//1403
f 581//1404 603//1404 726//1404
f 55//1405 538//1405 681//1405
f 481//1406 566//1406 547//1406
f 357//1407 772//1407 81//1407
f 207//1408 504//1408 251//1408
f 775//1409 358//1409 105//1409
f 360//1410 775//1410 105//1410
f 283//1411 3//1411 515//1411
f 397//1412 579//1412 676//1412
f 141//1413 242//1413 72//1413
f 441//1414 305//1414 586//1414
f 612//1415 686//1415 687//1415
f 523//1416 763//1416 253//1416
f 664//1417 115//1417 324//1417
f 241//1418 725//1418 108//1418
f 534//1419 117//1419 301//1419
f 351//1420 356//1420 252//1420
f 660//1421 445//1421 116//1421
f 302//1422 496//1422 620//1422
f 660//1423 116//1423 123//1423
f 230//1424 295//1424 585//1424
f 404//1425 652//1425 728//1425
f 55//1426 727//1426 538//1426
f 137//1427 466//1427 751//1427
f 727//1428 55//1428 359//1428
f 760//1429 193//1429 561//1429
f 447//1430 133//1430 403//1430
f 446//1431 558//1431 509//1431
f 116//1432 27//1432 713//1432
f 698//1433 15//1433 108//1433
f 318//1434 566//1434 2//1434
f 620//1435 496//1435 636//1435
f 599//1436 437//1436 100//1436
f 290//1437 236//1437 694//1437
f 73//1438 279//1438 288//1438
f 392//1439 298//1439 747//1439
f 39//1440 365//1440 609//1440
f 298//1441 392//1441 707//1441
f 604//1442 626//1442 389//1442
f 304//1443 452//1443 62//1443
f 643//1444 626//1444 604//1444
f 483//1445 590//1445 691//1445
f 252//1446 308//1446 710//1446
f 534//1447 39//1447 117//1447
f 127//1448 379//1448 380//1448
f 650//1449 152//1449 778//1449
f 251//1450 504//1450 469//1450
f 779//1451 494//1451 247//1451
f 596//1452 339//1452 702//1452
f 233//1453 426//1453 73//1453
f 178//1454 511//1454 414//1454
f 286//1455 133//1455 447//1455
f 411//1456 784//1456 750//1456
f 750//1457 784//1457 410//1457
f 210//1458 559//1458 715//1458
f 261//1459 180//1459 251//1459
f 580//1460 605//1460 658//1460
f 739//1461 334//1461 634//1461
f 645//1462 326//1462 18//1462
f 613//1463 578//1463 373//1463
f 562//1464 46//1464 321//1464
f 695//1465 196//1465 749//1465
f 18//1466 51//1466 487//1466
f 487//1467 51//1467 360//1467
f 616//1468 319//1468 320//1468
f 299//1469 94//1469 57//1469
f 766//1470 455//1470 756//1470
f 90//1471 300//1471 174//1471
f 666//1472 620//1472 636//1472
f 602//1473 601//1473 26//1473
f 711//1474 521//1474 440//1474
f 440//1475 601//1475 602//1475
f 711//1476 440//1476 602//1476
f 15//1477 275//1477 108//1477
f 553//1478 38//1478 326//1478
f 361//1479 548//1479 772//1479
f 777//1480 668//1480 32//1480
f 197//1481 299//1481 479//1481
f 275//1482 338//1482 80//1482
f 617//1483 715//1483 532//1483
f 589//1484 467//1484 625//1484
f 300//1485 616//1485 597//1485
f 528//1486 213//1486 4//1486
f 663//1487 570//1487 262//1487
f 85//1488 578//1488 717//1488
f 203//1489 480//1489 239//1489
f 555//1490 417//1490 165//1490
f 522//1491 216//1491 97//1491
f 155//1492 320//1492 319//1492
f 641//1493 555//1493 165//1493
f 344//1494 345//1494 781//1494
f 514//1495 535//1495 401//1495
f 316//1496 402//1496 514//1496
f 705//1497 1//1497 198//1497
f 458//1498 780//1498 607//1498
f 736//1499 640//1499 137//1499
f 324//1500 435//1500 428//1500
f 41//1501 53//1501 151//1501
f 577//1502 43//1502 689//1502
f 63//1503 64//1503 778//1503
f 662//1504 89//1504 734//1504
f 184//1505 427//1505 92//1505
f 57//1506 80//1506 299//1506
f 312//1507 639//1507 222//1507
f 573//1508 768//1508 751//1508
f 624//1509 269//1509 542//1509
f 45//1510 493//1510 434//1510
f 140//1511 3//1511 181//1511
f 161//1512 6//1512 1//1512
f 647//1513 230//1513 37//1513
f 541//1514 724//1514 408//1514
f 365//1515 736//1515 366//1515
f 181//1516 579//1516 397//1516
f 605//1517 409//1517 696//1517
f 64//1518 169//1518 24//1518
f 271//1519 536//1519 378//1519
f 9//1520 303//1520 588//1520
f 659//1521 195//1521 495//1521
f 698//1522 368//1522 205//1522
f 28//1523 241//1523 420//1523
f 744//1524 531//1524 243//1524
f 532//1525 333//1525 771//1525
f 487//1526 249//1526 627//1526
f 227//1527 633//1527 478//1527
f 627//1528 249//1528 690//1528
f 206//1529 210//1529 49//1529
f 147//1530 163//1530 289//1530
f 687//1531 677//1531 674//1531
f 223//1532 313//1532 477//1532
f 770//1533 615//1533 671//1533
f 144//1534 146//1534 139//1534
f 608//1535 16//1535 437//1535
f 223//1536 586//1536 585//1536
f 571//1537 29//1537 107//1537
f 71//1538 341//1538 313//1538
f 425//1539 242//1539 748//1539
f 590//1540 58//1540 143//1540
f 290//1541 248//1541 718//1541
f 371//1542 712//1542 337//1542
f 176//1543 729//1543 179//1543
f 267//1544 151//1544 53//1544
f 81//1545 772//1545 377//1545
f 226//1546 436//1546 183//1546
f 568//1547 239//1547 17//1547
f 761//1548 694//1548 236//1548
f 484//1549 699//1549 412//1549
f 545//1550 231//1550 300//1550
f 187//1551 134//1551 481//1551
f 208//1552 524//1552 229//1552
f 262//1553 278//1553 582//1553
f 516//1554 373//1554 578//1554
f 61//1555 41//1555 615//1555
f 208//1556 700//1556 524//1556
f 76//1557 398//1557 183//1557
f 688//1558 248//1558 290//1558
f 369//1559 635//1559 292//1559
f 495//1560 569//1560 194//1560
f 219//1561 144//1561 220//1561
f 130//1562 144//1562 219//1562
f 630//1563 596//1563 702//1563
f 47//1564 148//1564 143//1564
f 169//1565 79//1565 415//1565
f 449//1566 394//1566 518//1566
f 562//1567 175//1567 46//1567
f 672//1568 266//1568 367//1568
f 12//1569 263//1569 448//1569
f 382//1570 621//1570 285//1570
f 405//1571 204//1571 215//1571
f 405//1572 215//1572 337//1572
f 452//1573 304//1573 730//1573
f 612//1574 266//1574 430//1574
f 614//1575 134//1575 187//1575
f 347//1576 24//1576 415//1576
f 475//1577 664//1577 233//1577
f 567//1578 168//1578 142//1578
f 482//1579 102//1579 576//1579
f 15//1580 473//1580 338//1580
f 487//1581 287//1581 249//1581
f 346//1582 783//1582 723//1582
f 543//1583 145//1583 485//1583
f 95//1584 743//1584 660//1584
f 543//1585 110//1585 145//1585
f 451//1586 489//1586 483//1586
f 739//1587 583//1587 502//1587
f 47//1588 143//1588 506//1588
