# Blender 4.5.3 LTS
# www.blender.org
o Person
v 3.922398 0.115774 -0.649693
v 4.019782 -0.445521 -0.542071
v 3.619083 0.034938 0.221270
v 2.264585 0.096468 -0.668639
v 0.436204 -0.373680 -0.446018
v 3.872615 -0.030742 -0.605532
v 2.896636 0.484240 -0.666830
v 0.409404 -0.296635 -0.353214
v 4.349535 -0.305486 -0.461098
v 3.993387 -0.221273 -0.731508
v 2.006338 0.107401 -0.078511
v 2.937198 0.282037 -0.851361
v 0.160998 0.341420 0.351821
v 2.260481 0.508880 0.764289
v 1.325994 -0.132791 -0.237349
v 2.626228 0.074353 -0.785770
v 4.553796 -0.280397 -0.534959
v 2.679005 -0.410964 0.041067
v 3.613694 -0.181907 0.330172
v 3.064441 -0.184448 0.163714
v 4.303924 -0.017914 -0.556764
v 3.357928 0.193096 -0.890914
v 3.262618 0.185236 -0.813146
v 2.068953 0.374512 0.351554
v 2.657073 -0.344601 -0.040354
v 3.652104 0.093107 0.196052
v 0.122413 0.330110 0.159038
v 1.369748 -0.299983 -0.600277
v 2.685803 0.002830 -0.638013
v 0.617174 0.271431 0.386435
v 0.572087 -0.009955 -0.358663
v 4.156116 -0.039598 -0.575653
v 0.183597 0.482687 0.449761
v 2.259549 -0.372786 -0.422296
v 2.746732 -0.315732 -0.472954
v 3.903817 0.283765 -0.510511
v 2.945298 -0.281845 -0.411863
v 3.010206 -0.456826 0.151133
v 0.668269 -0.226268 -0.560134
v 4.204343 -0.094170 -0.464308
v 2.104016 -0.193120 0.571987
v 1.376935 0.074742 0.174717
v 2.489281 -0.381577 -0.182839
v 3.177349 0.374949 -0.533841
v 0.771485 0.355871 0.125769
v 2.208519 0.513481 0.593330
v 3.926189 -0.309876 -0.044299
v 2.790752 -0.323516 0.039083
v 2.742244 0.336461 -0.317361
v 1.756256 0.133961 -0.531382
v 2.500130 -0.450357 -0.046562
v 2.710319 -0.088851 0.239450
v 2.100414 -0.405791 0.558209
v 2.047410 0.047693 -0.701263
v 4.560559 -0.471625 -0.919639
v 1.542335 -0.019729 -0.578907
v 1.268236 0.046297 -0.523149
v 4.065833 -0.025725 -0.234684
v 2.327573 0.009426 -0.727723
v 2.261374 0.008100 -0.722590
v 2.295705 0.464222 0.698598
v 4.201159 -0.554820 -0.728781
v 2.315868 0.199865 0.287113
v 2.009567 0.165942 0.306415
v 2.410333 0.064314 0.531716
v 1.594544 0.086125 -0.471990
v 0.062203 -0.772108 -0.862445
v 0.087701 -0.805386 -0.807149
v 1.729126 -0.292186 -0.515784
v 1.523950 -0.195356 -0.601773
v 3.575610 -0.360515 -0.069636
v 3.967850 -0.165172 -0.669673
v 1.855697 0.119983 0.000381
v 2.316319 0.012774 -0.660963
v 1.005593 0.026087 -0.286392
v 0.143961 0.520576 0.233809
v 1.178150 -0.074793 0.270502
v 3.437821 -0.354550 0.038151
v 1.977477 0.211694 0.456019
v 1.191683 0.030834 -0.298202
v 3.821116 0.270446 -0.762137
v 1.784514 -0.011907 -0.703688
v 2.113530 0.061233 0.245060
v 0.009031 0.227259 0.076040
v 2.659654 0.195480 -0.628250
v 2.273273 -0.124281 -0.744752
v 3.051240 -0.187288 0.336466
v 4.616722 -0.184839 -0.706228
v 4.548979 -0.353092 -0.869052
v 4.363511 -0.635266 -0.832318
v 1.263389 -0.136296 0.249988
v 2.730502 0.382277 0.275351
v 2.389452 -0.407433 -0.150984
v 1.323397 -0.100278 -0.606066
v 0.030143 0.111864 0.138172
v 4.389312 -0.615041 -0.908780
v 1.853798 0.209995 -0.289832
v 2.074353 -0.504916 -0.021692
v 3.529459 0.472063 -0.443251
v 2.477966 -0.093787 -0.709733
v 2.382955 -0.147984 -0.690976
v 2.357626 -0.116049 -0.760625
v 2.478937 0.379380 -0.102757
v 2.829333 0.512312 -0.737635
v 2.555186 -0.321726 0.146723
v 1.317317 0.072816 -0.007236
v 2.698091 0.234868 -0.602421
v 1.366913 -0.252731 -0.291832
v 1.325425 -0.108448 -0.124602
v 0.926856 0.413502 0.238650
v 3.927234 -0.365064 -0.533976
v 0.780624 0.464052 0.231530
v 2.198664 0.367332 -0.283446
v 1.614673 -0.058636 -0.201212
v 1.403838 -0.008286 -0.110298
v 0.067859 0.264619 0.361217
v 0.635826 -0.098272 -0.539905
v 0.105400 -0.422102 -0.401655
v 0.402470 0.295812 0.282601
v 0.323198 -0.246920 -0.551246
v 0.134698 -0.571010 -0.537006
v -0.006240 0.236895 0.297451
v 0.020261 0.387031 0.413945
v 3.696365 -0.270842 -0.435586
v 0.537033 -0.138667 -0.561438
v 1.938846 -0.255279 -0.605413
v 2.766471 0.390677 0.324980
v 0.303963 -0.150247 -0.496706
v 3.765037 -0.316537 -0.131312
v 2.271356 -0.384491 0.191028
v 2.879202 0.303726 -0.671514
v 3.022450 0.225812 -0.735499
v 2.946332 0.321711 -0.440699
v 4.375645 -0.351378 -0.464373
v 3.462745 -0.385006 0.340837
v 3.271930 0.275527 -0.948758
v 0.596479 -0.246326 -0.303367
v 0.410233 0.378313 0.403437
v 1.993577 -0.370486 0.442087
v 3.654774 -0.027561 0.235100
v 3.920290 -0.252080 -0.555584
v 4.352292 -0.197289 -0.463547
v 3.987641 -0.147509 -0.083943
v 2.282386 -0.413078 0.315500
v 1.199626 0.208051 0.270950
v 2.141111 -0.348805 0.466187
v 2.798134 0.473580 -0.818829
v 3.932590 -0.197075 -0.123638
v 1.979513 0.178071 -0.172762
v 3.228811 -0.322763 0.095056
v 1.961504 -0.347849 0.560749
v 2.485930 0.253055 0.239344
v 0.071569 0.137992 0.069644
v 3.347960 -0.294756 0.052029
v 4.557319 -0.518143 -0.792064
v 0.154210 0.333385 0.184831
v 2.987553 0.250504 0.026584
v 0.311677 -0.418975 -0.465491
v 0.186729 0.397032 0.165829
v 4.240115 -0.139436 -0.820103
v 3.965844 0.021857 -0.612309
v 4.041217 -0.278356 -0.423868
v 2.776580 0.312093 -0.879503
v 2.433734 0.447787 -0.099968
v 3.697850 -0.356348 0.127483
v 0.298755 0.389750 0.187712
v 0.522966 0.315066 0.198707
v 4.338276 -0.088997 -0.467751
v 1.914835 0.043208 0.334460
v 2.645455 0.086184 -0.690098
v 1.104351 -0.118552 0.204474
v 2.745039 0.333607 0.492294
v 2.666315 0.393223 0.539714
v 4.358634 -0.614436 -0.796368
v 2.329803 0.514191 0.433172
v 4.051202 -0.477719 -0.656168
v 2.778832 0.198461 0.426414
v 0.370008 -0.348659 -0.364716
v 3.979376 -0.453041 -0.638077
v 1.804561 -0.427934 -0.063040
v 3.277838 -0.034471 0.192850
v 2.627383 0.023061 0.264821
v 0.256009 0.617039 0.266676
v 2.789518 0.278311 0.518970
v 1.896491 -0.222520 0.233879
v 1.568749 0.130583 -0.370046
v 4.459331 -0.413362 -0.518346
v 0.090839 -0.706822 -0.678931
v 2.260821 0.370521 -0.156689
v 4.360716 -0.304246 -0.427073
v 0.263485 -0.112736 -0.367146
v 2.181905 0.256624 -0.003183
v 0.614901 0.543348 0.329225
v 0.454226 -0.171315 -0.517231
v 0.298855 -0.089867 -0.462221
v 0.172171 -0.210784 -0.541752
v 1.368306 0.050250 -0.537532
v 3.888419 0.180539 -0.696009
v 0.479671 0.394662 0.166820
v 3.454580 -0.181885 0.367400
v 3.719317 -0.350762 -0.229160
v 1.419965 -0.274752 -0.624839
v 4.490208 -0.058012 -0.726756
v 1.666140 -0.178311 0.240184
v 1.418756 0.054006 -0.284864
v 2.562003 0.340106 -0.496492
v 1.208350 -0.257720 0.039158
v 0.453481 0.528088 0.212447
v 0.538852 0.605813 0.386945
v 2.625399 0.414250 -0.136312
v 0.615392 0.519602 0.386737
v 2.374175 0.150007 -0.630129
v 2.373000 0.210708 -0.587123
v 3.441401 -0.412268 0.283497
v 1.564704 -0.150295 0.212428
v 1.743142 0.185973 -0.381183
v 2.353263 -0.284672 -0.388166
v 2.321930 0.509290 0.585581
v 1.934280 -0.297335 0.288984
v 1.878528 -0.269733 0.353190
v 1.894463 -0.162170 -0.746707
v 2.876664 -0.475845 0.264643
v 3.387220 -0.355457 -0.391187
v 2.290107 -0.379841 0.123387
v 1.385867 -0.088498 -0.600345
v 0.283640 0.751429 0.373448
v 2.157295 -0.340059 -0.386192
v 3.428463 -0.206712 -0.640059
v 0.399171 0.523336 0.235707
v 3.456313 -0.273194 -0.540670
v 4.507734 -0.590179 -0.868261
v 3.264173 -0.234530 0.103785
v 1.912186 0.079971 -0.133402
v 2.977101 -0.193881 0.223252
v 0.380039 -0.389235 -0.492747
v 4.191639 -0.158306 -0.787755
v 0.088079 0.433077 0.137797
v 0.008637 0.441021 0.154184
v 4.570074 -0.165383 -0.589094
v 0.730407 0.473283 0.403631
v 1.316693 -0.294230 -0.479793
v 3.798598 -0.123082 -0.547412
v 4.130074 -0.433857 -0.810086
v 2.855931 0.075527 0.264676
v 2.574763 -0.158258 -0.580908
v 4.313766 -0.341612 -0.466239
v 3.678926 0.241148 -0.022399
v 4.270023 -0.286980 -0.898079
v 2.726115 -0.293484 0.175694
v 2.027241 0.289221 -0.388641
v 1.304297 -0.301074 -0.067713
v 3.452649 0.494929 -0.760328
v 3.337057 -0.359572 0.103783
v 4.379619 -0.011853 -0.664627
v 1.269467 0.038497 0.298650
v 2.021020 -0.260499 -0.669632
v 1.142330 0.143076 0.349248
v 0.370640 -0.060402 -0.375816
v 1.864088 -0.078600 -0.756478
v 2.188129 -0.295696 -0.494629
v 1.684654 -0.343070 -0.161004
v 1.425643 -0.150487 0.246667
v 3.255206 0.182277 -0.764756
v 2.381135 0.341537 -0.475932
v 4.029135 -0.379350 -0.788054
v 2.261833 -0.448054 0.489769
v 2.170506 -0.230067 0.638404
v 4.416714 -0.318880 -0.934843
v 0.006240 -0.236895 -0.297451
v 0.018357 -0.133151 -0.349731
v 0.285520 -0.380724 -0.544631
v 2.170911 -0.417406 0.512870
v 1.396667 0.084432 0.007120
v 1.523502 0.102349 -0.297451
v 1.262277 -0.167683 -0.261149
v 0.338294 0.533617 0.227181
v 0.119553 -0.641631 -0.687433
v 1.409975 0.005883 0.174566
v 1.917189 0.068845 0.165278
v 2.059949 0.156838 -0.059713
v 2.827745 0.356109 0.422982
v 2.801488 0.367243 -0.031817
v 3.860908 0.021846 0.146505
v 2.651651 0.156147 0.265750
v 1.730840 -0.177411 -0.231182
v 2.488525 0.209199 -0.621621
v 2.873788 -0.304004 0.121273
v 2.032984 0.123979 0.112385
v 2.620061 0.272841 -0.825115
v 4.242197 -0.210227 -0.866435
v 2.372018 -0.228107 -0.529378
v 0.336112 0.367651 0.346043
v 2.591147 -0.031638 0.252739
v 2.144610 0.166196 0.185946
v 3.482452 -0.294154 -0.474976
v 0.081691 0.299184 0.115846
v 0.542862 0.490725 0.202006
v 0.490333 0.290555 0.349121
v 1.296607 0.075041 -0.450784
v 4.434226 -0.620014 -0.720419
v 0.644101 -0.006955 -0.469616
v 3.276464 -0.134754 -0.691991
v 4.178941 -0.184124 -0.418446
v 4.323313 -0.480802 -0.878488
v 3.197305 -0.275097 0.027826
v 0.544657 0.557199 0.258733
v 0.385573 0.362046 0.218943
v 3.298982 0.514223 -0.763409
v 3.991329 -0.024996 -0.033367
v 1.514049 -0.168123 -0.231520
v 2.025608 0.260890 -0.203210
v 3.178351 -0.419901 0.244677
v 3.460334 -0.404587 -0.128758
v 1.375096 -0.119208 -0.226813
v 4.299124 -0.402640 -0.474034
v 1.221709 -0.046726 -0.584310
v 3.273664 0.259700 -0.856127
v 4.176711 -0.523243 -0.614971
v 4.543817 -0.504200 -0.690738
v 4.594172 -0.419169 -0.632740
v 2.574156 0.449305 0.497003
v 2.262678 0.381910 -0.318074
v 1.066573 -0.032789 -0.575629
v 1.494617 0.046610 -0.062057
v 1.239287 -0.048362 -0.078557
v 2.836228 -0.414288 0.069223
v 0.166728 -0.554729 -0.609844
v 0.231560 -0.503750 -0.528390
v 0.085598 -0.420349 -0.737775
v 3.525209 0.495434 -0.683219
v 2.492950 0.280846 0.222874
v 3.160617 0.373386 -0.479515
v 2.393394 0.291897 0.071026
v 0.328558 0.441420 0.411199
v 3.058722 -0.106995 -0.631959
v 3.633962 -0.383948 -0.170475
v 1.569132 -0.297070 0.173005
v 1.255697 -0.020083 -0.264797
v 4.530662 -0.105413 -0.800064
v 2.133605 -0.223525 -0.700839
v 3.413108 -0.373631 -0.081265
v 1.931372 0.122942 -0.598018
v 0.577060 0.583961 0.402597
v 2.458698 -0.505745 -0.058239
v 2.489643 -0.369519 0.048505
v 2.480209 -0.409806 0.110792
v 2.262214 0.425247 0.320752
v 4.633168 -0.393252 -0.736817
v 2.441564 -0.285517 -0.476140
v 2.334893 -0.348937 -0.407025
v 3.544773 0.388714 -0.914366
v 2.948486 -0.303415 0.119974
v 3.396033 -0.345902 -0.032824
v 0.231436 -0.468542 -0.571425
v 4.053124 -0.530018 -0.646593
v 3.300696 0.413970 -0.884291
v 3.752784 0.210638 -0.872438
v 2.639431 -0.280770 0.107989
v 4.591004 -0.483629 -0.850789
v 2.502330 -0.376847 0.045160
v 3.689340 0.262270 -0.924850
v 2.515574 -0.439314 -0.048616
v 2.127843 0.560647 0.412962
v 1.936340 -0.072614 0.260042
v 0.641512 -0.295431 -0.506374
v 0.594000 -0.328274 -0.439309
v 2.507023 -0.177609 0.407244
v 1.457444 -0.025202 -0.233366
v 0.308864 0.340754 0.241572
v 0.670567 0.491578 0.420962
v 1.351744 -0.344787 0.025550
v 2.584008 0.200499 -0.607133
v 2.583625 0.311794 -0.718389
v 0.461425 -0.117142 -0.286465
v 4.349611 -0.595830 -0.875715
v 1.503746 -0.077655 -0.677230
v 3.814992 0.352979 -0.638944
v 0.237028 -0.339401 -0.579701
v 2.719283 0.398323 0.469076
v 2.773999 0.387391 0.445279
v 4.542394 -0.258565 -0.899832
v 1.871240 -0.280711 -0.430601
v 0.507292 0.431611 0.461255
v 2.503678 -0.412352 0.276237
v 4.036030 0.081665 -0.394151
v 2.485774 -0.435450 0.250090
v 2.733018 -0.296760 0.173667
v 0.038245 0.331187 0.096404
v 4.317157 -0.064414 -0.784129
v 0.411836 -0.288924 -0.562280
v 2.474593 0.313011 0.075832
v 0.621694 0.442649 0.453443
v 1.277348 -0.251764 0.156878
v 2.770740 -0.288843 0.274873
v 2.439115 -0.019291 0.637797
v 2.372466 0.357226 -0.381499
v 2.960299 -0.160779 0.171113
v 0.197016 0.612878 0.316103
v 0.404660 -0.362596 -0.533237
v 3.932904 0.169309 -0.205403
v 1.188448 -0.049380 -0.586216
v 1.228308 -0.245589 -0.557088
v 3.384426 0.436906 -0.391786
v 0.188617 -0.108292 -0.383392
v 1.849362 -0.299219 0.197621
v 3.504052 0.118241 -0.874538
v 2.157937 0.523395 0.550463
v 3.567831 0.293785 -0.160774
v 0.039115 -0.427731 -0.777546
v 2.409167 -0.522180 0.117096
v 2.389867 -0.519361 0.115004
v 2.696571 0.395456 0.581864
v 0.268315 0.344355 0.212474
v 0.291659 -0.229138 -0.302827
v 2.070001 0.505483 0.399900
v 0.707295 0.281904 0.144752
v 3.741817 -0.327353 0.233501
v 3.863128 -0.260350 -0.253827
v 2.662759 0.231949 0.289181
v 1.263662 -0.334195 -0.457264
v 2.605373 0.111875 0.590960
v 3.717482 0.437830 -0.652504
v 3.198509 -0.130688 0.205897
v 2.837641 -0.377036 -0.246721
v 3.718008 -0.154159 -0.593630
v 1.661818 0.091935 -0.019813
v 2.754303 0.279388 0.341361
v 1.571546 0.078430 -0.035189
v 4.058184 0.014270 -0.549450
v 2.435011 -0.482201 0.394122
v 1.128911 -0.032559 -0.257280
v 0.401906 -0.199128 -0.278899
v 1.066622 -0.050933 -0.247199
v 0.700650 0.499713 0.220655
v 1.501500 0.060526 0.041210
v 0.358879 0.727890 0.338340
v 2.450280 -0.063137 -0.754561
v 4.162471 -0.174466 -0.774978
v 3.461908 -0.333131 0.314042
v 3.087439 0.306882 0.237030
v 3.221853 -0.316291 -0.237730
v 2.293153 -0.455374 0.078295
v 0.665577 0.211181 0.215341
v 0.075114 -0.602967 -0.825622
v 0.090760 0.238496 0.253333
v 1.723199 0.028469 0.153600
v 3.052701 0.367414 -0.481521
v 2.934644 0.258971 -0.789577
v 3.087796 -0.258168 0.392513
v 2.377661 -0.468671 0.111775
v 3.850065 -0.197923 -0.445330
v 4.343898 -0.558522 -0.777627
v 0.335605 -0.133226 -0.279218
v 1.197345 0.199425 0.074820
v 1.418953 -0.264395 -0.139725
v 4.276347 -0.009838 -0.656807
v 1.146220 -0.170864 0.184545
v 2.841618 -0.149186 -0.594610
v 0.221314 -0.402332 -0.395580
v 1.053216 -0.077830 0.098331
v 3.617784 0.020979 -0.784126
v 2.436944 0.177811 0.214823
v 2.325896 -0.413613 0.374287
v 1.137019 0.064317 -0.480773
v 1.115988 0.067681 -0.343994
v 0.450954 -0.329983 -0.329854
v 4.245267 -0.333960 -0.455512
v 3.975321 -0.098023 0.050992
v 1.077489 -0.004868 0.018989
v 1.341903 0.041542 0.260744
v 1.315499 0.121630 0.081686
v 1.183769 -0.190099 -0.282436
v 1.324717 0.008421 -0.289038
v 3.434527 -0.097694 0.316267
v 1.850156 0.029606 -0.164948
v 1.123735 0.027189 -0.508129
v 3.328614 -0.378675 -0.220431
v 1.992935 -0.284175 -0.323449
v 1.330438 0.041280 -0.397742
v 4.449813 -0.069808 -0.626030
v 4.367374 -0.480343 -0.528706
v 2.388290 -0.000429 -0.788994
v 3.831400 -0.225938 -0.381850
v 2.789408 0.371094 0.516121
v 1.322838 0.115471 0.223409
v 4.047030 -0.450719 -0.701063
v 2.598334 -0.364432 0.087186
v 1.384671 0.087205 -0.380400
v 3.912640 -0.197931 -0.358309
v 1.294661 -0.006456 -0.092891
v 1.244176 0.016624 -0.296152
v 1.251628 -0.271671 -0.310773
v 0.678904 0.421003 0.201644
v 3.130656 0.344809 -0.036590
v 0.384442 -0.144272 -0.552620
v 3.041771 0.155388 -0.605753
v 0.866859 0.344385 0.383602
v 0.093288 -0.496503 -0.757706
v 3.675146 -0.060896 0.270016
v 1.802434 -0.151807 -0.702980
v 1.855462 -0.245500 0.289664
v 0.383386 0.756775 0.430969
v 1.514792 0.064382 -0.500923
v 1.174511 -0.194586 0.026598
v 1.796359 -0.180333 0.221338
v 3.996562 -0.236760 0.059670
v 2.286527 -0.230823 -0.651618
v 1.851895 -0.035767 0.220139
v 1.801602 -0.017369 0.217242
v 2.204275 0.514150 0.670791
v 0.332267 -0.236952 -0.277541
v 2.718563 0.044701 0.459221
v 1.923626 -0.325995 -0.192372
v 1.160328 -0.207236 -0.592788
v 3.883070 -0.062626 0.185333
v 2.774747 0.415338 -0.636630
v 4.037410 -0.165653 -0.316165
v 2.668156 -0.377093 0.255401
v 0.013530 -0.629994 -0.845702
v 0.424821 0.313880 0.382280
v 3.560749 0.179051 0.117504
v 1.907531 0.224651 -0.436244
v 3.424629 -0.372678 0.082766
v 0.370791 0.431023 0.203340
v 1.511336 -0.313081 -0.530318
v 2.622837 -0.093614 0.544366
v 1.118151 -0.173707 -0.270921
v 2.240085 0.229819 -0.555752
v 3.896181 -0.195790 0.213208
v 2.845387 -0.274225 0.143618
v 4.171124 -0.469098 -0.840955
v 2.452804 0.344380 -0.050568
v 0.355541 0.677821 0.522655
v 0.933290 0.022459 -0.531171
v 1.106122 -0.159070 -0.585760
v 0.220914 -0.418033 -0.606010
v 2.024158 0.204258 -0.538526
v 4.465336 -0.499392 -0.886405
v 3.217509 0.379763 -0.234581
v 3.285441 -0.264327 -0.007938
v 3.697129 0.396355 -0.379120
v 0.032810 -0.359610 -0.428382
v 1.261675 0.179078 0.120261
v 4.154787 -0.494081 -0.711642
v 4.440685 -0.627342 -0.892180
v 4.262682 -0.147830 -0.859159
v 4.251798 -0.574905 -0.627159
v 3.612813 0.423366 -0.853397
v 0.734735 0.191271 0.372781
v 0.733857 0.325787 0.411515
v 3.661789 0.138977 -0.887655
v 3.891281 -0.362008 -0.611404
v 3.168658 -0.380006 0.163377
v 3.779711 -0.387566 0.000170
v 3.932401 -0.297594 0.131938
v 1.828305 0.073232 0.135300
v 2.191058 0.222513 -0.562734
v 1.530306 -0.005791 0.141996
v 2.410609 0.412512 -0.246248
v 0.273305 -0.464824 -0.503564
v 0.653845 0.526910 0.332813
v 2.532468 0.444304 0.389753
v 1.209500 0.075865 -0.468609
v 2.133146 -0.456500 -0.208988
v 2.022481 -0.372235 -0.222440
v 4.198171 -0.493144 -0.515803
v 4.468908 -0.149812 -0.495941
v 4.638851 -0.304514 -0.614701
v 0.433931 -0.041491 -0.447582
v 1.485683 -0.088233 0.199854
v 2.831503 0.222696 -0.555231
v 2.519526 -0.142727 -0.552344
v 0.480897 -0.344012 -0.502157
v 3.290957 0.463358 -0.643291
v 2.433875 0.395575 -0.196787
v 2.309739 -0.041383 -0.764953
v 2.692872 -0.359213 -0.306955
v 2.500746 0.150468 -0.647625
v 3.034438 -0.111928 0.247360
v 0.073121 -0.219918 -0.573545
v 2.312537 -0.510783 -0.031739
v 1.370909 -0.065896 0.261425
v 0.477935 0.659286 0.365545
v 0.456203 0.299457 0.226992
v 3.031161 -0.334646 -0.241078
v 3.075144 -0.352709 -0.207703
v 1.991809 -0.261060 -0.464951
v 4.248963 -0.296886 -0.458420
v 4.297563 -0.311720 -0.405702
v 4.031322 -0.129732 -0.209639
v 4.476762 -0.165728 -0.904065
v 2.996954 -0.050938 0.282533
v 2.458539 -0.358579 -0.057494
v 1.272208 -0.106061 -0.566833
v 1.118858 -0.245943 -0.496274
v 4.531059 -0.139976 -0.843410
v 4.418796 -0.569222 -0.705596
v 1.963640 -0.357042 0.512482
v 2.431620 -0.081065 -0.792315
v 1.101384 -0.206661 -0.286816
v 2.822958 0.362548 0.435478
v 3.626030 0.141945 0.151386
v 2.524916 -0.510816 0.005654
v 4.475596 -0.059016 -0.828538
v 0.027343 -0.259573 -0.554653
v 1.998227 -0.172943 0.559246
v 2.965132 0.235168 -0.617787
v 2.802630 0.201674 -0.854258
v 0.544482 -0.271204 -0.536115
v 4.498986 -0.450200 -0.570262
v 3.532324 0.069560 0.230550
v 2.593714 -0.379577 0.413165
v 2.394819 0.042528 -0.663287
v 4.517033 -0.361943 -0.529667
v 2.046838 -0.082612 0.659721
v 4.470301 -0.538566 -0.619248
v 2.661379 0.313721 -0.012161
v 0.965876 0.145978 0.375802
v 4.416396 -0.515357 -0.569921
v 3.273434 -0.024545 -0.714909
v 1.818612 -0.172376 -0.201250
v 1.442486 0.019797 0.165640
v 1.158335 -0.286270 -0.446537
v 0.077944 -0.234770 -0.292604
v 4.293446 -0.299365 -0.450765
v 4.381455 -0.158006 -0.894037
v 2.547399 -0.426114 0.242546
v 2.312712 -0.371898 -0.425712
v 3.447206 0.092478 -0.821929
v 4.609170 -0.247854 -0.845383
v 3.383254 -0.096862 0.229724
v 4.087908 0.012655 -0.469357
v 1.929220 -0.233666 -0.216616
v 0.428433 0.511337 0.436946
v 0.373621 0.345422 0.319764
v 3.142033 0.206604 -0.643302
v 0.594062 0.249723 0.217534
v 1.943190 -0.249726 -0.312004
v 3.057278 -0.345616 0.381245
v 0.565844 -0.189521 -0.245111
v 3.632270 -0.410775 0.071429
v 2.436758 -0.560585 -0.027856
v 4.443368 -0.114650 -0.858398
v 0.804473 0.467265 0.317577
v 3.077347 -0.224572 0.184885
v 2.039315 0.169498 -0.167954
v 2.899492 -0.252066 -0.557069
v 1.731478 0.076491 0.114866
v 0.524291 0.582244 0.405753
v 2.538284 0.391857 0.284261
v 2.088682 0.133024 0.089440
v 0.085523 -0.140422 -0.297772
v 0.300602 -0.381991 -0.360577
v 2.146133 0.471488 0.644679
v 0.305635 0.741655 0.503132
v 3.185114 0.448816 -0.876482
v 2.424117 -0.009949 -0.773291
v 0.038799 -0.119621 -0.430388
v 0.373653 -0.185058 -0.573801
v 0.043308 0.208024 0.288684
v 3.755819 -0.063855 0.259524
v 4.603884 -0.417406 -0.835350
v 1.416153 -0.255171 0.196692
v 1.675239 -0.008726 -0.158752
v 2.905797 0.345519 -0.648959
v 3.243178 0.304126 -0.630469
v 4.099410 -0.084385 -0.342095
v 4.067966 -0.087669 -0.661643
v 0.187102 0.567837 0.457923
v 1.903846 -0.209936 0.459292
v 2.122538 0.018106 0.687477
v 2.482739 -0.352139 0.358506
v 0.324580 -0.106472 -0.304417
v 2.604595 -0.095410 0.272390
v 2.625774 0.361425 0.287623
v 2.875783 -0.120217 0.287369
v 2.569369 -0.135048 0.250379
v 1.695068 -0.299422 -0.385144
v -0.001779 -0.661243 -0.608032
v 4.174700 -0.343934 -0.439306
v 4.509354 -0.413956 -0.884490
v 0.469176 0.457874 0.467748
v 2.240279 0.190239 0.184272
v 3.290444 0.395383 -0.567149
v 1.286148 -0.273472 -0.587903
v 2.547855 -0.254370 0.230653
v 2.611969 -0.251175 0.451516
v 4.349314 -0.224988 -0.901190
v 2.451416 -0.341350 -0.346783
v 2.572312 -0.389545 0.223981
v 3.908239 -0.205537 -0.234274
v 4.360778 -0.473769 -0.915305
v 2.116306 0.089130 0.611564
v 4.175534 -0.138682 -0.831735
v 0.323544 -0.307525 -0.579342
v 0.001871 -0.401560 -0.740475
v 3.503391 0.486022 -0.649334
v 1.444576 -0.159211 -0.217750
v 2.519573 0.441024 0.632437
v 0.434368 0.444698 0.170616
v 1.151040 0.032270 -0.018468
v 4.545062 -0.112641 -0.760293
v 2.680709 0.414194 0.334760
v 2.541100 -0.126624 0.578637
v 3.999280 0.121117 -0.554278
v 1.467447 -0.290892 -0.418859
v 0.543586 0.376340 0.466833
v 1.724879 0.139147 -0.241196
v 3.290922 0.185326 -0.704711
v 3.405832 0.489840 -0.679701
v 3.809211 0.112536 0.047976
v 1.923291 -0.404147 0.090410
v 0.103791 0.309709 0.364619
v 4.215816 -0.062035 -0.501052
v 2.456036 0.437900 -0.048935
v 2.484405 -0.142317 -0.615068
v 2.557213 0.100351 -0.647109
v 4.193621 -0.200097 -0.808850
v 2.527389 -0.345046 -0.440311
v 1.917491 -0.419736 -0.204952
v 1.421701 0.032357 -0.032589
v 3.093752 0.247015 0.152877
v 2.446556 -0.402254 0.116767
v 3.349412 0.386886 -0.239900
v 1.486228 -0.234940 -0.268699
v 2.534744 -0.499665 0.132332
v 4.517549 -0.547236 -0.902807
v 0.190709 -0.162629 -0.315657
v 4.067566 -0.476425 -0.615346
v 4.342048 -0.511958 -0.896376
v 2.026793 0.044005 0.196312
v 2.460939 0.358908 0.572262
v 1.806046 0.002959 -0.174404
v 4.612540 -0.319310 -0.805872
v 0.583621 0.204854 0.336844
v 0.856829 -0.243694 -0.298223
v 2.433426 -0.115338 -0.649083
v 0.276828 0.343732 0.314563
v 0.473990 0.620390 0.447498
v 0.015350 -0.413319 -0.514085
v 1.224437 0.122502 0.011375
v 2.481108 -0.401074 0.110886
v 0.082093 0.112412 0.136239
v 4.317246 -0.401163 -0.916574
v 3.150436 0.293147 -0.138785
v 3.960646 -0.402489 -0.674490
v 0.512263 0.243896 0.289907
v 3.634432 -0.253046 -0.484056
v 0.294551 -0.196665 -0.581513
v 2.415939 -0.543043 -0.039442
v 0.476164 -0.322277 -0.433523
v 2.419540 -0.392718 0.123725
v 4.618280 -0.422164 -0.796549
v 1.512059 -0.000910 0.197289
v 2.258534 0.514204 0.746518
v 1.499742 -0.128968 -0.169090
v 2.012944 0.270327 -0.362038
v 0.654294 0.194495 0.293714
v 0.540718 0.382207 0.151365
v 0.639168 0.513934 0.267327
v 4.123257 -0.185730 -0.797458
v 0.268701 -0.269830 -0.296854
v 3.385851 -0.377444 0.201733
v 0.944663 0.077914 -0.386918
v 2.166142 0.102811 0.250922
v 1.717127 -0.234851 -0.207584
v 0.114421 -0.755692 -0.857876
v 0.504465 -0.291468 -0.565134
v 1.837156 0.159986 -0.220868
v 2.143398 0.127556 0.701506
v 2.497978 0.219148 0.161835
v 3.795185 0.330299 -0.782638
v 3.298074 0.381186 -0.612279
v 2.212429 -0.500321 -0.106712
v 2.486327 -0.371450 -0.006726
v 3.031190 -0.006860 -0.667062
v 4.183537 -0.083300 -0.714509
v 2.187330 0.342830 0.298666
v 3.525914 0.280141 -0.074363
v 2.700286 -0.032103 -0.590801
v 2.517210 -0.387258 -0.034252
v 0.061214 -0.525803 -0.504452
v 2.533270 -0.377592 0.103048
v 2.392891 -0.515406 0.080976
vn 0.5770 0.7813 0.2381
vn -0.0108 -0.6255 -0.7802
vn -0.2306 -0.9209 -0.3143
vn 0.2661 0.9292 -0.2565
vn -0.6711 -0.2032 -0.7129
vn 0.1095 -0.3219 0.9404
vn -0.0735 0.4556 0.8871
vn 0.9237 0.0129 0.3829
vn -0.7856 0.0432 -0.6173
vn -0.0634 -0.9279 0.3673
vn -0.0637 0.6914 -0.7196
vn 0.0635 -0.0744 -0.9952
vn 0.2310 -0.7880 0.5708
vn 0.7937 0.3773 0.4772
vn -0.6440 -0.6575 -0.3912
vn 0.5385 0.4034 -0.7398
vn -0.0307 0.7247 0.6883
vn 0.2196 -0.2238 0.9496
vn -0.2885 0.7185 -0.6329
vn 0.2749 -0.2882 0.9173
vn 0.5822 0.0256 0.8126
vn -0.0790 0.6125 -0.7865
vn 0.0674 0.9757 -0.2085
vn 0.9484 -0.1985 -0.2474
vn -0.3988 -0.8978 0.1870
vn -0.3252 0.0397 -0.9448
vn 0.8973 -0.2035 0.3916
vn 0.6159 0.2528 -0.7462
vn -0.2997 -0.5557 -0.7755
vn 0.9897 -0.0791 0.1194
vn -0.6086 0.4720 -0.6379
vn 0.0849 -0.9139 0.3970
vn 0.4688 0.8693 -0.1565
vn 0.4957 0.5712 0.6543
vn -0.3477 -0.7894 -0.5059
vn -0.1645 -0.9608 0.2232
vn -0.6468 -0.7626 0.0077
vn 0.8091 0.5068 0.2976
vn 0.8233 0.4890 -0.2884
vn 0.4892 0.2246 0.8428
vn 0.4017 -0.6256 0.6688
vn -0.3713 0.9275 -0.0434
vn -0.5435 0.5878 -0.5992
vn -0.0495 0.8434 -0.5350
vn 0.2614 0.3342 0.9055
vn -0.2475 -0.9531 0.1745
vn 0.2234 0.8844 0.4098
vn 0.1527 0.6692 0.7273
vn 0.1395 -0.1311 0.9815
vn 0.6778 -0.2493 -0.6917
vn -0.5083 0.8510 -0.1321
vn -0.5135 -0.7948 0.3234
vn 0.6131 -0.2057 -0.7628
vn 0.7557 -0.6432 0.1230
vn -0.6268 -0.4586 0.6300
vn 0.4141 0.7420 -0.5272
vn -0.6863 -0.2317 -0.6894
vn 0.3515 0.8237 -0.4450
vn 0.0795 -0.6308 -0.7719
vn 0.0818 -0.6312 -0.7713
vn 0.0816 -0.6312 -0.7713
vn -0.0787 -0.9847 -0.1554
vn 0.0253 -0.6646 -0.7468
vn -0.3869 -0.9034 -0.1848
vn 0.6590 0.5227 0.5408
vn -0.9021 -0.3956 -0.1722
vn 0.8964 0.3392 -0.2852
vn 0.2095 -0.9211 0.3280
vn 0.1346 -0.9867 -0.0915
vn 0.1348 -0.9867 -0.0914
vn 0.2176 0.1096 -0.9699
vn -0.0362 0.6711 -0.7405
vn -0.0773 0.6451 0.7602
vn 0.0043 0.5781 -0.8159
vn -0.0742 0.2809 -0.9569
vn -0.2754 0.9219 0.2724
vn 0.5728 0.6071 -0.5507
vn -0.1744 0.9720 0.1577
vn -0.1120 -0.0844 -0.9901
vn 0.3880 -0.4491 -0.8048
vn 0.6262 0.0483 -0.7781
vn 0.0365 0.9993 -0.0066
vn -0.2018 0.8946 0.3988
vn -0.3479 -0.9052 0.2440
vn -0.2520 0.3601 0.8982
vn -0.1552 -0.6813 0.7154
vn 0.3374 -0.1621 -0.9273
vn 0.3432 -0.1561 -0.9262
vn 0.3421 -0.1572 -0.9264
vn -0.1130 0.9846 0.1337
vn -0.1213 -0.6565 0.7445
vn -0.1475 0.2886 -0.9460
vn 0.1275 -0.5395 -0.8323
vn 0.1358 -0.1514 0.9791
vn -0.0635 -0.8415 -0.5365
vn -0.9054 -0.4233 -0.0333
vn 0.1861 0.7576 -0.6257
vn -0.8199 0.1496 -0.5526
vn -0.4914 -0.0577 -0.8690
vn 0.1335 -0.1673 0.9768
vn 0.0977 -0.9948 -0.0296
vn 0.0974 -0.9948 -0.0297
vn 0.0187 -0.5886 0.8082
vn -0.3299 -0.8331 -0.4440
vn -0.9976 -0.0201 -0.0669
vn -0.3483 0.7681 0.5373
vn 0.3599 0.7013 0.6153
vn 0.1766 0.9022 0.3935
vn 0.2652 -0.0374 0.9635
vn -0.2389 -0.8471 -0.4747
vn 0.4299 -0.5412 0.7227
vn 0.4327 -0.5446 0.7185
vn 0.4294 -0.5405 0.7235
vn -0.1746 -0.7705 -0.6131
vn 0.8443 0.1882 0.5018
vn 0.1894 -0.9057 -0.3793
vn 0.2911 -0.3639 -0.8848
vn 0.5373 0.8434 0.0012
vn 0.5313 -0.8456 -0.0523
vn 0.7876 -0.6028 -0.1273
vn 0.2873 -0.2677 0.9197
vn 0.6508 0.7471 0.1351
vn 0.4222 0.0591 0.9046
vn 0.5317 0.0389 0.8460
vn 0.2368 0.2683 -0.9338
vn -0.3773 0.5888 0.7149
vn 0.3034 -0.4129 -0.8588
vn -0.0182 -0.3011 0.9534
vn -0.5338 -0.4185 -0.7348
vn 0.0273 -0.1031 0.9943
vn -0.0729 -0.7143 0.6960
vn 0.2347 -0.7763 -0.5850
vn -0.0168 0.8727 -0.4879
vn 0.4877 -0.4046 0.7736
vn 0.3365 -0.7357 0.5878
vn 0.0833 0.9945 -0.0636
vn 0.9223 0.3777 0.0820
vn -0.2915 -0.8740 0.3888
vn -0.3705 0.3036 -0.8778
vn 0.1360 -0.3169 0.9387
vn -0.0649 -0.7352 0.6748
vn -0.1746 0.7881 0.5903
vn 0.8887 -0.0562 -0.4550
vn 0.9888 0.0949 -0.1150
vn 0.3139 0.9456 0.0855
vn -0.3720 -0.2329 -0.8986
vn 0.8078 -0.5431 0.2293
vn 0.7393 -0.5201 -0.4276
vn -0.0983 -0.9906 -0.0953
vn 0.2071 -0.9173 -0.3401
vn 0.0072 0.7844 0.6202
vn 0.2902 -0.4809 0.8274
vn -0.3046 0.8915 -0.3353
vn 0.8423 -0.1739 -0.5102
vn -0.0481 -0.1152 0.9922
vn -0.2868 0.8492 -0.4434
vn -0.3348 0.9000 -0.2790
vn 0.0065 -0.7391 -0.6736
vn -0.8769 0.1649 0.4515
vn 0.2170 0.9559 -0.1978
vn 0.5339 -0.8413 0.0845
vn -0.2533 0.9659 -0.0528
vn -0.2532 0.9659 -0.0536
vn -0.2535 0.9660 -0.0510
vn 0.6943 0.0841 -0.7148
vn 0.3049 -0.7910 0.5305
vn -0.0375 0.8524 -0.5216
vn 0.4778 0.1199 -0.8703
vn 0.1616 0.8442 0.5112
vn -0.1457 -0.0228 0.9891
vn -0.3708 0.9091 0.1899
vn -0.0961 -0.6798 0.7271
vn -0.3714 -0.7609 -0.5321
vn -0.1128 0.5424 0.8325
vn 0.4959 -0.8201 -0.2857
vn 0.3809 0.2492 0.8904
vn 0.0451 0.1321 -0.9902
vn -0.0894 -0.9960 0.0014
vn 0.1347 -0.1905 -0.9724
vn 0.5731 -0.6120 -0.5450
vn 0.6542 -0.1818 -0.7342
vn -0.6166 0.1512 -0.7726
vn 0.2336 -0.0782 0.9692
vn -0.0700 -0.5831 0.8094
vn 0.0049 0.8826 -0.4701
vn 0.7331 -0.4851 -0.4768
vn -0.2791 0.6824 -0.6756
vn 0.4749 0.1487 -0.8674
vn -0.0919 0.1054 0.9902
vn -0.6220 -0.2414 0.7449
vn -0.2263 0.3170 0.9210
vn -0.2303 0.3152 0.9207
vn -0.2302 0.3145 0.9209
vn 0.9540 0.2054 -0.2183
vn 0.8647 0.2363 0.4433
vn -0.6550 0.6935 0.3000
vn 0.5914 0.6661 0.4545
vn -0.8511 -0.4460 -0.2768
vn -0.0035 -0.9337 -0.3581
vn -0.0594 -0.7556 -0.6523
vn 0.0684 0.4815 0.8738
vn -0.0170 -0.6024 0.7980
vn -0.7253 0.0861 0.6830
vn -0.3972 0.5421 -0.7405
vn 0.0740 -0.6628 0.7452
vn -0.8537 0.5114 0.0985
vn -0.0240 0.3567 0.9339
vn -0.3237 -0.5694 -0.7557
vn -0.3266 -0.5648 -0.7579
vn -0.3236 -0.5698 -0.7554
vn -0.5964 -0.4916 -0.6345
vn 0.8268 0.2251 -0.5155
vn -0.9599 -0.1549 -0.2335
vn 0.7713 0.1070 -0.6275
vn 0.5674 0.3800 0.7305
vn 0.0236 0.9092 0.4157
vn -0.4381 -0.2599 -0.8605
vn -0.6595 -0.4176 -0.6250
vn -0.2120 0.6405 -0.7381
vn -0.8582 0.4346 -0.2732
vn -0.2306 0.9624 -0.1436
vn -0.4526 -0.8496 -0.2708
vn 0.8917 -0.3849 0.2382
vn 0.6779 0.2323 0.6974
vn -0.0890 0.2082 -0.9740
vn -0.7170 -0.3899 -0.5779
vn 0.5421 -0.5984 -0.5899
vn -0.2017 -0.8943 0.3993
vn -0.1849 -0.2908 0.9387
vn -0.2261 -0.9022 0.3673
vn 0.3516 0.6947 -0.6276
vn 0.6567 -0.7127 0.2464
vn -0.6658 0.7429 -0.0690
vn 0.0256 -0.4448 0.8952
vn -0.5349 0.8242 -0.1860
vn -0.2487 -0.5986 0.7614
vn -0.0614 -0.8570 0.5117
vn 0.0374 -0.2692 0.9624
vn 0.1803 -0.7947 -0.5796
vn 0.4463 0.2749 -0.8516
vn -0.7370 -0.6733 0.0594
vn -0.4241 -0.8947 0.1400
vn -0.4815 -0.0578 0.8746
vn -0.2328 -0.8750 -0.4244
vn -0.3350 0.7746 -0.5364
vn 0.7583 0.1132 0.6420
vn -0.3750 0.2457 -0.8939
vn -0.3785 0.2351 -0.8952
vn -0.3751 0.2455 -0.8939
vn -0.9469 -0.1247 0.2962
vn -0.0598 0.9469 0.3160
vn 0.0353 0.9952 -0.0914
vn 0.1662 0.8193 -0.5488
vn -0.7395 0.0811 0.6682
vn 0.0125 0.6870 -0.7266
vn -0.0947 0.9035 -0.4180
vn -0.2448 -0.4359 0.8661
vn -0.1494 0.9876 -0.0473
vn -0.5060 0.1285 -0.8529
vn -0.4749 -0.8766 0.0780
vn -0.0335 0.0654 0.9973
vn -0.9872 0.0613 -0.1475
vn 0.2110 0.4023 0.8908
vn 0.1156 0.7440 -0.6581
vn -0.5736 0.7639 0.2956
vn -0.1926 0.8554 -0.4809
vn -0.2887 0.7638 0.5773
vn -0.5437 0.2901 0.7876
vn -0.0015 -0.8564 0.5163
vn 0.0349 0.5333 0.8452
vn 0.4585 0.8829 -0.1014
vn 0.4622 0.8060 0.3697
vn -0.3518 -0.3771 0.8567
vn -0.7594 -0.4724 0.4474
vn 0.4885 -0.8723 0.0221
vn 0.3950 -0.4908 0.7766
vn -0.0711 0.8684 0.4908
vn 0.6391 -0.5728 0.5134
vn -0.5152 -0.1330 -0.8467
vn -0.7221 0.6848 0.0983
vn 0.0448 0.9817 -0.1851
vn 0.2256 0.5609 0.7965
vn 0.0547 0.0318 -0.9980
vn 0.8403 0.4496 -0.3028
vn -0.0833 0.8515 0.5177
vn 0.4782 -0.2803 0.8323
vn 0.7112 -0.6528 -0.2609
vn 0.1158 0.9890 0.0921
vn 0.2917 -0.9419 0.1664
vn -0.1408 0.4310 -0.8913
vn -0.2804 0.3001 -0.9118
vn -0.0593 0.7548 -0.6533
vn 0.5215 0.2047 -0.8284
vn -0.0904 0.9192 0.3832
vn -0.2323 -0.9427 -0.2393
vn 0.1772 0.2941 -0.9392
vn -0.6496 0.7519 -0.1125
vn -0.1238 -0.6396 0.7587
vn -0.4290 0.8911 -0.1479
vn -0.3587 -0.9251 -0.1248
vn 0.2176 0.9241 -0.3141
vn 0.7006 0.5610 -0.4409
vn -0.6900 0.6462 0.3261
vn 0.5347 -0.7135 -0.4527
vn -0.1956 -0.7806 -0.5936
vn -0.0105 0.4194 -0.9077
vn -0.8547 -0.4574 0.2454
vn 0.7854 0.6004 0.1503
vn 0.8230 0.5304 0.2034
vn -0.4990 -0.2465 -0.8308
vn -0.9576 0.1598 0.2397
vn 0.2988 0.7887 -0.5373
vn -0.0908 0.9634 0.2522
vn 0.3589 0.2932 -0.8861
vn 0.0919 -0.9941 -0.0585
vn 0.9683 -0.0985 0.2294
vn 0.7594 -0.5753 -0.3040
vn 0.1084 -0.8152 0.5690
vn -0.1669 0.9246 -0.3423
vn -0.1714 0.6945 -0.6988
vn -0.1659 0.3222 -0.9320
vn 0.1373 -0.9345 -0.3284
vn 0.4191 -0.7943 -0.4398
vn -0.0451 -0.8989 -0.4357
vn 0.3416 -0.7149 0.6102
vn 0.1383 -0.9892 0.0474
vn 0.7448 -0.6413 0.1842
vn 0.8628 0.2167 -0.4568
vn -0.3755 0.4990 -0.7811
vn 0.4497 -0.8150 -0.3655
vn 0.2899 0.0918 -0.9526
vn 0.9326 0.2864 -0.2198
vn 0.5371 -0.8424 0.0437
vn -0.2756 -0.9277 -0.2518
vn 0.9539 0.0279 -0.2989
vn -0.6746 -0.0922 0.7324
vn -0.5973 -0.1181 0.7933
vn 0.1479 -0.9883 -0.0378
vn 0.3833 0.7264 0.5705
vn -0.2486 -0.6438 -0.7237
vn 0.3062 -0.8989 0.3134
vn -0.3980 -0.4041 -0.8236
vn -0.1624 0.9363 -0.3115
vn -0.1474 0.5384 -0.8297
vn -0.0907 -0.9942 0.0581
vn 0.3794 -0.6377 -0.6703
vn 0.0748 -0.7915 0.6066
vn -0.3042 -0.4076 -0.8610
vn 0.1841 -0.8597 -0.4764
vn 0.8788 0.3817 0.2866
vn 0.1656 0.9586 0.2317
vn 0.7788 -0.6220 0.0812
vn 0.0863 -0.9930 0.0807
vn -0.2276 0.2833 -0.9316
vn -0.4596 0.7712 0.4405
vn 0.0133 -0.3263 -0.9452
vn -0.3206 0.8861 -0.3348
vn 0.1986 0.2512 -0.9473
vn -0.6687 0.7207 0.1827
vn -0.5166 0.8020 -0.2999
vn -0.9971 0.0455 0.0617
vn -0.0930 0.1784 0.9796
vn -0.4396 0.8283 -0.3475
vn 0.1265 -0.2042 0.9707
vn -0.6672 -0.3884 0.6356
vn -0.6669 -0.3888 0.6357
vn -0.0530 0.4480 -0.8925
vn 0.9157 -0.3914 0.0915
vn 0.1854 -0.0917 0.9784
vn -0.1250 -0.5846 0.8016
vn 0.4687 -0.3326 0.8183
vn 0.6249 -0.2437 0.7417
vn -0.0998 0.7717 -0.6281
vn 0.0980 -0.9947 -0.0295
vn 0.0165 0.9972 0.0725
vn 0.1356 -0.1575 0.9782
vn 0.1141 -0.4343 0.8935
vn 0.4712 -0.3974 -0.7874
vn 0.5724 -0.0775 -0.8163
vn 0.0585 0.9104 -0.4097
vn -0.2471 -0.4333 -0.8667
vn -0.4908 0.2984 -0.8186
vn 0.6349 0.7555 0.1619
vn -0.0836 -0.3940 -0.9153
vn 0.8821 0.4096 0.2326
vn 0.3524 0.9210 0.1660
vn -0.2185 0.9659 0.1387
vn -0.1543 0.8260 -0.5421
vn 0.7940 -0.1407 -0.5915
vn -0.3046 -0.4541 -0.8373
vn 0.4082 -0.8396 -0.3584
vn -0.5026 0.5690 -0.6509
vn -0.0841 -0.9189 0.3854
vn 0.6692 0.4718 -0.5741
vn 0.2196 -0.8864 0.4075
vn -0.4465 0.3475 0.8245
vn 0.2031 0.8891 -0.4101
vn -0.4113 -0.7966 -0.4429
vn -0.1529 0.6492 -0.7451
vn 0.4549 0.0063 0.8905
vn 0.9291 -0.0976 -0.3567
vn -0.5907 -0.0339 -0.8061
vn -0.9702 -0.2305 -0.0753
vn -0.0745 -0.2283 0.9707
vn 0.0830 -0.4707 0.8784
vn 0.3351 0.8719 0.3571
vn -0.1156 0.8416 -0.5276
vn -0.2772 0.2006 -0.9396
vn -0.2752 0.2000 -0.9404
vn -0.2770 0.2005 -0.9397
vn -0.1008 -0.9922 -0.0739
vn -0.1034 -0.9916 -0.0773
vn -0.0996 -0.9924 -0.0724
vn -0.4034 -0.8258 -0.3940
vn -0.1274 0.9895 0.0684
vn -0.9143 0.0245 0.4043
vn 0.2013 -0.9708 0.1308
vn 0.1654 0.6822 -0.7122
vn 0.4618 -0.8436 -0.2742
vn -0.0240 0.5767 -0.8166
vn -0.0373 0.3500 0.9360
vn -0.3676 0.1732 -0.9137
vn 0.9759 0.1825 -0.1200
vn 0.9818 0.1806 -0.0591
vn -0.2898 -0.0601 0.9552
vn -0.2878 0.7731 -0.5652
vn -0.2304 0.5596 -0.7961
vn 0.6383 -0.1978 -0.7439
vn -0.0727 0.5050 0.8600
vn 0.0743 0.6395 -0.7652
vn 0.9409 -0.1222 -0.3158
vn -0.2720 0.9309 0.2439
vn 0.1145 0.8542 -0.5071
vn 0.2051 0.0938 0.9742
vn -0.1832 -0.0966 0.9783
vn 0.1938 0.9746 0.1119
vn 0.2295 0.7302 -0.6435
vn -0.4683 -0.4675 0.7498
vn 0.8971 -0.3997 0.1884
vn -0.1486 0.6360 0.7573
vn 0.3098 0.2798 0.9087
vn 0.1161 -0.8159 -0.5664
vn 0.1343 0.5071 -0.8514
vn 0.8326 0.5490 0.0732
vn -0.5836 -0.1635 0.7954
vn 0.6040 0.5929 0.5327
vn -0.1482 0.2526 -0.9562
vn -0.0859 0.7794 -0.6207
vn 0.0498 0.8954 -0.4424
vn 0.0119 -0.9529 0.3029
vn -0.3271 -0.5639 -0.7583
vn 0.2941 0.8349 0.4653
vn 0.0519 0.3056 0.9508
vn 0.7566 0.6243 0.1946
vn -0.1262 -0.8216 -0.5559
vn -0.8971 0.3920 -0.2037
vn 0.1877 -0.9551 0.2294
vn -0.1758 -0.3442 -0.9223
vn 0.0653 -0.4590 0.8860
vn -0.4557 -0.7783 0.4319
vn -0.0223 -0.7405 0.6716
vn 0.3488 0.3180 0.8816
vn 0.5118 0.0944 0.8539
vn 0.0040 -0.2182 0.9759
vn -0.5324 0.0637 -0.8441
vn 0.9973 -0.0295 -0.0667
vn -0.2368 0.9631 -0.1277
vn -0.0093 0.4651 -0.8852
vn 0.1047 -0.9677 0.2294
vn -0.9333 0.3030 0.1930
vn -0.5664 0.3120 -0.7628
vn -0.5657 0.3117 -0.7634
vn -0.5654 0.3116 -0.7636
vn -0.2094 0.2395 0.9480
vn 0.7983 0.4116 0.4397
vn 0.9679 -0.0962 0.2320
vn 0.9677 -0.0999 0.2314
vn 0.9676 -0.1021 0.2310
vn -0.0094 0.8153 -0.5790
vn -0.1869 0.9801 0.0670
vn 0.6717 0.7336 -0.1037
vn 0.6681 0.7362 -0.1074
vn 0.6679 0.7364 -0.1078
vn 0.6677 0.7366 -0.1079
vn 0.0374 -0.0896 -0.9953
vn -0.1142 -0.1590 -0.9806
vn 0.1789 0.2761 -0.9443
vn 0.7892 0.2289 -0.5699
vn -0.2658 0.0328 0.9635
vn 0.4704 -0.4584 -0.7541
vn -0.2427 0.9690 0.0467
vn 0.0175 -0.9998 -0.0076
vn -0.3795 0.1283 -0.9163
vn -0.9802 0.1600 -0.1166
vn 0.2455 -0.3667 0.8974
vn 0.0113 0.5208 -0.8536
vn 0.2262 -0.1174 0.9670
vn -0.0688 0.1587 -0.9849
vn 0.3403 0.8559 0.3895
vn -0.9476 -0.3145 0.0564
vn 0.3273 0.3626 -0.8726
vn 0.3272 0.3627 -0.8726
vn -0.9709 0.1237 -0.2050
vn 0.1142 0.9911 -0.0686
vn 0.0026 0.7819 0.6234
vn 0.2156 -0.1985 -0.9561
vn -0.5400 0.7544 -0.3732
vn 0.2875 0.1331 -0.9485
vn 0.3241 -0.1309 0.9369
vn -0.2781 0.8083 0.5190
vn 0.1984 0.9561 0.2156
vn 0.2104 -0.4232 0.8813
vn -0.2123 0.8669 0.4510
vn -0.9931 -0.0655 0.0976
vn -0.1658 0.8478 -0.5038
vn -0.8713 -0.4836 -0.0834
vn 0.2772 0.9554 0.1015
vn 0.2520 -0.3928 -0.8844
vn 0.9319 -0.0107 0.3625
vn 0.0932 -0.7908 0.6050
vn 0.1675 0.8196 -0.5479
vn -0.0896 0.7755 0.6249
vn 0.2039 0.9731 0.1074
vn 0.4273 0.5269 0.7347
vn -0.0153 -0.8331 -0.5530
vn -0.0122 0.9176 -0.3972
vn 0.7206 0.6799 0.1358
vn -0.2839 0.3273 0.9012
vn 0.1648 -0.3210 0.9326
vn -0.4813 0.1590 -0.8620
vn -0.0269 -0.8632 0.5042
vn -0.5755 -0.8170 -0.0362
vn -0.4868 0.4239 0.7638
vn 0.5135 0.7491 0.4185
vn 0.1772 -0.9767 -0.1207
vn -0.1643 -0.0874 0.9825
vn 0.4302 0.4516 0.7816
vn -0.2271 -0.5204 -0.8232
vn -0.7318 -0.4297 -0.5289
vn 0.3286 0.7650 0.5539
vn -0.7108 -0.5651 -0.4189
vn -0.2270 0.3544 -0.9071
vn -0.3329 -0.1405 -0.9324
vn 0.1037 -0.5098 0.8540
vn 0.1863 0.6283 0.7554
vn -0.2388 0.5637 0.7907
vn -0.4518 -0.5090 -0.7326
vn 0.1122 0.7506 0.6511
vn 0.1182 -0.2146 0.9695
vn -0.1281 0.6858 0.7165
vn -0.4546 -0.8529 0.2566
vn 0.8085 0.5227 -0.2704
vn -0.3901 -0.2822 -0.8765
vn -0.3874 -0.2841 -0.8770
vn -0.3905 -0.2819 -0.8764
vn -0.2987 -0.9334 0.1988
vn 0.7899 0.5412 -0.2883
vn 0.4833 -0.8646 0.1370
vn 0.2915 -0.1512 -0.9445
vn 0.1647 0.1367 0.9768
vn -0.1033 0.1204 0.9873
vn -0.1314 -0.9465 -0.2947
vn 0.5526 -0.5558 0.6210
vn 0.5848 0.3241 -0.7436
vn -0.0242 0.9982 -0.0541
vn -0.5248 -0.6169 -0.5865
vn 0.6816 0.3631 -0.6353
vn 0.1268 0.5642 0.8158
vn 0.2021 -0.9090 0.3645
vn 0.7792 0.5539 -0.2931
vn 0.9981 0.0137 -0.0604
vn -0.2146 -0.0724 0.9740
vn -0.6944 0.3207 0.6442
vn -0.1418 -0.6030 -0.7850
vn 0.0445 0.3513 0.9352
vn 0.0273 0.6132 0.7895
vn -0.4396 -0.6660 -0.6027
vn -0.4420 -0.6659 -0.6010
vn -0.4431 -0.6659 -0.6002
vn 0.0853 0.9695 -0.2297
vn -0.1718 -0.6754 -0.7172
vn 0.0254 0.9199 0.3912
vn -0.6207 -0.7400 0.2590
vn 0.4851 -0.8074 0.3358
vn 0.5943 0.6485 -0.4758
vn 0.4786 -0.8769 0.0442
vn 0.3046 -0.6998 -0.6462
vn 0.2852 -0.9127 0.2928
vn -0.6853 -0.4385 -0.5815
vn -0.4713 -0.8806 -0.0486
vn -0.7512 0.4880 0.4445
vn 0.5053 0.8101 0.2975
vn 0.0686 0.2464 -0.9667
vn -0.7616 0.0946 -0.6411
vn -0.7253 -0.6804 -0.1054
vn -0.0169 0.9583 0.2852
vn -0.0717 -0.5882 -0.8056
vn -0.1716 0.2700 0.9474
vn -0.1723 0.2705 0.9472
vn -0.1719 0.2702 0.9473
vn 0.0331 -0.6900 0.7230
vn -0.0199 0.8142 -0.5802
vn 0.0348 -0.7409 0.6708
vn -0.3098 -0.1656 0.9363
vn -0.0322 0.4804 0.8764
vn 0.1024 -0.5159 0.8505
vn 0.5624 -0.1709 0.8090
vn 0.3340 0.9424 0.0154
vn -0.1050 -0.9923 0.0663
vn 0.1594 0.9813 -0.1077
vn -0.2271 -0.8997 0.3728
vn 0.7340 -0.6761 -0.0639
vn 0.4331 -0.5452 0.7177
vn -0.1805 0.3576 -0.9162
vn 0.2541 -0.2917 0.9221
vn -0.0803 -0.2083 0.9748
vn 0.1198 -0.2824 0.9518
vn 0.2484 -0.6268 0.7385
vn 0.0590 -0.6638 0.7456
vn 0.4136 -0.3464 -0.8420
vn 0.1702 -0.3579 0.9181
vn -0.3118 0.9322 -0.1840
vn -0.1670 -0.1635 -0.9723
vn -0.2091 0.3333 -0.9193
vn -0.9824 -0.1656 0.0864
vn -0.3532 -0.3732 0.8579
vn 0.3617 -0.0229 0.9320
vn -0.1974 -0.5790 0.7911
vn -0.6110 0.0486 -0.7901
vn 0.4455 0.1166 -0.8876
vn 0.6061 -0.3649 0.7068
vn -0.0261 0.6568 -0.7537
vn -0.6195 0.7761 -0.1180
vn 0.2971 -0.5773 0.7605
vn -0.5386 -0.1471 -0.8297
vn -0.6988 -0.7151 -0.0178
vn -0.2533 -0.0583 -0.9656
vn -0.2039 0.2930 -0.9341
vn -0.5924 0.6914 0.4135
vn 0.1692 -0.9309 0.3236
vn 0.9723 0.2304 -0.0403
vn -0.5798 0.8139 -0.0388
vn -0.6655 -0.5639 0.4890
vn 0.7271 0.6865 -0.0078
vn 0.3115 -0.8624 -0.3991
vn 0.3143 -0.7482 0.5843
vn -0.6093 0.2038 -0.7663
vn -0.6091 0.2039 -0.7665
vn -0.6097 0.2038 -0.7660
vn 0.2828 0.9196 0.2726
vn -0.0197 -0.8491 -0.5279
vn 0.1173 -0.8251 0.5527
vn -0.4251 0.8357 0.3476
vn 0.2379 -0.9477 0.2128
vn 0.1221 -0.6500 0.7501
vn 0.6948 0.1781 -0.6968
vn 0.7158 0.3451 0.6071
vn 0.7110 0.3506 0.6095
vn 0.7176 0.3430 0.6062
vn 0.0250 0.9970 0.0736
vn 0.1432 -0.7368 0.6608
vn -0.1594 0.9795 0.1230
vn -0.2133 0.9270 -0.3086
vn 0.4050 -0.5084 0.7600
vn -0.6111 -0.2744 0.7425
vn -0.0772 0.1968 -0.9774
vn 0.0547 -0.5336 0.8440
vn -0.1789 0.6243 -0.7604
vn -0.3593 -0.5100 -0.7815
vn -0.4810 -0.2305 0.8459
vn 0.3016 -0.9526 -0.0407
vn -0.7498 -0.6588 0.0610
vn 0.2102 -0.9727 0.0988
vn -0.1768 0.7045 -0.6873
vn 0.1088 0.8290 -0.5486
vn 0.1018 0.8260 -0.5543
vn 0.1029 0.8265 -0.5535
vn -0.0358 0.9465 0.3207
vn -0.3539 0.9291 0.1077
vn 0.3138 -0.4982 0.8083
vn -0.0208 0.8087 -0.5879
vn -0.2224 0.9608 -0.1656
vn -0.1602 0.9679 0.1939
vn -0.7952 -0.6064 -0.0026
vn 0.3800 -0.9112 -0.1590
vn -0.3962 0.5511 -0.7344
vn -0.1213 -0.8481 0.5158
vn -0.0622 -0.9833 0.1712
vn -0.7445 0.6495 0.1542
vn 0.5430 -0.5874 -0.6001
vn 0.5431 -0.5899 -0.5975
vn 0.5441 -0.5883 -0.5982
vn -0.3472 0.4649 0.8144
vn 0.4044 0.5244 -0.7493
vn 0.6562 0.6945 0.2950
vn 0.2083 -0.8302 -0.5171
vn -0.1665 -0.9465 -0.2764
vn 0.7845 0.6196 -0.0274
vn -0.2906 -0.3867 -0.8752
vn 0.5277 0.7822 -0.3313
vn -0.0919 -0.3518 -0.9315
vn -0.1299 0.9503 0.2830
vn 0.1437 -0.9864 0.0800
vn -0.6972 -0.5323 0.4802
vn -0.1610 -0.4099 0.8978
vn 0.4669 0.5747 0.6721
vn -0.0716 -0.8748 -0.4791
vn -0.0149 0.9799 -0.1991
vn -0.3812 -0.6618 -0.6456
vn -0.3819 -0.8223 -0.4219
vn -0.5594 -0.8269 0.0573
vn 0.4898 0.5816 0.6495
vn -0.9817 0.1648 -0.0951
vn -0.2781 0.2649 -0.9233
vn 0.0055 0.4130 -0.9107
vn -0.8447 -0.2878 0.4513
vn 0.0638 0.1416 -0.9879
vn 0.5419 -0.5876 -0.6009
vn -0.0182 -0.8561 0.5164
vn -0.0611 -0.9689 -0.2399
vn -0.0667 -0.2765 0.9587
vn 0.0121 0.6474 -0.7621
vn 0.0085 -0.5386 -0.8425
vn -0.1261 0.4967 0.8587
vn -0.4006 0.9129 0.0779
vn 0.1773 0.0744 -0.9813
vn -0.5745 -0.8115 0.1071
vn -0.3987 -0.8711 0.2866
vn 0.2340 0.0501 0.9709
vn 0.9058 -0.2288 -0.3567
vn -0.3449 -0.8682 -0.3567
vn -0.1725 0.2706 0.9471
vn -0.8338 0.5216 0.1807
vn 0.2529 -0.1847 0.9497
vn -0.7634 -0.2606 0.5911
vn -0.3606 0.0033 0.9327
vn -0.3573 -0.7726 0.5248
vn 0.2988 0.2317 0.9258
vn 0.0158 0.3079 0.9513
vn -0.3065 -0.0157 0.9517
vn 0.3016 -0.8127 0.4986
vn 0.9867 -0.0156 -0.1619
vn 0.2317 -0.9280 0.2916
vn -0.5425 0.3297 -0.7727
vn 0.6888 0.4716 0.5505
vn -0.0769 0.4791 0.8744
vn 0.3410 0.2593 0.9036
vn 0.0536 -0.5747 0.8166
vn -0.0789 -0.4228 0.9028
vn -0.9987 -0.0353 -0.0371
vn -0.0912 -0.2423 -0.9659
vn -0.7061 0.5378 0.4608
vn 0.0509 -0.4631 -0.8848
vn 0.0787 0.2249 0.9712
vn 0.0162 -0.1103 -0.9938
vn 0.3082 -0.3652 0.8784
vn 0.9071 0.1899 -0.3757
vn 0.5358 -0.5918 -0.6022
vn 0.5700 -0.7663 -0.2965
vn -0.2285 0.7778 -0.5856
vn 0.5398 0.4352 0.7206
vn -0.7253 -0.6760 -0.1299
vn 0.8833 -0.0650 -0.4643
vn -0.0123 0.7546 0.6561
vn 0.0813 -0.8855 -0.4574
vn 0.4552 0.7731 0.4417
vn -0.6030 0.0918 0.7924
vn 0.1229 0.1048 -0.9869
vn 0.7452 0.5045 -0.4361
vn 0.2051 0.3611 0.9097
vn 0.0563 0.7662 -0.6401
vn -0.3556 0.8123 -0.4622
vn 0.4170 -0.5948 -0.6872
vn 0.8394 -0.5269 0.1332
vn -0.2017 0.6530 0.7300
vn -0.3748 0.2466 -0.8937
vn 0.4723 0.7801 0.4104
vn 0.4902 0.7727 0.4032
vn -0.7192 0.5886 -0.3693
vn -0.7687 -0.3425 -0.5402
vn -0.5668 -0.7055 -0.4255
vn -0.4401 0.8882 0.1318
vn -0.5642 0.0869 -0.8211
vn 0.1241 0.1571 -0.9798
vn -0.1228 0.9316 0.3421
vn 0.1562 0.0184 0.9876
vn 0.2100 0.6089 -0.7649
vn -0.3944 0.8857 0.2448
vn 0.4179 0.8633 0.2830
vn -0.3508 -0.8764 -0.3298
vn 0.1392 0.9343 -0.3282
vn 0.1756 0.0398 0.9836
vn 0.0691 0.9482 0.3101
vn 0.8286 -0.3101 -0.4660
vn 0.5136 -0.8580 0.0029
vn 0.1205 -0.2689 -0.9556
vn -0.1091 0.0621 0.9921
vn 0.7244 0.2308 -0.6496
vn -0.2260 0.7567 -0.6135
vn -0.1871 0.3902 0.9015
vn -0.0238 -0.9922 -0.1226
vn -0.7692 0.5912 0.2426
vn 0.3973 0.4394 -0.8056
vn -0.2537 -0.9504 -0.1800
vn 0.1271 0.1238 -0.9841
vn 0.1966 -0.9712 0.1345
vn 0.1786 -0.4069 0.8959
vn 0.0508 -0.1689 0.9843
vn 0.5791 -0.5309 0.6186
vn 0.5890 -0.4340 0.6817
vn -0.1554 -0.8500 0.5033
vn -0.1549 -0.8501 0.5034
vn -0.1647 -0.8470 0.5054
vn -0.2541 0.8677 0.4272
vn -0.3511 -0.6334 -0.6896
vn 0.8940 0.4287 0.1300
vn -0.1517 0.9876 0.0392
vn -0.4150 -0.1962 -0.8884
vn -0.4416 -0.8897 0.1160
vn -0.3751 0.1402 0.9163
vn 0.0548 -0.7407 -0.6696
vn -0.0925 0.7997 -0.5932
vn 0.8140 -0.2433 -0.5274
vn 0.5244 -0.7765 -0.3495
vn 0.2611 -0.8764 0.4046
vn -0.2544 -0.8976 -0.3598
vn -0.2387 -0.2912 0.9264
vn 0.1381 -0.9713 0.1937
vn 0.1399 -0.1333 0.9811
vn -0.4922 -0.7976 0.3486
vn 0.1596 -0.9406 -0.2998
vn -0.8048 -0.5555 -0.2090
vn 0.6889 -0.7029 0.1769
vn -0.3582 -0.7566 -0.5471
vn 0.6992 -0.3539 -0.6211
vn -0.3873 -0.2842 -0.8771
vn -0.2288 -0.9562 0.1825
vn -0.1652 0.5592 -0.8124
vn -0.4086 -0.0212 -0.9125
vn -0.9280 0.0338 0.3709
vn -0.7049 0.2927 -0.6461
vn -0.3891 -0.2488 -0.8870
vn 0.6066 0.0593 -0.7928
vn 0.4579 -0.0734 -0.8860
vn 0.9585 0.0011 -0.2851
vn -0.1819 0.6560 0.7325
vn -0.0263 0.6340 -0.7729
vn -0.2250 0.0871 -0.9705
vn 0.0024 -0.9988 0.0488
vn -0.6112 0.0769 -0.7877
vn 0.0630 0.3216 -0.9448
vn -0.1902 0.4443 -0.8755
vn 0.0648 0.4804 0.8747
vn -0.3401 -0.8053 -0.4856
vn -0.5030 -0.7877 -0.3556
vn 0.7718 -0.6019 0.2049
vn 0.3741 0.6320 -0.6787
vn 0.0462 -0.6854 0.7267
vn 0.4196 0.8953 -0.1497
vn 0.5040 -0.8613 0.0640
vn -0.6817 0.5663 -0.4632
vn 0.6776 -0.6761 -0.2894
vn -0.5921 0.7983 -0.1102
vn -0.0125 -0.2561 0.9666
vn -0.6087 0.3540 -0.7101
vn -0.1033 -0.3062 -0.9464
vn -0.2461 0.8919 -0.3794
vn -0.1093 -0.3944 -0.9124
vn 0.1449 -0.9581 -0.2470
vn 0.4749 -0.4396 0.7624
vn 0.9241 -0.1693 0.3426
vn 0.3555 -0.2796 0.8919
vn 0.0396 0.7326 -0.6795
vn -0.0204 -0.6930 -0.7206
vn -0.4428 -0.8350 -0.3267
vn -0.3052 -0.8348 -0.4582
vn -0.0581 -0.2732 -0.9602
vn 0.1277 0.2614 -0.9567
vn 0.0396 -0.4984 0.8661
vn 0.4504 -0.7156 -0.5338
vn 0.2623 -0.8356 0.4828
vn 0.4519 0.8921 -0.0039
vn -0.1543 0.8986 0.4107
vn 0.9876 0.1533 0.0339
vn 0.0023 -0.0074 1.0000
vn 0.6935 0.0967 -0.7139
vn 0.4293 0.8656 -0.2577
vn 0.5700 0.3681 -0.7346
vn -0.1658 -0.8466 0.5057
vn 0.0629 0.9206 0.3853
vn -0.6318 -0.7055 0.3212
vn -0.2281 0.6348 0.7382
vn -0.2869 -0.9470 -0.1446
vn 0.2312 -0.6238 -0.7466
vn 0.0096 -0.9076 -0.4197
vn -0.7935 -0.5361 0.2880
vn 0.2637 -0.4545 0.8508
vn 0.5585 -0.8085 0.1857
vn -0.2503 -0.3720 -0.8938
vn 0.9030 -0.3691 0.2198
vn -0.0276 -0.5180 -0.8550
vn -0.7371 0.5990 -0.3130
vn 0.3366 -0.1631 -0.9274
vn 0.6571 0.6008 0.4554
vn 0.2890 -0.7555 -0.5879
vn 0.7707 0.0823 -0.6318
vn -0.2626 0.0053 0.9649
vn -0.0219 -0.4791 0.8775
vn -0.5598 0.4573 -0.6910
vn -0.4740 -0.2012 -0.8572
vn 0.5767 0.3643 -0.7313
vn 0.9065 -0.0796 -0.4147
vn 0.1283 0.4106 0.9027
vn -0.1277 0.9308 -0.3426
vn 0.2391 -0.2666 0.9337
vn -0.2127 -0.5141 0.8309
vn 0.2529 0.3397 -0.9059
vn 0.3152 0.7387 -0.5958
vn 0.4723 -0.8412 -0.2633
vn -0.2739 -0.3097 -0.9105
vn -0.2465 0.8119 0.5292
vn -0.8237 -0.5657 0.0394
vn -0.6354 0.3309 -0.6977
vn -0.6351 0.3306 -0.6981
vn -0.6359 0.3315 -0.6969
vn -0.3109 0.3517 0.8829
vn -0.7551 0.2494 -0.6063
vn 0.0167 -0.7998 0.6000
vn -0.5362 -0.7033 -0.4667
vn 0.5702 0.6329 -0.5238
vn -0.0583 -0.5223 0.8508
vn -0.0847 0.3304 -0.9401
vn -0.0852 0.3351 -0.9383
vn -0.0845 0.3289 -0.9406
vn -0.5464 -0.8292 -0.1179
vn 0.4440 -0.2469 -0.8613
vn 0.6203 -0.1134 -0.7761
vn 0.6624 -0.4462 -0.6018
vn 0.7870 -0.4555 0.4161
vn 0.7402 -0.6276 0.2413
vn 0.6239 0.4884 0.6101
vn 0.4035 0.7689 0.4960
vn -0.3228 0.8671 -0.3793
vn 0.6219 -0.7759 0.1064
vn -0.2078 -0.9474 -0.2435
vn -0.5469 0.0100 -0.8371
vn -0.6109 0.6551 -0.4447
vn 0.0849 -0.9954 0.0444
vn 0.2110 -0.6283 -0.7488
vn -0.4057 0.6990 -0.5889
vn 0.1485 -0.9019 0.4056
vn 0.1072 0.5123 0.8521
vn 0.3313 -0.0259 -0.9432
vn -0.4613 0.8560 0.2335
vn -0.7259 -0.6296 0.2769
vn -0.0935 -0.0189 0.9954
vn 0.6088 -0.4796 -0.6319
vn 0.1073 -0.9356 -0.3363
vn -0.0288 0.4101 0.9116
vn -0.1339 0.9870 0.0888
vn -0.0983 0.8468 -0.5227
vn -0.0981 0.8479 -0.5210
vn -0.0984 0.8462 -0.5236
vn 0.1402 0.6419 -0.7539
vn 0.5223 0.8474 0.0955
vn -0.0886 -0.9928 -0.0807
vn 0.3405 -0.9136 0.2223
vn 0.1089 0.7659 -0.6337
vn -0.3533 0.9200 -0.1697
vn -0.6296 0.7755 -0.0478
vn -0.9516 0.1682 0.2573
vn -0.4489 -0.5182 -0.7280
vn 0.2492 0.3875 -0.8876
vn 0.0454 -0.5336 -0.8445
vn 0.2156 0.9399 -0.2647
vn -0.4526 0.1550 -0.8781
vn -0.0276 -0.4067 0.9131
vn -0.1410 -0.8178 -0.5580
vn 0.4689 0.7060 0.5307
vn 0.4535 0.4940 0.7418
vn 0.1702 -0.0972 0.9806
vn 0.9326 0.2542 0.2562
vn 0.0426 -0.9045 0.4244
vn 0.0473 0.8887 0.4560
vn -0.9761 -0.0826 -0.2012
vn 0.5805 -0.5798 0.5717
vn -0.8674 0.2693 -0.4184
vn 0.8192 -0.5302 -0.2188
vn 0.2442 -0.3157 -0.9169
vn 0.9396 -0.2414 0.2428
vn 0.9681 -0.0945 0.2323
vn 0.6570 -0.4473 0.6069
vn 0.3445 -0.4126 0.8432
vn -0.6829 0.7197 -0.1255
vn 0.1378 -0.9789 0.1506
vn 0.5756 -0.8130 0.0880
vn -0.0429 -0.2837 0.9580
vn 0.4737 0.8280 -0.2999
vn -0.1860 -0.8899 -0.4166
vn -0.2535 0.9660 -0.0503
vn 0.5240 -0.4823 -0.7021
vn -0.2850 0.8722 0.3976
vn -0.0647 -0.6906 0.7204
vn 0.2340 -0.6513 -0.7219
vn 0.1008 -0.1617 0.9817
vn 0.3432 -0.8875 -0.3074
vn -0.0886 0.9434 -0.3196
vn -0.0545 0.9984 -0.0147
vn -0.5129 -0.8542 0.0851
vn 0.0661 0.7175 -0.6935
vn 0.5188 0.8186 -0.2465
vn -0.0619 0.1997 -0.9779
vn 0.4499 0.6802 -0.5788
vn -0.5885 -0.6545 0.4748
vn -0.5415 0.2889 -0.7895
vn 0.2931 -0.8271 -0.4795
vn -0.1541 0.7080 -0.6892
vn -0.4409 -0.0393 0.8967
vn -0.0541 0.3529 -0.9341
vn 0.0204 0.9327 -0.3602
vn -0.2647 -0.3681 0.8913
vn 0.9768 0.0931 -0.1931
vn 0.9766 0.0948 -0.1931
vn 0.9760 0.1009 -0.1929
vn 0.1011 0.9136 0.3937
vn 0.2005 0.2076 -0.9574
vn -0.2857 0.7446 -0.6033
vn 0.2940 -0.5270 0.7974
vn -0.3255 0.2876 -0.9008
vn 0.7587 0.0525 0.6493
vn -0.2306 0.0466 0.9719
vn -0.6857 -0.2605 -0.6797
vn 0.1493 0.0357 0.9882
vn 0.0682 -0.7110 -0.6999
vn -0.1126 0.5307 -0.8401
vn -0.2787 -0.5123 0.8123
vn 0.1942 -0.9287 0.3159
vn -0.6100 -0.2545 -0.7504
vn -0.2633 -0.0552 -0.9631
vn 0.2162 -0.8886 -0.4044
vn 0.2154 -0.8882 -0.4059
vn 0.2156 -0.8883 -0.4055
vn 0.3782 -0.0181 0.9256
vn -0.8616 0.4981 0.0980
vn -0.0816 -0.6656 0.7418
vn 0.0664 -0.9362 -0.3452
vn 0.5974 0.3904 -0.7005
vn -0.6608 0.7263 0.1895
vn 0.2234 0.8898 0.3979
vn 0.2501 0.3432 0.9054
vn 0.1414 0.4780 0.8669
vn -0.4920 -0.1853 -0.8506
vn -0.4016 -0.1203 -0.9079
vn 0.8329 0.1606 0.5296
vn 0.3128 0.9217 -0.2293
vn 0.2082 0.8996 0.3839
vn 0.0085 0.4588 0.8885
vn 0.1052 0.8955 -0.4324
vn -0.6836 0.7291 0.0321
vn 0.8636 0.4685 0.1861
vn 0.1148 0.3948 0.9116
vn -0.4640 0.6582 0.5929
vn -0.8238 0.5481 -0.1445
vn 0.6428 0.6487 0.4075
vn -0.0038 0.6424 0.7663
vn -0.8042 -0.3417 0.4862
vn 0.4361 -0.6263 0.6462
vn -0.3233 -0.3605 0.8750
vn 0.0891 -0.0087 0.9960
vn -0.0575 -0.2306 -0.9714
vn 0.2144 -0.8023 -0.5571
vn 0.8352 -0.5224 0.1720
vn -0.3496 -0.8528 -0.3880
vn 0.1858 0.5402 0.8208
vn 0.8108 0.2031 -0.5490
vn 0.1909 -0.7969 0.5732
vn -0.4005 -0.8350 -0.3773
vn -0.9688 -0.0116 -0.2475
vn -0.3261 -0.0263 -0.9450
vn -0.1791 -0.9567 -0.2296
vn -0.2750 0.1999 -0.9404
vn -0.4126 0.9053 0.1006
vn -0.2000 -0.8036 -0.5605
vn 0.1949 -0.2757 0.9413
vn -0.1784 -0.9008 0.3959
vn -0.9554 -0.2927 0.0400
vn 0.1547 0.6605 -0.7347
vn -0.3913 -0.9112 0.1291
vn -0.2483 0.7504 -0.6126
vn 0.2682 0.9627 0.0367
vn 0.5344 -0.4410 0.7211
vn -0.5510 -0.8271 0.1111
vn 0.8140 0.5221 -0.2546
vn 0.9338 -0.2944 0.2035
vn 0.3917 -0.2445 0.8870
vn -0.9851 0.1114 0.1309
vn -0.4357 -0.7828 -0.4442
vn -0.2233 0.0967 -0.9699
vn 0.2298 -0.6336 0.7387
vn 0.0160 -0.9318 -0.3625
vn 0.7004 -0.5938 -0.3961
vn 0.1483 0.0496 0.9877
vn 0.2129 -0.8865 -0.4108
vn -0.3547 0.3118 -0.8815
vn 0.0592 0.8380 -0.5424
vn -0.2443 0.8744 -0.4193
vn -0.3142 -0.7427 -0.5913
vn -0.4012 0.7981 -0.4496
vn 0.2011 -0.7553 0.6237
vn -0.9935 0.0944 0.0641
vn -0.3514 -0.1709 -0.9205
vn 0.3645 -0.5468 -0.7538
vn -0.0836 0.2277 -0.9701
vn -0.1590 0.5345 0.8301
vn -0.0219 0.1573 0.9873
vn 0.1508 0.9389 -0.3095
vn 0.2285 -0.8555 0.4646
vn -0.0533 0.9339 0.3535
vn 0.4614 -0.7701 -0.4404
vn -0.9448 -0.3116 -0.1018
vn 0.0677 -0.9771 -0.2018
vn 0.1579 0.7524 0.6395
vn -0.6998 -0.5591 0.4446
vn 0.0285 -0.8360 -0.5479
vn -0.5452 0.2941 -0.7850
vn -0.2496 -0.4255 -0.8699
vn 0.4175 -0.5385 -0.7319
vn -0.2349 0.9653 -0.1144
vn 0.0241 0.8957 -0.4440
vn -0.2564 0.4606 -0.8498
vn 0.0787 0.9759 0.2036
vn -0.1045 -0.9914 -0.0787
vn -0.3264 0.4701 -0.8200
vn 0.0476 -0.8766 -0.4789
vn 0.2200 0.9748 0.0382
vn -0.8454 0.2343 0.4800
vn 0.5831 -0.5207 0.6236
vn -0.5842 -0.8017 -0.1263
vn 0.0849 -0.7524 0.6532
vn -0.0735 0.6061 -0.7920
vn 0.4271 -0.8518 0.3034
vn 0.2742 -0.1656 -0.9473
vn 0.2981 -0.0835 0.9509
vn 0.3127 -0.0795 0.9465
vn -0.3526 0.2592 -0.8991
vn 0.2341 -0.7552 0.6123
vn -0.3780 -0.0506 0.9244
vn -0.6831 0.5950 0.4234
vn -0.2257 0.3173 0.9211
vn -0.7395 0.6518 0.1686
vn -0.3893 -0.8049 -0.4479
vn 0.0785 0.4888 -0.8688
vn -0.2627 -0.5024 0.8238
vn -0.9966 -0.0221 0.0793
vn 0.4272 -0.8969 0.1141
vn 0.4852 -0.4114 -0.7716
vn 0.9489 -0.2063 0.2390
vn 0.3870 0.4932 0.7791
vn 0.4569 -0.2533 0.8527
vn 0.4919 -0.8274 -0.2711
vn -0.0369 0.8673 -0.4965
vn 0.1641 -0.8624 -0.4788
vn -0.0980 0.8484 -0.5202
vn 0.8578 0.3432 -0.3825
vn 0.7139 0.2454 -0.6558
vn 0.1679 -0.9824 -0.0823
vn -0.4638 -0.6712 -0.5782
vn -0.8392 0.5400 0.0649
vn 0.1898 -0.4480 0.8737
vn -0.2844 -0.6216 0.7299
vn -0.5305 0.8248 0.1956
vn 0.3157 -0.9165 0.2456
vn 0.0616 0.9266 0.3709
vn 0.1161 -0.2919 0.9494
vn -0.6626 0.6018 -0.4459
vn 0.1772 -0.3385 0.9241
vn -0.5200 -0.8291 0.2052
vn 0.2312 -0.2919 0.9281
vn 0.4342 -0.8547 -0.2847
vn 0.0846 0.8239 -0.5604
vn -0.4396 0.6337 -0.6365
vn 0.6163 0.7431 0.2608
vn -0.1500 0.9228 -0.3550
vn 0.7335 -0.2733 -0.6223
vn 0.1915 0.5424 0.8180
vn 0.3296 0.9356 -0.1263
vn 0.2781 0.0679 -0.9581
vn 0.0613 0.1519 -0.9865
vn -0.2301 -0.4868 -0.8427
vn 0.1253 -0.0236 0.9918
vn 0.2686 0.0098 -0.9632
vn 0.6284 -0.2352 0.7414
vn 0.1389 -0.9903 0.0056
vn 0.8122 -0.1549 -0.5624
vn 0.5728 0.3343 0.7484
vn -0.7249 -0.6535 -0.2178
vn 0.4135 0.6025 -0.6827
vn -0.2886 -0.9451 -0.1529
vn 0.3975 0.4732 0.7862
vn -0.1279 -0.9603 0.2478
vn -0.2015 0.1991 -0.9590
vn -0.2008 0.1996 -0.9591
vn -0.1967 0.2026 -0.9593
vn 0.9284 0.1863 -0.3216
vn 0.9780 0.1037 -0.1811
vn -0.1303 0.2693 -0.9542
vn -0.3483 0.2742 -0.8964
vn 0.1117 -0.9561 -0.2709
vn -0.6673 -0.3882 0.6356
vn -0.4361 -0.6660 -0.6052
vn -0.0693 0.5965 0.7996
vn -0.1838 0.8910 0.4150
vn 0.2288 -0.9645 -0.1319
vn 0.7455 -0.5128 -0.4257
vn 0.7455 -0.5168 -0.4209
vn 0.7455 -0.5136 -0.4249
vn -0.4563 0.7963 0.3970
vn -0.5577 -0.1783 -0.8107
vn -0.6966 -0.6379 0.3284
vn -0.5651 0.8232 0.0538
vn -0.5818 0.3346 -0.7413
vn 0.3024 0.1440 -0.9422
vn 0.2152 -0.3341 0.9176
vn -0.2211 -0.7928 0.5680
vn 0.9531 -0.1264 -0.2749
vn -0.5063 0.6182 -0.6012
vn -0.5851 0.7266 -0.3601
vn -0.9832 -0.1161 0.1407
vn -0.8613 -0.2711 -0.4298
vn -0.3582 -0.8958 -0.2631
vn 0.5256 0.7627 -0.3769
vn -0.1104 0.3608 0.9261
vn 0.8366 -0.5102 -0.1993
vn -0.2427 0.9599 0.1406
vn 0.0504 -0.1306 0.9902
vn -0.4594 0.6731 0.5796
vn 0.8583 -0.2688 -0.4372
vn -0.8995 0.4359 -0.0293
vn 0.1369 -0.3469 -0.9278
vn -0.6260 -0.7395 -0.2476
vn -0.9834 0.1751 0.0483
vn -0.9824 0.1801 0.0491
vn -0.9822 0.1811 0.0493
vn -0.0878 0.9809 0.1735
vn 0.1328 -0.0740 0.9884
vn -0.3429 -0.2533 0.9046
vn -0.9836 0.1737 0.0481
vn 0.7102 0.6499 0.2706
vn 0.2799 0.3898 0.8773
vn -0.2506 -0.4726 0.8449
vn 0.0669 0.4233 0.9035
vn 0.0162 0.7317 -0.6814
vn 0.2598 0.3794 0.8880
vn 0.0862 0.3472 -0.9338
vn -0.4060 -0.9136 0.0220
vn -0.3552 0.9287 -0.1064
vn -0.3323 -0.8083 -0.4861
vn -0.1343 -0.9756 -0.1738
vn 0.5102 -0.6649 -0.5455
vn 0.7953 0.1665 -0.5830
vn -0.9358 0.3209 -0.1457
vn -0.1529 0.1174 0.9812
vn -0.4946 0.5322 -0.6871
vn -0.9902 0.1209 0.0694
vn -0.7811 0.1193 0.6129
vn 0.3433 0.9184 0.1967
vn 0.0069 0.9872 0.1592
vn 0.0146 0.9998 0.0153
vn -0.3534 0.0074 0.9354
vn 0.8035 -0.1696 0.5706
vn -0.1088 0.4903 -0.8647
vn -0.6100 0.2037 -0.7658
vn -0.1146 0.3628 -0.9248
vn 0.0442 -0.1896 0.9809
vn 0.0156 -0.9661 0.2578
vn 0.4235 0.4157 -0.8049
vn 0.1092 0.8293 -0.5481
vn 0.2329 0.5129 0.8262
vn 0.4350 -0.6991 0.5674
vn 0.6999 -0.5113 0.4987
vn 0.8440 -0.4057 -0.3507
vn -0.9088 -0.2279 0.3495
vn 0.9288 -0.3268 0.1747
vn -0.8304 0.1492 0.5369
vn -0.1251 -0.9245 0.3601
vn -0.4047 0.0751 -0.9114
vn -0.0031 -0.8934 0.4493
vn -0.9063 0.0250 0.4218
vn 0.5567 0.2715 -0.7851
vn 0.7479 -0.2939 -0.5953
vn -0.2922 -0.4224 0.8580
vn 0.0991 -0.9849 0.1423
vn -0.6130 -0.3192 0.7227
vn -0.6318 -0.4623 -0.6222
vn -0.2821 -0.8424 -0.4591
vn -0.0756 -0.1778 0.9812
vn -0.0287 -0.9945 -0.1004
vn -0.4635 -0.8295 0.3115
vn 0.0688 -0.0106 -0.9976
vn -0.1557 -0.9400 -0.3036
vn -0.2257 0.1441 -0.9635
vn -0.8363 0.3518 0.4206
vn 0.5519 -0.4486 0.7030
vn -0.6085 -0.6109 -0.5065
vn -0.5182 0.8228 0.2334
vn 0.3482 -0.2562 0.9017
vn -0.1411 -0.7045 -0.6955
vn 0.0903 -0.9362 0.3396
vn 0.1134 0.9271 0.3573
vn 0.0349 0.7290 0.6836
vn -0.7293 0.6062 0.3172
vn 0.1367 -0.6148 -0.7767
vn 0.7210 0.6695 0.1788
vn -0.5130 0.2332 -0.8261
vn 0.8147 0.4996 -0.2942
vn 0.2415 -0.9328 -0.2675
vn 0.6330 -0.6846 -0.3614
vn 0.2055 -0.8591 -0.4687
vn 0.4381 0.2926 -0.8500
vn 0.9067 -0.0224 0.4212
vn -0.7120 0.5455 -0.4422
vn 0.3692 0.8652 0.3393
vn -0.1821 0.5300 0.8282
vn -0.2349 0.9464 0.2217
vn -0.7687 0.0351 0.6387
vn -0.5340 0.6418 -0.5504
vn -0.2457 -0.2697 0.9311
vn 0.0633 0.9979 -0.0148
vn 0.1970 0.0598 0.9786
vn 0.4620 -0.5540 0.6925
vn -0.0739 0.7105 -0.6998
vn -0.1838 0.9037 0.3868
vn 0.1315 -0.6340 0.7621
vn 0.9093 -0.2974 -0.2911
vn -0.4757 0.8128 -0.3361
vn -0.6274 0.6835 -0.3732
vn -0.4861 0.1024 0.8679
vn -0.1169 0.9839 0.1354
vn 0.5379 0.4965 -0.6813
vn -0.3188 -0.7887 -0.5257
vn -0.1572 0.8357 0.5262
vn -0.7529 -0.4659 0.4649
vn -0.9760 -0.2099 -0.0582
vn -0.0878 -0.9298 0.3574
vn 0.0879 -0.9895 0.1147
vn -0.1622 -0.8132 -0.5589
vn -0.0489 0.7752 0.6298
vn -0.1584 0.6800 0.7159
vn -0.9973 0.0237 -0.0698
vn 0.7412 0.4983 -0.4498
vn -0.4516 0.8118 0.3702
vn 0.6055 -0.7957 0.0139
vn 0.7241 0.1816 -0.6654
vn -0.5397 0.3293 -0.7747
vn -0.8230 0.3027 -0.4806
vn -0.3015 0.8333 0.4633
vn -0.5011 0.3729 -0.7809
vn 0.0157 0.9345 0.3556
vn 0.4633 -0.6758 -0.5733
vn -0.4655 -0.8496 -0.2479
vn -0.1124 0.0286 0.9933
vn 0.3267 -0.8613 0.3892
vn -0.2305 -0.1293 -0.9645
vn 0.3301 -0.9430 -0.0415
vn -0.6811 -0.2178 0.6990
vn 0.3942 -0.5638 -0.7258
vn -0.2299 0.0622 -0.9712
vn 0.7272 0.6059 0.3226
vn 0.3235 -0.4335 0.8411
vn -0.8425 0.1772 -0.5087
vn 0.3069 0.2163 0.9268
vn -0.1922 0.9694 0.1528
vn 0.2453 -0.9411 0.2328
vn -0.6262 0.3735 -0.6844
vn -0.0268 0.9062 -0.4220
vn 0.1855 -0.9812 0.0538
vn 0.1881 -0.9271 0.3243
vn 0.7024 -0.7113 0.0248
vn 0.1825 0.8388 0.5130
vn 0.1820 0.8394 0.5121
vn 0.1780 0.8455 0.5034
vn -0.1065 0.9900 0.0927
vn -0.2442 0.9618 -0.1239
vn 0.2134 0.2841 0.9347
vn 0.8801 0.4707 -0.0625
vn 0.3041 -0.0156 -0.9525
vn 0.8102 -0.5829 -0.0609
vn 0.5636 -0.6492 0.5108
vn -0.2662 -0.0437 -0.9629
vn -0.4274 -0.0632 -0.9019
vn -0.3254 -0.9453 0.0220
vn 0.0446 -0.5210 -0.8524
vn -0.0467 0.6795 -0.7322
vn 0.0411 -0.3762 -0.9256
vn 0.6420 -0.3569 0.6786
vn -0.0430 -0.2797 -0.9591
vn 0.1708 0.3255 -0.9300
vn 0.1382 0.6581 0.7401
vn -0.2582 -0.2307 -0.9382
vn 0.2529 0.0155 0.9674
vn 0.3313 0.9391 0.0912
vn -0.3848 0.3312 0.8616
vn 0.0358 -0.4515 0.8916
vn 0.1154 -0.3566 0.9271
vn 0.2779 -0.5343 0.7983
vn -0.3421 0.0652 -0.9374
vn -0.0119 0.6771 -0.7358
vn 0.9226 0.2898 -0.2544
vn -0.0737 -0.9972 -0.0133
vn 0.2896 -0.8070 0.5146
vn -0.1485 -0.9666 -0.2088
vn -0.3420 -0.5609 0.7539
vn 0.1128 0.9921 0.0545
vn 0.6260 0.3309 -0.7061
vn -0.7188 -0.0412 0.6940
vn -0.7537 -0.6470 0.1149
vn -0.2123 -0.8743 0.4366
vn -0.3535 0.0345 -0.9348
vn -0.2692 -0.3304 -0.9046
vn 0.9977 -0.0053 -0.0681
vn -0.9877 -0.1406 -0.0686
vn -0.1845 0.9596 -0.2127
vn 0.1345 -0.9867 -0.0915
vn -0.0786 -0.8436 -0.5312
vn 0.6586 0.7240 -0.2051
vn -0.5594 0.6482 -0.5166
vn 0.0085 -0.8099 0.5864
vn 0.4131 -0.6337 -0.6540
vn 0.8524 0.5185 -0.0679
vn -0.8836 0.3398 0.3220
vn 0.0749 0.4695 -0.8797
vn -0.0212 0.7042 -0.7097
vn 0.2899 0.2436 -0.9255
vn 0.3234 -0.2816 0.9034
vn -0.3028 0.6332 -0.7123
vn 0.8818 0.0223 -0.4710
vn 0.0966 -0.5196 0.8489
vn -0.3870 0.8697 0.3063
vn -0.1028 0.3852 0.9171
vn -0.0548 -0.7419 0.6683
vn -0.0661 0.4325 -0.8992
vn -0.2178 -0.0931 0.9715
vn -0.4044 0.4311 -0.8066
vn -0.0010 0.6493 0.7605
vn 0.0470 0.5058 0.8614
vn -0.3070 -0.8755 0.3733
vn -0.3129 -0.0779 0.9466
vn 0.0241 0.0419 0.9988
vn -0.3746 -0.2142 -0.9021
vn -0.2613 0.9125 -0.3147
vn -0.4729 -0.7054 -0.5280
vn -0.3871 -0.4841 0.7848
vn -0.2255 -0.5290 0.8181
vn -0.1963 0.2029 -0.9593
vn -0.6692 -0.4172 -0.6149
vn -0.1300 0.1410 -0.9814
vn -0.4698 0.2012 -0.8596
vn 0.1385 0.9665 0.2160
vn 0.9803 0.1861 -0.0670
vn 0.0828 -0.6831 0.7256
vn -0.2275 -0.6366 0.7369
vn -0.5003 0.7667 0.4022
vn 0.3555 0.9327 -0.0602
vn 0.7323 0.6736 0.1005
vn -0.0158 -0.9959 0.0889
vn -0.3770 0.2144 -0.9010
vn 0.1061 -0.7764 0.6212
vn 0.8022 0.1495 -0.5780
vn -0.7385 -0.4883 -0.4649
vn 0.4645 -0.8822 0.0774
vn 0.9036 -0.2962 -0.3095
vn 0.2848 0.4610 0.8404
vn 0.1533 -0.8930 0.4231
vn -0.5834 -0.5103 -0.6319
vn 0.2703 -0.9473 0.1719
vn 0.9592 -0.0534 -0.2777
vn -0.1695 -0.9810 -0.0946
vn -0.1140 0.7555 -0.6452
vn 0.1095 -0.9764 0.1863
vn -0.2240 0.6071 -0.7624
vn 0.0165 0.8277 -0.5609
vn 0.6653 -0.6809 0.3061
vn -0.5334 -0.1862 -0.8251
vn -0.6222 -0.5010 0.6015
vn -0.0601 -0.9576 -0.2816
vn 0.2616 0.7568 0.5990
vn -0.3223 -0.0273 -0.9462
vn 0.4902 -0.8699 0.0545
vn 0.7455 -0.5176 -0.4199
vn 0.3956 0.8799 -0.2630
vn -0.2739 0.9115 0.3067
vn -0.1652 0.6924 0.7023
vn 0.7817 -0.6236 0.0089
vn -0.2447 -0.4690 0.8486
vn -0.2887 -0.8970 0.3347
vn -0.3807 0.0692 -0.9221
vn 0.8743 0.0931 -0.4763
vn -0.7385 -0.6735 -0.0301
vn -0.2551 0.8925 0.3719
vn 0.2869 -0.6979 0.6562
vn 0.0792 -0.6307 -0.7720
vn 0.6524 -0.7218 0.2309
vn -0.2203 0.6753 -0.7039
vn -0.2150 -0.7943 -0.5682
vn 0.3031 0.3084 -0.9017
vn 0.5411 -0.8240 -0.1678
vn 0.1209 0.9838 0.1323
vn -0.0312 0.1483 -0.9884
vn 0.2018 0.9793 0.0141
vn -0.0854 0.3358 -0.9381
vn -0.7298 -0.3956 -0.5576
vn 0.1769 0.9633 0.2019
vn 0.9018 0.3419 -0.2644
vn -0.1022 0.9404 -0.3244
vn -0.4934 -0.6326 0.5970
vn -0.3134 0.9242 0.2182
vn -0.9521 -0.2824 -0.1174
vn 0.5426 0.8354 -0.0879
vn 0.0647 0.9878 -0.1420
vn -0.2116 -0.8519 -0.4790
vn -0.6702 0.5227 -0.5269
vn -0.2594 0.0149 0.9657
vn 0.1726 0.3435 -0.9232
vn -0.6468 0.5596 0.5182
vn 0.1457 0.9840 -0.1025
vn -0.2975 -0.0964 -0.9498
vn 0.1172 0.7942 -0.5963
vn 0.1716 0.7667 -0.6186
vn 0.6648 -0.6476 0.3723
vn 0.6929 0.5345 -0.4840
vn -0.2132 -0.0839 -0.9734
vn -0.4586 -0.7945 0.3981
vn -0.1071 0.2381 -0.9653
vn 0.3979 0.7257 0.5612
vn -0.2793 -0.9566 -0.0831
vn 0.3114 0.9380 0.1519
vn 0.3236 0.8905 0.3199
vn -0.0940 -0.4382 0.8940
vn 0.2858 -0.4551 -0.8434
vn 0.5296 0.5413 -0.6531
vn -0.1851 0.9263 -0.3281
vn 0.5227 0.8299 0.1949
vn -0.4618 0.0013 0.8870
vn -0.1826 -0.0109 0.9831
vn 0.5796 -0.7709 -0.2643
vn -0.7252 -0.3866 0.5698
vn -0.0902 0.6338 -0.7682
vn 0.7692 -0.3307 0.5467
vn -0.0938 -0.0955 0.9910
vn 0.5329 0.7889 0.3061
vn 0.2368 -0.9577 0.1637
vn -0.2242 0.9744 0.0153
vn 0.7846 -0.5915 0.1859
vn 0.1914 -0.8066 0.5592
vn -0.8020 0.4705 -0.3680
vn -0.0796 0.0556 -0.9953
vn 0.4127 -0.1101 -0.9042
vn 0.7791 -0.0386 -0.6257
vn -0.0606 -0.0407 -0.9973
vn -0.0065 -0.7177 0.6964
vn -0.3495 0.9313 -0.1022
vn 0.0087 0.0645 -0.9979
vn -0.0339 -0.9724 -0.2308
vn -0.0653 0.0219 -0.9976
vn 0.6495 0.1657 -0.7421
vn 0.9759 0.1020 -0.1929
vn -0.5327 0.8372 -0.1237
vn 0.1847 -0.7853 0.5909
vn 0.9562 -0.2536 0.1462
vn -0.0243 -0.7319 0.6810
vn -0.4518 0.3254 -0.8306
vn -0.1128 0.1528 0.9818
vn 0.1132 -0.3218 -0.9400
vn -0.0316 -0.9810 -0.1912
vn 0.1783 0.8458 0.5029
vn 0.3842 -0.9071 -0.1720
vn 0.3436 -0.9062 0.2465
vn -0.0406 0.7966 -0.6031
vn -0.6362 0.3319 -0.6965
vn 0.6467 0.1195 -0.7533
vn -0.0037 -0.3361 0.9418
vn -0.4565 0.5022 -0.7344
vn -0.6667 0.1491 0.7302
vn 0.6532 -0.6861 0.3204
vn -0.5086 0.1502 -0.8478
vn 0.1943 0.8625 0.4672
vn 0.5546 -0.8197 -0.1436
vn -0.1914 -0.9265 0.3239
vn -0.0048 0.4553 0.8903
vn 0.2553 0.9371 -0.2379
vn -0.3863 0.3692 -0.8453
vn 0.7803 -0.4556 -0.4283
vn -0.0810 -0.9835 -0.1615
vn -0.2534 -0.0753 0.9644
vn 0.0601 -0.8966 0.4388
vn 0.6248 -0.7513 0.2125
vn -0.1739 -0.9437 -0.2816
vn 0.3410 0.1249 -0.9317
vn 0.0262 -0.8253 0.5640
vn 0.5008 -0.7971 -0.3373
vn 0.9274 -0.2382 0.2886
vn -0.7654 -0.0122 -0.6435
vn -0.1450 -0.8587 0.4916
vn -0.2885 -0.9463 0.1456
vn -0.1358 -0.3660 0.9207
vn 0.9236 0.3382 -0.1807
vn -0.1552 0.6339 -0.7577
vn 0.6997 0.2208 0.6795
vn 0.3835 -0.7830 -0.4898
vn 0.2462 0.9691 -0.0114
vn 0.4689 -0.8815 0.0552
vn 0.2276 -0.4463 0.8654
vn -0.3893 0.4090 -0.8253
vn 0.7094 0.3525 0.6104
vn -0.5630 0.5570 0.6106
vn -0.5667 0.3121 -0.7625
vn -0.4810 0.4787 -0.7345
vn -0.4736 0.7220 -0.5045
vn -0.2598 0.2861 -0.9223
vn -0.3127 -0.8970 0.3125
vn 0.5370 0.4625 -0.7055
vn -0.3216 -0.9387 0.1243
vn -0.2969 -0.9361 -0.1887
vn 0.7664 0.5607 -0.3135
vn 0.7468 -0.4104 -0.5233
vn -0.9489 0.3101 0.0591
vn -0.3580 0.2156 0.9085
vn 0.3661 0.8871 0.2812
vn -0.5792 0.2930 -0.7607
vn -0.1922 -0.9167 -0.3502
vn -0.0874 -0.9083 0.4090
vn -0.3596 -0.7435 0.5639
vn -0.0865 -0.2609 0.9615
vn -0.8837 -0.4402 -0.1588
vn 0.2953 -0.5953 0.7472
vn 0.3915 -0.2440 0.8872
vn -0.2341 0.3383 -0.9115
vn -0.1717 0.6661 -0.7259
vn 0.2409 0.0688 0.9681
vn -0.1990 -0.1834 -0.9627
vn 0.1839 0.3393 0.9225
vn 0.1250 -0.8544 0.5044
vn 0.1665 -0.0374 0.9853
vn 0.6235 0.7744 0.1078
vn 0.0289 -0.8435 0.5364
vn 0.5924 0.8006 0.0900
vn 0.3838 -0.8812 -0.2760
vn 0.7775 0.5528 0.2998
vn 0.8644 -0.4012 -0.3030
s 1
f 36//1 541//1 400//1
f 340//2 256//2 221//2
f 251//3 180//3 371//3
f 548//4 252//4 330//4
f 251//5 701//5 325//5
f 255//6 257//6 77//6
f 624//7 270//7 269//7
f 184//8 601//8 484//8
f 552//9 10//9 265//9
f 597//10 616//10 619//10
f 234//11 645//11 18//11
f 107//12 245//12 372//12
f 678//13 382//13 285//13
f 468//14 309//14 283//14
f 375//15 96//15 90//15
f 630//16 381//16 596//16
f 288//17 279//17 731//17
f 421//18 14//18 770//18
f 195//19 749//19 196//19
f 713//20 123//20 116//20
f 184//21 484//21 412//21
f 117//22 125//22 301//22
f 760//23 561//23 434//23
f 93//24 350//24 217//24
f 141//25 162//25 451//25
f 701//26 416//26 45//26
f 667//27 58//27 590//27
f 476//28 535//28 323//28
f 544//29 355//29 486//29
f 468//30 143//30 309//30
f 94//31 299//31 197//31
f 420//32 108//32 492//32
f 429//33 632//33 714//33
f 714//34 632//34 40//34
f 22//35 406//35 23//35
f 642//36 410//36 411//36
f 750//37 642//37 411//37
f 309//38 58//38 400//38
f 134//39 9//39 190//39
f 515//40 661//40 529//40
f 303//41 517//41 162//41
f 522//42 97//42 757//42
f 226//43 183//43 398//43
f 557//44 322//44 528//44
f 52//45 293//45 674//45
f 144//46 463//46 146//46
f 299//47 80//47 491//47
f 80//48 338//48 491//48
f 472//49 433//49 527//49
f 536//50 327//50 329//50
f 44//51 607//51 332//51
f 477//52 353//52 540//52
f 89//53 681//53 381//53
f 753//54 348//54 320//54
f 118//55 624//55 542//55
f 471//56 741//56 543//56
f 96//57 375//57 730//57
f 106//58 741//58 471//58
f 39//59 595//60 365//61
f 452//62 547//62 62//62
f 406//63 551//63 461//63
f 544//64 318//64 729//64
f 392//65 561//65 211//65
f 119//66 635//66 307//66
f 120//67 749//67 128//67
f 25//68 775//68 424//68
f 126//69 587//70 382//69
f 591//71 381//71 268//71
f 18//72 487//72 234//72
f 683//73 765//73 462//73
f 212//74 4//74 213//74
f 286//75 613//75 212//75
f 216//76 186//76 708//76
f 208//77 209//77 343//77
f 330//78 252//78 697//78
f 268//79 692//79 744//79
f 489//80 517//80 483//80
f 156//81 27//81 237//81
f 46//82 510//82 218//82
f 426//83 428//83 446//83
f 477//84 313//84 341//84
f 646//85 769//85 475//85
f 149//86 769//86 646//86
f 681//87 538//88 268//89
f 206//90 49//90 539//90
f 666//91 665//91 132//91
f 668//92 72//92 161//92
f 166//93 413//93 159//93
f 395//94 770//94 671//94
f 317//95 12//95 163//95
f 246//96 589//96 625//96
f 656//97 308//97 356//97
f 430//98 672//98 627//98
f 672//99 430//99 266//99
f 395//100 671//100 267//100
f 69//101 678//101 525//102
f 352//103 530//103 287//103
f 28//104 420//104 685//104
f 519//105 679//105 696//105
f 588//106 680//106 589//106
f 247//107 521//107 711//107
f 569//108 258//108 374//108
f 530//109 249//109 387//109
f 302//110 228//110 335//110
f 610//111 619//112 616//113
f 399//114 235//114 695//114
f 506//115 515//115 529//115
f 350//116 581//116 774//116
f 289//117 657//117 482//117
f 495//118 195//118 673//118
f 590//119 148//119 691//119
f 691//120 148//120 418//120
f 672//121 732//121 146//121
f 88//122 702//122 239//122
f 614//123 142//123 134//123
f 512//124 395//124 704//124
f 553//125 326//125 645//125
f 211//126 707//126 392//126
f 326//127 38//127 603//127
f 611//128 181//128 3//128
f 460//129 443//129 416//129
f 723//130 224//130 450//130
f 723//131 752//131 224//131
f 425//132 230//132 228//132
f 656//133 147//133 308//133
f 526//134 704//134 612//134
f 328//135 560//135 459//135
f 9//136 588//136 190//136
f 58//137 667//137 385//137
f 581//138 450//138 442//138
f 65//139 367//139 41//139
f 257//140 618//140 77//140
f 405//141 337//141 712//141
f 539//142 49//142 745//142
f 245//143 717//143 372//143
f 348//144 88//144 568//144
f 434//145 370//145 240//145
f 695//146 271//146 196//146
f 517//147 667//147 590//147
f 328//148 354//148 560//148
f 224//149 752//149 130//149
f 783//150 627//150 723//150
f 333//151 462//151 771//151
f 704//152 266//152 612//152
f 50//153 186//153 216//153
f 354//154 536//154 560//154
f 134//155 246//155 315//155
f 607//156 571//156 332//156
f 631//157 645//157 87//157
f 307//158 369//158 166//158
f 765//159 294//159 651//159
f 645//160 234//160 87//160
f 627//161 612//161 430//161
f 332//162 403//163 99//164
f 27//165 296//165 237//165
f 223//166 441//166 586//166
f 447//167 403//167 332//167
f 237//168 296//168 388//168
f 247//169 722//169 521//169
f 592//170 244//170 52//170
f 394//171 87//171 234//171
f 121//172 118//172 782//172
f 136//173 22//173 23//173
f 731//174 279//174 364//174
f 12//175 448//175 608//175
f 529//176 499//176 19//176
f 767//177 67//177 519//177
f 413//178 369//178 738//178
f 12//179 608//179 163//179
f 357//180 198//180 551//180
f 1//181 551//181 198//181
f 107//182 29//182 245//182
f 467//183 680//183 315//183
f 725//184 698//184 108//184
f 92//185 562//185 703//185
f 536//186 271//186 158//186
f 462//187 765//187 63//187
f 685//188 316//188 594//188
f 411//189 410//189 742//189
f 30//190 747//190 735//190
f 733//191 708//192 114//193
f 749//194 195//194 128//194
f 470//195 582//195 42//195
f 415//196 654//196 407//196
f 40//197 632//197 667//197
f 139//198 598//198 670//198
f 153//199 743//199 95//199
f 12//200 317//200 263//200
f 247//201 494//201 157//201
f 121//202 782//202 679//202
f 111//203 162//203 141//203
f 607//204 29//204 571//204
f 459//205 118//205 121//205
f 149//206 311//206 757//206
f 646//207 311//207 149//207
f 416//208 637//209 167//210
f 469//211 460//211 416//211
f 437//212 599//212 657//212
f 747//213 298//213 167//213
f 161//214 1//214 705//214
f 485//215 145//215 257//215
f 651//216 288//216 83//216
f 221//217 500//217 259//217
f 227//218 565//218 633//218
f 286//219 213//219 264//219
f 495//220 673//220 258//220
f 26//221 592//221 611//221
f 223//222 477//222 441//222
f 320//223 348//223 568//223
f 239//224 567//224 17//224
f 535//225 39//225 534//225
f 504//226 460//226 469//226
f 727//227 231//227 545//227
f 586//228 305//228 20//228
f 267//229 615//229 151//229
f 581//230 726//230 450//230
f 662//231 55//231 681//231
f 231//232 155//232 616//232
f 196//233 191//233 195//233
f 600//234 527//234 736//234
f 264//235 396//235 559//235
f 91//236 77//236 457//236
f 232//237 20//237 305//237
f 255//238 77//238 91//238
f 425//239 748//239 295//239
f 599//240 482//240 657//240
f 251//241 371//241 393//241
f 448//242 132//242 131//242
f 674//243 677//243 686//243
f 78//244 523//244 253//244
f 537//245 342//245 522//245
f 303//246 40//246 667//246
f 154//247 150//248 645//249
f 220//250 670//250 501//250
f 73//251 556//251 279//251
f 11//252 73//252 288//252
f 125//253 569//253 31//253
f 670//254 606//254 654//254
f 316//255 464//255 563//255
f 503//256 186//256 66//256
f 639//257 518//257 222//257
f 563//258 464//258 465//258
f 768//259 194//259 125//259
f 638//260 633//260 621//260
f 185//261 508//261 509//261
f 263//262 317//262 23//262
f 512//263 704//263 526//263
f 562//264 347//264 175//264
f 487//265 518//265 387//265
f 537//266 250//266 322//266
f 104//267 516//267 7//267
f 280//268 233//268 11//268
f 366//269 736//269 137//269
f 31//270 374//270 640//270
f 32//271 429//271 714//271
f 480//272 254//272 21//272
f 262//273 582//273 663//273
f 139//274 670//274 220//274
f 156//275 13//275 713//275
f 131//276 85//276 170//276
f 465//277 764//277 75//277
f 623//278 527//278 600//278
f 685//279 402//279 316//279
f 757//280 311//280 250//280
f 546//281 694//281 160//281
f 244//282 331//282 284//282
f 316//283 514//283 401//283
f 429//284 705//284 632//284
f 694//285 438//285 160//285
f 649//286 739//286 634//286
f 182//287 512//287 526//287
f 175//288 407//288 46//288
f 369//289 292//289 738//289
f 388//290 238//290 237//290
f 484//291 65//291 61//291
f 237//292 238//292 76//292
f 153//293 388//293 296//293
f 308//294 574//294 710//294
f 720//295 98//295 180//295
f 409//296 444//296 519//296
f 503//297 274//297 186//297
f 190//298 246//298 134//298
f 503//299 205//299 274//299
f 723//300 386//300 752//300
f 92//301 703//301 127//301
f 596//302 604//302 339//302
f 415//303 407//303 363//303
f 6//304 242//304 425//304
f 406//305 461//305 629//305
f 276//306 159//306 183//306
f 559//307 575//307 164//307
f 385//308 36//308 400//308
f 385//309 400//309 58//309
f 717//310 245//310 572//310
f 670//311 169//311 501//311
f 454//312 112//312 110//312
f 270//313 652//313 404//313
f 183//314 159//314 237//314
f 726//315 38//315 222//315
f 116//316 445//316 27//316
f 445//317 296//317 27//317
f 341//318 287//318 487//318
f 534//319 301//319 764//319
f 557//320 54//320 342//320
f 664//321 756//321 115//321
f 349//322 43//322 93//322
f 38//323 553//323 312//323
f 253//324 312//324 553//324
f 384//325 672//325 463//325
f 545//326 300//326 90//326
f 327//327 354//327 121//327
f 695//328 749//328 120//328
f 152//329 462//329 63//329
f 201//330 124//330 418//330
f 212//331 74//331 4//331
f 767//332 444//332 277//332
f 201//333 418//333 129//333
f 340//334 260//334 478//334
f 444//335 498//335 277//335
f 682//336 634//336 138//336
f 138//337 634//337 292//337
f 23//338 709//338 263//338
f 602//339 26//339 283//339
f 261//340 251//340 455//340
f 417//341 135//341 214//341
f 744//342 243//342 265//342
f 482//343 59//343 613//343
f 475//344 733//344 664//344
f 386//345 463//345 144//345
f 16//346 100//346 437//346
f 68//347 188//347 679//347
f 35//348 780//348 647//348
f 271//349 235//349 158//349
f 568//350 88//350 239//350
f 408//351 779//351 247//351
f 231//352 359//352 155//352
f 603//353 38//353 726//353
f 72//354 6//354 161//354
f 569//355 374//355 31//355
f 163//356 437//356 657//356
f 522//357 50//357 216//357
f 767//358 519//358 444//358
f 479//359 473//359 488//359
f 172//360 484//360 601//360
f 679//361 740//361 696//361
f 726//362 346//362 450//362
f 456//363 777//363 32//363
f 346//364 723//364 450//364
f 174//365 597//365 452//366
f 718//367 761//367 236//367
f 188//368 277//368 121//368
f 472//369 431//369 433//369
f 618//370 549//370 171//370
f 240//371 392//371 30//371
f 414//372 762//372 653//372
f 664//373 324//373 428//373
f 69//101 382//374 678//101
f 252//375 710//375 697//375
f 246//376 467//376 315//376
f 334//377 533//377 33//377
f 1//378 6//378 461//378
f 760//379 199//379 297//379
f 297//380 193//380 760//380
f 304//381 531//381 744//381
f 388//382 84//382 238//382
f 377//383 422//383 541//383
f 35//384 719//384 780//384
f 667//385 632//385 385//385
f 99//386 541//386 422//386
f 631//387 87//387 474//387
f 342//388 50//388 522//388
f 182//389 284//389 177//389
f 759//390 584//390 199//390
f 599//391 100//391 101//391
f 297//392 199//392 306//392
f 25//393 48//393 358//393
f 297//394 306//394 193//394
f 25//395 358//395 775//395
f 511//396 191//396 414//396
f 210//397 494//397 745//397
f 260//398 34//398 227//398
f 699//399 484//399 61//399
f 421//400 699//400 14//400
f 359//401 662//401 753//401
f 72//402 242//402 6//402
f 174//403 452//403 730//403
f 676//404 674//404 686//404
f 713//405 33//405 123//405
f 561//406 193//406 211//406
f 528//407 322//407 396//407
f 688//408 290//409 546//410
f 71//411 78//412 287//413
f 34//414 774//414 227//414
f 322//415 189//415 575//415
f 532//416 715//416 164//416
f 584//417 520//417 119//417
f 454//418 45//418 112//418
f 399//419 5//419 235//419
f 352//420 487//420 530//420
f 574//421 7//421 773//421
f 490//422 109//422 325//422
f 690//423 686//423 612//423
f 690//424 105//424 686//424
f 693//425 654//425 606//425
f 160//426 668//426 777//426
f 286//427 212//427 213//427
f 630//428 89//428 381//428
f 474//429 87//429 200//429
f 238//430 398//430 76//430
f 783//431 105//431 690//431
f 133//432 724//432 403//432
f 133//433 206//433 724//433
f 310//434 368//434 698//434
f 698//435 314//435 15//435
f 210//436 715//436 282//436
f 668//437 429//437 32//437
f 466//438 432//438 453//438
f 573//439 751//439 466//439
f 80//440 465//440 431//440
f 275//441 80//441 431//441
f 500//442 69//442 525//442
f 390//443 120//443 128//443
f 14//444 61//444 755//444
f 518//445 346//445 726//445
f 110//446 644//446 497//446
f 115//447 109//447 490//447
f 273//448 115//448 490//448
f 650//449 347//449 562//449
f 5//450 178//450 235//450
f 416//208 443//451 637//209
f 428//452 435//452 558//452
f 698//453 205//453 314//453
f 754//454 558//454 435//454
f 230//455 424//455 37//455
f 537//456 757//456 250//456
f 467//457 589//457 680//457
f 261//458 455//458 766//458
f 224//459 185//459 405//459
f 171//460 549//460 758//460
f 224//461 405//461 98//461
f 211//462 383//462 707//462
f 211//463 343//463 383//463
f 52//464 182//464 293//464
f 272//465 53//465 41//465
f 687//466 674//466 526//466
f 301//467 31//467 764//467
f 332//468 571//468 447//468
f 139//469 146//469 598//469
f 14//470 755//470 615//470
f 61//471 615//472 755//473
f 640//474 374//474 432//474
f 515//475 468//475 283//475
f 346//476 781//477 742//478
f 321//479 46//479 218//479
f 322//480 113//480 189//480
f 604//481 203//482 339//483
f 339//483 203//482 702//484
f 656//485 317//485 163//485
f 356//486 317//486 656//486
f 229//487 524//487 276//487
f 498//488 444//488 329//488
f 505//489 509//489 558//489
f 18//490 603//490 51//490
f 280//491 294//491 683//491
f 413//492 738//492 13//492
f 367//493 272//493 41//493
f 213//494 396//494 264//494
f 579//495 592//495 676//495
f 60//496 54//496 4//496
f 19//497 200//497 135//497
f 60//498 86//498 54//498
f 321//499 218//499 173//499
f 420//500 492//500 402//500
f 700//501 208//502 306//502
f 152//503 331//503 771//503
f 391//504 722//504 157//504
f 21//505 714//505 168//505
f 538//506 692//506 268//506
f 183//507 237//507 76//507
f 44//508 496//508 607//508
f 303//509 680//509 588//509
f 97//510 769//510 149//510
f 175//511 363//511 407//511
f 173//512 732//512 172//512
f 407//513 654//513 46//513
f 174//514 730//514 375//514
f 537//515 322//515 557//515
f 207//516 457//516 504//516
f 440//517 127//517 601//517
f 159//518 413//518 156//518
f 184//519 281//519 601//519
f 285//520 725//520 678//520
f 196//521 404//521 191//521
f 404//522 728//522 191//522
f 434//523 240//523 644//523
f 314//524 488//524 473//524
f 228//525 230//525 647//525
f 389//526 456//526 254//526
f 370//527 434//527 561//527
f 15//528 314//528 473//528
f 200//529 639//529 439//529
f 248//530 10//530 761//530
f 207//531 91//531 457//531
f 460//532 171//532 758//532
f 374//533 258//533 432//533
f 400//534 247//534 711//534
f 167//535 298//535 584//535
f 669//536 123//536 33//536
f 380//537 379//537 172//537
f 759//538 167//538 584//538
f 746//539 552//539 265//539
f 541//540 408//540 400//540
f 746//541 179//541 552//541
f 578//542 613//542 286//542
f 599//543 102//543 482//543
f 481//544 315//544 566//544
f 508//545 556//545 509//545
f 556//546 508//546 279//546
f 154//547 78//547 253//547
f 661//548 140//548 499//548
f 661//549 499//549 529//549
f 556//550 648//550 509//550
f 353//551 154//551 232//551
f 106//552 471//552 42//552
f 700//553 307//554 524//555
f 179//556 729//556 2//556
f 705//557 81//557 36//557
f 105//558 358//558 676//558
f 307//559 166//559 524//559
f 665//560 7//560 516//560
f 773//561 7//561 665//561
f 96//562 545//562 90//562
f 8//563 178//563 5//563
f 329//564 444//564 409//564
f 59//565 60//565 74//565
f 486//566 179//566 746//566
f 60//567 4//567 74//567
f 558//568 204//568 505//568
f 547//569 597//569 619//569
f 88//570 630//570 702//570
f 734//571 630//571 88//571
f 114//572 368//572 310//572
f 191//573 453//573 673//573
f 253//574 150//574 154//574
f 649//575 634//575 343//575
f 209//576 649//576 343//576
f 185//577 219//578 501//579
f 396//580 322//580 575//580
f 253//581 553//581 150//581
f 308//582 7//582 574//582
f 552//583 2//583 111//583
f 235//584 653//584 158//584
f 115//585 273//585 721//585
f 47//586 555//586 554//586
f 242//587 124//587 748//587
f 554//588 555//588 641//588
f 84//589 153//589 95//589
f 402//590 492//590 514//590
f 426//591 446//591 648//591
f 254//592 480//592 203//592
f 524//593 166//593 276//593
f 620//594 666//594 709//594
f 256//595 478//595 587//595
f 588//596 589//596 190//596
f 245//597 719//597 349//597
f 631//598 181//599 423//600
f 631//601 423//601 232//601
f 528//602 396//602 213//602
f 547//603 619//603 481//603
f 621//604 733//604 285//604
f 343//605 634//605 682//605
f 725//606 310//606 698//606
f 303//607 667//607 517//607
f 703//608 321//608 379//608
f 735//609 758//609 549//609
f 562//610 321//610 703//610
f 638//611 621//611 382//611
f 16//612 170//612 100//612
f 610//111 187//613 619//112
f 765//614 83//614 64//614
f 146//615 693//615 598//615
f 267//616 671//616 615//616
f 367//617 732//617 672//617
f 634//618 334//618 292//618
f 628//619 350//619 34//619
f 361//620 357//620 551//620
f 184//621 412//621 699//621
f 322//622 250//622 113//622
f 102//623 86//623 576//623
f 416//624 167//624 493//624
f 771//625 331//625 391//625
f 275//626 431//626 492//626
f 492//627 431//627 472//627
f 123//628 122//628 660//628
f 94//629 685//629 594//629
f 427//630 419//630 675//630
f 512//631 184//631 421//631
f 591//632 626//632 643//632
f 197//633 479//633 488//633
f 582//634 91//634 393//634
f 692//635 96//635 730//635
f 504//636 457//636 460//636
f 756//637 455//637 109//637
f 756//638 109//638 115//638
f 651//639 83//639 765//639
f 483//640 517//640 590//640
f 470//641 471//641 485//641
f 654//642 510//642 46//642
f 740//643 118//643 542//643
f 471//644 543//644 485//644
f 425//645 295//645 230//645
f 560//646 158//646 459//646
f 594//647 563//648 57//649
f 563//650 465//650 80//650
f 507//651 628//651 34//651
f 439//652 639//652 312//652
f 575//653 532//653 103//653
f 763//654 439//654 312//654
f 292//655 334//655 13//655
f 390//656 659//656 495//656
f 582//657 278//658 42//659
f 456//660 21//660 254//660
f 121//661 679//661 188//661
f 456//662 32//662 21//662
f 208//663 229//663 209//663
f 272//664 267//664 53//664
f 30//665 392//665 747//665
f 766//666 756//666 664//666
f 527//667 640//667 736//667
f 476//668 464//668 401//668
f 295//669 223//669 585//669
f 383//670 520//670 707//670
f 340//671 478//671 256//671
f 623//672 600//672 595//672
f 230//673 585//673 424//673
f 557//674 342//674 537//674
f 196//675 580//676 658//677
f 73//678 648//678 556//678
f 697//679 684//679 99//679
f 170//680 85//680 717//680
f 426//681 664//681 428//681
f 684//682 44//682 99//682
f 426//683 648//683 73//683
f 318//684 544//684 62//684
f 28//685 202//685 706//685
f 503//686 82//686 56//686
f 623//687 472//687 527//687
f 525//688 678//688 706//688
f 123//689 669//689 398//689
f 245//690 780//691 719//692
f 87//693 394//693 449//693
f 361//694 351//694 548//694
f 309//695 711//695 283//695
f 227//696 774//696 564//696
f 720//697 564//697 774//697
f 632//698 705//698 385//698
f 302//699 335//699 776//699
f 772//700 548//700 422//700
f 335//701 458//701 776//701
f 403//702 724//702 99//702
f 35//703 37//703 719//703
f 466//704 453//704 8//704
f 640//705 432//705 466//705
f 432//706 258//706 673//706
f 609//707 365//707 366//707
f 264//708 210//708 206//708
f 221//709 69//709 500//709
f 221//710 256//710 126//710
f 478//711 633//711 638//711
f 502//712 655//712 533//712
f 605//713 269//713 658//713
f 83//714 364//714 64//714
f 197//715 225//715 94//715
f 214//716 135//716 763//716
f 225//717 202//717 94//717
f 245//690 29//718 780//691
f 366//719 137//719 751//719
f 768//720 366//720 751//720
f 618//721 550//721 549//721
f 4//722 557//722 528//722
f 427//723 675//723 92//723
f 274//724 205//724 368//724
f 387//725 394//725 234//725
f 326//726 603//726 18//726
f 353//727 232//727 540//727
f 162//728 489//728 451//728
f 421//729 770//729 395//729
f 399//730 390//730 5//730
f 637//731 758//731 735//731
f 181//599 397//732 423//600
f 669//733 655//733 226//733
f 732//734 510//734 693//734
f 782//735 118//735 740//735
f 533//736 655//736 669//736
f 95//737 660//737 122//737
f 283//738 26//738 3//738
f 282//739 715//739 617//739
f 639//740 449//740 518//740
f 477//741 540//741 305//741
f 153//742 296//742 743//742
f 540//743 232//743 305//743
f 125//744 194//744 569//744
f 379//745 173//745 172//745
f 114//746 274//746 368//746
f 370//747 392//747 240//747
f 334//748 33//748 13//748
f 108//749 275//749 492//749
f 200//750 439//750 135//750
f 163//751 608//751 437//751
f 642//752 362//752 344//752
f 86//753 340//753 221//753
f 26//754 244//754 592//754
f 86//755 221//755 259//755
f 287//756 530//756 387//756
f 327//757 498//757 329//757
f 29//718 607//758 780//691
f 350//759 93//759 581//759
f 233//760 664//760 426//760
f 732//761 218//761 510//761
f 141//762 451//762 242//762
f 277//763 498//763 327//763
f 714//764 40//764 168//764
f 37//765 424//765 577//765
f 21//766 168//766 567//766
f 652//767 270//767 624//767
f 175//768 415//768 363//768
f 271//769 378//769 196//769
f 710//770 574//770 773//770
f 415//771 175//771 347//771
f 389//772 777//772 456//772
f 493//773 167//773 759//773
f 155//774 753//774 320//774
f 697//775 710//775 773//775
f 154//247 645//249 232//776
f 480//777 21//777 567//777
f 239//778 480//778 567//778
f 771//779 462//779 152//779
f 390//780 128//780 659//780
f 420//781 402//781 685//781
f 250//782 311//782 189//782
f 629//783 620//783 709//783
f 153//784 84//784 388//784
f 575//785 333//785 532//785
f 134//786 142//786 9//786
f 583//787 229//787 276//787
f 216//788 708//788 97//788
f 479//789 299//789 473//789
f 720//790 180//790 261//790
f 436//791 226//791 502//791
f 728//792 652//792 624//792
f 210//793 282//793 494//793
f 716//794 717//794 572//794
f 448//795 170//795 16//795
f 107//796 372//796 286//796
f 215//797 754//797 570//797
f 361//798 772//798 357//798
f 631//799 232//799 645//799
f 676//800 592//800 52//800
f 452//801 597//801 547//801
f 651//802 294//802 280//802
f 717//803 578//803 286//803
f 585//804 586//804 48//804
f 513//805 720//805 766//805
f 382//806 587//806 638//806
f 611//807 592//807 579//807
f 527//808 433//808 640//808
f 616//809 320//809 610//809
f 320//810 614//810 610//810
f 371//811 337//812 663//813
f 273//814 278//814 622//814
f 406//815 629//815 23//815
f 278//816 273//816 42//816
f 106//817 42//817 273//817
f 629//818 302//818 620//818
f 23//819 629//819 709//819
f 754//820 622//820 570//820
f 737//821 716//821 291//821
f 699//822 61//822 14//822
f 536//823 158//823 560//823
f 101//824 291//824 507//824
f 586//825 20//825 48//825
f 747//826 637//826 735//826
f 185//827 505//827 405//827
f 595//828 600//828 736//828
f 405//829 505//829 204//829
f 547//830 566//830 318//830
f 223//831 201//831 336//831
f 62//832 544//832 531//832
f 5//833 573//833 466//833
f 265//834 544//834 486//834
f 124//835 691//835 418//835
f 199//836 307//554 700//553
f 251//837 393//837 207//837
f 688//838 160//838 389//838
f 248//839 744//839 265//839
f 355//840 729//840 176//840
f 306//502 199//501 700//501
f 290//841 718//841 236//841
f 692//842 730//842 744//842
f 350//843 628//843 217//843
f 662//844 681//844 89//844
f 662//845 734//845 348//845
f 631//846 499//846 140//846
f 4//847 54//847 557//847
f 727//848 545//848 538//848
f 28//849 706//849 241//849
f 576//850 86//850 60//850
f 86//851 259//851 54//851
f 325//852 701//852 741//852
f 722//853 244//853 26//853
f 521//854 26//854 440//854
f 243//855 544//855 265//855
f 121//856 277//856 327//856
f 112//857 45//857 434//857
f 232//858 423//858 20//858
f 434//859 644//859 112//859
f 100//860 737//860 101//860
f 580//861 409//861 605//861
f 291//862 101//862 737//862
f 475//863 233//863 646//863
f 285//864 114//864 310//864
f 659//865 128//865 195//865
f 228//866 458//866 335//866
f 783//867 249//867 530//867
f 228//868 647//868 458//868
f 253//869 763//869 312//869
f 555//870 529//870 417//870
f 143//871 58//871 309//871
f 529//872 19//872 417//872
f 718//873 248//873 761//873
f 291//874 716//874 349//874
f 349//875 719//875 689//875
f 242//876 451//876 483//876
f 92//877 675//877 650//877
f 675//878 152//878 650//878
f 459//879 624//879 118//879
f 242//880 483//880 124//880
f 246//881 190//881 589//881
f 127//882 380//882 601//882
f 97//883 149//883 757//883
f 506//884 143//884 468//884
f 244//885 284//885 182//885
f 536//886 329//886 378//886
f 193//887 306//887 343//887
f 378//888 329//888 409//888
f 371//811 663//813 393//889
f 52//890 674//890 676//890
f 552//891 179//891 2//891
f 509//892 648//892 446//892
f 224//893 130//893 219//893
f 86//894 101//894 507//894
f 102//895 101//895 86//895
f 103//896 164//896 575//896
f 463//897 672//897 146//897
f 155//898 319//898 616//898
f 202//899 28//899 685//899
f 767//900 277//900 188//900
f 461//901 228//901 629//901
f 666//902 684//902 773//902
f 681//87 268//89 381//903
f 400//904 711//904 309//904
f 67//905 767//905 68//905
f 284//906 419//906 177//906
f 204//907 754//907 215//907
f 285//908 310//908 725//908
f 503//909 56//909 488//909
f 455//910 251//910 109//910
f 209//911 229//911 583//911
f 359//912 55//912 662//912
f 722//913 331//913 244//913
f 604//914 389//914 254//914
f 172//915 732//915 367//915
f 383//916 682//916 138//916
f 596//917 643//917 604//917
f 596//918 591//918 643//918
f 360//919 783//919 346//919
f 720//920 261//920 766//920
f 97//921 708//921 769//921
f 68//922 679//922 67//922
f 64//923 364//924 169//925
f 708//926 274//926 114//926
f 501//927 169//927 364//927
f 287//928 78//928 352//928
f 265//929 486//929 746//929
f 543//930 741//930 454//930
f 423//931 397//931 20//931
f 650//932 778//933 347//934
f 219//935 220//935 501//935
f 717//936 716//936 737//936
f 768//937 125//937 609//937
f 366//938 768//938 609//938
f 100//939 717//939 737//939
f 231//940 616//940 300//940
f 739//941 502//941 533//941
f 711//942 602//942 283//942
f 324//943 115//943 721//943
f 590//944 143//944 148//944
f 448//945 263//945 132//945
f 376//946 202//946 225//946
f 490//947 325//947 106//947
f 156//948 413//948 13//948
f 86//949 507//949 340//949
f 389//950 160//950 777//950
f 738//951 292//951 13//951
f 644//952 550//952 497//952
f 447//953 571//953 107//953
f 783//954 690//954 249//954
f 119//955 520//955 635//955
f 582//956 470//956 91//956
f 177//957 419//957 427//957
f 783//958 487//958 627//958
f 157//959 282//959 617//959
f 499//960 631//960 474//960
f 353//961 487//962 352//963
f 206//964 133//964 286//964
f 36//965 377//965 541//965
f 577//966 424//966 593//966
f 181//967 611//967 579//967
f 356//968 308//968 252//968
f 487//969 387//969 234//969
f 484//970 172//970 65//970
f 670//971 79//971 169//971
f 647//972 780//972 458//972
f 378//973 580//973 196//973
f 82//974 70//974 376//974
f 49//975 210//975 745//975
f 82//976 259//976 70//976
f 20//977 397//977 358//977
f 78//978 554//978 641//978
f 110//979 497//979 145//979
f 145//980 497//980 257//980
f 742//981 723//981 411//981
f 781//982 345//982 742//982
f 71//983 287//983 341//983
f 345//984 723//984 742//984
f 362//985 346//985 345//985
f 362//986 345//986 344//986
f 410//987 723//987 345//987
f 346//988 410//988 345//988
f 362//989 642//989 750//989
f 642//990 344//990 410//990
f 362//991 781//477 346//476
f 750//992 344//992 781//992
f 170//993 717//993 100//993
f 344//994 750//994 410//994
f 719//995 37//995 689//995
f 418//996 148//996 129//996
f 733//997 114//997 285//997
f 454//998 110//998 543//998
f 78//999 641//999 523//999
f 44//1000 332//162 99//164
f 70//1001 525//1001 202//1001
f 192//1002 683//1002 333//1002
f 162//1003 517//1003 489//1003
f 461//1004 425//1004 228//1004
f 200//1005 449//1005 639//1005
f 34//1006 350//1006 774//1006
f 233//1007 73//1007 11//1007
f 206//1008 539//1008 724//1008
f 441//1009 477//1009 305//1009
f 323//1010 534//1010 476//1010
f 376//1011 197//1011 488//1011
f 621//1012 766//1012 664//1012
f 429//1013 668//1013 161//1013
f 623//1014 492//1014 472//1014
f 376//1015 225//1015 197//1015
f 129//1016 47//1016 554//1016
f 54//1017 82//1017 342//1017
f 364//1018 508//1018 185//1018
f 741//1019 701//1019 45//1019
f 476//1020 534//1020 764//1020
f 582//1021 393//1021 663//1021
f 177//1022 427//1023 184//1024
f 471//1025 470//1025 42//1025
f 166//1026 159//1026 276//1026
f 759//1027 760//1027 434//1027
f 187//1028 481//1028 619//1028
f 778//1029 64//1029 24//1029
f 550//1030 644//1030 240//1030
f 240//1031 30//1031 550//1031
f 199//1032 584//1032 119//1032
f 257//1033 497//1033 618//1033
f 535//1034 595//1034 39//1034
f 54//1035 259//1035 82//1035
f 222//1036 518//1036 726//1036
f 424//1037 585//1037 25//1037
f 150//1038 553//1038 645//1038
f 266//1039 272//1039 367//1039
f 295//1040 748//1041 223//1042
f 184//1043 699//1043 421//1043
f 669//1044 226//1044 398//1044
f 641//1045 165//1045 523//1045
f 507//1046 260//1046 340//1046
f 381//1047 591//1047 596//1047
f 387//1048 518//1048 394//1048
f 515//1049 140//1049 661//1049
f 515//1050 3//1050 140//1050
f 284//1051 331//1051 152//1051
f 349//1052 572//1052 245//1052
f 701//1053 469//1053 416//1053
f 506//1054 468//1054 515//1054
f 548//1055 330//1055 422//1055
f 330//1056 697//1056 422//1056
f 431//1057 75//1057 433//1057
f 745//1058 494//1058 779//1058
f 11//1059 288//1059 280//1059
f 193//1060 343//1060 211//1060
f 499//1061 474//1061 19//1061
f 731//1062 83//1062 288//1062
f 613//1063 373//1063 482//1063
f 432//1064 673//1064 453//1064
f 724//1065 539//1065 408//1065
f 520//1066 138//1066 635//1066
f 665//1067 85//1067 131//1067
f 383//1068 138//1068 520//1068
f 665//1069 516//1069 85//1069
f 565//1070 564//1070 720//1070
f 93//1071 51//1071 581//1071
f 155//1072 359//1072 753//1072
f 291//1073 93//1073 217//1073
f 649//1074 209//1074 583//1074
f 198//1075 81//1075 705//1075
f 627//1076 384//1076 386//1076
f 349//1077 93//1077 291//1077
f 269//1078 270//1078 658//1078
f 323//1079 535//1079 534//1079
f 752//1080 386//1080 144//1080
f 290//409 694//1081 546//410
f 435//1082 721//1082 622//1082
f 304//1083 62//1083 531//1083
f 693//1084 606//1084 598//1084
f 26//1085 601//1085 281//1085
f 90//1086 174//1086 375//1086
f 741//1087 45//1087 454//1087
f 729//1088 318//1088 2//1088
f 342//1089 82//1089 503//1089
f 127//1090 703//1090 379//1090
f 614//1091 187//1091 610//1091
f 62//1092 547//1092 318//1092
f 559//1093 164//1093 715//1093
f 68//1094 767//1094 188//1094
f 417//1095 19//1095 135//1095
f 740//1096 542//1096 605//1096
f 260//1097 227//1097 478//1097
f 39//1098 609//1098 117//1098
f 466//1099 137//1099 640//1099
f 748//1100 124//1100 201//1100
f 349//1101 716//1101 572//1101
f 173//1102 218//1102 732//1102
f 748//1041 201//1103 223//1042
f 172//1104 367//1104 65//1104
f 548//1105 351//1105 252//1105
f 82//1106 376//1106 56//1106
f 136//1107 406//1107 22//1107
f 50//1108 66//1108 186//1108
f 105//1109 676//1109 686//1109
f 740//1110 605//1110 696//1110
f 287//1111 387//1111 249//1111
f 235//1112 271//1112 695//1112
f 591//1113 268//1113 626//1113
f 279//1114 508//1114 364//1114
f 762//1115 414//1115 728//1115
f 264//1116 559//1116 210//1116
f 358//1117 397//1117 676//1117
f 189//1118 333//1118 575//1118
f 92//1119 281//1119 184//1119
f 67//1120 679//1120 519//1120
f 223//1121 336//1121 313//1121
f 521//1122 722//1122 26//1122
f 709//1123 666//1123 263//1123
f 37//1124 577//1124 689//1124
f 415//1125 24//1125 169//1125
f 259//1126 500//1126 70//1126
f 129//1127 148//1127 47//1127
f 324//1128 721//1128 435//1128
f 92//1129 650//1129 562//1129
f 347//1130 778//1130 24//1130
f 391//1131 331//1131 722//1131
f 71//411 554//1132 78//412
f 684//1133 496//1133 44//1133
f 129//1134 554//1134 71//1134
f 422//1135 697//1135 99//1135
f 763//1136 135//1136 439//1136
f 355//1137 544//1137 729//1137
f 478//1138 638//1138 587//1138
f 20//1139 358//1139 48//1139
f 59//1140 576//1140 60//1140
f 235//1141 178//1141 653//1141
f 609//1142 125//1142 117//1142
f 614//1143 567//1143 142//1143
f 17//1144 567//1144 614//1144
f 362//1145 750//1145 781//1145
f 627//1146 672//1146 384//1146
f 510//1147 654//1147 693//1147
f 280//1148 683//1148 192//1148
f 769//1149 708//192 733//191
f 238//1150 123//1150 398//1150
f 486//1151 176//1151 179//1151
f 436//1152 276//1152 183//1152
f 442//1153 224//1153 98//1153
f 355//1154 176//1154 486//1154
f 201//1155 129//1155 336//1155
f 70//1156 202//1156 376//1156
f 612//1157 687//1157 526//1157
f 470//1158 485//1158 255//1158
f 470//1159 255//1159 91//1159
f 608//1160 448//1160 16//1160
f 376//1161 488//1161 56//1161
f 417//1162 214//1162 763//1162
f 341//1163 487//962 353//961
f 51//1164 593//1164 775//1164
f 51//1165 93//1165 593//1165
f 156//1166 713//1166 27//1166
f 167//1167 637//1167 747//1167
f 147//1168 516//1168 104//1168
f 134//1169 315//1169 481//1169
f 77//1170 618//1170 171//1170
f 147//1171 373//1171 516//1171
f 93//1172 43//1172 593//1172
f 299//1173 491//1173 473//1173
f 625//1174 467//1174 246//1174
f 289//1175 373//1175 147//1175
f 8//1176 453//1176 178//1176
f 353//1177 78//1177 154//1177
f 704//1178 395//1178 267//1178
f 507//1179 291//1179 217//1179
f 438//1180 761//1180 668//1180
f 668//1181 761//1181 72//1181
f 563//1182 80//1182 57//1182
f 537//1183 522//1183 757//1183
f 354//1184 327//1184 536//1184
f 474//1185 200//1185 19//1185
f 112//1186 644//1186 110//1186
f 675//1187 419//1187 152//1187
f 361//1188 136//1188 351//1188
f 500//1189 525//1189 70//1189
f 410//1190 346//1190 742//1190
f 538//1191 96//1191 692//1191
f 568//1192 17//1192 614//1192
f 523//1193 417//1193 763//1193
f 92//1194 127//1194 281//1194
f 255//1195 485//1195 257//1195
f 531//1196 544//1196 243//1196
f 378//1197 409//1197 580//1197
f 127//1198 440//1198 281//1198
f 172//1199 601//1199 380//1199
f 180//1200 712//1200 371//1200
f 626//1201 268//1202 688//1203
f 662//1204 348//1204 753//1204
f 348//1205 734//1205 88//1205
f 613//1206 74//1206 212//1206
f 65//1207 41//1207 61//1207
f 723//1208 627//1208 386//1208
f 174//365 300//1209 597//365
f 224//1210 219//578 185//577
f 200//1211 87//1211 449//1211
f 32//1212 714//1212 21//1212
f 369//1213 307//1213 635//1213
f 231//1214 727//1215 359//1216
f 694//1217 761//1217 438//1217
f 109//1218 251//1218 325//1218
f 5//1219 466//1219 8//1219
f 233//1220 192//1220 646//1220
f 160//1221 438//1221 668//1221
f 493//1222 759//1222 434//1222
f 178//1223 414//1223 653//1223
f 532//1224 157//1224 617//1224
f 686//1225 677//1225 687//1225
f 482//1226 576//1226 59//1226
f 125//1227 31//1227 301//1227
f 771//1228 391//1228 532//1228
f 744//1229 730//1229 304//1229
f 440//1230 26//1230 281//1230
f 436//1231 502//1231 583//1231
f 140//1232 181//1232 631//1232
f 526//1233 293//1233 182//1233
f 195//1234 191//1234 673//1234
f 680//1235 303//1235 162//1235
f 731//1236 364//1236 83//1236
f 410//1237 784//1237 723//1237
f 784//1238 411//1238 723//1238
f 159//1239 156//1239 237//1239
f 460//1240 758//1240 443//1240
f 136//1241 317//1242 356//1243
f 280//1244 288//1244 651//1244
f 337//1245 570//1245 663//1245
f 337//1246 215//1246 570//1246
f 136//1241 23//1247 317//1242
f 688//1248 546//1248 160//1248
f 570//1249 622//1249 262//1249
f 566//1250 680//1250 2//1250
f 622//1251 278//1251 262//1251
f 490//1252 106//1252 273//1252
f 142//1253 40//1253 303//1253
f 302//1254 776//1254 496//1254
f 525//1255 706//1255 202//1255
f 59//1256 74//1256 613//1256
f 144//1257 139//1257 220//1257
f 424//1258 775//1258 593//1258
f 121//1259 354//1259 328//1259
f 357//1260 81//1260 198//1260
f 552//1261 141//1261 72//1261
f 516//1262 578//1262 85//1262
f 761//1263 10//1263 72//1263
f 122//1264 123//1264 238//1264
f 646//1265 192//1265 311//1265
f 503//1266 488//1266 205//1266
f 408//1267 745//1267 779//1267
f 247//1268 157//1268 722//1268
f 275//1269 15//1269 338//1269
f 555//1270 506//1270 529//1270
f 63//1271 765//1271 64//1271
f 94//1272 594//647 57//649
f 656//1273 163//1273 147//1273
f 244//1274 182//1274 52//1274
f 165//1275 417//1275 523//1275
f 583//1276 276//1276 436//1276
f 404//1277 196//675 658//677
f 414//1278 191//1278 728//1278
f 328//1279 459//1279 121//1279
f 743//1280 445//1280 660//1280
f 512//1281 182//1281 177//1281
f 396//1282 575//1282 559//1282
f 512//1283 177//1283 184//1283
f 670//1284 654//1284 79//1284
f 241//1285 706//1285 725//1285
f 776//1286 458//1286 607//1286
f 581//1287 442//1287 98//1287
f 111//1288 141//1288 552//1288
f 429//1289 161//1289 705//1289
f 89//1290 630//1290 734//1290
f 680//1291 111//1291 2//1291
f 595//1292 736//1292 365//1292
f 762//1293 728//1293 459//1293
f 573//1294 495//1294 768//1294
f 623//1295 595//1295 514//1295
f 773//1296 665//1296 666//1296
f 774//1297 581//1297 98//1297
f 341//1298 353//1298 477//1298
f 513//1299 766//1299 621//1299
f 720//1300 774//1300 98//1300
f 565//1301 720//1301 513//1301
f 314//1302 205//1302 488//1302
f 512//1303 421//1303 395//1303
f 514//1304 595//1304 535//1304
f 113//1305 250//1305 189//1305
f 728//1306 624//1306 459//1306
f 307//1307 199//1307 119//1307
f 158//1308 653//1308 459//1308
f 435//1309 622//1309 754//1309
f 539//1310 745//1310 408//1310
f 349//1311 689//1311 43//1311
f 51//1312 603//1312 581//1312
f 204//1313 558//1313 754//1313
f 45//1314 416//1314 493//1314
f 81//1315 377//1315 36//1315
f 647//1316 37//1316 35//1316
f 514//1317 492//1317 623//1317
f 599//1318 101//1318 102//1318
f 776//1319 607//1319 496//1319
f 178//1320 453//1320 511//1320
f 482//1321 373//1321 289//1321
f 379//1322 321//1322 173//1322
f 75//1323 31//1323 640//1323
f 186//1324 274//1324 708//1324
f 511//1325 453//1325 191//1325
f 636//1326 496//1326 684//1326
f 550//1327 735//1327 549//1327
f 464//1328 764//1328 465//1328
f 618//1329 497//1329 550//1329
f 13//1330 33//1330 713//1330
f 206//1331 286//1331 264//1331
f 428//1332 558//1332 446//1332
f 550//1333 30//1333 735//1333
f 628//1334 507//1334 217//1334
f 773//1335 684//1335 697//1335
f 495//1336 258//1336 569//1336
f 192//1337 233//1337 280//1337
f 658//1338 270//1338 404//1338
f 768//1339 495//1339 194//1339
f 507//1340 34//1340 260//1340
f 764//1341 31//1341 75//1341
f 207//1342 393//1342 91//1342
f 95//1343 122//1343 84//1343
f 706//1344 678//1344 725//1344
f 585//1345 48//1345 25//1345
f 390//1346 573//1346 5//1346
f 333//1347 683//1347 462//1347
f 683//1348 294//1348 765//1348
f 122//1349 238//1349 84//1349
f 594//1350 316//1350 563//1350
f 189//1351 311//1351 192//1351
f 241//1352 108//1352 420//1352
f 390//1353 495//1353 573//1353
f 519//1354 696//1354 409//1354
f 185//1355 501//1355 364//1355
f 189//1356 192//1356 333//1356
f 401//1357 535//1357 476//1357
f 104//1358 7//1358 308//1358
f 551//1359 1//1359 461//1359
f 443//1360 758//1360 637//1360
f 185//1361 509//1361 505//1361
f 129//1362 71//1362 336//1362
f 152//1363 63//1363 778//1363
f 483//1364 691//1364 124//1364
f 782//1365 740//1365 679//1365
f 461//1366 6//1366 425//1366
f 268//1367 744//1367 248//1367
f 649//1368 583//1368 739//1368
f 739//1369 533//1369 334//1369
f 552//1370 72//1370 10//1370
f 343//1371 682//1371 383//1371
f 360//1372 518//1372 487//1372
f 577//1373 593//1373 43//1373
f 626//1374 688//1374 389//1374
f 308//1375 147//1375 104//1375
f 38//1376 312//1376 222//1376
f 313//1377 336//1377 71//1377
f 47//1378 506//1378 555//1378
f 99//1379 724//1380 541//1381
f 226//1382 655//1382 502//1382
f 306//1383 208//1383 343//1383
f 26//1384 611//1384 3//1384
f 721//1385 273//1385 622//1385
f 545//1386 96//1386 538//1386
f 627//1387 690//1387 612//1387
f 448//1388 131//1388 170//1388
f 202//1389 685//1389 94//1389
f 251//1390 469//1390 701//1390
f 584//1391 298//1391 520//1391
f 228//1392 302//1392 629//1392
f 759//1393 199//1393 760//1393
f 361//1394 406//1394 136//1394
f 568//1395 614//1395 320//1395
f 551//1396 406//1396 361//1396
f 372//1397 717//1397 286//1397
f 465//1398 75//1398 431//1398
f 513//1399 621//1399 633//1399
f 9//1400 142//1400 303//1400
f 400//1401 408//1401 247//1401
f 769//1402 733//1402 475//1402
f 315//1403 680//1403 566//1403
f 266//1404 704//1404 272//1404
f 704//1405 267//1405 272//1405
f 163//1406 657//1406 289//1406
f 316//1407 401//1407 464//1407
f 51//1408 775//1408 360//1408
f 256//1409 587//1409 126//1409
f 386//1410 384//1410 463//1410
f 130//1411 752//1411 144//1411
f 457//1412 77//1412 171//1412
f 353//1413 352//1413 78//1413
f 399//1414 695//1414 120//1414
f 606//1415 670//1415 598//1415
f 457//1416 171//1416 460//1416
f 138//1417 292//1417 635//1417
f 342//1418 66//1418 50//1418
f 399//1419 120//1419 390//1419
f 743//1420 296//1420 445//1420
f 542//1421 269//1421 605//1421
f 503//1422 66//1422 342//1422
f 126//69 382//69 69//1423
f 221//1424 126//1424 69//1424
f 772//1425 422//1425 377//1425
f 666//1426 636//1426 684//1426
f 298//1427 707//1427 520//1427
f 369//1428 413//1428 166//1428
f 385//1429 705//1429 36//1429
f 79//1430 654//1430 415//1430
f 106//1431 325//1431 741//1431
f 286//1432 447//1432 107//1432
f 419//1433 284//1433 152//1433
f 732//1434 693//1434 146//1434
f 476//1435 764//1435 464//1435
f 360//1436 105//1436 783//1436
f 665//1437 131//1437 132//1437
f 360//1438 346//1438 518//1438
f 75//1439 640//1439 433//1439
f 263//1440 666//1440 132//1440
f 351//1441 136//1441 356//1441
f 770//1442 14//1442 615//1442
f 41//1443 151//1443 615//1443
f 473//1444 491//1444 338//1444
f 494//1445 282//1445 157//1445
f 98//1446 712//1446 180//1446
f 533//1447 669//1447 33//1447
f 168//1448 40//1448 142//1448
f 565//1449 513//1449 633//1449
f 783//1450 530//1450 487//1450
f 227//1451 564//1451 565//1451
f 450//1452 224//1452 442//1452
f 653//1453 762//1453 459//1453
f 268//1202 248//1454 688//1203
f 532//1455 164//1455 103//1455
f 733//1456 621//1456 664//1456
f 248//1457 265//1457 10//1457
f 532//1458 391//1458 157//1458
f 526//1459 674//1459 293//1459
f 98//1460 405//1460 712//1460
f 680//1461 162//1461 111//1461
f 561//1462 392//1462 370//1462
f 604//1463 254//1463 203//1463
f 702//1464 203//1464 239//1464
f 581//1465 603//1465 726//1465
f 55//1466 538//1466 681//1466
f 481//1467 566//1467 547//1467
f 357//1468 772//1468 81//1468
f 207//1469 504//1469 251//1469
f 775//1470 358//1470 105//1470
f 360//1471 775//1471 105//1471
f 283//1472 3//1472 515//1472
f 397//1473 579//1473 676//1473
f 141//1474 242//1474 72//1474
f 441//1475 305//1475 586//1475
f 612//1476 686//1476 687//1476
f 523//1477 763//1477 253//1477
f 664//1478 115//1478 324//1478
f 241//1479 725//1479 108//1479
f 534//1480 117//1480 301//1480
f 351//1481 356//1481 252//1481
f 660//1482 445//1482 116//1482
f 302//1483 496//1483 620//1483
f 660//1484 116//1484 123//1484
f 230//1485 295//1485 585//1485
f 404//1486 652//1486 728//1486
f 55//1487 727//1487 538//1487
f 137//1488 466//1488 751//1488
f 727//1215 55//1489 359//1216
f 760//1490 193//1490 561//1490
f 447//1491 133//1491 403//1491
f 446//1492 558//1492 509//1492
f 116//1493 27//1493 713//1493
f 698//1494 15//1494 108//1494
f 318//1495 566//1495 2//1495
f 620//1496 496//1496 636//1496
f 599//1497 437//1497 100//1497
f 290//1498 236//1498 694//1498
f 73//1499 279//1499 288//1499
f 392//1500 298//1500 747//1500
f 39//59 365//61 609//1501
f 298//1502 392//1502 707//1502
f 604//1503 626//1503 389//1503
f 304//1504 452//1504 62//1504
f 643//1505 626//1505 604//1505
f 483//1506 590//1506 691//1506
f 252//1507 308//1507 710//1507
f 534//1508 39//1508 117//1508
f 127//1509 379//1509 380//1509
f 650//932 152//1510 778//933
f 251//1511 504//1511 469//1511
f 779//1512 494//1512 247//1512
f 596//1513 339//1513 702//1513
f 233//1514 426//1514 73//1514
f 178//1515 511//1515 414//1515
f 286//1516 133//1516 447//1516
f 411//1517 784//1517 750//1517
f 750//1518 784//1518 410//1518
f 210//1519 559//1519 715//1519
f 261//1520 180//1520 251//1520
f 580//1521 605//1521 658//1521
f 739//1522 334//1522 634//1522
f 645//1523 326//1523 18//1523
f 613//1524 578//1524 373//1524
f 562//1525 46//1525 321//1525
f 695//1526 196//1526 749//1526
f 18//1527 51//1527 487//1527
f 487//1528 51//1528 360//1528
f 616//1529 319//1529 320//1529
f 299//1530 94//1530 57//1530
f 766//1531 455//1531 756//1531
f 90//1532 300//1532 174//1532
f 666//1533 620//1533 636//1533
f 602//1534 601//1534 26//1534
f 711//1535 521//1535 440//1535
f 440//1536 601//1536 602//1536
f 711//1537 440//1537 602//1537
f 15//1538 275//1538 108//1538
f 553//1539 38//1539 326//1539
f 361//1540 548//1540 772//1540
f 777//1541 668//1541 32//1541
f 197//1542 299//1542 479//1542
f 275//1543 338//1543 80//1543
f 617//1544 715//1544 532//1544
f 589//1545 467//1545 625//1545
f 300//1546 616//1546 597//1546
f 528//1547 213//1547 4//1547
f 663//1548 570//1548 262//1548
f 85//1549 578//1549 717//1549
f 203//1550 480//1550 239//1550
f 555//1551 417//1551 165//1551
f 522//1552 216//1552 97//1552
f 155//1553 320//1553 319//1553
f 641//1554 555//1554 165//1554
f 344//1555 345//1555 781//1555
f 514//1556 535//1556 401//1556
f 316//1557 402//1557 514//1557
f 705//1558 1//1558 198//1558
f 458//1559 780//1559 607//1559
f 736//1560 640//1560 137//1560
f 324//1561 435//1561 428//1561
f 41//1562 53//1562 151//1562
f 577//1563 43//1563 689//1563
f 63//1564 64//1564 778//1564
f 662//1565 89//1565 734//1565
f 184//1024 427//1023 92//1566
f 57//1567 80//1567 299//1567
f 312//1568 639//1568 222//1568
f 573//1569 768//1569 751//1569
f 624//1570 269//1570 542//1570
f 45//1571 493//1571 434//1571
f 140//1572 3//1572 181//1572
f 161//1573 6//1573 1//1573
f 647//1574 230//1574 37//1574
f 541//1381 724//1380 408//1575
f 365//1576 736//1576 366//1576
f 181//1577 579//1577 397//1577
f 605//1578 409//1578 696//1578
f 64//923 169//925 24//1579
f 271//1580 536//1580 378//1580
f 9//1581 303//1581 588//1581
f 659//1582 195//1582 495//1582
f 698//1583 368//1583 205//1583
f 28//1584 241//1584 420//1584
f 744//1585 531//1585 243//1585
f 532//1586 333//1586 771//1586
f 487//1587 249//1587 627//1587
f 227//1588 633//1588 478//1588
f 627//1589 249//1589 690//1589
f 206//1590 210//1590 49//1590
f 147//1591 163//1591 289//1591
f 687//1592 677//1592 674//1592
f 223//1593 313//1593 477//1593
f 770//1594 615//1594 671//1594
f 144//1595 146//1595 139//1595
f 608//1596 16//1596 437//1596
f 223//1597 586//1597 585//1597
f 571//1598 29//1598 107//1598
f 71//1599 341//1599 313//1599
f 425//1600 242//1600 748//1600
f 590//1601 58//1601 143//1601
f 290//1602 248//1602 718//1602
f 371//1603 712//1603 337//1603
f 176//1604 729//1604 179//1604
f 267//1605 151//1605 53//1605
f 81//1606 772//1606 377//1606
f 226//1607 436//1607 183//1607
f 568//1608 239//1608 17//1608
f 761//1609 694//1609 236//1609
f 484//1610 699//1610 412//1610
f 545//1611 231//1611 300//1611
f 187//1612 134//1612 481//1612
f 208//1613 524//1613 229//1613
f 262//1614 278//658 582//657
f 516//1615 373//1615 578//1615
f 61//471 41//1616 615//472
f 208//1617 700//1617 524//1617
f 76//1618 398//1618 183//1618
f 688//1619 248//1619 290//1619
f 369//1620 635//1620 292//1620
f 495//1621 569//1621 194//1621
f 219//1622 144//1622 220//1622
f 130//1623 144//1623 219//1623
f 630//1624 596//1624 702//1624
f 47//1625 148//1625 143//1625
f 169//1626 79//1626 415//1626
f 449//1627 394//1627 518//1627
f 562//1628 175//1628 46//1628
f 672//1629 266//1629 367//1629
f 12//1630 263//1630 448//1630
f 382//1631 621//1631 285//1631
f 405//1632 204//1632 215//1632
f 405//1633 215//1633 337//1633
f 452//1634 304//1634 730//1634
f 612//1635 266//1635 430//1635
f 614//1636 134//1636 187//1636
f 347//1637 24//1637 415//1637
f 475//1638 664//1638 233//1638
f 567//1639 168//1639 142//1639
f 482//1640 102//1640 576//1640
f 15//1641 473//1641 338//1641
f 487//1642 287//1642 249//1642
f 346//1643 783//1643 723//1643
f 543//1644 145//1644 485//1644
f 95//1645 743//1645 660//1645
f 543//1646 110//1646 145//1646
f 451//1647 489//1647 483//1647
f 739//1648 583//1648 502//1648
f 47//1649 143//1649 506//1649
