# Blender 4.5.3 LTS
# www.blender.org
o Bunny
v -0.112992 1.643262 -0.876676
v 0.404486 1.969151 0.042184
v -0.356794 1.184801 0.566137
v 0.270841 1.794220 0.084408
v 0.052149 1.076087 -0.850275
v 0.200925 1.894773 -0.251845
v -0.505338 0.111881 -0.425506
v 0.168950 1.752895 -0.006006
v -0.034175 1.747720 -0.402538
v -0.566949 0.158565 0.212557
v -0.417462 0.153070 -0.504407
v -0.495392 0.056212 -0.211302
v -0.588500 0.164997 0.011070
v -0.444969 0.263950 -0.234872
v -0.176061 1.147810 0.788352
v -0.524268 0.158804 0.491319
v -0.555792 0.305649 0.594439
v -0.450551 0.959231 -0.198755
v -0.520255 1.506710 -0.693349
v 0.479385 1.836829 -0.544445
v -0.325431 0.259965 0.882165
v 0.136330 1.273754 -0.840458
v 0.221356 1.693237 -0.533116
v -0.445793 0.283640 -0.055832
v -0.552976 0.245927 0.089495
v 0.251776 1.650096 -0.724951
v -0.401526 0.251913 -0.364850
v -0.631915 0.288681 0.302677
v -0.585986 1.332120 -0.790307
v -0.296124 1.656958 -0.461902
v -0.388266 1.634668 -0.560911
v 0.370415 1.848350 -0.628996
v 0.164209 1.954153 -0.137463
v -0.297109 0.203997 0.959207
v -0.456919 0.538027 -0.299269
v -0.642529 0.387944 0.449033
v -0.433175 1.139746 -0.886216
v -0.379542 1.198212 0.223035
v -0.231912 1.713410 -0.689929
v -0.307914 1.183783 -0.052610
v -0.270488 0.355929 1.080652
v -0.602829 0.445149 0.098590
v 0.046589 0.905833 0.950796
v -0.681854 0.554226 0.305261
v -0.610952 0.629052 0.579222
v 0.253150 1.177344 -0.604324
v -0.054556 0.941793 -0.893676
v -0.242204 0.471080 0.983978
v -0.568990 1.156113 -0.666152
v 0.157898 1.619843 -0.419647
v 0.101551 1.317652 0.226481
v -0.174851 1.069150 -0.862069
v -0.486493 0.778497 -0.187723
v 0.325957 0.829941 -0.673013
v -0.471366 0.625098 -0.479351
v -0.132871 1.331256 0.492334
v -0.108348 1.236206 -0.950358
v -0.499412 0.814788 -0.347320
v -0.651502 0.739612 0.449140
v -0.640535 0.678487 0.071968
v -0.459464 1.087822 0.296407
v -0.490565 0.645162 -0.096072
v -0.635703 0.832018 0.261768
v -0.370388 1.170830 -0.383284
v -0.495980 0.823021 -0.497181
v -0.577164 0.870487 0.480128
v 0.096427 1.733343 -0.622085
v -0.454047 0.793550 -0.638554
v -0.529631 0.848005 0.017116
v -0.438321 1.077251 -0.535238
v -0.416883 1.055392 -0.293717
v -0.465110 0.996418 0.008117
v -0.016725 1.301702 -0.053475
v -0.507428 0.964231 0.296107
v -0.366537 0.569129 -0.634053
v -0.394665 1.041788 -0.730138
v -0.508369 0.927015 0.599230
v 0.077039 1.768428 -0.197431
v 0.416283 0.876303 -0.411557
v 0.235654 1.488190 -0.667610
v -0.464370 0.030763 0.523140
v -0.603906 0.039770 0.012183
v 0.125938 1.665104 -0.157088
v 0.407440 1.080454 0.324128
v -0.478217 0.027454 -0.403036
v 0.394052 1.901005 0.155452
v 0.442022 0.812852 -0.208394
v -0.439877 1.278631 -0.474303
v -0.401496 0.184316 0.729555
v 0.275296 1.758895 -0.149038
v -0.026558 0.682332 -0.858544
v -0.575656 1.260532 -0.600720
v -0.152944 0.209382 1.100270
v -0.432145 0.816171 0.804316
v -0.069206 1.649773 -0.345427
v 0.752199 1.960071 -0.561200
v -0.230462 1.287455 -0.266642
v -0.401070 0.416382 0.843866
v -0.227223 0.776851 0.948055
v -0.122439 0.424700 1.182370
v -0.276113 1.493505 -0.405976
v -0.425865 1.465735 -0.529623
v -0.565057 0.443924 0.624680
v -0.495480 0.547153 0.756048
v 0.219633 0.726029 0.941465
v -0.264961 1.434947 -0.915986
v -0.066314 1.475869 -0.900001
v -0.063383 0.574010 1.025082
v -0.535307 1.146671 -0.780440
v 0.910776 1.835755 -0.524388
v -0.286379 1.190622 -0.918866
v 0.157983 1.731684 -0.721456
v -0.446181 1.275965 -0.926034
v 0.167544 0.036914 0.692137
v 0.386929 0.018249 0.523865
v 0.948192 1.951883 -0.519727
v 0.169183 0.282546 1.025325
v 0.059212 0.175973 1.057052
v 0.423145 0.140420 0.612474
v -0.032604 1.507540 -0.325175
v 0.393000 0.980041 0.631669
v 0.376458 1.091896 -0.074398
v 0.258306 0.261139 0.837491
v 0.393181 0.220104 0.719662
v 0.486614 0.889217 0.090408
v 0.147745 0.009143 -0.577923
v 0.213374 1.245282 -0.061816
v 0.021913 0.347610 1.176698
v 0.697509 1.815652 -0.516756
v 0.601219 0.781365 0.035635
v 0.296736 0.458708 0.877043
v 0.803279 2.031117 -0.658147
v 0.113077 1.555615 -0.319725
v -0.436827 0.046934 -0.540655
v 0.263786 1.242710 -0.258173
v 0.373830 0.601036 0.831456
v 0.108903 0.483289 1.001577
v 0.840662 1.947367 -0.638455
v 0.921360 2.048127 -0.577420
v -0.208604 1.316516 0.262365
v -0.042484 1.357826 -0.242727
v 0.618583 1.912417 -0.718999
v 0.366700 2.069664 0.070616
v 0.063530 1.724840 -0.500108
v 0.254999 1.013527 0.811065
v 0.054989 1.134587 0.812511
v 0.324207 1.579335 -0.648128
v 0.023842 0.472700 1.133617
v -0.158537 0.489334 1.113869
v 0.099525 1.290787 0.578512
v -0.170309 0.024706 -0.525144
v -0.305650 0.076770 -0.559349
v 0.459509 0.897745 0.511198
v 0.066674 0.042041 -0.651405
v 0.041324 0.131354 -0.593469
v -0.569686 0.115181 -0.088144
v -0.267637 0.910949 -0.835511
v 0.428618 0.754600 0.738113
v -0.267944 0.681802 -0.804732
v 0.023083 0.223529 -0.466379
v -0.109572 0.178778 -0.428572
v -0.385044 1.536893 -0.862960
v -0.119906 0.295800 -0.411045
v -0.530596 1.198140 -0.867245
v 0.453982 1.622872 -0.661892
v 0.445825 0.985889 0.039708
v 0.481962 2.029496 0.182309
v 0.426522 0.133269 -0.218583
v 0.489149 0.026298 -0.227571
v 0.205347 0.084338 -0.556283
v 0.037920 1.383287 -0.897839
v 0.645833 1.681967 -0.642471
v -0.262081 0.214063 -0.419574
v 0.189984 0.221078 -0.438824
v 0.522256 0.168912 0.008791
v 0.458226 0.228470 -0.076714
v 0.830228 1.754900 -0.574929
v 0.317806 0.282678 -0.159163
v 0.183968 0.397342 -0.496847
v 0.048743 0.315825 -0.472690
v 0.297758 1.171136 0.564716
v 0.551375 0.370656 -0.004327
v 0.168733 0.596387 -0.752218
v -0.046226 0.575271 -0.801479
v 0.583102 0.799643 0.376006
v 0.633219 0.614452 -0.005205
v 0.152544 0.828477 -0.834336
v 0.142421 1.470277 -0.794290
v -0.123638 0.813155 -0.895520
v 0.258919 1.247298 0.297430
v 0.520065 0.015254 -0.039711
v 0.289331 0.136308 -0.328710
v 0.366160 1.056215 -0.423149
v 0.297451 0.011674 -0.356604
v 0.153173 1.369853 -0.343575
v 0.459706 0.007427 0.290666
v 0.485755 0.101163 0.346328
v 0.551670 0.230079 0.341671
v 0.583055 0.495848 0.458339
v 0.335011 0.498703 -0.346309
v 0.634379 0.439611 0.168744
v 0.477440 0.337844 0.659594
v 0.651241 0.640903 0.256590
v 0.457384 0.658621 -0.138155
v 0.322253 0.586023 -0.584081
v 0.658595 0.726989 0.135151
v 0.404572 0.685299 -0.449948
v 0.334085 -0.003550 0.387884
v 0.381994 -0.002397 -0.161903
v 0.217781 0.032542 0.353061
v 0.296949 0.043779 -0.004905
v 0.030887 -0.021420 0.448572
v 0.054363 0.000260 0.545699
v 0.001002 0.004418 0.625683
v 0.197938 0.016342 -0.195013
v -0.044821 0.034828 0.851234
v -0.103883 -0.009174 -0.382974
v 0.117143 -0.003520 -0.208634
v -0.105315 0.041293 0.273059
v -0.021452 -0.029478 0.425026
v -0.023777 0.001377 -0.328970
v 0.110789 0.044963 -0.113489
v -0.060353 0.032956 -0.032663
v -0.164860 -0.003049 0.591329
v -0.078084 0.009620 0.642960
v -0.067214 0.011086 -0.228303
v -0.117468 -0.012239 0.461702
v -0.244463 0.044315 0.734135
v -0.170590 -0.010894 0.527571
v -0.068159 0.010960 -0.091385
v -0.337359 0.409669 -0.411833
v -0.392157 0.020307 0.429704
v -0.356668 0.041805 0.475790
v -0.192125 0.007759 -0.212217
v -0.411900 0.060692 0.034124
v -0.220873 -0.006469 -0.274359
v -0.359927 0.058635 0.389046
v -0.100620 0.426826 -0.636425
v -0.383273 0.009615 -0.124664
v -0.354722 0.045181 -0.085955
v -0.411886 0.063598 0.195506
v -0.473052 0.003529 0.148786
v -0.470375 0.000638 -0.029630
v 0.292659 1.553944 -0.542774
v -0.042057 1.718482 -0.726217
v 0.011625 1.690475 -0.797546
v -0.172023 1.688081 -0.810979
v 0.363333 1.774179 -0.539955
v 0.409909 1.840191 -0.574738
v 0.258847 1.765569 -0.579687
v 0.096084 1.329757 0.402459
v -0.027084 1.347399 0.375553
v -0.026389 1.328322 0.529862
v 0.244158 1.374299 -0.553632
v 0.239872 1.354120 -0.642157
v 0.253893 1.499407 -0.600334
v 0.874697 2.025791 -0.566576
v 0.887274 2.057069 -0.617057
v 0.776591 2.009367 -0.613725
v -0.602594 1.236701 -0.716818
v -0.588498 1.198052 -0.632001
v -0.606357 1.301006 -0.690290
v -0.572212 1.378437 -0.650394
v -0.570267 1.424994 -0.748128
v 0.047071 0.889337 -0.880713
v 0.008121 0.810959 -0.884542
v -0.084373 0.877336 -0.902319
v 0.130437 0.217850 1.044610
v 0.107333 0.322557 1.124707
v 0.045851 0.265438 1.142815
v 0.073386 0.656179 0.991980
v 0.137676 0.815137 0.960492
v -0.004347 0.735215 0.993638
v 0.051335 1.561361 -0.825302
v -0.091624 1.567234 -0.896061
v 0.044621 1.643665 -0.818422
v -0.419478 0.927910 -0.677010
v -0.451264 0.935683 -0.590951
v -0.433438 1.044646 -0.631788
v -0.607304 0.276933 0.445331
v -0.612150 0.331511 0.499836
v -0.650208 0.338606 0.378502
v -0.428244 0.588040 -0.560066
v -0.476113 0.694450 -0.562183
v -0.424014 0.666702 -0.646978
v -0.652585 0.788003 0.376190
v -0.619662 0.806331 0.476689
v -0.604511 0.874528 0.381027
v 0.200073 0.474305 0.940059
v 0.258003 0.586364 0.922479
v 0.144928 0.595611 0.977984
v -0.117138 1.337304 -0.239234
v -0.040356 1.413682 -0.291578
v -0.136435 1.408533 -0.304866
v 0.424567 1.928853 0.118524
v 0.468815 2.014825 0.144791
v 0.469798 1.988822 0.197925
v -0.540996 0.218396 0.538153
v -0.580783 0.212697 0.396086
v -0.488255 0.811767 -0.553188
v -0.471868 0.926155 -0.513212
v 0.027332 0.540465 1.024470
v -0.497874 0.731692 -0.489059
v -0.672480 0.664879 0.396127
v -0.674106 0.705846 0.276730
v -0.464147 0.580734 -0.386632
v -0.416535 0.517832 -0.445510
v -0.411397 0.463694 -0.358034
v -0.496732 0.702844 -0.409809
v -0.501082 0.822136 -0.436872
v -0.595541 0.774959 0.543800
v -0.558320 0.795333 0.615128
v -0.544889 0.895633 0.537397
v -0.469084 0.946314 -0.433165
v -0.400313 1.137051 -0.445164
v -0.429671 1.051447 -0.405971
v -0.382250 1.120979 -0.345625
v -0.469601 0.943443 -0.327810
v -0.500004 0.971349 0.473212
v -0.545259 0.923876 0.401503
v -0.487933 0.674761 -0.324603
v 0.494084 1.688450 -0.528325
v 0.434559 1.739714 -0.521795
v 0.258653 1.631160 -0.520533
v -0.317116 0.221017 0.916209
v -0.299154 0.270261 1.025151
v -0.307015 0.312995 0.983497
v -0.589961 0.215673 0.255628
v -0.545469 0.152644 0.365060
v -0.062700 1.337873 0.250775
v -0.171970 1.337361 0.388449
v -0.330485 1.164937 -0.264148
v -0.322848 1.212421 -0.331260
v -0.457377 0.177104 -0.397104
v -0.475703 0.162940 -0.328934
v -0.432040 0.251240 -0.308211
v -0.478979 0.670403 -0.244969
v -0.493501 0.776603 -0.268020
v -0.481154 0.886384 -0.269334
v -0.439861 0.999828 -0.240584
v 0.006971 1.754930 -0.315589
v 0.118262 1.887130 -0.167223
v 0.078579 1.861921 -0.251969
v -0.506108 0.082925 -0.333248
v -0.464617 0.148038 -0.231225
v -0.475666 0.867687 -0.200901
v -0.442271 1.041380 0.603241
v -0.443973 1.070749 0.448119
v -0.468046 0.593935 -0.202309
v -0.484826 0.723525 -0.150698
v -0.364644 1.116613 -0.186211
v -0.257002 1.225249 -0.158976
v -0.446144 0.402135 -0.256377
v -0.451683 0.454929 -0.165186
v -0.481351 0.882960 -0.107588
v -0.450092 0.976607 -0.115653
v -0.394082 1.064654 -0.137558
v -0.092868 0.858542 0.961617
v -0.068324 1.030005 0.892395
v -0.209325 0.968309 0.891127
v -0.459823 0.164305 -0.142466
v -0.430741 0.282546 -0.143764
v -0.478707 1.034732 0.297039
v -0.423811 1.136096 0.417230
v -0.187013 1.656040 -0.400426
v -0.069279 1.696127 -0.378387
v -0.178594 1.701288 -0.450361
v -0.515930 0.767160 -0.054475
v -0.498263 0.817788 -0.091712
v -0.363879 1.235905 -0.936602
v -0.360880 1.360268 -0.924030
v -0.278907 1.305960 -0.930543
v -0.496598 0.912382 0.003077
v -0.455955 0.462053 -0.071831
v -0.251527 1.266326 0.105736
v -0.118148 1.311415 0.113378
v -0.175158 1.261786 -0.035318
v -0.394408 1.093042 -0.026806
v -0.200298 0.480208 1.055203
v -0.262109 0.408024 1.031474
v -0.222531 0.438916 1.109069
v -0.423070 1.112234 0.110396
v -0.345482 1.199133 0.091851
v -0.669731 0.451483 0.378913
v -0.638641 0.485511 0.497579
v -0.662646 0.574135 0.442815
v -0.283719 1.281957 0.421127
v -0.241956 1.284328 0.543780
v -0.559063 0.204908 0.047296
v -0.589211 0.159770 0.086998
v -0.567978 0.204377 0.138983
v -0.309022 1.265735 0.252092
v -0.367436 1.216581 0.388517
v -0.346222 0.185871 -0.466823
v -0.412168 0.195925 -0.436934
v -0.340700 0.242494 -0.393612
v 0.532482 0.082614 -0.035329
v 0.521636 0.017907 -0.171961
v 0.515643 0.086238 -0.137713
v -0.430632 1.141152 0.273352
v -0.642917 0.688649 0.504091
v -0.651663 0.755094 0.151047
v -0.587558 0.851614 0.135580
v -0.589962 0.771067 0.035028
v 0.052522 1.485065 -0.842348
v 0.164059 1.547283 -0.758029
v -0.296611 0.363345 0.937125
v -0.634470 0.570802 0.078757
v -0.659825 0.490511 0.194774
v -0.675159 0.619326 0.174135
v -0.492344 0.973048 0.138749
v -0.471630 1.046820 0.171482
v -0.594766 0.264339 0.179390
v -0.051049 0.395953 1.193882
v 0.038169 0.415627 1.167623
v -0.048380 0.464272 1.175892
v -0.666938 0.410047 0.292923
v 0.088018 1.832671 -0.333646
v 0.186962 1.958928 -0.170243
v -0.562248 0.383226 0.615307
v -0.602829 0.406458 0.545484
v -0.514078 1.354722 -0.567794
v -0.490348 1.477561 -0.605844
v -0.446201 1.589201 -0.618341
v -0.408257 1.568901 -0.539671
v -0.509411 1.123276 -0.610500
v -0.519005 1.173714 -0.568787
v -0.203590 0.395449 1.148817
v -0.145571 0.468524 1.158509
v -0.452086 1.187303 -0.509189
v -0.515741 1.258006 -0.538733
v 0.462833 2.065117 0.165118
v 0.390553 1.995338 0.136837
v -0.250232 0.198362 1.020527
v -0.230051 0.289647 1.111171
v -0.445099 1.365407 -0.507489
v -0.423183 0.096067 0.653162
v -0.468190 0.161136 0.617595
v -0.495482 0.097390 0.523875
v -0.364350 1.571216 -0.484260
v -0.352274 1.655809 -0.514076
v -0.395205 1.215070 -0.424588
v -0.361909 1.479009 -0.468909
v -0.293450 1.582305 -0.429215
v -0.367907 1.383720 -0.438061
v -0.473693 0.655381 0.793251
v -0.529175 0.723529 0.707193
v -0.541782 0.599250 0.697497
v -0.342331 1.289414 -0.377813
v -0.255200 1.394331 -0.350827
v -0.391676 1.024895 0.717908
v -0.315839 1.000536 0.813079
v -0.279109 1.176559 0.695952
v -0.584155 0.511046 0.612773
v -0.530361 0.493916 0.693254
v -0.479513 0.345526 0.730694
v -0.457140 0.492869 0.800070
v -0.516001 0.428542 0.701705
v 0.110747 0.102540 0.895659
v 0.178434 0.154598 0.874106
v -0.482612 0.886656 0.701488
v 0.115428 1.605658 -0.247808
v 0.180453 1.643080 -0.263870
v 0.208794 1.698462 -0.143368
v -0.333038 0.807336 0.886258
v -0.004739 1.695316 -0.304234
v -0.533779 0.089860 0.356510
v -0.561694 0.035524 -0.111398
v -0.605206 0.072381 -0.069557
v -0.539134 0.088108 -0.137119
v -0.314370 0.446188 0.916635
v -0.236241 0.604886 0.966486
v -0.325254 0.605813 0.909023
v 0.213255 1.774260 0.055597
v 0.158858 1.725315 -0.042300
v 0.224531 1.741519 0.002939
v 0.195304 1.787915 -0.003900
v 0.127252 1.750147 -0.076737
v -0.298849 0.148201 0.806336
v -0.275854 0.132814 0.869655
v -0.618226 0.103954 0.003889
v -0.588706 0.139336 -0.044773
v 0.285659 0.018148 0.594258
v 0.408174 0.067423 0.569111
v 0.306139 0.081325 0.649016
v 0.326746 1.832680 0.120014
v 0.252883 1.849492 0.017281
v 0.446327 -0.005918 0.140541
v 0.394002 -0.000942 0.094707
v 0.474199 -0.003899 -0.101755
v -0.143684 0.333321 1.168457
v -0.414119 0.617580 0.849698
v 0.449523 0.921492 -0.067456
v 0.426504 0.945403 -0.156989
v 0.425300 1.023733 0.000415
v 0.232315 1.945539 -0.041684
v 0.124837 0.047182 0.127926
v -0.078256 0.042691 0.101614
v 0.112839 0.044431 -0.011341
v -0.477434 0.242329 0.671647
v -0.409097 0.280975 0.789067
v 0.013258 0.099192 0.972641
v 0.056969 0.027166 0.786712
v 0.074763 1.699255 -0.193856
v 0.027891 1.650258 -0.261701
v -0.590897 0.095761 0.128894
v 0.296334 1.781924 0.011825
v 0.360478 1.837224 0.047426
v -0.357958 0.319653 0.864428
v 0.043022 1.590837 -0.264693
v 0.054455 1.526574 -0.320849
v -0.420777 0.373812 -0.322868
v -0.352041 0.216015 0.808547
v 0.254939 2.029122 -0.037325
v 0.900974 1.801798 -0.542568
v 0.857330 1.831597 -0.519084
v 0.759961 1.758312 -0.542553
v -0.259629 0.052339 0.137789
v -0.247387 0.047510 0.026214
v 0.352351 0.133829 -0.269409
v 0.291231 0.193697 -0.244804
v 0.364165 0.194364 -0.183027
v 0.366511 0.293474 0.762878
v 0.385068 0.391102 0.783056
v 0.275183 0.359998 0.863318
v 0.592474 1.657886 -0.564000
v 0.570686 1.832062 -0.525894
v 0.097253 1.169352 -0.846707
v -0.028500 1.148892 -0.905335
v 0.022619 1.235948 -0.914190
v 0.426356 0.247779 0.697854
v 0.345820 0.230537 0.762205
v 0.277426 1.553072 -0.646357
v 0.311259 1.563541 -0.607358
v 0.744178 1.900862 -0.528338
v 0.597733 1.892120 -0.550683
v 0.248047 0.871493 0.892852
v 0.326695 0.769082 0.858987
v 0.342194 0.883823 0.801229
v -0.024021 1.321739 -0.932830
v 0.084804 1.333387 -0.884711
v 0.142894 1.286543 -0.159870
v 0.204644 1.294446 -0.302083
v 0.080977 1.323354 -0.201344
v 0.346685 0.533136 0.852452
v 0.315223 0.670449 0.886540
v -0.204688 1.555130 -0.908364
v -0.322819 1.499804 -0.900991
v -0.253464 1.611137 -0.880365
v -0.497995 0.034731 -0.315970
v -0.518862 0.058354 -0.423532
v 0.065708 0.733610 -0.857469
v -0.081843 0.746198 -0.883096
v 0.037194 0.180986 -0.524883
v -0.043579 0.150220 -0.510912
v -0.043312 0.202630 -0.444734
v 0.405986 0.192119 0.690143
v 0.326013 0.177842 0.729462
v -0.149011 0.682565 -0.850687
v -0.207676 0.761481 -0.867516
v 0.461455 0.948175 0.058416
v 0.463467 0.853005 -0.071758
v 0.380040 0.465552 -0.149436
v 0.310097 0.391265 -0.247869
v 0.384389 0.578030 -0.234965
v -0.344130 0.029633 0.642774
v -0.330619 0.108467 0.731844
v 0.224787 0.145932 0.770269
v -0.173416 1.461612 -0.919481
v -0.051328 1.588201 -0.330717
v -0.426082 0.014465 -0.301438
v -0.448502 0.018470 -0.194218
v -0.360761 0.113293 -0.545763
v -0.277532 0.128543 -0.507968
v 0.939165 1.878115 -0.515971
v 0.862531 1.901954 -0.508523
v -0.166313 0.536596 1.011332
v -0.141291 0.679855 0.992652
v 0.163015 0.958022 0.903028
v -0.036826 0.190409 1.106306
v -0.058401 0.290218 1.169676
v -0.173912 1.584068 -0.380274
v -0.155963 1.504793 -0.359650
v -0.095974 0.106283 0.988010
v 0.202045 1.769475 -0.626291
v 0.151492 1.718135 -0.575300
v 0.945774 2.020528 -0.543778
v 0.875812 1.971319 -0.528014
v 0.040321 1.363050 -0.271121
v 0.058363 1.438224 -0.329948
v -0.072435 0.498217 1.134343
v -0.023981 0.514345 1.083653
v -0.119542 0.516108 1.073883
v -0.140693 1.141885 -0.912522
v -0.064120 1.075072 -0.872346
v 0.063135 0.477017 1.070487
v 0.006066 0.996268 -0.875985
v -0.109386 1.006536 -0.877172
v -0.277683 1.702713 -0.556599
v -0.346679 1.678389 -0.611210
v 0.035920 1.314521 0.099514
v 0.619070 1.960163 -0.654018
v 0.744238 1.993103 -0.697381
v 0.514836 1.898185 -0.690257
v 0.568524 1.917950 -0.596352
v 0.208304 1.705644 -0.742448
v 0.108582 1.735340 -0.671436
v -0.040150 1.728871 -0.656196
v -0.109889 1.363015 -0.939995
v -0.197464 1.336126 -0.940074
v 0.006263 1.745737 -0.465272
v -0.068667 1.727637 -0.588188
v -0.144462 1.725595 -0.544788
v 0.272973 1.792000 -0.676406
v -0.134481 1.290211 -0.148774
v -0.036765 1.325693 -0.171256
v -0.361014 0.050935 -0.570957
v -0.443057 0.095830 -0.539618
v -0.405993 1.620209 -0.707187
v 0.055147 1.043078 0.883720
v -0.041095 1.156608 0.806512
v 0.060996 1.721677 -0.573601
v 0.126221 1.691935 -0.518433
v 0.144318 1.091567 0.818575
v -0.252115 0.050555 -0.553806
v -0.209720 0.117856 -0.477717
v 0.068177 1.212722 0.724211
v -0.046773 1.254245 0.683884
v 0.183899 1.171894 0.706676
v -0.572196 0.903474 0.265386
v -0.364397 1.155959 -0.905980
v -0.436792 1.190088 -0.925040
v -0.162111 1.271304 0.634347
v 0.300234 2.026158 -0.064081
v -0.014021 1.421952 -0.905036
v 0.090981 1.426706 -0.853123
v -0.040936 0.257227 -0.426056
v -0.031856 0.311663 -0.451669
v 0.041997 0.269149 -0.457494
v -0.508665 0.177637 -0.081344
v 0.347662 1.872998 -0.052387
v 0.250426 1.825910 -0.219138
v 0.317117 1.949154 -0.095503
v -0.631971 0.364511 0.197168
v -0.369331 0.334338 -0.366160
v 0.399695 1.815419 -0.721059
v -0.574425 0.679273 -0.011111
v -0.546496 0.551915 0.000562
v -0.508724 0.384807 0.018388
v -0.496590 0.074783 -0.498007
v -0.473747 0.137476 -0.480604
v -0.523505 0.911762 0.136561
v -0.197720 0.267231 -0.390544
v -0.294575 0.307377 -0.388354
v -0.222971 0.345362 -0.412684
v -0.325933 1.635166 -0.799634
v -0.467511 1.536196 -0.785701
v 0.388845 1.602875 -0.657592
v 0.410652 1.597203 -0.616844
v 0.280273 1.112775 0.689906
v 0.215170 1.236942 0.576210
v -0.540190 1.174253 -0.829915
v -0.578862 1.227174 -0.781424
v -0.563475 1.253757 -0.840776
v -0.499601 0.268688 0.021317
v -0.569345 0.325416 0.095558
v -0.330826 0.617961 -0.720728
v -0.378612 0.734971 -0.731806
v -0.372024 0.853806 -0.745683
v -0.291984 0.803613 -0.823786
v -0.501887 1.442000 -0.837027
v -0.331751 0.968715 -0.773517
v -0.519661 0.215176 -0.019930
v -0.016967 0.030628 -0.620798
v -0.053936 0.081166 -0.580033
v 0.046666 0.076445 -0.644393
v -0.201460 0.859889 -0.881063
v -0.117946 0.234751 -0.395684
v 0.478622 0.794082 -0.058978
v 0.439722 0.738096 -0.178655
v 0.116633 1.788606 -0.396496
v -0.505856 1.223477 -0.900267
v -0.522456 1.317837 -0.874441
v -0.427670 1.407397 -0.901947
v 0.336635 1.176782 0.295421
v 0.393665 1.100896 0.134744
v 0.311475 1.187073 0.135222
v 0.859350 2.026537 -0.658658
v 0.918536 2.032173 -0.599428
v 0.496192 0.210966 -0.046408
v 0.493536 0.281723 -0.042162
v 0.541262 0.262335 0.028168
v 0.742346 1.946806 -0.694975
v 0.746622 1.709215 -0.611249
v 0.745394 1.795545 -0.645942
v 0.871829 1.847402 -0.604365
v 0.274777 1.228606 0.434949
v 0.352755 1.141239 0.460302
v 0.556288 0.637832 -0.081704
v 0.539622 0.745563 -0.057953
v 0.620482 0.708081 -0.017128
v 0.581865 1.812974 -0.684410
v 0.473202 1.808362 -0.723084
v 0.597918 0.505358 -0.025163
v 0.498962 0.510333 -0.086274
v -0.180394 0.192857 -0.408821
v 0.511522 1.685760 -0.679921
v -0.222387 0.996166 -0.844507
v -0.281045 1.053942 -0.805483
v -0.252816 0.042725 0.393059
v -0.351988 0.051421 0.446440
v -0.256646 0.052830 0.339253
v 0.431329 0.344270 -0.078231
v 0.397999 0.244624 -0.101415
v 0.398181 1.635817 -0.690010
v 0.298564 1.602234 -0.680811
v 0.538336 1.640562 -0.657343
v 0.467082 0.072617 -0.233371
v 0.418298 0.013249 -0.285043
v 0.385214 0.066677 -0.293321
v 0.263577 0.046959 -0.466175
v 0.220728 0.006948 -0.487646
v 0.203924 0.036802 -0.583919
v 0.309188 0.076012 -0.348832
v -0.135301 0.113485 -0.477361
v 0.351855 1.077336 0.607411
v 0.342663 0.990796 0.725036
v -0.203734 1.215195 -0.942355
v 0.329520 0.692390 -0.650324
v 0.264162 0.591140 -0.670422
v 0.260957 0.709801 -0.740383
v 0.108455 0.039005 0.311529
v 0.142634 0.012403 0.413501
v 0.001797 0.009449 0.366557
v 0.434774 1.035517 0.153652
v 0.231514 1.567912 -0.692279
v -0.158768 0.935964 -0.882534
v 0.179746 0.710492 -0.807107
v 0.251513 0.832436 -0.762533
v 0.111486 0.392077 1.098282
v 0.142917 0.383342 1.020872
v 0.020666 0.042965 -0.063194
v 0.208294 0.047234 -0.090873
v 0.660645 0.698154 0.194456
v 0.637781 0.767335 0.234628
v 0.629696 0.715060 0.332827
v 0.118730 0.964186 -0.832116
v 0.162207 1.104836 -0.753945
v 0.218272 0.982082 -0.736975
v 0.538946 0.858707 0.243633
v 0.476588 0.906360 0.323525
v 0.510886 0.852309 0.466841
v 0.265665 0.492061 -0.541823
v 0.177186 0.486134 -0.621628
v 0.197385 1.485636 -0.732607
v 0.129012 0.111829 -0.601520
v 0.120473 0.167931 -0.537875
v 0.197601 0.143873 -0.505895
v 0.134373 0.059085 -0.635574
v 0.078662 0.643681 -0.824423
v 0.124254 1.690161 -0.455617
v 0.173257 1.756738 -0.353597
v 0.121662 0.273047 -0.457832
v 0.108039 0.342659 -0.482514
v 0.193378 0.314843 -0.445093
v 0.048727 0.571009 -0.788497
v -0.036787 0.623773 -0.835097
v 0.100226 0.217066 -0.476395
v -0.561306 1.150411 -0.721938
v 0.442033 0.186551 -0.132965
v 0.178786 0.373794 0.939348
v 0.396210 0.664518 0.805099
v 0.453150 0.840483 0.634157
v 0.513471 0.772281 0.571815
v -0.385050 0.062457 0.297442
v -0.284946 0.055921 0.225969
v 0.428457 0.930303 0.588851
v 0.406020 0.884284 0.702299
v 0.546398 0.831380 0.054142
v 0.603034 0.813301 0.181853
v 0.195637 1.285456 0.255335
v 0.185004 1.292367 0.423253
v 0.201797 0.263034 0.925478
v -0.166814 0.009944 -0.150528
v -0.245497 0.011887 -0.121302
v -0.268623 0.005531 -0.175289
v -0.069868 0.009539 -0.161700
v -0.129914 0.011419 -0.209153
v 0.018294 0.000824 -0.157385
v 0.024689 0.002593 -0.220335
v 0.164572 1.639752 -0.489493
v 0.644433 0.755146 0.084423
v 0.192575 1.563717 -0.475876
v 0.122611 1.278641 -0.050579
v 0.173849 1.270762 0.050186
v 0.437064 0.980953 0.428455
v 0.450479 0.986179 0.221888
v 0.931654 1.863159 -0.548175
v 0.160664 1.491467 -0.398947
v 0.207137 1.436745 -0.453967
v 0.288653 1.191637 -0.068556
v 0.250117 1.220925 0.081789
v 0.225485 1.290429 -0.455396
v 0.272827 1.216681 -0.418742
v 0.330735 1.157285 -0.340931
v 0.319959 1.104745 -0.507693
v 0.117884 1.470009 -0.350007
v 0.403713 1.035949 0.505491
v 0.485309 0.147857 -0.124120
v 0.330065 1.171544 -0.186421
v 0.381759 1.072536 -0.272896
v 0.240990 1.242613 -0.148260
v 0.294597 0.989575 -0.653712
v 0.195538 1.228769 -0.738150
v 0.199603 1.372156 -0.746232
v 0.242393 0.171642 -0.374712
v 0.253533 0.108944 -0.437997
v 0.406078 2.048141 0.064311
v 0.155437 1.384625 -0.814808
v 0.371405 0.631418 -0.524997
v 0.377703 0.744093 -0.565819
v 0.142626 1.570433 -0.363056
v -0.227027 0.000610 -0.232126
v -0.285385 -0.000143 -0.237577
v 0.426550 0.498204 0.761369
v 0.354495 0.962876 -0.559229
v 0.470336 0.542697 0.696877
v 0.433879 0.845671 -0.313225
v 0.412507 0.968054 -0.271512
v 0.471868 0.219371 0.614922
v 0.537676 0.412336 0.558691
v 0.518295 0.609916 0.601117
v 0.252064 0.250392 -0.293547
v 0.259201 0.343058 -0.373749
v 0.401493 0.656968 -0.283889
v 0.009643 -0.029298 0.426724
v -0.075347 0.003265 0.368310
v 0.332608 0.533938 -0.471530
v 0.383011 0.602023 -0.396175
v 0.497006 0.176221 0.492034
v 0.528598 0.267244 0.507300
v 0.583563 0.663372 0.455892
v 0.451069 0.059333 0.460487
v 0.464945 0.118113 0.493515
v 0.575889 0.344110 0.407086
v 0.397309 0.963984 -0.424626
v 0.384111 0.853410 -0.545551
v 0.511237 0.156836 0.359269
v 0.626094 0.579149 0.357778
v 0.203338 1.689589 -0.306641
v 0.619370 0.445780 0.309047
v 0.649659 0.541930 0.212756
v 0.426101 0.726790 -0.340093
v 0.600919 0.334179 0.241980
v 0.265216 0.426231 -0.429385
v 0.436863 0.009955 0.410388
v 0.476522 0.042126 0.303966
v 0.418250 0.776496 -0.442466
v 0.490626 0.006613 0.140604
v 0.513278 0.060901 0.130907
v 0.513749 0.136161 0.180985
v 0.538866 0.200960 0.183454
v -0.094985 0.021912 -0.044081
v -0.224427 0.040535 -0.045013
v -0.224001 0.028092 -0.085359
v -0.355453 0.026822 -0.120928
v 0.933792 1.966387 -0.569024
v 0.570469 0.289704 0.149912
v 0.610813 0.399788 0.080275
v 0.643752 0.519103 0.066682
v 0.657392 0.624926 0.121635
v 0.419470 -0.006409 0.331920
v 0.659052 0.682834 0.057745
v 0.109457 0.021574 -0.636413
v -0.282681 0.003043 0.508296
v -0.324617 0.003628 0.561522
v -0.412085 0.012249 0.486544
v -0.490420 0.010252 0.323176
v -0.434147 0.010477 0.298680
v -0.428926 0.001982 -0.089418
v -0.493117 0.017602 -0.120851
v 0.523791 1.621191 -0.600954
v -0.017040 0.007436 0.728957
v 0.069143 0.004492 0.657073
v -0.036038 0.007928 0.643693
v -0.082535 0.001838 0.643595
v -0.126540 0.004656 0.622135
v -0.231351 0.001890 0.612610
v 0.135863 0.004160 0.598566
v 0.034953 0.003388 0.591909
v -0.177781 -0.008725 0.559842
v -0.188347 0.004685 0.660454
v -0.109964 0.006658 0.721834
v -0.143631 0.032619 0.807567
v -0.230544 1.129298 -0.886088
v -0.196978 0.108308 0.922803
v -0.325721 1.109598 -0.836871
v -0.408964 1.097184 -0.820370
v 0.246966 0.003471 0.548512
v 0.207917 -0.003600 0.502743
v 0.357842 -0.001448 0.482535
v 0.274101 0.042872 0.216506
v -0.489133 1.163004 -0.885662
v -0.482891 1.126325 -0.832420
v 0.347685 0.021903 0.186956
v 0.278966 0.017889 0.387374
v -0.478774 1.094029 -0.751023
v -0.381284 0.055934 -0.031837
v -0.145829 0.608119 -0.808081
v -0.066028 0.515054 -0.748198
v -0.202179 0.548710 -0.738379
v 0.050382 0.492497 -0.699006
v -0.548465 0.011511 0.092905
v -0.548145 0.013367 -0.031965
v -0.486551 0.000816 0.042861
v -0.495266 1.095227 -0.678970
v -0.259271 0.497292 -0.646457
v 0.060218 0.403839 -0.571660
v -0.012066 0.359716 -0.532462
v -0.177364 -0.002370 0.433099
v -0.226248 0.026362 0.391681
v -0.151213 -0.010181 0.493387
v -0.220449 0.000087 0.470080
v 0.110529 -0.005258 -0.402996
v 0.059124 -0.003265 -0.503264
v -0.468391 0.032613 -0.488451
v 0.012801 0.007292 -0.576400
v -0.367715 0.031111 0.481352
v -0.117731 0.354094 -0.500065
v -0.231527 0.411829 -0.520756
v -0.350831 0.490982 -0.532842
v -0.068822 -0.021124 0.437812
v -0.106866 -0.000326 -0.471771
v 0.180855 -0.007449 0.456141
v 0.049485 -0.009514 0.492809
v 0.157755 -0.002202 -0.333838
v -0.050701 -0.004797 -0.374709
v 0.458433 -0.001532 -0.220615
v 0.344816 -0.003140 -0.268182
v -0.334690 0.024240 -0.543463
v -0.170733 -0.009912 -0.337662
v -0.210483 0.000664 -0.379250
v 0.210174 -0.003170 -0.260793
v 0.244942 -0.004453 -0.216214
v 0.090996 -0.002426 -0.265921
v 0.305019 0.007768 -0.178811
v 0.179837 0.002344 -0.217395
v -0.361231 0.016807 -0.454421
v 0.366935 0.019525 -0.064990
v 0.286994 0.031678 -0.131813
v -0.554192 0.032709 0.252802
v -0.293698 0.007571 -0.343947
v 0.173547 0.033656 -0.159129
v -0.422846 0.062980 0.108117
v -0.029496 0.007258 -0.273174
v -0.071530 1.703489 -0.782477
v 0.327309 1.789487 -0.564446
v 0.019078 1.342936 0.435221
v 0.246551 1.411123 -0.596368
v 0.857605 2.040208 -0.600037
v -0.608838 1.244709 -0.679227
v -0.594532 1.366698 -0.697073
v -0.003849 0.856373 -0.893298
v 0.102309 0.271592 1.115979
v 0.071563 0.731958 0.986422
v -0.001588 1.594128 -0.851688
v -0.432660 0.969818 -0.630497
v -0.627596 0.309777 0.436813
v -0.448551 0.649085 -0.592430
v -0.627161 0.833587 0.415267
v 0.201796 0.557587 0.950575
v -0.101742 1.386798 -0.280030
v 0.465257 1.975248 0.167681
v -0.580310 0.234361 0.459444
v -0.471826 0.896806 -0.555231
v 0.076249 0.596904 0.998314
v -0.492933 0.739848 -0.535874
v -0.671021 0.719965 0.349162
v -0.431609 0.519421 -0.392228
v -0.503291 0.747792 -0.441866
v -0.568371 0.821858 0.569678
v -0.481873 0.905072 -0.460552
v -0.403247 1.101838 -0.401350
v -0.458101 0.979722 -0.391249
v -0.528513 0.934136 0.470913
v -0.486156 0.651054 -0.374381
v 0.386985 1.683330 -0.523165
v -0.316815 0.270864 0.977676
v -0.574799 0.194190 0.333429
v -0.087620 1.347416 0.335525
v -0.341427 1.163935 -0.309293
v -0.454816 0.191422 -0.344611
v -0.488625 0.702842 -0.280521
v -0.469400 0.937414 -0.280046
v 0.058658 1.829911 -0.250490
v -0.485605 0.125721 -0.300440
v -0.485920 0.841508 -0.249849
v -0.459318 1.035951 0.506819
v -0.476162 0.665930 -0.200757
v -0.320260 1.170288 -0.202791
v -0.456875 0.488419 -0.208121
v -0.471055 0.905268 -0.143819
v -0.400009 1.062526 -0.187409
v -0.121106 0.962485 0.918901
v -0.443635 0.189474 -0.169349
v -0.448954 1.082731 0.396610
v -0.143496 1.686726 -0.405846
v -0.496242 0.773499 -0.100682
v -0.336606 1.300773 -0.931806
v -0.492790 0.870494 -0.070729
v -0.438260 0.404998 -0.125397
v -0.183048 1.281041 0.061426
v -0.411077 1.047862 -0.094635
v -0.232597 0.444920 1.068203
v -0.387895 1.136435 0.052474
v -0.661228 0.503167 0.435883
v -0.238616 1.307887 0.454424
v -0.573141 0.189046 0.090699
v -0.321336 1.260419 0.362963
v -0.365416 0.210121 -0.428970
v 0.530866 0.059974 -0.127061
v -0.408861 1.170770 0.374501
v -0.663179 0.637335 0.452575
v -0.614540 0.797909 0.101950
v 0.090273 1.531317 -0.807145
v -0.288267 0.361342 0.984415
v -0.663135 0.555743 0.148048
v -0.486378 1.011501 0.196830
v -0.303831 1.250538 0.147436
v -0.584080 0.226329 0.189407
v -0.673938 0.694653 0.199482
v -0.447292 1.098643 0.178876
v -0.018054 0.434440 1.186757
v -0.667481 0.395387 0.344063
v 0.115043 1.887972 -0.252831
v -0.593268 0.363511 0.552946
v -0.530493 1.400099 -0.608359
v -0.452009 1.546303 -0.587468
v -0.543776 1.160360 -0.598934
v -0.197376 0.439404 1.144146
v -0.500032 1.201934 -0.540769
v 0.457159 2.027994 0.188564
v -0.264455 0.253281 1.062786
v -0.498123 1.321445 -0.537082
v -0.462405 0.114199 0.608404
v -0.375369 1.601675 -0.504147
v -0.414836 1.179862 -0.465618
v -0.343597 1.545556 -0.460688
v -0.393075 1.409936 -0.474964
v -0.516920 0.665188 0.736607
v -0.326903 1.353887 -0.387454
v -0.619719 0.755367 0.518329
v -0.332009 1.070990 0.748526
v -0.550513 0.538569 0.674044
v -0.351537 1.240365 -0.375003
v -0.485978 0.418028 0.745258
v -0.533159 0.434507 0.675899
v 0.146092 0.152942 0.935765
v -0.528942 0.794934 0.678960
v 0.169484 1.647763 -0.221587
v -0.438958 0.990585 0.685401
v -0.291389 0.934082 0.868875
v -0.024823 1.709269 -0.343596
v -0.522639 0.108997 0.421358
v -0.575782 0.057670 -0.113661
v -0.292595 0.553200 0.932643
v 0.207470 1.749279 0.029975
v 0.175379 1.774132 -0.002564
v -0.299566 0.160519 0.853451
v -0.616166 0.100174 -0.039510
v 0.339649 0.049106 0.603852
v 0.256508 1.817779 0.050451
v 0.439487 -0.005800 0.047566
v -0.196354 0.338794 1.148662
v -0.446290 0.589468 0.823891
v 0.434217 0.964415 -0.078657
v -0.362362 0.672471 0.885008
v 0.288501 1.929223 0.034019
v 0.058935 0.044466 0.068930
v -0.456823 0.285604 0.731907
v 0.064045 0.069216 0.882681
v 0.031181 1.680684 -0.257721
v -0.494023 0.205272 0.612250
v -0.605564 0.120058 0.064012
v 0.340316 1.819395 0.077713
v -0.324341 0.369481 0.903305
v 0.065938 1.573163 -0.277900
v -0.431195 0.336349 -0.294196
v -0.610721 0.465178 0.551334
v -0.374584 0.271907 0.826042
v 0.202357 1.965570 -0.075260
v 0.114349 1.721644 -0.110556
v 0.850098 1.793245 -0.536550
v -0.200625 0.046913 0.094962
v 0.335638 0.175689 -0.227701
v 0.346874 0.339420 0.799220
v 0.615654 1.699007 -0.543340
v 0.456108 1.781547 -0.525416
v 0.029487 1.180783 -0.897645
v 0.378751 0.257454 0.743815
v 0.276596 1.542838 -0.613650
v 0.648003 1.878792 -0.533062
v 0.307581 0.843120 0.855278
v 0.027432 1.293311 -0.917170
v 0.143254 1.304923 -0.214265
v 0.305411 0.602745 0.894007
v -0.259796 1.562937 -0.900522
v -0.516284 0.055889 -0.361882
v 0.000746 0.764156 -0.879306
v -0.015811 0.178391 -0.495939
v 0.356567 0.198759 0.734587
v -0.155839 0.728014 -0.870867
v 0.461438 0.904811 -0.031517
v 0.352975 0.479313 -0.209188
v -0.367200 0.073317 0.680675
v 0.281172 0.131887 0.711894
v -0.161837 1.533569 -0.912744
v 0.011925 1.611597 -0.281919
v -0.462939 0.020387 -0.267034
v -0.326602 0.146047 -0.510049
v 0.894015 1.875923 -0.508880
v -0.182525 0.607953 0.990792
v 0.188323 0.886042 0.924363
v -0.018274 0.249478 1.150817
v -0.223093 1.611283 -0.401025
v -0.086501 0.340856 1.184381
v -0.125871 1.561645 -0.362281
v -0.041302 0.131374 1.037947
v -0.080007 0.755212 0.988888
v 0.199628 1.749671 -0.594455
v 0.907704 2.011483 -0.540195
v 0.024382 1.406516 -0.303778
v -0.086952 0.483392 1.161438
v -0.070643 0.512210 1.100479
v -0.162815 0.507307 1.045171
v -0.079885 1.121156 -0.896854
v 0.016713 0.510854 1.061367
v -0.054281 1.029224 -0.874333
v -0.326184 1.689616 -0.559854
v -0.047236 1.326562 0.158838
v 0.631618 1.957879 -0.685405
v 0.651173 1.964233 -0.622481
v 0.084552 1.676968 -0.786535
v 0.002089 1.726157 -0.685370
v 0.833374 1.926879 -0.518920
v -0.165779 1.384260 -0.935219
v -0.073757 1.729934 -0.539712
v 0.191443 1.763140 -0.657478
v -0.099658 1.314759 -0.181515
v -0.393770 0.083525 -0.561522
v -0.403094 1.635851 -0.647177
v -0.022630 1.079919 0.867169
v -0.024404 1.727947 -0.610254
v 0.115135 1.708381 -0.553210
v 0.127253 1.027878 0.876439
v -0.185079 1.260445 -0.115677
v 0.029298 1.335068 -0.208881
v -0.181877 1.437149 -0.337377
v -0.237999 0.095805 -0.516406
v -0.207708 1.712404 -0.522055
v -0.012395 1.218783 0.737039
v 0.137386 1.165352 0.748010
v -0.574597 0.906134 0.347845
v -0.386809 1.190482 -0.931522
v -0.231582 1.252729 0.630570
v 0.256905 2.024072 -0.078281
v 0.041238 1.451114 -0.867822
v -0.080449 1.291219 0.620173
v 0.519020 1.885467 -0.573522
v -0.009536 0.280969 -0.440510
v -0.497340 0.142722 -0.123613
v 0.304053 1.883050 -0.130958
v -0.656700 0.421097 0.231665
v -0.401139 0.392514 -0.346211
v 0.397936 1.837005 -0.698212
v -0.558561 0.744940 -0.016213
v -0.589984 0.604408 0.017396
v -0.498939 0.474389 -0.016102
v -0.479240 0.102918 -0.511827
v -0.501299 0.934537 0.088739
v 0.246286 1.741443 -0.041807
v -0.240755 0.309533 -0.390141
v -0.404228 1.600801 -0.767069
v 0.370499 1.586824 -0.624653
v 0.226608 1.178728 0.664953
v -0.567141 1.221137 -0.816051
v -0.520312 0.321851 0.043185
v -0.386480 0.674777 -0.703518
v -0.352746 0.797058 -0.768070
v -0.520227 1.473640 -0.794261
v -0.380794 0.914174 -0.731026
v -0.538194 0.182863 -0.048474
v -0.520199 0.228773 0.012426
v -0.334573 0.291798 -0.379454
v -0.016113 0.060162 -0.624782
v -0.239198 0.809702 -0.862835
v -0.068455 0.231424 -0.414146
v -0.252480 1.653129 -0.836697
v 0.459527 0.798220 -0.105890
v 0.073257 1.788888 -0.399605
v -0.560574 0.892559 0.177995
v -0.538018 1.263947 -0.874181
v -0.486801 1.390259 -0.875827
v 0.351777 1.154724 0.180050
v 0.897142 2.047727 -0.627090
v 0.517070 0.255446 -0.020875
v 0.808370 2.002114 -0.688916
v 0.813498 1.787302 -0.623830
v -0.373961 1.424372 -0.911458
v 0.322982 1.188314 0.398062
v 0.572382 0.701143 -0.062667
v 0.604042 1.861263 -0.703057
v 0.554032 0.555902 -0.071907
v -0.166250 0.233313 -0.390240
v 0.608881 1.764459 -0.670093
v -0.279505 1.009055 -0.805923
v -0.273311 0.049342 0.391255
v 0.438373 0.286272 -0.068718
v 0.361070 1.616323 -0.681468
v 0.485703 1.650530 -0.681488
v 0.426527 0.045859 -0.280031
v 0.432513 0.440201 -0.101179
v 0.242928 0.028028 -0.516847
v 0.350926 0.090214 -0.302593
v -0.179359 0.140075 -0.446755
v 0.326715 1.060322 0.683681
v -0.225749 1.287195 -0.940980
v 0.287488 0.668061 -0.697612
v 0.076213 0.022088 0.371969
v -0.054982 1.367269 -0.933100
v 0.362505 1.772821 -0.729466
v 0.420504 1.058233 0.100947
v 0.265854 1.576625 -0.672911
v -0.163579 0.980667 -0.871774
v 0.235348 0.746319 -0.777573
v 0.110006 0.420290 1.066786
v 0.127919 0.046589 -0.059700
v -0.152320 0.894272 -0.894157
v 0.645685 0.735081 0.262683
v -0.079597 0.111890 -0.523096
v 0.169490 1.016703 -0.770383
v 0.510158 0.872094 0.344573
v 0.240539 0.518660 -0.614300
v 0.202070 1.541899 -0.720546
v 0.151502 0.142101 -0.554935
v 0.064441 0.944450 -0.868841
v 0.104749 0.082881 -0.637640
v 0.114024 0.691758 -0.831965
v 0.137506 1.747299 -0.404961
v 0.145326 0.305316 -0.458691
v 0.038394 0.610820 -0.820541
v 0.092074 0.251698 -0.461814
v -0.588066 1.208591 -0.740751
v 0.089215 0.187628 -0.517354
v 0.396514 0.206038 -0.140346
v 0.210000 0.399473 0.917753
v 0.345264 0.711829 0.856474
v 0.492477 0.825218 0.572737
v -0.295867 0.056996 0.288440
v 0.429657 0.877781 0.652875
v 0.566359 0.841149 0.158205
v 0.157509 1.311350 0.361563
v 0.174172 0.342199 0.967900
v -0.229876 0.008294 -0.146053
v -0.123523 0.011143 -0.167179
v -0.006753 0.004387 -0.177630
v 0.134351 1.668836 -0.488783
v 0.632588 0.784033 0.170533
v 0.193900 1.608934 -0.498716
v 0.108900 1.292210 0.036695
v 0.452582 0.960066 0.322987
v 0.938803 1.844856 -0.533889
v 0.186194 1.498330 -0.440003
v 0.243970 1.224061 0.022026
v 0.222109 1.262653 0.478612
v 0.238035 1.264668 -0.396132
v 0.309908 1.165524 -0.425170
v 0.253150 1.232746 0.148517
v 0.076941 1.473458 -0.338876
v 0.093852 0.377846 1.133954
v 0.366992 0.917554 0.747657
v -0.602848 0.315569 0.157515
v 0.373419 1.087854 0.523786
v 0.476737 0.180151 -0.099077
v 0.352001 1.137766 -0.259128
v 0.165873 1.270952 -0.123985
v 0.297241 1.199864 -0.139686
v 0.259186 0.935643 -0.721715
v -0.453091 0.170849 -0.442165
v 0.216771 1.314953 -0.708158
v 0.232696 0.141728 -0.444705
v 0.457575 2.056702 0.133015
v 0.225539 1.359383 -0.490052
v 0.186858 1.414905 -0.765733
v 0.363661 0.691288 -0.586747
v 0.202511 0.180605 0.852194
v 0.138321 1.502450 -0.373307
v -0.271333 0.001362 -0.208097
v 0.393875 0.465610 0.794621
v 0.325606 1.022306 -0.579355
v 0.435979 0.570496 0.754085
v 0.425764 0.920130 -0.246961
v 0.442280 0.216888 0.666564
v 0.509808 0.518163 0.625495
v 0.270232 0.321965 -0.303540
v 0.409286 0.661989 -0.237841
v 0.255790 0.202013 -0.296943
v 0.518633 0.794839 -0.028112
v -0.022669 -0.005376 0.378291
v 0.366321 0.582152 -0.464233
v 0.501735 0.216105 0.538218
v 0.275993 0.074471 -0.416496
v 0.156138 1.165945 -0.777062
v 0.538722 0.686645 0.548666
v 0.446115 0.082662 0.516382
v 0.551349 0.331927 0.490277
v 0.381005 0.923860 -0.521718
v 0.491631 0.148561 0.453951
v 0.424857 0.984091 0.512135
v 0.615826 0.654888 0.388106
v 0.209843 1.758347 -0.297605
v 0.635163 0.519875 0.297669
v 0.404673 0.657340 -0.335206
v 0.600927 0.366851 0.320178
v 0.240849 0.357701 -0.416090
v 0.450415 0.995544 0.148462
v 0.456815 0.036329 0.398268
v 0.432367 0.780237 -0.364625
v 0.499003 0.034175 0.178644
v 0.520893 0.164474 0.249287
v -0.180997 0.031150 -0.058164
v 0.521591 0.095569 0.088590
v 0.342913 2.016665 -0.032657
v -0.273164 0.021797 -0.109366
v 0.401741 1.003161 -0.318763
v 0.919701 1.895977 -0.573200
v 0.552652 0.250459 0.118313
v 0.595971 0.333850 0.156762
v 0.394654 0.788261 -0.526860
v 0.119468 1.380882 -0.851591
v 0.290106 0.482703 -0.475919
v 0.654248 0.564716 0.128390
v 0.454421 -0.006148 0.198971
v 0.663213 0.668305 0.119313
v 0.157083 0.037537 -0.630157
v 0.623789 0.471325 0.029407
v 0.648624 0.715088 0.028881
v 0.381467 1.875731 0.039409
v -0.344101 0.006025 0.529440
v -0.449458 0.010639 0.385449
v -0.453225 0.012412 -0.136540
v 0.617521 1.650028 -0.591077
v 0.495094 1.617218 -0.623954
v 0.039848 0.007951 0.722011
v -0.083692 0.004274 0.631594
v -0.299633 0.006392 0.605965
v 0.079133 0.002675 0.612440
v 0.175528 1.632795 -0.317039
v -0.198954 -0.001926 0.608869
v -0.071720 0.004202 0.700959
v -0.149758 0.009896 0.727268
v -0.190754 1.159580 -0.921148
v -0.243761 0.140640 0.936990
v -0.278850 1.098090 -0.837429
v -0.363361 1.118073 -0.854994
v 0.276187 -0.000238 0.518973
v 0.408594 -0.003106 0.420202
v 0.178810 0.047022 0.214078
v -0.505747 1.148752 -0.852221
v 0.317040 0.029816 0.273050
v -0.478116 1.187901 -0.910394
v -0.455537 1.099738 -0.799858
v -0.284728 0.048479 -0.020388
v -0.117529 0.639775 -0.836105
v -0.142959 0.552581 -0.766285
v 0.016193 0.521217 -0.748805
v -0.536687 0.007835 0.023622
v -0.515164 1.106498 -0.713440
v -0.145248 0.077490 0.908712
v -0.264006 0.551789 -0.710236
v 0.049703 0.368019 -0.527947
v -0.159415 0.009377 0.394651
v -0.474920 1.090385 -0.637973
v -0.224157 -0.000891 0.492285
v -0.320826 0.153917 0.780798
v 0.140983 -0.003629 -0.465485
v -0.507508 0.052936 -0.474703
v 0.034915 0.015059 -0.619369
v -0.277512 0.034811 0.418703
v -0.054636 0.342341 -0.498054
v -0.280006 0.461386 -0.567752
v -0.165013 -0.007617 0.451791
v -0.012760 0.000269 -0.526180
v -0.190816 0.369519 -0.474458
v -0.402927 0.528665 -0.511970
v 0.146442 -0.008395 0.485215
v 0.074904 -0.004649 -0.370107
v 0.414644 -0.001499 -0.260791
v -0.308925 0.032792 -0.566986
v -0.166983 -0.003218 -0.403991
v 0.243146 -0.003020 -0.286004
v 0.185959 -0.004448 -0.248738
v 0.256027 0.000010 -0.205137
v 0.493800 0.103818 -0.165605
v 0.494144 -0.001078 -0.183954
v -0.390329 0.021413 -0.503514
v 0.943385 2.015799 -0.566670
v 0.094925 0.456980 -0.630768
v 0.331874 0.020325 -0.138309
v -0.562159 0.070072 0.248955
v -0.537428 0.013890 0.222872
v -0.262736 0.001850 -0.319065
v 0.222085 0.005090 0.580274
v 0.235801 0.039799 -0.129035
v -0.317939 0.057128 0.159203
v 0.031047 0.001812 -0.258116
v 0.208394 0.006016 0.435224
v -0.358255 0.011835 -0.369379
v 0.373988 0.013186 0.075662
v -0.539258 0.020179 -0.092686
vn 0.0886 0.5735 -0.8144
vn 0.8753 -0.0365 -0.4822
vn -0.7129 0.6409 0.2845
vn -0.2797 -0.4263 0.8603
vn 0.4580 -0.0583 -0.8871
vn 0.4139 0.6045 -0.6806
vn -0.9039 0.4141 -0.1075
vn -0.7864 -0.1893 0.5880
vn -0.4933 0.8617 0.1192
vn -0.9886 -0.1118 0.1007
vn -0.2384 0.7285 -0.6422
vn -0.9341 -0.3110 -0.1752
vn -0.8034 0.5772 -0.1460
vn -0.9949 0.1004 0.0049
vn -0.2757 0.6460 0.7118
vn -0.8778 -0.3960 0.2697
vn -0.8299 -0.3118 0.4626
vn -0.9361 0.3495 0.0392
vn -0.8155 0.5717 0.0906
vn -0.2246 0.5230 0.8222
vn -0.9135 -0.1921 0.3586
vn 0.7282 -0.0978 -0.6783
vn -0.0145 0.5091 0.8606
vn -0.8899 0.1769 -0.4204
vn -0.9068 0.1070 -0.4078
vn 0.3378 -0.2336 -0.9118
vn -0.6270 0.4649 -0.6250
vn -0.9173 -0.3935 -0.0604
vn -0.9010 0.1632 -0.4019
vn -0.4780 0.6150 0.6272
vn -0.7483 0.5996 0.2839
vn -0.4207 0.9026 0.0910
vn -0.7361 0.6673 0.1135
vn -0.7763 -0.5212 0.3546
vn -0.9690 -0.2195 -0.1133
vn -0.9375 -0.1672 0.3053
vn -0.1698 -0.7552 -0.6332
vn -0.7274 0.6770 -0.1120
vn -0.2431 0.9559 -0.1647
vn -0.6476 0.7519 -0.1236
vn -0.8599 0.1356 0.4922
vn -0.8000 -0.2377 -0.5509
vn 0.0832 0.3385 0.9373
vn -0.9992 -0.0407 0.0030
vn -0.8924 0.0376 0.4496
vn 0.9188 0.2077 -0.3358
vn 0.0468 0.1588 -0.9862
vn -0.7450 0.3293 0.5801
vn -0.7786 -0.6194 0.1008
vn 0.9904 0.1283 0.0515
vn 0.2514 0.9623 -0.1038
vn -0.2454 -0.2723 -0.9304
vn -0.9998 0.0136 -0.0119
vn 0.8367 0.0743 -0.5427
vn -0.9139 -0.3698 -0.1675
vn -0.1548 0.9633 0.2191
vn 0.0850 -0.1460 -0.9856
vn -0.9949 0.0848 0.0544
vn -0.9413 0.2230 0.2536
vn -0.8789 0.0847 -0.4694
vn -0.9112 0.4104 0.0344
vn -0.9066 -0.1143 -0.4062
vn -0.8622 0.4993 -0.0854
vn -0.8652 0.2554 0.4315
vn -0.9861 0.1177 -0.1175
vn -0.7961 0.5500 0.2523
vn -0.1142 0.9808 0.1582
vn -0.8746 -0.0189 -0.4845
vn -0.8295 0.4242 -0.3634
vn -0.9674 -0.0910 0.2365
vn -0.8648 0.4931 0.0949
vn -0.8876 0.4252 -0.1771
vn -0.0292 0.9989 0.0369
vn -0.8247 0.5652 -0.0188
vn -0.6236 -0.6025 -0.4981
vn -0.6467 -0.5233 -0.5549
vn -0.8468 0.4522 0.2801
vn -0.8508 0.1461 0.5047
vn 0.9738 0.1386 -0.1804
vn 0.9009 -0.1317 -0.4136
vn -0.6033 -0.7398 0.2979
vn -0.8101 -0.5861 0.0126
vn -0.2187 -0.7884 0.5750
vn 0.8733 0.4838 0.0574
vn -0.3714 -0.9267 -0.0575
vn 0.0668 -0.5110 0.8570
vn 0.9935 0.0026 -0.1135
vn -0.7012 0.0698 0.7095
vn -0.6700 -0.4436 0.5952
vn 0.8561 -0.4770 -0.1988
vn 0.0770 -0.3413 -0.9368
vn -0.8158 0.0446 0.5767
vn -0.2994 -0.6279 0.7184
vn -0.6936 0.2490 0.6759
vn -0.5298 0.2664 0.8052
vn -0.2793 0.6449 0.7114
vn -0.5876 0.6182 0.5221
vn -0.6860 -0.1279 0.7163
vn -0.3672 0.1985 0.9087
vn -0.2476 0.1624 0.9552
vn -0.4970 0.2326 0.8360
vn -0.7081 0.2389 0.6645
vn -0.8550 -0.1330 0.5013
vn -0.8086 -0.0796 0.5829
vn 0.4442 0.1036 0.8899
vn -0.0825 0.1439 -0.9862
vn 0.2656 0.2291 -0.9365
vn -0.0370 0.4590 0.8876
vn -0.6984 -0.6569 -0.2842
vn 0.2668 -0.4210 0.8669
vn -0.0570 -0.4067 -0.9118
vn -0.0950 0.8308 -0.5483
vn -0.2967 0.0985 -0.9499
vn 0.3515 -0.8482 0.3963
vn 0.4622 -0.8070 0.3675
vn 0.7978 0.1230 0.5902
vn 0.9034 -0.0741 0.4223
vn 0.3650 -0.7069 0.6058
vn 0.6780 -0.5252 0.5143
vn -0.1636 0.0789 0.9834
vn 0.8516 0.4085 0.3285
vn 0.8419 0.5375 -0.0488
vn 0.6685 -0.3531 0.6546
vn 0.6168 -0.3454 0.7073
vn 0.8173 0.5578 -0.1445
vn 0.2022 -0.9442 -0.2600
vn 0.4730 0.8798 0.0484
vn 0.3095 -0.1425 0.9401
vn 0.0089 -0.0666 0.9977
vn 0.6328 0.6595 -0.4058
vn 0.5765 -0.1830 0.7963
vn -0.2025 0.9382 -0.2808
vn 0.5718 -0.5635 0.5962
vn -0.4301 -0.5291 -0.7314
vn 0.6605 0.7489 0.0535
vn 0.7258 -0.0247 0.6875
vn 0.6364 0.2575 0.7271
vn 0.5205 -0.2609 -0.8130
vn 0.3951 0.9009 0.1798
vn -0.3233 0.9395 -0.1131
vn -0.0253 0.8049 0.5929
vn -0.0023 0.1668 -0.9860
vn -0.2825 0.9471 0.1521
vn 0.3060 0.9194 -0.2471
vn 0.5629 0.4962 0.6611
vn 0.1851 0.6654 0.7231
vn 0.3097 -0.8241 -0.4742
vn 0.4613 0.6978 0.5480
vn -0.4193 0.8268 0.3750
vn 0.2739 0.8892 0.3666
vn -0.1742 -0.5454 -0.8199
vn 0.2007 0.4023 -0.8932
vn 0.8462 0.4943 0.1991
vn -0.0527 -0.2539 -0.9658
vn -0.1714 0.7297 -0.6619
vn -0.6362 0.4765 -0.6068
vn -0.5623 0.1203 -0.8181
vn 0.8322 0.1894 0.5211
vn -0.4745 -0.3936 -0.7874
vn -0.2716 0.5215 -0.8089
vn -0.2853 0.5838 -0.7601
vn -0.4492 0.5162 -0.7292
vn -0.2531 -0.5047 -0.8254
vn -0.7407 -0.3314 -0.5843
vn 0.2052 -0.8231 -0.5295
vn 0.9289 0.3527 -0.1129
vn 0.8730 0.2543 0.4162
vn 0.5193 0.6175 -0.5908
vn 0.7647 -0.2088 -0.6097
vn 0.7247 0.4162 -0.5492
vn 0.3981 0.2511 -0.8823
vn 0.3266 -0.6073 -0.7243
vn 0.1352 0.5234 -0.8413
vn 0.6921 0.2727 -0.6683
vn 0.9857 0.0208 -0.1673
vn 0.5627 0.3948 -0.7263
vn 0.5827 -0.8125 0.0186
vn 0.7811 0.0685 -0.6206
vn 0.4734 -0.6181 -0.6276
vn -0.0036 -0.5392 -0.8422
vn 0.6925 0.6597 0.2918
vn 0.7325 -0.2874 -0.6172
vn 0.4478 -0.5516 -0.7037
vn -0.0300 -0.6158 -0.7874
vn 0.8212 0.5108 0.2542
vn 0.8638 -0.0714 -0.4988
vn 0.4912 0.0315 -0.8705
vn 0.6154 0.2592 -0.7444
vn -0.1018 -0.1348 -0.9856
vn 0.6049 0.7959 -0.0250
vn 0.7583 -0.6503 0.0459
vn 0.7102 0.5227 -0.4717
vn 0.9033 0.3739 -0.2103
vn 0.5292 -0.7242 -0.4421
vn 0.6739 0.5034 0.5408
vn 0.6715 -0.7270 0.1434
vn 0.9284 -0.3414 0.1464
vn 0.9159 -0.3878 0.1036
vn 0.9356 -0.0695 0.3461
vn 0.8887 -0.4232 -0.1765
vn 0.9693 -0.2458 -0.0104
vn 0.8329 -0.1616 0.5293
vn 0.9857 -0.0219 0.1671
vn 0.7458 -0.0482 -0.6644
vn 0.7634 -0.4837 -0.4281
vn 0.9677 0.2518 -0.0136
vn 0.9577 -0.2204 -0.1851
vn -0.1723 -0.9802 -0.0979
vn -0.1183 -0.9896 0.0821
vn -0.0464 -0.9783 -0.2018
vn -0.1864 -0.9823 0.0183
vn 0.1939 -0.9373 -0.2894
vn 0.0158 -0.9947 0.1014
vn 0.0014 -0.9995 -0.0306
vn -0.1276 -0.8685 0.4791
vn 0.0077 -0.9354 0.3534
vn -0.0387 -0.9966 -0.0728
vn -0.0397 -0.9987 0.0330
vn -0.0574 -0.9866 -0.1529
vn -0.0738 -0.9077 -0.4130
vn -0.0339 -0.9959 0.0838
vn 0.0151 -0.9974 0.0702
vn -0.0082 -0.9947 0.1021
vn 0.0325 -0.9962 0.0813
vn 0.0763 0.8872 -0.4550
vn -0.0664 -0.9977 -0.0142
vn -0.1186 -0.9906 0.0676
vn -0.3947 -0.8288 0.3965
vn -0.1051 -0.9936 -0.0406
vn -0.0658 -0.9932 0.0965
vn -0.5678 -0.5324 -0.6278
vn 0.0223 -0.9750 -0.2209
vn -0.5479 -0.4021 -0.7336
vn 0.0533 -0.9971 0.0536
vn -0.0744 -0.9967 0.0318
vn -0.0986 -0.9948 -0.0273
vn -0.0877 -0.9936 -0.0714
vn -0.1244 -0.8149 -0.5660
vn -0.0531 -0.9958 0.0749
vn -0.1038 -0.9491 0.2974
vn -0.0625 -0.9980 0.0111
vn -0.1160 -0.9928 0.0298
vn -0.1533 -0.9829 -0.1020
vn 0.6905 -0.4283 0.5830
vn -0.0455 0.9701 -0.2384
vn 0.1244 0.7725 -0.6227
vn -0.1367 0.8832 -0.4486
vn -0.2208 0.4442 0.8683
vn -0.3391 0.7379 0.5836
vn -0.3390 0.7118 0.6151
vn 0.2556 0.9641 0.0725
vn 0.0492 0.9988 0.0021
vn 0.0459 0.9574 0.2850
vn 0.9906 -0.0673 0.1187
vn 0.9719 -0.0078 -0.2352
vn 0.9250 -0.3182 -0.2074
vn -0.2847 0.7209 0.6319
vn 0.0850 0.9875 -0.1329
vn -0.3599 0.8503 0.3840
vn -0.9641 -0.1979 -0.1768
vn -0.8756 -0.3250 0.3573
vn -0.9876 0.1213 0.0995
vn -0.8430 0.3395 0.4172
vn -0.8839 0.4295 -0.1849
vn 0.3168 0.0313 -0.9480
vn 0.2190 -0.1232 -0.9679
vn -0.0051 0.0215 -0.9998
vn 0.6653 -0.5171 0.5385
vn 0.7048 -0.0685 0.7061
vn 0.3420 -0.4392 0.8307
vn 0.2150 0.1234 0.9688
vn 0.2701 0.2001 0.9418
vn 0.0444 0.1890 0.9810
vn 0.4492 0.1098 -0.8867
vn 0.2579 0.2041 -0.9444
vn 0.3552 0.3188 -0.8788
vn -0.8682 0.0388 -0.4947
vn -0.9469 0.1513 -0.2838
vn -0.9164 -0.3763 -0.1366
vn -0.8608 -0.4483 0.2408
vn -0.8819 -0.2839 0.3764
vn -0.9403 -0.3182 0.1207
vn -0.7777 -0.5204 -0.3526
vn -0.9179 -0.2337 -0.3205
vn -0.7887 -0.3242 -0.5224
vn -0.9380 0.3327 0.0972
vn -0.8382 0.4105 0.3591
vn -0.7733 0.6241 0.1124
vn 0.5329 -0.1239 0.8370
vn 0.5070 -0.0571 0.8601
vn 0.3791 0.0521 0.9239
vn -0.3178 0.7589 0.5684
vn 0.0461 0.5135 0.8569
vn -0.2932 0.4830 0.8250
vn 0.8541 -0.5002 -0.1422
vn 0.9222 -0.0572 -0.3823
vn 0.4699 -0.2477 0.8472
vn -0.8181 -0.4446 0.3647
vn -0.8496 -0.5093 0.1368
vn -0.9594 0.0745 -0.2721
vn -0.9690 0.2133 -0.1250
vn 0.3430 0.4641 0.8167
vn -0.9847 -0.1326 -0.1127
vn -0.9881 0.0711 0.1366
vn -0.9859 0.1666 -0.0181
vn -0.9267 -0.3621 -0.1003
vn -0.7821 -0.5632 -0.2667
vn -0.8198 -0.3452 -0.4569
vn -0.9875 -0.1578 -0.0008
vn -0.9928 0.1188 -0.0138
vn -0.8472 0.3060 0.4343
vn -0.8779 0.2711 0.3946
vn -0.8328 0.4986 0.2404
vn -0.9646 0.2627 0.0240
vn -0.9215 0.1305 0.3659
vn -0.9112 0.3968 0.1106
vn -0.8442 0.4931 0.2103
vn -0.9504 0.3092 0.0341
vn -0.8252 0.5596 0.0765
vn -0.7120 0.6967 0.0877
vn -0.9861 -0.1550 0.0597
vn 0.1079 -0.2636 0.9586
vn -0.0489 0.0753 0.9960
vn 0.2099 0.0726 0.9750
vn -0.9489 -0.2774 0.1505
vn -0.8713 -0.1974 0.4494
vn -0.9620 0.2037 0.1817
vn -0.9053 -0.4221 -0.0482
vn -0.9137 -0.3791 0.1461
vn -0.0242 0.9931 -0.1144
vn -0.2536 0.9670 0.0235
vn -0.7735 0.6102 0.1713
vn -0.7743 0.3855 0.5019
vn -0.7333 0.6459 -0.2124
vn -0.9113 0.4118 -0.0001
vn -0.9053 0.2968 -0.3040
vn -0.9883 -0.1443 0.0504
vn -0.9961 -0.0047 0.0880
vn -0.9716 0.2171 0.0943
vn -0.9045 0.4145 0.1002
vn -0.8456 0.3338 0.4165
vn -0.8360 0.2916 0.4649
vn -0.7131 0.7005 -0.0271
vn -0.9769 0.1747 0.1231
vn -0.9545 0.2804 0.1012
vn -0.9811 0.1915 0.0288
vn -0.8132 0.5197 0.2619
vn -0.8815 0.4522 0.1357
vn -0.9900 -0.1235 -0.0686
vn -0.9876 -0.0710 -0.1398
vn -0.8000 0.5975 0.0550
vn -0.6138 0.7784 0.1317
vn -0.9839 -0.0809 -0.1595
vn -0.9914 -0.1304 -0.0088
vn -0.9564 0.2425 -0.1628
vn -0.9007 0.4144 -0.1305
vn -0.8388 0.5441 -0.0201
vn -0.1353 0.2926 0.9466
vn -0.1082 0.4815 0.8697
vn -0.3299 0.4187 0.8461
vn -0.8247 0.4411 -0.3541
vn -0.9985 0.0507 -0.0215
vn -0.9360 0.3486 0.0485
vn -0.8630 0.4751 0.1715
vn -0.3918 0.4760 0.7873
vn -0.5148 0.5769 0.6341
vn -0.3440 0.8479 0.4033
vn -0.8633 0.1319 -0.4872
vn -0.9586 0.1412 -0.2471
vn 0.0088 -0.0867 -0.9962
vn -0.0890 0.1492 -0.9848
vn -0.0699 0.0401 -0.9967
vn -0.9085 0.3633 -0.2067
vn -0.9206 -0.1781 -0.3476
vn -0.4249 0.8769 -0.2248
vn -0.1871 0.9679 -0.1676
vn -0.3719 0.9249 -0.0795
vn -0.7847 0.5831 -0.2104
vn -0.6258 0.7131 0.3159
vn -0.8790 0.4229 0.2205
vn -0.7438 0.5012 0.4423
vn -0.8104 0.5525 -0.1952
vn -0.6633 0.7141 -0.2239
vn -0.9834 -0.0981 0.1525
vn -0.9230 -0.0971 0.3722
vn -0.9665 -0.0322 0.2546
vn -0.5586 0.8246 0.0894
vn -0.4426 0.8503 0.2849
vn -0.8002 0.5608 -0.2129
vn -0.9327 0.3443 0.1070
vn -0.9927 0.0580 -0.1054
vn -0.5599 0.8238 -0.0890
vn -0.7165 0.6921 0.0873
vn 0.0307 0.7754 -0.6307
vn -0.3500 0.7994 -0.4883
vn -0.1825 0.5313 -0.8273
vn 0.9997 0.0193 -0.0143
vn 0.8700 -0.3907 -0.3007
vn 0.8745 0.3532 -0.3323
vn -0.8303 0.5560 -0.0375
vn -0.9108 0.1247 0.3935
vn -0.9167 0.3184 -0.2414
vn -0.7386 0.6109 -0.2852
vn -0.7805 0.3520 -0.5166
vn 0.4483 0.3275 -0.8317
vn 0.6174 -0.0202 -0.7864
vn -0.8908 0.1502 0.4288
vn -0.8265 -0.1908 -0.5297
vn -0.9467 -0.1834 -0.2648
vn -0.9811 -0.0108 -0.1932
vn -0.9189 0.3794 -0.1076
vn -0.9110 0.3970 -0.1119
vn -0.9166 -0.2750 -0.2901
vn 0.0174 0.0098 0.9998
vn 0.5092 0.2970 0.8078
vn 0.1119 0.5705 0.8136
vn -0.9763 -0.1892 -0.1049
vn -0.2248 0.8503 -0.4759
vn -0.2414 0.8634 -0.4430
vn -0.8481 -0.1650 0.5035
vn -0.8885 -0.1407 0.4367
vn -0.7041 0.2789 0.6530
vn -0.7702 0.3524 0.5315
vn -0.7852 0.5803 0.2163
vn -0.7834 0.2927 0.5483
vn -0.6789 -0.6682 0.3044
vn -0.6892 -0.3273 0.6464
vn -0.5889 0.0779 0.8045
vn -0.3547 0.6010 0.7163
vn -0.7071 -0.2071 0.6762
vn -0.6841 -0.0163 0.7292
vn 0.3406 0.8582 0.3841
vn -0.6840 0.2366 0.6900
vn -0.5370 -0.6547 0.5319
vn -0.5677 -0.3298 0.7543
vn -0.6645 0.2583 0.7012
vn -0.6642 -0.4837 0.5700
vn -0.8125 -0.3382 0.4748
vn -0.8851 -0.3272 0.3311
vn -0.6885 0.2155 0.6925
vn -0.6198 0.6385 0.4564
vn -0.8040 0.0005 0.5946
vn -0.6542 0.1842 0.7336
vn -0.5185 0.2140 0.8279
vn -0.6517 0.2698 0.7089
vn -0.7402 0.0626 0.6694
vn -0.8347 0.1564 0.5280
vn -0.8414 -0.0338 0.5394
vn -0.6888 0.2334 0.6864
vn -0.5002 0.3940 0.7711
vn -0.6983 0.4800 0.5310
vn -0.5415 0.4528 0.7084
vn -0.5091 0.6650 0.5465
vn -0.8666 -0.1077 0.4872
vn -0.8320 -0.1209 0.5414
vn -0.7844 -0.2305 0.5759
vn -0.7437 -0.1079 0.6598
vn -0.8275 -0.1492 0.5413
vn 0.5077 -0.7493 0.4252
vn 0.7457 -0.5464 0.3813
vn -0.7920 0.3598 0.4932
vn 0.2851 -0.8037 0.5223
vn 0.7322 -0.6666 0.1395
vn 0.5141 -0.8301 0.2159
vn -0.5329 0.2098 0.8198
vn -0.7619 0.2397 0.6016
vn -0.9511 -0.2019 0.2339
vn -0.6461 -0.6391 -0.4173
vn -0.8981 -0.1273 -0.4211
vn -0.6809 0.3618 -0.6367
vn -0.6633 0.0021 0.7483
vn -0.4878 0.1177 0.8650
vn -0.5519 0.0285 0.8335
vn -0.5081 -0.0239 0.8610
vn -0.5083 -0.6736 0.5366
vn 0.2095 -0.9025 0.3764
vn -0.6495 0.6518 0.3915
vn -0.8654 0.1711 0.4709
vn -0.7546 -0.5515 0.3556
vn -0.6897 -0.6616 0.2943
vn -0.9932 0.1162 0.0012
vn -0.7225 0.5533 -0.4146
vn 0.2615 -0.8671 0.4240
vn 0.6413 -0.5644 0.5199
vn 0.4353 -0.6251 0.6479
vn -0.1258 -0.3970 0.9092
vn -0.7582 0.3442 0.5537
vn 0.0990 -0.9950 -0.0113
vn -0.3548 -0.9338 -0.0463
vn 0.1895 -0.9819 0.0060
vn -0.2970 -0.2637 0.9178
vn -0.6158 0.0234 0.7875
vn 0.9505 0.2504 -0.1840
vn 0.9551 0.2715 -0.1188
vn 0.8951 0.4243 -0.1368
vn -0.7540 0.1699 0.6345
vn 0.0006 -1.0000 -0.0052
vn -0.0107 -0.9996 0.0253
vn 0.0251 -0.9996 -0.0133
vn -0.7660 -0.3858 0.5142
vn -0.7290 -0.3201 0.6051
vn 0.2121 -0.8445 0.4918
vn 0.2435 -0.9202 0.3065
vn -0.8084 -0.1442 0.5708
vn -0.6910 -0.0773 0.7188
vn -0.9775 -0.0291 0.2090
vn 0.5464 -0.8239 0.1503
vn 0.7796 -0.6263 -0.0090
vn -0.7249 -0.1920 0.6616
vn -0.3385 -0.4991 0.7977
vn 0.1391 -0.4464 0.8839
vn -0.8450 -0.0379 -0.5335
vn -0.6696 -0.4783 0.5682
vn -0.5956 0.7565 0.2701
vn 0.6516 -0.7502 0.1120
vn 0.0779 -0.3116 0.9470
vn 0.1787 -0.5055 0.8441
vn -0.0723 -0.9972 0.0191
vn -0.0677 -0.9964 0.0518
vn 0.5020 0.6084 -0.6147
vn 0.7007 0.4717 -0.5353
vn 0.5080 0.6254 -0.5923
vn 0.6527 -0.2245 0.7236
vn 0.6930 -0.2164 0.6877
vn 0.5824 -0.2491 0.7738
vn 0.2930 -0.7253 0.6229
vn -0.1112 0.2817 0.9530
vn 0.6345 -0.2317 -0.7374
vn 0.2269 -0.3565 -0.9063
vn 0.4072 -0.1540 -0.9003
vn 0.7262 -0.2160 0.6527
vn 0.5223 -0.3965 0.7550
vn 0.6320 -0.6087 -0.4796
vn 0.4698 -0.8707 -0.1454
vn -0.1686 0.3526 0.9204
vn -0.2242 0.6085 0.7612
vn 0.5424 0.2902 0.7884
vn 0.6661 0.1855 0.7224
vn 0.7220 0.3186 0.6142
vn 0.2609 0.0836 -0.9617
vn 0.5443 0.0707 -0.8359
vn 0.3449 0.9153 0.2081
vn 0.6578 0.7290 0.1897
vn 0.2693 0.8970 0.3507
vn 0.6569 -0.1088 0.7461
vn 0.6054 0.0560 0.7940
vn -0.0489 0.2466 -0.9679
vn -0.2170 0.2658 -0.9393
vn -0.2534 0.5664 -0.7842
vn -0.7350 -0.6748 0.0670
vn -0.9468 -0.3085 -0.0917
vn 0.2708 -0.1988 -0.9419
vn 0.0001 -0.2663 -0.9639
vn -0.1803 0.7804 -0.5987
vn -0.4299 0.6870 -0.5858
vn -0.4145 0.5525 -0.7232
vn 0.5856 -0.5477 0.5976
vn 0.4329 -0.6219 0.6525
vn -0.2076 -0.4320 -0.8777
vn -0.3469 -0.2593 -0.9013
vn 0.9441 0.3136 -0.1020
vn 0.9615 0.1799 -0.2076
vn 0.7417 -0.2535 -0.6209
vn 0.8989 -0.3123 -0.3074
vn 0.9069 -0.3088 -0.2867
vn -0.3494 -0.8298 0.4352
vn -0.5212 -0.5788 0.6271
vn 0.5986 -0.5921 0.5396
vn 0.0201 0.1562 -0.9875
vn -0.4874 -0.0037 0.8732
vn -0.1449 -0.9892 -0.0224
vn -0.3020 -0.9506 -0.0718
vn 0.0292 0.5797 -0.8143
vn 0.2986 0.6329 -0.7144
vn 0.7562 -0.1579 0.6350
vn -0.0234 0.0916 0.9955
vn -0.4504 0.4525 0.7697
vn -0.2278 0.1784 0.9572
vn 0.3454 0.4264 0.8360
vn 0.0311 -0.6895 0.7236
vn -0.0473 -0.3966 0.9168
vn -0.3656 0.1502 0.9186
vn -0.3297 0.2794 0.9018
vn -0.1770 -0.8400 0.5129
vn -0.3656 0.9073 0.2079
vn -0.1098 0.8548 0.5073
vn 0.7130 0.5255 0.4642
vn -0.1563 0.4136 0.8969
vn 0.2295 0.7736 0.5906
vn 0.2653 0.2454 0.9324
vn 0.0323 0.8788 0.4762
vn 0.2216 0.8171 0.5322
vn -0.2749 0.8389 0.4697
vn -0.0202 -0.4693 -0.8828
vn 0.0584 -0.1972 -0.9786
vn 0.6184 0.6341 0.4642
vn 0.2090 0.1664 -0.9636
vn -0.1085 0.1425 -0.9838
vn -0.2841 0.9464 0.1534
vn -0.5066 0.8612 -0.0415
vn 0.1215 0.9858 -0.1160
vn -0.3924 0.9198 0.0028
vn -0.0878 0.5536 -0.8281
vn -0.3654 0.7860 -0.4987
vn -0.3272 0.8248 0.4612
vn 0.1350 0.2588 -0.9564
vn -0.1699 0.9788 -0.1148
vn -0.0528 0.9977 -0.0436
vn 0.0761 0.1698 -0.9825
vn -0.0919 0.1045 -0.9903
vn -0.0640 0.9522 -0.2985
vn -0.0163 0.9983 -0.0563
vn -0.1556 0.9877 0.0171
vn -0.3629 0.8761 -0.3175
vn -0.3570 0.8977 0.2583
vn -0.0910 0.9425 0.3216
vn -0.1277 -0.2565 -0.9581
vn -0.4384 0.2953 -0.8489
vn -0.5881 0.7848 -0.1958
vn 0.1279 0.5178 0.8459
vn -0.0322 0.6863 0.7266
vn 0.0858 0.9893 0.1178
vn 0.3467 0.8704 0.3494
vn 0.3622 0.6167 0.6989
vn 0.3381 -0.0427 -0.9402
vn 0.2747 0.5926 -0.7572
vn 0.2302 0.7863 0.5734
vn -0.0104 0.8384 0.5450
vn 0.4260 0.7113 0.5591
vn -0.6888 0.7169 -0.1077
vn 0.0746 -0.6553 -0.7517
vn -0.2140 -0.3327 -0.9184
vn -0.2022 0.8516 0.4837
vn 0.3077 0.7924 -0.5268
vn 0.2982 0.3365 -0.8932
vn 0.5056 0.3496 -0.7888
vn -0.3751 -0.0305 -0.9265
vn -0.1956 -0.6510 -0.7335
vn -0.1753 -0.0170 -0.9844
vn -0.6005 0.5599 -0.5709
vn 0.8978 -0.1783 -0.4027
vn 0.8449 0.0791 -0.5291
vn 0.7651 0.2350 -0.5995
vn -0.9121 -0.2529 -0.3227
vn -0.5079 -0.0402 -0.8605
vn -0.1824 0.4890 -0.8530
vn -0.7453 0.0028 -0.6667
vn -0.7024 -0.2506 -0.6662
vn -0.7616 -0.1466 -0.6313
vn -0.8347 -0.0364 -0.5495
vn -0.6598 0.6254 -0.4165
vn -0.7820 0.5914 -0.1965
vn -0.0106 -0.0066 -0.9999
vn -0.1843 -0.0485 -0.9817
vn -0.2945 -0.5923 -0.7500
vn -0.4467 0.7843 -0.4305
vn -0.6458 0.6438 -0.4104
vn 0.2361 -0.8416 -0.4858
vn 0.2517 -0.9422 -0.2210
vn 0.6175 0.6054 0.5022
vn 0.5023 0.7926 0.3456
vn -0.7766 -0.5202 -0.3553
vn -0.9186 -0.2562 -0.3008
vn -0.8633 -0.0612 -0.5010
vn -0.8123 0.2357 -0.5335
vn -0.8096 -0.1712 -0.5615
vn -0.5598 -0.5015 -0.6596
vn -0.7225 -0.1763 -0.6685
vn -0.7432 0.0320 -0.6683
vn -0.6135 -0.0839 -0.7852
vn -0.6375 0.4117 -0.6512
vn -0.6347 0.0365 -0.7719
vn -0.6836 0.6255 -0.3762
vn -0.3971 -0.4716 -0.7873
vn -0.5134 0.4946 -0.7013
vn -0.1717 0.3867 -0.9061
vn -0.3728 0.0438 -0.9269
vn -0.2367 0.1304 -0.9628
vn 0.7715 0.3805 -0.5099
vn 0.9548 -0.0762 -0.2873
vn 0.3690 0.6626 -0.6517
vn -0.5722 -0.0966 -0.8144
vn -0.6301 0.2227 -0.7439
vn -0.3614 0.2942 -0.8848
vn 0.7366 0.6763 -0.0010
vn 0.7982 0.6001 -0.0524
vn 0.6437 0.7562 -0.1180
vn 0.4420 0.2633 -0.8575
vn 0.7898 0.1802 -0.5863
vn 0.8235 0.1675 -0.5420
vn 0.6240 0.0174 -0.7813
vn 0.9322 -0.1834 -0.3119
vn 0.3260 -0.3158 -0.8911
vn 0.4870 -0.7969 -0.3575
vn 0.2819 -0.2090 -0.9364
vn 0.5774 -0.2850 -0.7651
vn 0.6452 0.7553 0.1155
vn 0.7945 0.5875 0.1535
vn 0.5671 0.0099 -0.8236
vn 0.4815 0.4860 -0.7294
vn 0.7462 0.2906 -0.5990
vn 0.2777 -0.3025 -0.9118
vn 0.1641 -0.1869 -0.9686
vn 0.7195 -0.2459 -0.6495
vn 0.4943 -0.2327 -0.8376
vn 0.0819 0.4940 -0.8656
vn 0.2275 -0.2107 -0.9507
vn -0.4497 0.1124 -0.8861
vn -0.4562 -0.3085 -0.8347
vn -0.3433 -0.8409 -0.4184
vn -0.2120 -0.9407 -0.2649
vn -0.1127 -0.9901 -0.0835
vn 0.5679 -0.1183 -0.8145
vn 0.5592 0.3517 -0.7507
vn 0.1854 -0.4915 -0.8509
vn 0.2523 -0.6127 -0.7490
vn 0.3283 -0.7096 -0.6235
vn 0.6754 0.3812 -0.6313
vn 0.5044 -0.4569 -0.7327
vn 0.5148 0.3241 -0.7937
vn 0.9051 -0.1152 -0.4092
vn 0.3711 -0.9064 -0.2018
vn 0.7244 -0.2947 -0.6233
vn 0.7709 0.2417 -0.5893
vn -0.2827 0.6180 -0.7336
vn 0.7976 0.5095 0.3229
vn 0.7493 0.4410 0.4940
vn -0.1204 -0.2265 -0.9665
vn 0.8257 -0.2041 -0.5259
vn 0.6183 -0.5180 -0.5912
vn 0.6934 -0.2361 -0.6808
vn 0.0241 -0.9844 -0.1742
vn 0.0689 -0.9206 -0.3844
vn 0.1783 -0.8889 -0.4220
vn 0.9009 0.4340 -0.0092
vn 0.6569 -0.3047 -0.6897
vn -0.2706 0.1849 -0.9448
vn 0.5000 -0.2542 -0.8279
vn 0.6784 0.1026 -0.7275
vn 0.8179 0.3450 0.4605
vn 0.8824 0.3154 0.3492
vn 0.0549 -0.9965 -0.0629
vn -0.0425 -0.9958 0.0809
vn 0.9928 0.0800 0.0890
vn 0.8655 0.4842 0.1287
vn 0.9313 0.1941 0.3084
vn 0.5589 0.1734 -0.8109
vn 0.7635 0.0288 -0.6452
vn 0.6700 0.2655 -0.6932
vn 0.6234 0.7810 0.0366
vn 0.8165 0.5751 0.0503
vn 0.7629 0.6076 0.2209
vn 0.6270 -0.6516 -0.4270
vn 0.4019 -0.7186 -0.5676
vn 0.7957 0.0834 -0.5999
vn 0.3478 0.6429 -0.6825
vn 0.2177 0.7570 -0.6161
vn 0.6597 0.5480 -0.5143
vn 0.4127 0.2342 -0.8803
vn 0.2905 -0.4167 -0.8614
vn 0.7997 0.5185 -0.3028
vn 0.7971 0.2283 -0.5590
vn 0.1763 -0.0815 -0.9810
vn 0.2116 -0.5486 -0.8089
vn 0.5336 -0.2755 -0.7996
vn 0.2346 -0.6327 -0.7380
vn 0.0099 -0.4748 -0.8800
vn 0.1255 0.5964 -0.7928
vn -0.7758 -0.6103 -0.1599
vn 0.5316 0.6399 -0.5549
vn 0.7748 0.0362 0.6312
vn 0.7873 0.0772 0.6117
vn 0.8545 0.3603 0.3742
vn 0.8712 0.2682 0.4111
vn -0.0635 -0.9979 -0.0086
vn -0.0745 -0.9972 0.0079
vn 0.8903 0.3799 0.2512
vn 0.8406 0.3282 0.4309
vn 0.5429 0.7649 -0.3468
vn 0.6722 0.7403 0.0010
vn 0.4537 0.8848 -0.1065
vn 0.4599 0.8796 0.1216
vn 0.8902 -0.1426 0.4326
vn 0.0172 -0.9994 0.0302
vn -0.0395 -0.9486 0.3139
vn 0.0241 -0.9948 0.0993
vn -0.0520 -0.9986 -0.0073
vn 0.0145 -0.9999 -0.0058
vn -0.0830 -0.9964 -0.0190
vn -0.0792 -0.9968 -0.0115
vn 0.6316 0.5101 0.5839
vn 0.8367 0.5153 -0.1856
vn 0.7372 0.2077 0.6430
vn 0.2613 0.9652 -0.0078
vn 0.4345 0.8991 -0.0527
vn 0.9217 0.3732 0.1059
vn 0.9352 0.3518 0.0390
vn 0.8373 -0.2463 -0.4881
vn 0.8290 0.1465 0.5397
vn 0.8429 0.0610 0.5346
vn 0.6742 0.7320 0.0988
vn 0.5754 0.8133 -0.0868
vn 0.9408 0.3118 0.1327
vn 0.8089 0.5747 -0.1243
vn 0.8302 0.5455 -0.1148
vn 0.8650 0.4108 -0.2882
vn 0.5076 0.0381 0.8607
vn 0.8862 0.4258 0.1824
vn 0.7552 0.5083 -0.4138
vn 0.7813 0.6227 0.0434
vn 0.9261 0.3721 -0.0630
vn 0.5079 0.8536 0.1157
vn 0.7831 0.2847 -0.5529
vn 0.8666 -0.1166 -0.4852
vn 0.8810 -0.0075 -0.4730
vn 0.8214 0.4324 -0.3719
vn 0.8221 0.4088 -0.3962
vn 0.6480 0.5436 -0.5335
vn 0.7450 0.1236 -0.6555
vn 0.8921 -0.3321 -0.3065
vn 0.9238 -0.0711 -0.3762
vn 0.9156 -0.2811 0.2874
vn 0.0437 -0.9901 0.1337
vn -0.0842 -0.9963 0.0141
vn 0.7918 -0.0871 0.6046
vn 0.8837 0.2611 -0.3884
vn 0.8637 0.0012 0.5041
vn 0.9918 0.0906 -0.0901
vn 0.9643 0.2578 -0.0608
vn 0.8345 -0.3530 0.4230
vn 0.9122 -0.0990 0.3975
vn 0.8924 0.0526 0.4482
vn 0.9173 -0.0356 -0.3967
vn 0.8676 -0.3195 -0.3811
vn 0.9516 -0.3010 -0.0624
vn 0.3381 -0.7860 -0.5176
vn -0.0874 -0.9151 -0.3936
vn 0.8013 -0.5441 -0.2488
vn 0.9180 -0.3906 -0.0680
vn 0.8648 -0.4260 0.2658
vn 0.9164 -0.2722 0.2933
vn 0.9096 0.1051 0.4020
vn 0.8504 -0.4549 0.2642
vn 0.8757 -0.3949 0.2777
vn 0.9457 -0.2264 0.2332
vn 0.9476 0.2495 -0.1994
vn 0.9271 0.1140 -0.3572
vn 0.8890 -0.4444 0.1102
vn 0.9547 -0.0539 0.2927
vn 0.9260 -0.2317 -0.2980
vn 0.9643 -0.1813 0.1929
vn 0.9899 -0.1167 0.0810
vn 0.9781 -0.2041 -0.0403
vn 0.9347 -0.3542 0.0283
vn 0.7612 -0.4925 -0.4219
vn 0.6293 -0.7445 0.2230
vn 0.9085 -0.3794 0.1750
vn 0.9761 -0.0304 -0.2152
vn 0.6631 -0.7447 0.0762
vn 0.9653 -0.2266 0.1300
vn 0.9720 -0.2246 0.0689
vn 0.9360 -0.3514 -0.0189
vn -0.1182 -0.8836 0.4531
vn -0.0949 -0.9739 0.2060
vn -0.1071 -0.9246 0.3655
vn -0.0873 -0.6608 0.7454
vn 0.8216 -0.1295 -0.5552
vn 0.9115 -0.3873 -0.1384
vn 0.8791 -0.3918 -0.2716
vn 0.9656 -0.1614 -0.2040
vn 0.9938 -0.0966 -0.0544
vn 0.1968 -0.9792 0.0488
vn 0.9778 0.0184 -0.2088
vn 0.1598 -0.6894 -0.7065
vn -0.0908 -0.9925 -0.0816
vn -0.1670 -0.9803 0.1051
vn -0.1251 -0.9913 0.0401
vn -0.2462 -0.9641 0.0998
vn 0.0407 -0.9989 0.0224
vn -0.1086 -0.9838 -0.1426
vn -0.2581 -0.9350 -0.2430
vn 0.3305 -0.9437 0.0153
vn 0.0257 -0.9886 0.1483
vn 0.1133 -0.9859 0.1234
vn -0.0492 0.5321 -0.8452
vn 0.1064 -0.8516 -0.5133
vn 0.4287 0.1157 -0.8960
vn -0.1441 -0.9689 0.2009
vn 0.0784 -0.9848 0.1549
vn -0.0073 -0.9995 0.0299
vn -0.0987 -0.9921 0.0779
vn -0.1605 -0.9675 0.1956
vn -0.0360 -0.9855 0.1661
vn -0.2305 -0.9145 0.3324
vn -0.2296 -0.5770 -0.7838
vn -0.4016 -0.7977 0.4499
vn -0.1031 -0.7468 -0.6571
vn -0.1375 -0.8595 -0.4923
vn 0.0774 -0.9833 0.1650
vn 0.0292 -0.9948 0.0976
vn 0.1549 -0.9713 0.1807
vn -0.1454 -0.9880 -0.0524
vn -0.4780 -0.5975 -0.6438
vn -0.4365 -0.8091 -0.3933
vn -0.4645 -0.8820 -0.0797
vn -0.2664 -0.8735 -0.4076
vn -0.4944 -0.8337 -0.2460
vn -0.0816 -0.9936 0.0785
vn -0.2492 -0.5545 -0.7940
vn -0.0562 -0.7273 -0.6840
vn -0.3189 -0.6547 -0.6853
vn 0.2279 -0.7644 -0.6032
vn -0.3679 -0.9285 0.0502
vn -0.3351 -0.9366 -0.1024
vn -0.1424 -0.9898 0.0030
vn -0.5810 -0.8138 0.0171
vn -0.4113 -0.7402 -0.5319
vn 0.2185 -0.7721 -0.5968
vn 0.0250 -0.8174 -0.5756
vn -0.1367 -0.9572 -0.2550
vn -0.2926 -0.7931 -0.5342
vn -0.1205 -0.9895 -0.0803
vn -0.1129 -0.9915 -0.0644
vn 0.0540 -0.9985 -0.0013
vn 0.0150 -0.9957 -0.0916
vn -0.4170 -0.8506 -0.3202
vn -0.0887 -0.9658 -0.2436
vn -0.3713 0.7314 -0.5720
vn -0.2309 -0.8325 -0.5036
vn -0.3869 -0.7998 -0.4590
vn -0.5887 -0.6989 -0.4063
vn -0.1616 -0.9843 -0.0703
vn -0.1144 -0.9791 -0.1680
vn 0.0497 -0.9793 -0.1965
vn 0.0445 -0.9846 0.1690
vn 0.0283 -0.9995 -0.0126
vn 0.0100 -0.9934 0.1146
vn 0.2891 -0.9194 -0.2667
vn 0.0598 -0.9899 -0.1284
vn -0.0765 -0.9175 -0.3902
vn -0.1365 -0.9861 -0.0948
vn -0.1616 -0.9765 -0.1427
vn 0.0061 -0.9996 -0.0266
vn -0.0131 -0.8626 0.5057
vn -0.0324 -0.9993 -0.0180
vn -0.2015 -0.8487 0.4891
vn -0.0536 -0.2516 0.9663
vn -0.0493 -0.9962 -0.0719
vn -0.4803 -0.8745 0.0682
vn -0.1662 -0.9537 0.2507
vn -0.7973 -0.5634 0.2166
vn -0.0882 -0.9923 -0.0866
vn -0.0550 -0.9579 0.2818
vn -0.0672 -0.9975 0.0204
vn -0.0885 -0.9954 0.0360
vn -0.0191 0.9169 -0.3986
vn -0.3606 0.6954 0.6217
vn 0.1204 0.9868 0.1085
vn 0.9762 -0.0777 -0.2027
vn -0.3536 0.8509 0.3886
vn -0.9881 -0.1195 0.0972
vn -0.9516 0.2873 0.1090
vn 0.1820 -0.0565 -0.9817
vn 0.5969 -0.3790 0.7072
vn 0.1889 0.1345 0.9728
vn 0.3965 0.1985 -0.8963
vn -0.9553 0.0787 -0.2849
vn -0.8940 -0.3798 0.2378
vn -0.8346 -0.3685 -0.4094
vn -0.8586 0.4725 0.1989
vn 0.4874 -0.0549 0.8715
vn -0.2226 0.5617 0.7969
vn 0.8644 -0.4907 -0.1096
vn -0.8510 -0.4559 0.2606
vn -0.9467 0.1816 -0.2660
vn 0.2455 0.1516 0.9575
vn -0.9677 -0.0986 -0.2322
vn -0.9830 0.1756 0.0529
vn -0.8403 -0.4974 -0.2155
vn -0.9970 -0.0708 -0.0301
vn -0.8737 0.3425 0.3455
vn -0.9729 0.2303 -0.0217
vn -0.8926 0.4194 0.1653
vn -0.9426 0.3282 0.0607
vn -0.7718 0.6267 0.1077
vn -0.9767 -0.2143 -0.0049
vn 0.0174 -0.0651 0.9977
vn -0.9698 -0.0885 0.2274
vn -0.8599 -0.5043 0.0796
vn -0.0564 0.9969 -0.0545
vn -0.7905 0.5411 0.2869
vn -0.8065 0.5528 -0.2095
vn -0.9891 -0.1232 0.0807
vn -0.9457 0.3165 0.0742
vn -0.8675 0.3039 0.3937
vn -0.9416 0.3060 0.1403
vn -0.9834 0.1407 0.1144
vn -0.8558 0.5092 0.0911
vn -0.9933 -0.0962 -0.0637
vn -0.7432 0.6662 0.0620
vn -0.9927 -0.1026 -0.0639
vn -0.9638 0.2477 -0.0989
vn -0.8675 0.4856 0.1076
vn -0.1795 0.4010 0.8983
vn -0.9723 0.2336 -0.0072
vn -0.9191 0.3639 0.1511
vn -0.3625 0.6389 0.6785
vn -0.9736 -0.0255 -0.2269
vn 0.0112 0.0535 -0.9985
vn -0.9234 0.2945 -0.2463
vn -0.9941 -0.1068 -0.0208
vn -0.3351 0.9143 -0.2275
vn -0.8158 0.5578 -0.1529
vn -0.7742 0.5653 0.2848
vn -0.7646 0.5983 -0.2396
vn -0.9655 -0.0585 0.2537
vn -0.4433 0.8868 0.1310
vn -0.9191 0.3940 0.0039
vn -0.5959 0.8025 0.0302
vn -0.0798 0.8025 -0.5912
vn 0.9814 0.0787 -0.1754
vn -0.8063 0.5878 0.0659
vn -0.9636 0.0096 0.2672
vn -0.8156 0.4526 -0.3605
vn 0.4925 0.1134 -0.8629
vn -0.9286 0.3398 0.1490
vn -0.9387 -0.1753 -0.2969
vn -0.9409 0.3335 -0.0587
vn -0.5475 0.8158 -0.1865
vn -0.9337 -0.2895 -0.2105
vn -0.9812 0.1526 -0.1179
vn -0.8502 0.5114 -0.1251
vn 0.2421 0.3221 0.9152
vn -0.9796 -0.1940 0.0516
vn -0.3221 0.8448 -0.4272
vn -0.8776 -0.1671 0.4494
vn -0.7437 0.3544 0.5668
vn -0.7930 0.3260 0.5147
vn -0.7225 -0.4779 0.4996
vn -0.5937 0.4251 0.6832
vn -0.6375 -0.2316 0.7348
vn -0.2887 0.3588 0.8877
vn -0.6494 -0.4201 0.6339
vn -0.6716 0.2321 0.7036
vn -0.8312 -0.3114 0.4607
vn -0.7411 0.3242 0.5879
vn -0.8330 -0.1357 0.5364
vn -0.6339 0.1447 0.7598
vn -0.6657 0.2632 0.6982
vn -0.8144 0.0546 0.5777
vn -0.6393 0.3056 0.7056
vn -0.8397 0.2858 0.4618
vn -0.5957 0.5321 0.6017
vn -0.8428 -0.1021 0.5285
vn -0.7391 0.1534 0.6559
vn -0.7954 -0.1606 0.5844
vn -0.8350 -0.1444 0.5309
vn 0.6719 -0.6001 0.4341
vn -0.8451 0.2631 0.4654
vn 0.5001 -0.7941 0.3455
vn -0.7605 0.4557 0.4626
vn -0.4833 0.3628 0.7968
vn -0.7364 0.4459 0.5088
vn -0.9260 -0.3201 0.2001
vn -0.8286 -0.0814 -0.5539
vn -0.6146 0.0541 0.7870
vn -0.2471 -0.7676 0.5914
vn -0.7635 0.4713 0.4414
vn -0.8983 -0.4227 0.1197
vn -0.9461 0.1699 -0.2757
vn 0.4324 -0.6490 0.6259
vn -0.7050 0.4495 0.5485
vn 0.0970 -0.9953 0.0070
vn -0.4864 -0.2027 0.8499
vn -0.7056 -0.0259 0.7081
vn 0.9256 0.3324 -0.1812
vn -0.5582 0.0681 0.8269
vn -0.7551 0.2028 0.6235
vn 0.0255 -0.9993 0.0291
vn -0.7526 -0.3268 0.5717
vn 0.3179 -0.8543 0.4113
vn -0.7611 -0.0082 0.6485
vn -0.7807 -0.4370 0.4466
vn -0.9799 0.1317 0.1500
vn 0.5555 -0.7987 0.2311
vn -0.6896 -0.0768 0.7201
vn 0.1322 -0.7382 0.6615
vn -0.9474 -0.0173 -0.3196
vn -0.8850 -0.1319 0.4466
vn -0.7332 -0.3300 0.5946
vn -0.7883 0.2423 0.5655
vn -0.8362 -0.2853 0.4684
vn 0.1624 -0.5807 0.7977
vn -0.0584 -0.9979 0.0263
vn 0.4831 0.6525 -0.5839
vn 0.6336 -0.2734 0.7237
vn 0.1963 -0.4472 0.8726
vn -0.1170 0.2609 0.9583
vn 0.4329 -0.2398 -0.8690
vn 0.6484 -0.1787 0.7400
vn 0.7333 -0.6675 -0.1296
vn -0.1208 0.3627 0.9240
vn 0.6527 0.2525 0.7143
vn 0.4134 -0.0084 -0.9105
vn 0.4712 0.8132 0.3414
vn 0.5894 -0.0442 0.8067
vn -0.1928 0.2949 -0.9359
vn -0.9536 -0.2992 0.0339
vn 0.1758 -0.1821 -0.9674
vn -0.3888 0.7203 -0.5745
vn 0.4562 -0.5873 0.6685
vn -0.1866 -0.3475 -0.9189
vn 0.9491 0.2635 -0.1726
vn 0.8914 -0.3239 -0.3169
vn -0.4951 -0.6045 0.6241
vn 0.4514 -0.6188 0.6429
vn 0.0702 0.1568 -0.9851
vn -0.6216 -0.1080 0.7758
vn -0.3844 -0.9211 0.0610
vn 0.1431 0.6931 -0.7065
vn 0.0972 -0.1274 0.9871
vn -0.3339 0.1501 0.9306
vn 0.3883 0.3096 0.8680
vn 0.0917 -0.5136 0.8531
vn -0.4140 0.2335 0.8798
vn -0.1253 -0.2380 0.9631
vn -0.3500 0.0958 0.9319
vn 0.0202 -0.8055 0.5922
vn -0.1130 0.2222 0.9684
vn -0.2910 0.7473 0.5974
vn -0.1348 0.5386 0.8317
vn 0.2943 0.4919 0.8194
vn -0.0757 0.7215 0.6882
vn -0.0122 0.8578 0.5138
vn -0.4906 0.7770 0.3944
vn 0.0657 -0.4682 -0.8812
vn 0.4187 0.7568 0.5020
vn 0.0452 0.1721 -0.9840
vn -0.4389 0.8830 0.1664
vn -0.0180 0.9935 -0.1121
vn -0.3398 0.7894 -0.5113
vn -0.3324 0.8580 0.3916
vn 0.2698 0.4504 -0.8511
vn -0.0552 0.9936 -0.0988
vn -0.1740 0.3382 0.9249
vn -0.0144 0.1825 -0.9831
vn -0.0110 0.9919 -0.1263
vn -0.3400 0.9231 -0.1796
vn -0.3050 0.8872 0.3462
vn -0.2226 0.2700 -0.9368
vn -0.6189 0.7825 -0.0684
vn -0.0128 0.5591 0.8290
vn -0.0128 0.9991 0.0402
vn 0.1646 0.9477 0.2733
vn 0.2919 0.5184 0.8038
vn -0.4249 0.8894 0.1690
vn 0.1122 0.9330 0.3420
vn -0.3406 0.4410 0.8304
vn 0.4025 0.5625 -0.7222
vn -0.2655 0.9489 0.1705
vn 0.0357 0.7950 0.6055
vn 0.3665 0.7051 0.6070
vn -0.6908 0.7222 0.0339
vn -0.0356 -0.3449 -0.9379
vn -0.3988 0.7976 0.4525
vn -0.1856 0.9018 -0.3902
vn 0.3980 0.4161 -0.8176
vn -0.0493 0.8896 0.4541
vn -0.3143 0.7583 0.5711
vn -0.3275 -0.1606 -0.9311
vn -0.5742 0.5554 -0.6016
vn 0.8334 0.0449 -0.5509
vn -0.9473 -0.1953 -0.2539
vn -0.7166 -0.0924 -0.6914
vn -0.3531 0.8109 -0.4666
vn -0.7276 0.2307 -0.6460
vn -0.7253 -0.1864 -0.6627
vn -0.7479 -0.2046 -0.6314
vn -0.6829 0.3473 -0.6427
vn -0.9015 0.4088 -0.1419
vn 0.5076 -0.8465 0.1603
vn -0.0731 -0.1091 -0.9913
vn -0.5634 0.7446 -0.3580
vn 0.2972 -0.9349 -0.1939
vn 0.5031 0.7127 0.4888
vn -0.9014 -0.2950 -0.3169
vn -0.7627 -0.1038 -0.6384
vn -0.7139 -0.3233 -0.6211
vn -0.7007 -0.0676 -0.7103
vn -0.7237 0.5314 -0.4403
vn -0.7380 0.0041 -0.6748
vn -0.6240 0.6322 -0.4593
vn -0.7189 0.5945 -0.3602
vn -0.3138 0.0715 -0.9468
vn -0.4470 0.3095 -0.8393
vn -0.4750 -0.0904 -0.8754
vn -0.3676 0.1886 -0.9106
vn -0.3074 0.7932 -0.5257
vn 0.9686 0.0406 -0.2453
vn -0.1362 0.8633 -0.4860
vn -0.6692 0.7109 -0.2161
vn -0.6917 0.0585 -0.7198
vn -0.5658 0.3080 -0.7648
vn 0.7362 0.6751 -0.0479
vn 0.6242 0.3712 -0.6875
vn 0.8062 -0.0779 -0.5865
vn 0.3183 0.1805 -0.9307
vn 0.4937 -0.3748 -0.7847
vn -0.1851 0.2496 -0.9505
vn 0.7302 0.6792 0.0736
vn 0.5912 0.2754 -0.7580
vn 0.3323 -0.4421 -0.8332
vn 0.5469 -0.1791 -0.8178
vn -0.0221 0.1666 -0.9858
vn 0.2196 -0.1612 -0.9622
vn -0.5436 0.0904 -0.8345
vn -0.1793 -0.9610 -0.2106
vn 0.5124 0.0961 -0.8534
vn 0.1568 -0.6783 -0.7178
vn 0.2076 -0.4536 -0.8667
vn 0.5578 0.2656 -0.7863
vn 0.5556 -0.2122 -0.8039
vn 0.8076 -0.3684 -0.4606
vn 0.5821 0.3605 -0.7288
vn 0.0685 0.5984 -0.7982
vn 0.7389 0.5030 0.4483
vn -0.1552 0.0176 -0.9877
vn 0.7122 -0.3025 -0.6335
vn 0.1022 -0.9306 -0.3515
vn 0.1929 0.2069 -0.9592
vn 0.0150 0.0985 -0.9950
vn 0.8728 0.4821 -0.0763
vn 0.4602 -0.4645 -0.7566
vn -0.2806 0.1222 -0.9520
vn 0.6480 -0.1426 -0.7481
vn 0.7947 0.4421 0.4159
vn 0.0226 -0.9995 -0.0211
vn -0.2283 0.1196 -0.9662
vn 0.9505 0.2290 0.2101
vn -0.4966 0.6225 -0.6049
vn 0.6765 0.2227 -0.7020
vn 0.6682 0.7397 0.0799
vn 0.5467 -0.6526 -0.5246
vn 0.7654 -0.1367 -0.6289
vn 0.4207 0.6572 -0.6253
vn 0.3682 0.1304 -0.9206
vn 0.2215 0.4860 -0.8454
vn 0.3505 -0.2929 -0.8896
vn 0.7394 0.3229 -0.5908
vn 0.1989 -0.2889 -0.9365
vn 0.1876 -0.4943 -0.8488
vn 0.0748 0.1075 -0.9914
vn -0.9015 -0.3519 -0.2519
vn 0.0682 0.8030 -0.5921
vn 0.5038 0.6377 -0.5827
vn 0.5578 -0.1971 0.8063
vn 0.6905 0.1359 0.7104
vn 0.8049 0.4718 0.3598
vn -0.0708 -0.9974 -0.0096
vn 0.8778 0.3414 0.3359
vn 0.6154 0.7842 -0.0796
vn 0.4003 0.9163 0.0096
vn 0.9027 0.2167 0.3718
vn 0.0149 -0.9980 0.0615
vn 0.0061 -1.0000 -0.0033
vn -0.0882 -0.9960 -0.0170
vn 0.6058 0.7091 0.3609
vn 0.7935 0.6080 -0.0251
vn 0.5938 0.2778 0.7551
vn 0.2442 0.9624 -0.1193
vn 0.9331 0.3540 0.0637
vn 0.8626 -0.5018 0.0645
vn 0.7800 0.1707 0.6020
vn 0.6288 0.7773 0.0205
vn 0.5310 0.8267 0.1862
vn 0.7964 0.6047 -0.0141
vn 0.8301 0.5286 -0.1774
vn 0.5088 0.8455 -0.1621
vn 0.1724 -0.0891 0.9810
vn 0.6989 0.2129 0.6828
vn 0.7773 0.3679 0.5104
vn -0.8944 -0.2418 -0.3762
vn 0.8361 0.5023 0.2204
vn 0.7627 0.4440 -0.4702
vn 0.8495 0.5243 -0.0586
vn 0.3263 0.9396 0.1032
vn 0.6717 0.7284 0.1350
vn 0.6826 0.2592 -0.6833
vn -0.6074 0.7259 -0.3225
vn 0.9077 -0.0378 -0.4179
vn 0.7957 0.4672 -0.3855
vn 0.7117 0.5302 -0.4609
vn 0.9332 -0.0079 0.3593
vn 0.8096 0.1181 -0.5749
vn 0.8920 -0.1934 -0.4086
vn 0.7806 -0.4721 0.4096
vn 0.8263 0.0300 0.5625
vn 0.0259 -0.9928 0.1167
vn 0.7120 -0.1492 0.6861
vn 0.8677 0.3052 -0.3923
vn 0.8287 0.0088 0.5597
vn 0.9752 0.2115 -0.0656
vn 0.7663 -0.3612 0.5313
vn 0.8900 -0.0070 0.4560
vn 0.9013 -0.3157 -0.2966
vn 0.9346 -0.1962 -0.2968
vn 0.8336 0.3685 -0.4116
vn 0.4522 0.6649 -0.5945
vn 0.1393 -0.8654 -0.4813
vn 0.8752 -0.4407 -0.1995
vn 0.8762 -0.3594 0.3211
vn 0.9000 0.1996 -0.3875
vn 0.7862 -0.2127 -0.5802
vn 0.9018 0.1110 0.4177
vn 0.8295 -0.4483 0.3332
vn 0.9301 -0.2076 0.3030
vn 0.9222 0.2152 -0.3214
vn 0.8679 -0.4551 0.1990
vn 0.9042 0.3859 0.1832
vn 0.9254 0.0864 0.3690
vn 0.8664 0.0932 -0.4905
vn 0.9711 -0.1377 0.1947
vn 0.9424 -0.3344 0.0089
vn 0.9551 -0.2362 0.1791
vn 0.7586 -0.2948 -0.5810
vn 0.9366 0.3499 -0.0174
vn 0.8787 -0.4261 0.2150
vn 0.9918 -0.0340 -0.1229
vn 0.9133 -0.3710 0.1681
vn 0.9055 -0.4227 0.0364
vn -0.1188 -0.9088 0.4000
vn 0.9947 -0.0494 0.0906
vn 0.6638 0.4782 -0.5751
vn -0.0951 -0.7539 0.6500
vn 0.9578 0.2720 -0.0933
vn 0.7638 -0.1739 -0.6216
vn 0.9620 -0.2519 -0.1056
vn 0.8848 -0.4369 -0.1619
vn 0.9477 -0.0041 -0.3193
vn 0.6152 0.1840 -0.7666
vn 0.7222 -0.6182 -0.3103
vn 0.9954 -0.0834 -0.0474
vn 0.2227 -0.9739 0.0441
vn 0.9978 -0.0564 -0.0335
vn 0.5596 -0.2816 -0.7795
vn 0.8809 -0.2969 -0.3685
vn 0.8778 0.2961 -0.3765
vn 0.8961 -0.3976 -0.1974
vn -0.1284 -0.9917 -0.0012
vn -0.0282 -0.9981 0.0543
vn -0.1906 -0.9634 -0.1883
vn 0.3723 -0.9280 0.0143
vn 0.2455 -0.9342 -0.2590
vn 0.1194 -0.9807 0.1551
vn 0.1798 0.6229 -0.7613
vn -0.1508 -0.9620 0.2276
vn 0.0560 -0.9944 0.0900
vn 0.8540 -0.5202 -0.0042
vn -0.0913 -0.9851 0.1456
vn 0.0127 -0.9948 0.1009
vn -0.1719 -0.9611 0.2161
vn -0.1086 -0.4759 -0.8728
vn -0.5035 -0.7439 0.4394
vn -0.2996 -0.6222 -0.7232
vn 0.0732 -0.8168 -0.5723
vn 0.0736 -0.9818 0.1749
vn 0.2280 -0.9640 0.1368
vn -0.0171 -0.9988 -0.0465
vn -0.5666 -0.6923 -0.4470
vn -0.3291 -0.9335 -0.1424
vn -0.4187 -0.3426 -0.8410
vn -0.3880 -0.8381 -0.3835
vn -0.0788 -0.9929 0.0891
vn -0.1551 -0.4696 -0.8691
vn -0.2338 -0.6488 -0.7242
vn 0.1626 -0.7326 -0.6609
vn -0.2703 -0.9627 -0.0142
vn -0.5965 -0.7955 -0.1061
vn -0.2802 -0.8574 0.4317
vn -0.4155 -0.6466 -0.6397
vn 0.2098 -0.7310 -0.6493
vn -0.1715 -0.9130 -0.3701
vn -0.6385 -0.7648 0.0860
vn -0.1096 -0.9899 -0.0904
vn -0.5936 -0.5686 0.5695
vn 0.0696 -0.9962 -0.0518
vn -0.8553 -0.4111 -0.3153
vn -0.0953 -0.8763 -0.4722
vn -0.5177 0.4175 -0.7468
vn -0.1028 -0.8503 -0.5162
vn -0.4438 -0.7695 -0.4592
vn -0.1330 -0.9911 0.0051
vn -0.0725 -0.9837 -0.1645
vn -0.3663 -0.7972 -0.4799
vn -0.7343 -0.5999 -0.3177
vn 0.0437 -0.9874 0.1520
vn 0.0151 -0.9955 0.0939
vn 0.2160 -0.9437 -0.2504
vn 0.1063 -0.4126 -0.9047
vn -0.1403 -0.9786 -0.1505
vn 0.0208 -0.9972 -0.0723
vn -0.0019 -0.9994 -0.0337
vn -0.1688 -0.7396 0.6516
vn 0.7623 0.4658 -0.4493
vn 0.3710 -0.9034 -0.2151
vn -0.1283 -0.9720 -0.1969
vn 0.8861 0.1008 -0.4524
vn 0.2618 -0.7704 -0.5814
vn -0.2482 -0.9380 0.2419
vn -0.9654 -0.0895 0.2451
vn -0.3753 -0.9238 0.0753
vn -0.1424 -0.9853 -0.0944
vn 0.0752 -0.9785 0.1923
vn -0.1009 -0.9643 0.2450
vn -0.0701 -0.9974 0.0183
vn -0.0815 -0.9960 0.0363
vn -0.1412 -0.8318 -0.5368
vn -0.0593 -0.9968 -0.0540
vn -0.5354 -0.8443 -0.0218
vn -0.3150 -0.9237 -0.2179
s 1
f 112//112 246//246 956//956 245//245
f 1//1 247//247 956//956 246//246
f 39//39 245//245 956//956 247//247
f 20//20 249//249 957//957 248//248
f 32//32 250//250 957//957 249//249
f 23//23 248//248 957//957 250//250
f 51//51 252//252 958//958 251//251
f 56//56 253//253 958//958 252//252
f 150//150 251//251 958//958 253//253
f 46//46 255//255 959//959 254//254
f 80//80 256//256 959//959 255//255
f 244//244 254//254 959//959 256//256
f 139//139 258//258 960//960 257//257
f 132//132 259//259 960//960 258//258
f 96//96 257//257 960//960 259//259
f 49//49 261//261 961//961 260//260
f 92//92 262//262 961//961 261//261
f 29//29 260//260 961//961 262//262
f 92//92 263//263 962//962 262//262
f 19//19 264//264 962//962 263//263
f 29//29 262//262 962//962 264//264
f 187//187 266//266 963//963 265//265
f 189//189 267//267 963//963 266//266
f 47//47 265//265 963//963 267//267
f 117//117 269//269 964//964 268//268
f 128//128 270//270 964//964 269//269
f 118//118 268//268 964//964 270//270
f 105//105 272//272 965//965 271//271
f 43//43 273//273 965//965 272//272
f 108//108 271//271 965//965 273//273
f 107//107 275//275 966//966 274//274
f 1//1 276//276 966//966 275//275
f 26//26 274//274 966//966 276//276
f 68//68 278//278 967//967 277//277
f 70//70 279//279 967//967 278//278
f 76//76 277//277 967//967 279//279
f 17//17 281//281 968//968 280//280
f 36//36 282//282 968//968 281//281
f 28//28 280//280 968//968 282//282
f 55//55 284//284 969//969 283//283
f 68//68 285//285 969//969 284//284
f 75//75 283//283 969//969 285//285
f 59//59 287//287 970//970 286//286
f 66//66 288//288 970//970 287//287
f 63//63 286//286 970//970 288//288
f 131//131 290//290 971//971 289//289
f 105//105 291//291 971//971 290//290
f 137//137 289//289 971//971 291//291
f 141//141 293//293 972//972 292//292
f 120//120 294//294 972//972 293//293
f 97//97 292//292 972//972 294//294
f 2//2 296//296 973//973 295//295
f 167//167 297//297 973//973 296//296
f 86//86 295//295 973//973 297//297
f 17//17 280//280 974//974 298//298
f 28//28 299//299 974//974 280//280
f 16//16 298//298 974//974 299//299
f 65//65 301//301 975//975 300//300
f 70//70 278//278 975//975 301//301
f 68//68 300//300 975//975 278//278
f 137//137 291//291 976//976 302//302
f 105//105 271//271 976//976 291//291
f 108//108 302//302 976//976 271//271
f 55//55 303//303 977//977 284//284
f 65//65 300//300 977//977 303//303
f 68//68 284//284 977//977 300//300
f 59//59 286//286 978//978 304//304
f 63//63 305//305 978//978 286//286
f 44//44 304//304 978//978 305//305
f 55//55 307//307 979//979 306//306
f 231//231 308//308 979//979 307//307
f 35//35 306//306 979//979 308//308
f 55//55 309//309 980//980 303//303
f 58//58 310//310 980//980 309//309
f 65//65 303//303 980//980 310//310
f 45//45 312//312 981//981 311//311
f 77//77 313//313 981//981 312//312
f 66//66 311//311 981//981 313//313
f 65//65 310//310 982//982 301//301
f 58//58 314//314 982//982 310//310
f 70//70 301//301 982//982 314//314
f 70//70 316//316 983//983 315//315
f 71//71 317//317 983//983 316//316
f 64//64 315//315 983//983 317//317
f 58//58 318//318 984//984 314//314
f 71//71 316//316 984//984 318//318
f 70//70 314//314 984//984 316//316
f 77//77 319//319 985//985 313//313
f 74//74 320//320 985//985 319//319
f 66//66 313//313 985//985 320//320
f 58//58 309//309 986//986 321//321
f 55//55 306//306 986//986 309//309
f 35//35 321//321 986//986 306//306
f 129//129 323//323 987//987 322//322
f 23//23 324//324 987//987 323//323
f 244//244 322//322 987//987 324//324
f 34//34 326//326 988//988 325//325
f 41//41 327//327 988//988 326//326
f 21//21 325//325 988//988 327//327
f 10//10 329//329 989//989 328//328
f 16//16 299//299 989//989 329//329
f 28//28 328//328 989//989 299//299
f 51//51 330//330 990//990 252//252
f 140//140 331//331 990//990 330//330
f 56//56 252//252 990//990 331//331
f 71//71 332//332 991//991 317//317
f 97//97 333//333 991//991 332//332
f 64//64 317//317 991//991 333//333
f 7//7 335//335 992//992 334//334
f 14//14 336//336 992//992 335//335
f 27//27 334//334 992//992 336//336
f 53//53 338//338 993//993 337//337
f 58//58 321//321 993//993 338//338
f 35//35 337//337 993//993 321//321
f 18//18 340//340 994//994 339//339
f 71//71 318//318 994//994 340//340
f 58//58 339//339 994//994 318//318
f 78//78 342//342 995//995 341//341
f 33//33 343//343 995//995 342//342
f 9//9 341//341 995//995 343//343
f 7//7 344//344 996//996 335//335
f 12//12 345//345 996//996 344//344
f 14//14 335//335 996//996 345//345
f 58//58 338//338 997//997 339//339
f 53//53 346//346 997//997 338//338
f 18//18 339//339 997//997 346//346
f 77//77 347//347 998//998 319//319
f 3//3 348//348 998//998 347//347
f 74//74 319//319 998//998 348//348
f 35//35 349//349 999//999 337//337
f 62//62 350//350 999//999 349//349
f 53//53 337//337 999//999 350//350
f 40//40 352//352 1000//1000 351//351
f 97//97 332//332 1000//1000 352//352
f 71//71 351//351 1000//1000 332//332
f 14//14 354//354 1001//1001 353//353
f 62//62 349//349 1001//1001 354//354
f 35//35 353//353 1001//1001 349//349
f 72//72 356//356 1002//1002 355//355
f 18//18 346//346 1002//1002 356//356
f 53//53 355//355 1002//1002 346//346
f 18//18 357//357 1003//1003 340//340
f 40//40 351//351 1003//1003 357//357
f 71//71 340//340 1003//1003 351//351
f 43//43 359//359 1004//1004 358//358
f 15//15 360//360 1004//1004 359//359
f 99//99 358//358 1004//1004 360//360
f 12//12 361//361 1005//1005 345//345
f 24//24 362//362 1005//1005 361//361
f 14//14 345//345 1005//1005 362//362
f 74//74 348//348 1006//1006 363//363
f 3//3 364//364 1006//1006 348//348
f 61//61 363//363 1006//1006 364//364
f 95//95 366//366 1007//1007 365//365
f 9//9 367//367 1007//1007 366//366
f 30//30 365//365 1007//1007 367//367
f 62//62 368//368 1008//1008 350//350
f 69//69 369//369 1008//1008 368//368
f 53//53 350//350 1008//1008 369//369
f 113//113 371//371 1009//1009 370//370
f 106//106 372//372 1009//1009 371//371
f 111//111 370//370 1009//1009 372//372
f 69//69 373//373 1010//1010 369//369
f 72//72 355//355 1010//1010 373//373
f 53//53 369//369 1010//1010 355//355
f 24//24 374//374 1011//1011 362//362
f 62//62 354//354 1011//1011 374//374
f 14//14 362//362 1011//1011 354//354
f 140//140 376//376 1012//1012 375//375
f 73//73 377//377 1012//1012 376//376
f 40//40 375//375 1012//1012 377//377
f 72//72 378//378 1013//1013 356//356
f 40//40 357//357 1013//1013 378//378
f 18//18 356//356 1013//1013 357//357
f 48//48 380//380 1014//1014 379//379
f 41//41 381//381 1014//1014 380//380
f 149//149 379//379 1014//1014 381//381
f 72//72 382//382 1015//1015 378//378
f 38//38 383//383 1015//1015 382//382
f 40//40 378//378 1015//1015 383//383
f 36//36 385//385 1016//1016 384//384
f 45//45 386//386 1016//1016 385//385
f 44//44 384//384 1016//1016 386//386
f 3//3 388//388 1017//1017 387//387
f 56//56 331//331 1017//1017 388//388
f 140//140 387//387 1017//1017 331//331
f 13//13 390//390 1018//1018 389//389
f 10//10 391//391 1018//1018 390//390
f 25//25 389//389 1018//1018 391//391
f 140//140 392//392 1019//1019 387//387
f 38//38 393//393 1019//1019 392//392
f 3//3 387//387 1019//1019 393//393
f 11//11 395//395 1020//1020 394//394
f 27//27 396//396 1020//1020 395//395
f 173//173 394//394 1020//1020 396//396
f 191//191 398//398 1021//1021 397//397
f 169//169 399//399 1021//1021 398//398
f 175//175 397//397 1021//1021 399//399
f 38//38 400//400 1022//1022 393//393
f 61//61 364//364 1022//1022 400//400
f 3//3 393//393 1022//1022 364//364
f 45//45 401//401 1023//1023 386//386
f 59//59 304//304 1023//1023 401//401
f 44//44 386//386 1023//1023 304//304
f 63//63 403//403 1024//1024 402//402
f 69//69 404//404 1024//1024 403//403
f 60//60 402//402 1024//1024 404//404
f 107//107 274//274 1025//1025 405//405
f 26//26 406//406 1025//1025 274//274
f 188//188 405//405 1025//1025 406//406
f 41//41 380//380 1026//1026 327//327
f 48//48 407//407 1026//1026 380//380
f 21//21 327//327 1026//1026 407//407
f 42//42 409//409 1027//1027 408//408
f 44//44 410//410 1027//1027 409//409
f 60//60 408//408 1027//1027 410//410
f 74//74 363//363 1028//1028 411//411
f 61//61 412//412 1028//1028 363//363
f 72//72 411//411 1028//1028 412//412
f 140//140 375//375 1029//1029 392//392
f 40//40 383//383 1029//1029 375//375
f 38//38 392//392 1029//1029 383//383
f 10//10 328//328 1030//1030 391//391
f 28//28 413//413 1030//1030 328//328
f 25//25 391//391 1030//1030 413//413
f 44//44 305//305 1031//1031 410//410
f 63//63 402//402 1031//1031 305//305
f 60//60 410//410 1031//1031 402//402
f 61//61 400//400 1032//1032 412//412
f 38//38 382//382 1032//1032 400//400
f 72//72 412//412 1032//1032 382//382
f 128//128 415//415 1033//1033 414//414
f 148//148 416//416 1033//1033 415//415
f 100//100 414//414 1033//1033 416//416
f 28//28 282//282 1034//1034 417//417
f 36//36 384//384 1034//1034 282//282
f 44//44 417//417 1034//1034 384//384
f 9//9 343//343 1035//1035 418//418
f 33//33 419//419 1035//1035 343//343
f 6//6 418//418 1035//1035 419//419
f 17//17 420//420 1036//1036 281//281
f 103//103 421//421 1036//1036 420//420
f 36//36 281//281 1036//1036 421//421
f 92//92 422//422 1037//1037 263//263
f 102//102 423//423 1037//1037 422//422
f 19//19 263//263 1037//1037 423//423
f 19//19 423//423 1038//1038 424//424
f 102//102 425//425 1038//1038 423//423
f 31//31 424//424 1038//1038 425//425
f 70//70 427//427 1039//1039 426//426
f 92//92 261//261 1039//1039 427//427
f 49//49 426//426 1039//1039 261//261
f 100//100 429//429 1040//1040 428//428
f 149//149 381//381 1040//1040 429//429
f 41//41 428//428 1040//1040 381//381
f 88//88 431//431 1041//1041 430//430
f 92//92 427//427 1041//1041 431//431
f 70//70 430//430 1041//1041 427//427
f 143//143 433//433 1042//1042 432//432
f 86//86 297//297 1042//1042 433//433
f 167//167 432//432 1042//1042 297//297
f 93//93 435//435 1043//1043 434//434
f 41//41 326//326 1043//1043 435//435
f 34//34 434//434 1043//1043 326//326
f 88//88 436//436 1044//1044 431//431
f 102//102 422//422 1044//1044 436//436
f 92//92 431//431 1044//1044 422//422
f 89//89 438//438 1045//1045 437//437
f 16//16 439//439 1045//1045 438//438
f 81//81 437//437 1045//1045 439//439
f 30//30 441//441 1046//1046 440//440
f 31//31 425//425 1046//1046 441//441
f 102//102 440//440 1046//1046 425//425
f 70//70 315//315 1047//1047 430//430
f 64//64 442//442 1047//1047 315//315
f 88//88 430//430 1047//1047 442//442
f 101//101 444//444 1048//1048 443//443
f 30//30 440//440 1048//1048 444//444
f 102//102 443//443 1048//1048 440//440
f 88//88 445//445 1049//1049 436//436
f 101//101 443//443 1049//1049 445//445
f 102//102 436//436 1049//1049 443//443
f 94//94 447//447 1050//1050 446//446
f 45//45 448//448 1050//1050 447//447
f 104//104 446//446 1050//1050 448//448
f 88//88 449//449 1051//1051 445//445
f 97//97 450//450 1051//1051 449//449
f 101//101 445//445 1051//1051 450//450
f 45//45 311//311 1052//1052 401//401
f 66//66 287//287 1052//1052 311//311
f 59//59 401//401 1052//1052 287//287
f 94//94 452//452 1053//1053 451//451
f 15//15 453//453 1053//1053 452//452
f 3//3 451//451 1053//1053 453//453
f 103//103 455//455 1054//1054 454//454
f 104//104 448//448 1054//1054 455//455
f 45//45 454//454 1054//1054 448//448
f 88//88 442//442 1055//1055 449//449
f 64//64 333//333 1055//1055 442//442
f 97//97 449//449 1055//1055 333//333
f 98//98 457//457 1056//1056 456//456
f 104//104 458//458 1056//1056 457//457
f 17//17 456//456 1056//1056 458//458
f 17//17 458//458 1057//1057 420//420
f 104//104 455//455 1057//1057 458//458
f 103//103 420//420 1057//1057 455//455
f 114//114 460//460 1058//1058 459//459
f 117//117 268//268 1058//1058 460//460
f 118//118 459//459 1058//1058 268//268
f 94//94 461//461 1059//1059 447//447
f 77//77 312//312 1059//1059 461//461
f 45//45 447//447 1059//1059 312//312
f 133//133 463//463 1060//1060 462//462
f 90//90 464//464 1060//1060 463//463
f 83//83 462//462 1060//1060 464//464
f 94//94 451//451 1061//1061 461//461
f 3//3 347//347 1061//1061 451//451
f 77//77 461//461 1061//1061 347//347
f 94//94 465//465 1062//1062 452//452
f 99//99 360//360 1062//1062 465//465
f 15//15 452//452 1062//1062 360//360
f 95//95 466//466 1063//1063 366//366
f 78//78 341//341 1063//1063 466//466
f 9//9 366//366 1063//1063 341//341
f 81//81 439//439 1064//1064 467//467
f 16//16 329//329 1064//1064 439//439
f 10//10 467//467 1064//1064 329//329
f 82//82 469//469 1065//1065 468//468
f 156//156 470//470 1065//1065 469//469
f 12//12 468//468 1065//1065 470//470
f 48//48 472//472 1066//1066 471//471
f 99//99 473//473 1066//1066 472//472
f 98//98 471//471 1066//1066 473//473
f 8//8 475//475 1067//1067 474//474
f 83//83 476//476 1067//1067 475//475
f 4//4 474//474 1067//1067 476//476
f 4//4 477//477 1068//1068 474//474
f 78//78 478//478 1068//1068 477//477
f 8//8 474//474 1068//1068 478//478
f 228//228 480//480 1069//1069 479//479
f 34//34 325//325 1069//1069 480//480
f 21//21 479//479 1069//1069 325//325
f 82//82 481//481 1070//1070 469//469
f 13//13 482//482 1070//1070 481//481
f 156//156 469//469 1070//1070 482//482
f 115//115 484//484 1071//1071 483//483
f 119//119 485//485 1071//1071 484//484
f 114//114 483//483 1071//1071 485//485
f 86//86 487//487 1072//1072 486//486
f 78//78 477//477 1072//1072 487//487
f 4//4 486//486 1072//1072 477//477
f 208//208 489//489 1073//1073 488//488
f 209//209 490//490 1073//1073 489//489
f 191//191 488//488 1073//1073 490//490
f 93//93 491//491 1074//1074 435//435
f 100//100 428//428 1074//1074 491//491
f 41//41 435//435 1074//1074 428//428
f 98//98 492//492 1075//1075 457//457
f 94//94 446//446 1075//1075 492//492
f 104//104 457//457 1075//1075 446//446
f 87//87 494//494 1076//1076 493//493
f 122//122 495//495 1076//1076 494//494
f 166//166 493//493 1076//1076 495//495
f 98//98 473//473 1077//1077 492//492
f 99//99 465//465 1077//1077 473//473
f 94//94 492//492 1077//1077 465//465
f 86//86 433//433 1078//1078 487//487
f 143//143 496//496 1078//1078 433//433
f 78//78 487//487 1078//1078 496//496
f 219//219 498//498 1079//1079 497//497
f 223//223 499//499 1079//1079 498//498
f 211//211 497//497 1079//1079 499//499
f 89//89 501//501 1080//1080 500//500
f 98//98 456//456 1080//1080 501//501
f 17//17 500//500 1080//1080 456//456
f 118//118 502//502 1081//1081 459//459
f 216//216 503//503 1081//1081 502//502
f 114//114 459//459 1081//1081 503//503
f 78//78 466//466 1082//1082 504//504
f 95//95 505//505 1082//1082 466//466
f 83//83 504//504 1082//1082 505//505
f 89//89 500//500 1083//1083 438//438
f 17//17 298//298 1083//1083 500//500
f 16//16 438//438 1083//1083 298//298
f 82//82 506//506 1084//1084 481//481
f 10//10 390//390 1084//1084 506//506
f 13//13 481//481 1084//1084 390//390
f 90//90 508//508 1085//1085 507//507
f 86//86 486//486 1085//1085 508//508
f 4//4 507//507 1085//1085 486//486
f 21//21 407//407 1086//1086 509//509
f 48//48 471//471 1086//1086 407//407
f 98//98 509//509 1086//1086 471//471
f 120//120 511//511 1087//1087 510//510
f 133//133 462//462 1087//1087 511//511
f 83//83 510//510 1087//1087 462//462
f 14//14 353//353 1088//1088 336//336
f 35//35 512//512 1088//1088 353//353
f 27//27 336//336 1088//1088 512//512
f 36//36 421//421 1089//1089 385//385
f 103//103 454//454 1089//1089 421//421
f 45//45 385//385 1089//1089 454//454
f 21//21 509//509 1090//1090 513//513
f 98//98 501//501 1090//1090 509//509
f 89//89 513//513 1090//1090 501//501
f 143//143 514//514 1091//1091 496//496
f 33//33 342//342 1091//1091 514//514
f 78//78 496//496 1091//1091 342//342
f 83//83 475//475 1092//1092 504//504
f 8//8 478//478 1092//1092 475//475
f 78//78 504//504 1092//1092 478//478
f 110//110 516//516 1093//1093 515//515
f 129//129 517//517 1093//1093 516//516
f 177//177 515//515 1093//1093 517//517
f 219//219 518//518 1094//1094 498//498
f 235//235 519//519 1094//1094 518//518
f 223//223 498//498 1094//1094 519//519
f 192//192 521//521 1095//1095 520//520
f 178//178 522//522 1095//1095 521//521
f 168//168 520//520 1095//1095 522//522
f 202//202 524//524 1096//1096 523//523
f 131//131 525//525 1096//1096 524//524
f 123//123 523//523 1096//1096 525//525
f 177//177 517//517 1097//1097 526//526
f 129//129 322//322 1097//1097 517//517
f 244//244 526//526 1097//1097 322//322
f 20//20 248//248 1098//1098 527//527
f 23//23 323//323 1098//1098 248//248
f 129//129 527//527 1098//1098 323//323
f 5//5 529//529 1099//1099 528//528
f 57//57 530//530 1099//1099 529//529
f 22//22 528//528 1099//1099 530//530
f 202//202 523//523 1100//1100 531//531
f 123//123 532//532 1100//1100 523//523
f 124//124 531//531 1100//1100 532//532
f 147//147 534//534 1101//1101 533//533
f 244//244 256//256 1101//1101 534//534
f 80//80 533//533 1101//1101 256//256
f 129//129 535//535 1102//1102 527//527
f 96//96 536//536 1102//1102 535//535
f 20//20 527//527 1102//1102 536//536
f 105//105 538//538 1103//1103 537//537
f 158//158 539//539 1103//1103 538//538
f 145//145 537//537 1103//1103 539//539
f 57//57 540//540 1104//1104 530//530
f 171//171 541//541 1104//1104 540//540
f 22//22 530//530 1104//1104 541//541
f 135//135 543//543 1105//1105 542//542
f 195//195 544//544 1105//1105 543//543
f 73//73 542//542 1105//1105 544//544
f 136//136 546//546 1106//1106 545//545
f 105//105 290//290 1106//1106 546//546
f 131//131 545//545 1106//1106 290//290
f 106//106 548//548 1107//1107 547//547
f 162//162 549//549 1107//1107 548//548
f 1//1 547//547 1107//1107 549//549
f 12//12 344//344 1108//1108 550//550
f 7//7 551//551 1108//1108 344//344
f 85//85 550//550 1108//1108 551//551
f 91//91 553//553 1109//1109 552//552
f 189//189 266//266 1109//1109 553//553
f 187//187 552//552 1109//1109 266//266
f 155//155 555//555 1110//1110 554//554
f 161//161 556//556 1110//1110 555//555
f 160//160 554//554 1110//1110 556//556
f 124//124 532//532 1111//1111 557//557
f 123//123 558//558 1111//1111 532//532
f 119//119 557//557 1111//1111 558//558
f 159//159 560//560 1112//1112 559//559
f 189//189 553//553 1112//1112 560//560
f 91//91 559//559 1112//1112 553//553
f 125//125 562//562 1113//1113 561//561
f 87//87 493//493 1113//1113 562//562
f 166//166 561//561 1113//1113 493//493
f 178//178 564//564 1114//1114 563//563
f 200//200 565//565 1114//1114 564//564
f 204//204 563//563 1114//1114 565//565
f 81//81 566//566 1115//1115 437//437
f 228//228 567//567 1115//1115 566//566
f 89//89 437//437 1115//1115 567//567
f 119//119 558//558 1116//1116 485//485
f 123//123 568//568 1116//1116 558//558
f 114//114 485//485 1116//1116 568//568
f 107//107 569//569 1117//1117 275//275
f 106//106 547//547 1117//1117 569//569
f 1//1 275//275 1117//1117 547//547
f 83//83 505//505 1118//1118 510//510
f 95//95 570//570 1118//1118 505//505
f 120//120 510//510 1118//1118 570//570
f 239//239 572//572 1119//1119 571//571
f 12//12 550//550 1119//1119 572//572
f 85//85 571//571 1119//1119 550//550
f 11//11 394//394 1120//1120 573//573
f 173//173 574//574 1120//1120 394//394
f 152//152 573//573 1120//1120 574//574
f 110//110 575//575 1121//1121 516//516
f 116//116 576//576 1121//1121 575//575
f 129//129 516//516 1121//1121 576//576
f 108//108 578//578 1122//1122 577//577
f 99//99 472//472 1122//1122 578//578
f 48//48 577//577 1122//1122 472//472
f 105//105 537//537 1123//1123 272//272
f 145//145 579//579 1123//1123 537//537
f 43//43 272//272 1123//1123 579//579
f 118//118 270//270 1124//1124 580//580
f 128//128 581//581 1124//1124 270//270
f 93//93 580//580 1124//1124 581//581
f 101//101 582//582 1125//1125 444//444
f 95//95 365//365 1125//1125 582//582
f 30//30 444//444 1125//1125 365//365
f 93//93 581//581 1126//1126 491//491
f 128//128 414//414 1126//1126 581//581
f 100//100 491//491 1126//1126 414//414
f 101//101 583//583 1127//1127 582//582
f 120//120 570//570 1127//1127 583//583
f 95//95 582//582 1127//1127 570//570
f 216//216 502//502 1128//1128 584//584
f 118//118 580//580 1128//1128 502//502
f 93//93 584//584 1128//1128 580//580
f 43//43 358//358 1129//1129 273//273
f 99//99 578//578 1129//1129 358//358
f 108//108 273//273 1129//1129 578//578
f 32//32 585//585 1130//1130 250//250
f 67//67 586//586 1130//1130 585//585
f 23//23 250//250 1130//1130 586//586
f 139//139 257//257 1131//1131 587//587
f 96//96 588//588 1131//1131 257//257
f 116//116 587//587 1131//1131 588//588
f 195//195 590//590 1132//1132 589//589
f 120//120 293//293 1132//1132 590//590
f 141//141 589//589 1132//1132 293//293
f 148//148 591//591 1133//1133 416//416
f 149//149 429//429 1133//1133 591//591
f 100//100 416//416 1133//1133 429//429
f 108//108 593//593 1134//1134 592//592
f 149//149 591//591 1134//1134 593//593
f 148//148 592//592 1134//1134 591//591
f 108//108 577//577 1135//1135 593//593
f 48//48 379//379 1135//1135 577//577
f 149//149 593//593 1135//1135 379//379
f 57//57 529//529 1136//1136 594//594
f 5//5 595//595 1136//1136 529//529
f 52//52 594//594 1136//1136 595//595
f 137//137 302//302 1137//1137 596//596
f 108//108 592//592 1137//1137 302//302
f 148//148 596//596 1137//1137 592//592
f 47//47 598//598 1138//1138 597//597
f 52//52 595//595 1138//1138 598//598
f 5//5 597//597 1138//1138 595//595
f 30//30 599//599 1139//1139 441//441
f 39//39 600//600 1139//1139 599//599
f 31//31 441//441 1139//1139 600//600
f 51//51 601//601 1140//1140 330//330
f 73//73 376//376 1140//1140 601//601
f 140//140 330//330 1140//1140 376//376
f 132//132 603//603 1141//1141 602//602
f 142//142 604//604 1141//1141 603//603
f 32//32 602//602 1141//1141 604//604
f 96//96 259//259 1142//1142 605//605
f 132//132 602//602 1142//1142 259//259
f 32//32 605//605 1142//1142 602//602
f 26//26 276//276 1143//1143 606//606
f 1//1 246//246 1143//1143 276//276
f 112//112 606//606 1143//1143 246//246
f 112//112 245//245 1144//1144 607//607
f 39//39 608//608 1144//1144 245//245
f 67//67 607//607 1144//1144 608//608
f 96//96 535//535 1145//1145 588//588
f 129//129 576//576 1145//1145 535//535
f 116//116 588//588 1145//1145 576//576
f 57//57 610//610 1146//1146 609//609
f 106//106 569//569 1146//1146 610//610
f 107//107 609//609 1146//1146 569//569
f 144//144 612//612 1147//1147 611//611
f 39//39 613//613 1147//1147 612//612
f 9//9 611//611 1147//1147 613//613
f 32//32 614//614 1148//1148 585//585
f 112//112 607//607 1148//1148 614//614
f 67//67 585//585 1148//1148 607//607
f 73//73 616//616 1149//1149 615//615
f 141//141 292//292 1149//1149 616//616
f 97//97 615//615 1149//1149 292//292
f 134//134 618//618 1150//1150 617//617
f 11//11 573//573 1150//1150 618//618
f 152//152 617//617 1150//1150 573//573
f 31//31 600//600 1151//1151 424//424
f 39//39 619//619 1151//1151 600//600
f 19//19 424//424 1151//1151 619//619
f 43//43 620//620 1152//1152 359//359
f 146//146 621//621 1152//1152 620//620
f 15//15 359//359 1152//1152 621//621
f 67//67 608//608 1153//1153 622//622
f 39//39 612//612 1153//1153 608//608
f 144//144 622//622 1153//1153 612//612
f 67//67 622//622 1154//1154 586//586
f 144//144 623//623 1154//1154 622//622
f 23//23 586//586 1154//1154 623//623
f 43//43 579//579 1155//1155 620//620
f 145//145 624//624 1155//1155 579//579
f 146//146 620//620 1155//1155 624//624
f 73//73 615//615 1156//1156 377//377
f 97//97 352//352 1156//1156 615//615
f 40//40 377//377 1156//1156 352//352
f 195//195 589//589 1157//1157 544//544
f 141//141 616//616 1157//1157 589//589
f 73//73 544//544 1157//1157 616//616
f 120//120 583//583 1158//1158 294//294
f 101//101 450//450 1158//1158 583//583
f 97//97 294//294 1158//1158 450//450
f 152//152 574//574 1159//1159 625//625
f 173//173 626//626 1159//1159 574//574
f 151//151 625//625 1159//1159 626//626
f 9//9 613//613 1160//1160 367//367
f 39//39 599//599 1160//1160 613//613
f 30//30 367//367 1160//1160 599//599
f 146//146 627//627 1161//1161 621//621
f 150//150 628//628 1161//1161 627//627
f 15//15 621//621 1161//1161 628//628
f 145//145 629//629 1162//1162 624//624
f 150//150 627//627 1162//1162 629//629
f 146//146 624//624 1162//1162 627//627
f 66//66 320//320 1163//1163 288//288
f 74//74 630//630 1163//1163 320//320
f 63//63 288//288 1163//1163 630//630
f 37//37 632//632 1164//1164 631//631
f 113//113 370//370 1164//1164 632//632
f 111//111 631//631 1164//1164 370//370
f 56//56 388//388 1165//1165 633//633
f 3//3 453//453 1165//1165 388//388
f 15//15 633//633 1165//1165 453//453
f 143//143 634//634 1166//1166 514//514
f 6//6 419//419 1166//1166 634//634
f 33//33 514//514 1166//1166 419//419
f 107//107 405//405 1167//1167 635//635
f 188//188 636//636 1167//1167 405//405
f 171//171 635//635 1167//1167 636//636
f 150//150 253//253 1168//1168 628//628
f 56//56 633//633 1168//1168 253//253
f 15//15 628//628 1168//1168 633//633
f 96//96 605//605 1169//1169 536//536
f 32//32 249//249 1169//1169 605//605
f 20//20 536//536 1169//1169 249//249
f 163//163 638//638 1170//1170 637//637
f 180//180 639//639 1170//1170 638//638
f 160//160 637//637 1170//1170 639//639
f 24//24 361//361 1171//1171 640//640
f 12//12 470//470 1171//1171 361//361
f 156//156 640//640 1171//1171 470//470
f 90//90 642//642 1172//1172 641//641
f 6//6 643//643 1172//1172 642//642
f 2//2 641//641 1172//1172 643//643
f 42//42 644//644 1173//1173 409//409
f 28//28 417//417 1173//1173 644//644
f 44//44 409//409 1173//1173 417//417
f 27//27 512//512 1174//1174 645//645
f 35//35 308//308 1174//1174 512//512
f 231//231 645//645 1174//1174 308//308
f 112//112 614//614 1175//1175 646//646
f 32//32 604//604 1175//1175 614//614
f 142//142 646//646 1175//1175 604//604
f 60//60 404//404 1176//1176 647//647
f 69//69 368//368 1176//1176 404//404
f 62//62 647//647 1176//1176 368//368
f 62//62 648//648 1177//1177 647//647
f 42//42 408//408 1177//1177 648//648
f 60//60 647//647 1177//1177 408//408
f 62//62 374//374 1178//1178 648//648
f 24//24 649//649 1178//1178 374//374
f 42//42 648//648 1178//1178 649//649
f 7//7 651//651 1179//1179 650//650
f 11//11 618//618 1179//1179 651//651
f 134//134 650//650 1179//1179 618//618
f 74//74 411//411 1180//1180 652//652
f 72//72 373//373 1180//1180 411//411
f 69//69 652//652 1180//1180 373//373
f 90//90 507//507 1181//1181 464//464
f 4//4 476//476 1181//1181 507//507
f 83//83 464//464 1181//1181 476//476
f 173//173 654//654 1182//1182 653//653
f 231//231 655//655 1182//1182 654//654
f 163//163 653//653 1182//1182 655//655
f 162//162 657//657 1183//1183 656//656
f 19//19 619//619 1183//1183 657//657
f 39//39 656//656 1183//1183 619//619
f 165//165 659//659 1184//1184 658//658
f 244//244 534//534 1184//1184 659//659
f 147//147 658//658 1184//1184 534//534
f 145//145 660//660 1185//1185 629//629
f 181//181 661//661 1185//1185 660//660
f 150//150 629//629 1185//1185 661//661
f 109//109 663//663 1186//1186 662//662
f 29//29 664//664 1186//1186 663//663
f 164//164 662//662 1186//1186 664//664
f 25//25 666//666 1187//1187 665//665
f 42//42 649//649 1187//1187 666//666
f 24//24 665//665 1187//1187 649//649
f 75//75 285//285 1188//1188 667//667
f 68//68 668//668 1188//1188 285//285
f 159//159 667//667 1188//1188 668//668
f 68//68 669//669 1189//1189 668//668
f 157//157 670//670 1189//1189 669//669
f 159//159 668//668 1189//1189 670//670
f 29//29 264//264 1190//1190 671//671
f 19//19 657//657 1190//1190 264//264
f 162//162 671//671 1190//1190 657//657
f 157//157 669//669 1191//1191 672//672
f 68//68 277//277 1191//1191 669//669
f 76//76 672//672 1191//1191 277//277
f 24//24 640//640 1192//1192 673//673
f 156//156 482//482 1192//1192 640//640
f 13//13 673//673 1192//1192 482//482
f 13//13 389//389 1193//1193 673//673
f 25//25 665//665 1193//1193 389//389
f 24//24 673//673 1193//1193 665//665
f 173//173 396//396 1194//1194 654//654
f 27//27 645//645 1194//1194 396//396
f 231//231 654//654 1194//1194 645//645
f 151//151 675//675 1195//1195 674//674
f 155//155 676//676 1195//1195 675//675
f 154//154 674//674 1195//1195 676//676
f 159//159 670//670 1196//1196 560//560
f 157//157 677//677 1196//1196 670//670
f 189//189 560//560 1196//1196 677//677
f 163//163 637//637 1197//1197 678//678
f 160//160 556//556 1197//1197 637//637
f 161//161 678//678 1197//1197 556//556
f 39//39 247//247 1198//1198 656//656
f 1//1 549//549 1198//1198 247//247
f 162//162 656//656 1198//1198 549//549
f 204//204 680//680 1199//1199 679//679
f 87//87 562//562 1199//1199 680//680
f 125//125 679//679 1199//1199 562//562
f 9//9 418//418 1200//1200 611//611
f 6//6 681//681 1200//1200 418//418
f 144//144 611//611 1200//1200 681//681
f 69//69 403//403 1201//1201 652//652
f 63//63 630//630 1201//1201 403//403
f 74//74 652//652 1201//1201 630//630
f 164//164 664//664 1202//1202 682//682
f 29//29 683//683 1202//1202 664//664
f 113//113 682//682 1202//1202 683//683
f 29//29 671//671 1203//1203 683//683
f 162//162 684//684 1203//1203 671//671
f 113//113 683//683 1203//1203 684//684
f 84//84 686//686 1204//1204 685//685
f 122//122 687//687 1204//1204 686//686
f 190//190 685//685 1204//1204 687//687
f 132//132 258//258 1205//1205 688//688
f 139//139 689//689 1205//1205 258//258
f 138//138 688//688 1205//1205 689//689
f 176//176 691//691 1206//1206 690//690
f 182//182 692//692 1206//1206 691//691
f 175//175 690//690 1206//1206 692//692
f 142//142 603//603 1207//1207 693//693
f 132//132 688//688 1207//1207 603//603
f 138//138 693//693 1207//1207 688//688
f 172//172 695//695 1208//1208 694//694
f 138//138 696//696 1208//1208 695//695
f 177//177 694//694 1208//1208 696//696
f 113//113 684//684 1209//1209 371//371
f 162//162 548//548 1209//1209 684//684
f 106//106 371//371 1209//1209 548//548
f 190//190 697//697 1210//1210 685//685
f 181//181 698//698 1210//1210 697//697
f 84//84 685//685 1210//1210 698//698
f 204//204 700//700 1211//1211 699//699
f 130//130 701//701 1211//1211 700//700
f 186//186 699//699 1211//1211 701//701
f 26//26 703//703 1212//1212 702//702
f 142//142 693//693 1212//1212 703//703
f 138//138 702//702 1212//1212 693//693
f 182//182 705//705 1213//1213 704//704
f 204//204 699//699 1213//1213 705//705
f 186//186 704//704 1213//1213 699//699
f 161//161 706//706 1214//1214 678//678
f 173//173 653//653 1214//1214 706//706
f 163//163 678//678 1214//1214 653//653
f 172//172 707//707 1215//1215 695//695
f 26//26 702//702 1215//1215 707//707
f 138//138 695//695 1215//1215 702//702
f 157//157 672//672 1216//1216 708//708
f 76//76 709//709 1216//1216 672//672
f 52//52 708//708 1216//1216 709//709
f 233//233 711//711 1217//1217 710//710
f 237//237 712//712 1217//1217 711//711
f 219//219 710//710 1217//1217 712//712
f 182//182 691//691 1218//1218 713//713
f 176//176 714//714 1218//1218 691//691
f 178//178 713//713 1218//1218 714//714
f 165//165 658//658 1219//1219 715//715
f 147//147 716//716 1219//1219 658//658
f 26//26 715//715 1219//1219 716//716
f 26//26 707//707 1220//1220 715//715
f 172//172 717//717 1220//1220 707//707
f 165//165 715//715 1220//1220 717//717
f 169//169 719//719 1221//1221 718//718
f 194//194 720//720 1221//1221 719//719
f 168//168 718//718 1221//1221 720//720
f 182//182 713//713 1222//1222 705//705
f 178//178 563//563 1222//1222 713//713
f 204//204 705//705 1222//1222 563//563
f 194//194 722//722 1223//1223 721//721
f 126//126 723//723 1223//1223 722//722
f 170//170 721//721 1223//1223 723//723
f 192//192 520//520 1224//1224 724//724
f 168//168 720//720 1224//1224 520//520
f 194//194 724//724 1224//1224 720//720
f 173//173 706//706 1225//1225 626//626
f 161//161 725//725 1225//1225 706//706
f 151//151 626//626 1225//1225 725//725
f 181//181 660//660 1226//1226 726//726
f 145//145 727//727 1226//1226 660//660
f 121//121 726//726 1226//1226 727//727
f 111//111 372//372 1227//1227 728//728
f 106//106 610//610 1227//1227 372//372
f 57//57 728//728 1227//1227 610//610
f 205//205 730//730 1228//1228 729//729
f 183//183 731//731 1228//1228 730//730
f 54//54 729//729 1228//1228 731//731
f 210//210 733//733 1229//1229 732//732
f 212//212 734//734 1229//1229 733//733
f 219//219 732//732 1229//1229 734//734
f 107//107 635//635 1230//1230 609//609
f 171//171 540//540 1230//1230 635//635
f 57//57 609//609 1230//1230 540//540
f 112//112 646//646 1231//1231 606//606
f 142//142 703//703 1231//1231 646//646
f 26//26 606//606 1231//1231 703//703
f 84//84 735//735 1232//1232 686//686
f 166//166 495//495 1232//1232 735//735
f 122//122 686//686 1232//1232 495//495
f 80//80 736//736 1233//1233 533//533
f 26//26 716//716 1233//1233 736//736
f 147//147 533//533 1233//1233 716//716
f 157//157 708//708 1234//1234 737//737
f 52//52 598//598 1234//1234 708//708
f 47//47 737//737 1234//1234 598//598
f 183//183 738//738 1235//1235 731//731
f 187//187 739//739 1235//1235 738//738
f 54//54 731//731 1235//1235 739//739
f 148//148 740//740 1236//1236 596//596
f 117//117 741//741 1236//1236 740//740
f 137//137 596//596 1236//1236 741//741
f 223//223 742//742 1237//1237 499//499
f 222//222 743//743 1237//1237 742//742
f 211//211 499//499 1237//1237 743//743
f 189//189 677//677 1238//1238 267//267
f 157//157 737//737 1238//1238 677//677
f 47//47 267//267 1238//1238 737//737
f 206//206 745//745 1239//1239 744//744
f 185//185 746//746 1239//1239 745//745
f 203//203 744//744 1239//1239 746//746
f 151//151 725//725 1240//1240 675//675
f 161//161 555//555 1240//1240 725//725
f 155//155 675//675 1240//1240 555//555
f 5//5 748//748 1241//1241 747//747
f 46//46 749//749 1241//1241 748//748
f 187//187 747//747 1241//1241 749//749
f 125//125 751//751 1242//1242 750//750
f 153//153 752//752 1242//1242 751//751
f 185//185 750//750 1242//1242 752//752
f 179//179 754//754 1243//1243 753//753
f 183//183 730//730 1243//1243 754//754
f 205//205 753//753 1243//1243 730//730
f 188//188 406//406 1244//1244 755//755
f 26//26 736//736 1244//1244 406//406
f 80//80 755//755 1244//1244 736//736
f 155//155 757//757 1245//1245 756//756
f 174//174 758//758 1245//1245 757//757
f 170//170 756//756 1245//1245 758//758
f 47//47 597//597 1246//1246 265//265
f 5//5 747//747 1246//1246 597//597
f 187//187 265//265 1246//1246 747//747
f 155//155 756//756 1247//1247 676//676
f 170//170 759//759 1247//1247 756//756
f 154//154 676//676 1247//1247 759//759
f 183//183 760//760 1248//1248 738//738
f 91//91 552//552 1248//1248 760//760
f 187//187 738//738 1248//1248 552//552
f 144//144 681//681 1249//1249 761//761
f 6//6 762//762 1249//1249 681//681
f 50//50 761//761 1249//1249 762//762
f 180//180 764//764 1250//1250 763//763
f 179//179 765//765 1250//1250 764//764
f 174//174 763//763 1250//1250 765//765
f 183//183 766//766 1251//1251 760//760
f 184//184 767//767 1251//1251 766//766
f 91//91 760//760 1251//1251 767//767
f 160//160 639//639 1252//1252 768//768
f 180//180 763//763 1252//1252 639//639
f 174//174 768//768 1252//1252 763//763
f 49//49 260//260 1253//1253 769//769
f 29//29 663//663 1253//1253 260//260
f 109//109 769//769 1253//1253 663//663
f 160//160 768//768 1254//1254 554//554
f 174//174 757//757 1254//1254 768//768
f 155//155 554//554 1254//1254 757//757
f 178//178 714//714 1255//1255 522//522
f 176//176 770//770 1255//1255 714//714
f 168//168 522//522 1255//1255 770//770
f 137//137 771//771 1256//1256 289//289
f 123//123 525//525 1256//1256 771//771
f 131//131 289//289 1256//1256 525//525
f 158//158 538//538 1257//1257 772//772
f 105//105 546//546 1257//1257 538//538
f 136//136 772//772 1257//1257 546//546
f 153//153 773//773 1258//1258 752//752
f 158//158 774//774 1258//1258 773//773
f 185//185 752//752 1258//1258 774//774
f 237//237 775//775 1259//1259 712//712
f 241//241 776//776 1259//1259 775//775
f 219//219 712//712 1259//1259 776//776
f 121//121 778//778 1260//1260 777//777
f 158//158 773//773 1260//1260 778//778
f 153//153 777//777 1260//1260 773//773
f 125//125 750//750 1261//1261 779//779
f 185//185 780//780 1261//1261 750//750
f 130//130 779//779 1261//1261 780//780
f 51//51 251//251 1262//1262 781//781
f 150//150 782//782 1262//1262 251//251
f 190//190 781//781 1262//1262 782//782
f 137//137 741//741 1263//1263 771//771
f 117//117 783//783 1263//1263 741//741
f 123//123 771//771 1263//1263 783//783
f 230//230 785//785 1264//1264 784//784
f 239//239 786//786 1264//1264 785//785
f 234//234 784//784 1264//1264 786//786
f 230//230 784//784 1265//1265 787//787
f 234//234 788//788 1265//1265 784//784
f 226//226 787//787 1265//1265 788//788
f 230//230 787//787 1266//1266 789//789
f 226//226 790//790 1266//1266 787//787
f 218//218 789//789 1266//1266 790//790
f 144//144 761//761 1267//1267 623//623
f 50//50 791//791 1267//1267 761//761
f 23//23 623//623 1267//1267 791//791
f 185//185 745//745 1268//1268 780//780
f 206//206 792//792 1268//1268 745//745
f 130//130 780//780 1268//1268 792//792
f 50//50 793//793 1269//1269 791//791
f 244//244 324//324 1269//1269 793//793
f 23//23 791//791 1269//1269 324//324
f 73//73 601//601 1270//1270 794//794
f 51//51 795//795 1270//1270 601//601
f 127//127 794//794 1270//1270 795//795
f 153//153 751//751 1271//1271 796//796
f 125//125 797//797 1271//1271 751//751
f 84//84 796//796 1271//1271 797//797
f 116//116 575//575 1272//1272 798//798
f 110//110 515//515 1272//1272 575//575
f 177//177 798//798 1272//1272 515//515
f 50//50 799//799 1273//1273 793//793
f 195//195 800//800 1273//1273 799//799
f 244//244 793//793 1273//1273 800//800
f 127//127 795//795 1274//1274 801//801
f 51//51 802//802 1274//1274 795//795
f 122//122 801//801 1274//1274 802//802
f 150//150 661//661 1275//1275 782//782
f 181//181 697//697 1275//1275 661//661
f 190//190 782//782 1275//1275 697//697
f 195//195 543//543 1276//1276 803//803
f 135//135 804//804 1276//1276 543//543
f 46//46 803//803 1276//1276 804//804
f 135//135 805//805 1277//1277 804//804
f 193//193 806//806 1277//1277 805//805
f 46//46 804//804 1277//1277 806//806
f 51//51 781//781 1278//1278 802//802
f 190//190 687//687 1278//1278 781//781
f 122//122 802//802 1278//1278 687//687
f 120//120 590//590 1279//1279 511//511
f 195//195 807//807 1279//1279 590//590
f 133//133 511//511 1279//1279 807//807
f 117//117 740//740 1280//1280 269//269
f 148//148 415//415 1280//1280 740//740
f 128//128 269//269 1280//1280 415//415
f 145//145 539//539 1281//1281 727//727
f 158//158 778//778 1281//1281 539//539
f 121//121 727//727 1281//1281 778//778
f 28//28 644//644 1282//1282 413//413
f 42//42 666//666 1282//1282 644//644
f 25//25 413//413 1282//1282 666//666
f 181//181 726//726 1283//1283 698//698
f 121//121 808//808 1283//1283 726//726
f 84//84 698//698 1283//1283 808//808
f 168//168 770//770 1284//1284 809//809
f 176//176 690//690 1284//1284 770//770
f 175//175 809//809 1284//1284 690//690
f 135//135 810//810 1285//1285 805//805
f 122//122 811//811 1285//1285 810//810
f 193//193 805//805 1285//1285 811//811
f 135//135 542//542 1286//1286 812//812
f 73//73 794//794 1286//1286 542//542
f 127//127 812//812 1286//1286 794//794
f 127//127 801//801 1287//1287 812//812
f 122//122 810//810 1287//1287 801//801
f 135//135 812//812 1287//1287 810//810
f 187//187 749//749 1288//1288 739//739
f 46//46 813//813 1288//1288 749//749
f 54//54 739//739 1288//1288 813//813
f 11//11 651//651 1289//1289 395//395
f 7//7 334//334 1289//1289 651//651
f 27//27 395//395 1289//1289 334//334
f 22//22 815//815 1290//1290 814//814
f 80//80 255//255 1290//1290 815//815
f 46//46 814//814 1290//1290 255//255
f 192//192 817//817 1291//1291 816//816
f 170//170 758//758 1291//1291 817//817
f 174//174 816//816 1291//1291 758//758
f 167//167 296//296 1292//1292 432//432
f 2//2 818//818 1292//1292 296//296
f 143//143 432//432 1292//1292 818//818
f 46//46 254//254 1293//1293 803//803
f 244//244 800//800 1293//1293 254//254
f 195//195 803//803 1293//1293 800//800
f 22//22 819//819 1294//1294 815//815
f 188//188 755//755 1294//1294 819//819
f 80//80 815//815 1294//1294 755//755
f 205//205 729//729 1295//1295 820//820
f 54//54 821//821 1295//1295 729//729
f 207//207 820//820 1295//1295 821//821
f 114//114 568//568 1296//1296 460//460
f 123//123 783//783 1296//1296 568//568
f 117//117 460//460 1296//1296 783//783
f 133//133 807//807 1297//1297 822//822
f 195//195 799//799 1297//1297 807//807
f 50//50 822//822 1297//1297 799//799
f 234//234 786//786 1298//1298 823//823
f 239//239 824//824 1298//1298 786//786
f 236//236 823//823 1298//1298 824//824
f 131//131 524//524 1299//1299 545//545
f 202//202 825//825 1299//1299 524//524
f 136//136 545//545 1299//1299 825//825
f 54//54 813//813 1300//1300 826//826
f 46//46 806//806 1300//1300 813//813
f 193//193 826//826 1300//1300 806//806
f 202//202 827//827 1301//1301 825//825
f 158//158 772//772 1301//1301 827//827
f 136//136 825//825 1301//1301 772//772
f 87//87 828//828 1302//1302 494//494
f 79//79 829//829 1302//1302 828//828
f 122//122 494//494 1302//1302 829//829
f 124//124 557//557 1303//1303 531//531
f 119//119 830//830 1303//1303 557//557
f 202//202 531//531 1303//1303 830//830
f 202//202 831//831 1304//1304 827//827
f 199//199 832//832 1304//1304 831//831
f 158//158 827//827 1304//1304 832//832
f 174//174 834//834 1305//1305 833//833
f 200//200 564//564 1305//1305 834//834
f 178//178 833//833 1305//1305 564//564
f 200//200 835//835 1306//1306 565//565
f 87//87 680//680 1306//1306 835//835
f 204//204 565//565 1306//1306 680//680
f 192//192 816//816 1307//1307 521//521
f 174//174 833//833 1307//1307 816//816
f 178//178 521//521 1307//1307 833//833
f 130//130 700//700 1308//1308 779//779
f 204//204 679//679 1308//1308 700//700
f 125//125 779//779 1308//1308 679//679
f 212//212 836//836 1309//1309 734//734
f 220//220 837//837 1309//1309 836//836
f 219//219 734//734 1309//1309 837//837
f 205//205 820//820 1310//1310 838//838
f 207//207 839//839 1310//1310 820//820
f 200//200 838//838 1310//1310 839//839
f 119//119 840//840 1311//1311 830//830
f 198//198 841//841 1311//1311 840//840
f 202//202 830//830 1311//1311 841//841
f 194//194 721//721 1312//1312 724//724
f 170//170 817//817 1312//1312 721//721
f 192//192 724//724 1312//1312 817//817
f 5//5 528//528 1313//1313 748//748
f 22//22 814//814 1313//1313 528//528
f 46//46 748//748 1313//1313 814//814
f 199//199 842//842 1314//1314 832//832
f 185//185 774//774 1314//1314 842//842
f 158//158 832//832 1314//1314 774//774
f 115//115 843//843 1315//1315 484//484
f 197//197 844//844 1315//1315 843//843
f 119//119 484//484 1315//1315 844//844
f 202//202 841//841 1316//1316 831//831
f 198//198 845//845 1316//1316 841//841
f 199//199 831//831 1316//1316 845//845
f 79//79 847//847 1317//1317 846//846
f 54//54 826//826 1317//1317 847//847
f 193//193 846//846 1317//1317 826//826
f 197//197 848//848 1318//1318 844//844
f 198//198 840//840 1318//1318 848//848
f 119//119 844//844 1318//1318 840//840
f 84//84 808//808 1319//1319 796//796
f 121//121 777//777 1319//1319 808//808
f 153//153 796//796 1319//1319 777//777
f 203//203 746//746 1320//1320 849//849
f 185//185 842//842 1320//1320 746//746
f 199//199 849//849 1320//1320 842//842
f 50//50 762//762 1321//1321 850//850
f 6//6 642//642 1321//1321 762//762
f 90//90 850//850 1321//1321 642//642
f 199//199 851//851 1322//1322 849//849
f 201//201 852//852 1322//1322 851//851
f 203//203 849//849 1322//1322 852//852
f 200//200 839//839 1323//1323 835//835
f 207//207 853//853 1323//1323 839//839
f 87//87 835//835 1323//1323 853//853
f 198//198 854//854 1324//1324 845//845
f 201//201 851//851 1324//1324 854//854
f 199//199 845//845 1324//1324 851//851
f 179//179 855//855 1325//1325 765//765
f 200//200 834//834 1325//1325 855//855
f 174//174 765//765 1325//1325 834//834
f 125//125 561//561 1326//1326 797//797
f 166//166 735//735 1326//1326 561//561
f 84//84 797//797 1326//1326 735//735
f 115//115 856//856 1327//1327 843//843
f 196//196 857//857 1327//1327 856//856
f 197//197 843//843 1327//1327 857//857
f 207//207 858//858 1328//1328 853//853
f 79//79 828//828 1328//1328 858//858
f 87//87 853//853 1328//1328 828//828
f 196//196 859//859 1329//1329 857//857
f 191//191 860//860 1329//1329 859//859
f 197//197 857//857 1329//1329 860//860
f 175//175 862//862 1330//1330 861//861
f 198//198 848//848 1330//1330 862//862
f 197//197 861//861 1330//1330 848//848
f 223//223 864//864 1331//1331 863//863
f 240//240 865//865 1331//1331 864//864
f 230//230 863//863 1331//1331 865//865
f 197//197 860//860 1332//1332 861//861
f 191//191 397//397 1332//1332 860//860
f 175//175 861//861 1332//1332 397//397
f 2//2 643//643 1333//1333 818//818
f 6//6 634//634 1333//1333 643//643
f 143//143 818//818 1333//1333 634//634
f 240//240 866//866 1334//1334 865//865
f 239//239 785//785 1334//1334 866//866
f 230//230 865//865 1334//1334 785//785
f 79//79 846//846 1335//1335 829//829
f 193//193 811//811 1335//1335 846//846
f 122//122 829//829 1335//1335 811//811
f 138//138 867//867 1336//1336 696//696
f 116//116 798//798 1336//1336 867//867
f 177//177 696//696 1336//1336 798//798
f 175//175 692//692 1337//1337 862//862
f 182//182 868//868 1337//1337 692//692
f 198//198 862//862 1337//1337 868//868
f 182//182 869//869 1338//1338 868//868
f 201//201 854//854 1338//1338 869//869
f 198//198 868//868 1338//1338 854//854
f 54//54 847//847 1339//1339 821//821
f 79//79 858//858 1339//1339 847//847
f 207//207 821//821 1339//1339 858//858
f 171//171 636//636 1340//1340 541//541
f 188//188 819//819 1340//1340 636//636
f 22//22 541//541 1340//1340 819//819
f 205//205 838//838 1341//1341 753//753
f 200//200 855//855 1341//1341 838//838
f 179//179 753//753 1341//1341 855//855
f 201//201 870//870 1342//1342 852//852
f 186//186 871//871 1342//1342 870//870
f 203//203 852//852 1342//1342 871//871
f 196//196 872//872 1343//1343 859//859
f 208//208 488//488 1343//1343 872//872
f 191//191 859//859 1343//1343 488//488
f 203//203 871//871 1344//1344 744//744
f 186//186 873//873 1344//1344 871//871
f 206//206 744//744 1344//1344 873//873
f 126//126 874//874 1345//1345 723//723
f 154//154 759//759 1345//1345 874//874
f 170//170 723//723 1345//1345 759//759
f 182//182 704//704 1346//1346 869//869
f 186//186 870//870 1346//1346 704//704
f 201//201 869//869 1346//1346 870//870
f 186//186 701//701 1347//1347 873//873
f 130//130 792//792 1347//1347 701//701
f 206//206 873//873 1347//1347 792//792
f 90//90 641//641 1348//1348 508//508
f 2//2 295//295 1348//1348 641//641
f 86//86 508//508 1348//1348 295//295
f 229//229 876//876 1349//1349 875//875
f 81//81 877//877 1349//1349 876//876
f 232//232 875//875 1349//1349 877//877
f 81//81 878//878 1350//1350 877//877
f 242//242 879//879 1350//1350 878//878
f 232//232 877//877 1350//1350 879//879
f 243//243 881//881 1351//1351 880//880
f 12//12 572//572 1351//1351 881//881
f 239//239 880//880 1351//1351 572//572
f 244//244 882//882 1352//1352 526//526
f 172//172 694//694 1352//1352 882//882
f 177//177 526//526 1352//1352 694//694
f 244//244 659//659 1353//1353 882//882
f 165//165 717//717 1353//1353 659//659
f 172//172 882//882 1353//1353 717//717
f 216//216 883//883 1354//1354 503//503
f 214//214 884//884 1354//1354 883//883
f 114//114 503//503 1354//1354 884//884
f 214//214 886//886 1355//1355 885//885
f 224//224 887//887 1355//1355 886//886
f 225//225 885//885 1355//1355 887//887
f 228//228 566//566 1356//1356 888//888
f 81//81 876//876 1356//1356 566//566
f 229//229 888//888 1356//1356 876//876
f 114//114 884//884 1357//1357 889//889
f 214//214 890//890 1357//1357 884//884
f 213//213 889//889 1357//1357 890//890
f 50//50 850//850 1358//1358 822//822
f 90//90 463//463 1358//1358 850//850
f 133//133 822//822 1358//1358 463//463
f 224//224 892//892 1359//1359 891//891
f 228//228 888//888 1359//1359 892//892
f 229//229 891//891 1359//1359 888//888
f 216//216 893//893 1360//1360 883//883
f 224//224 886//886 1360//1360 893//893
f 214//214 883//883 1360//1360 886//886
f 216//216 894//894 1361//1361 893//893
f 228//228 892//892 1361//1361 894//894
f 224//224 893//893 1361//1361 892//892
f 52//52 895//895 1362//1362 594//594
f 111//111 728//728 1362//1362 895//895
f 57//57 594//594 1362//1362 728//728
f 93//93 434//434 1363//1363 896//896
f 34//34 480//480 1363//1363 434//434
f 228//228 896//896 1363//1363 480//480
f 52//52 709//709 1364//1364 895//895
f 76//76 897//897 1364//1364 709//709
f 111//111 895//895 1364//1364 897//897
f 76//76 898//898 1365//1365 897//897
f 37//37 631//631 1365//1365 898//898
f 111//111 897//897 1365//1365 631//631
f 213//213 900//900 1366//1366 899//899
f 208//208 901//901 1366//1366 900//900
f 115//115 899//899 1366//1366 901//901
f 115//115 901//901 1367//1367 856//856
f 208//208 872//872 1367//1367 901//901
f 196//196 856//856 1367//1367 872//872
f 210//210 732//732 1368//1368 902//902
f 219//219 497//497 1368//1368 732//732
f 211//211 902//902 1368//1368 497//497
f 37//37 904//904 1369//1369 903//903
f 109//109 662//662 1369//1369 904//904
f 164//164 903//903 1369//1369 662//662
f 208//208 906//906 1370//1370 905//905
f 210//210 902//902 1370//1370 906//906
f 211//211 905//905 1370//1370 902//902
f 113//113 632//632 1371//1371 682//682
f 37//37 903//903 1371//1371 632//632
f 164//164 682//682 1371//1371 903//903
f 76//76 907//907 1372//1372 898//898
f 109//109 904//904 1372//1372 907//907
f 37//37 898//898 1372//1372 904//904
f 235//235 908//908 1373//1373 519//519
f 240//240 864//864 1373//1373 908//908
f 223//223 519//519 1373//1373 864//864
f 91//91 767//767 1374//1374 559//559
f 184//184 909//909 1374//1374 767//767
f 159//159 559//559 1374//1374 909//909
f 184//184 910//910 1375//1375 909//909
f 238//238 911//911 1375//1375 910//910
f 159//159 909//909 1375//1375 911//911
f 183//183 912//912 1376//1376 766//766
f 238//238 910//910 1376//1376 912//912
f 184//184 766//766 1376//1376 910//910
f 82//82 914//914 1377//1377 913//913
f 243//243 915//915 1377//1377 914//914
f 242//242 913//913 1377//1377 915//915
f 49//49 769//769 1378//1378 916//916
f 109//109 907//907 1378//1378 769//769
f 76//76 916//916 1378//1378 907//907
f 93//93 896//896 1379//1379 584//584
f 228//228 894//894 1379//1379 896//896
f 216//216 584//584 1379//1379 894//894
f 75//75 667//667 1380//1380 917//917
f 159//159 911//911 1380//1380 667//667
f 238//238 917//917 1380//1380 911//911
f 179//179 764//764 1381//1381 918//918
f 180//180 919//919 1381//1381 764//764
f 238//238 918//918 1381//1381 919//919
f 232//232 921//921 1382//1382 920//920
f 219//219 837//837 1382//1382 921//921
f 220//220 920//920 1382//1382 837//837
f 70//70 426//426 1383//1383 279//279
f 49//49 916//916 1383//1383 426//426
f 76//76 279//279 1383//1383 916//916
f 229//229 875//875 1384//1384 922//922
f 232//232 923//923 1384//1384 875//875
f 227//227 922//922 1384//1384 923//923
f 89//89 567//567 1385//1385 513//513
f 228//228 479//479 1385//1385 567//567
f 21//21 513//513 1385//1385 479//479
f 194//194 924//924 1386//1386 722//722
f 217//217 925//925 1386//1386 924//924
f 126//126 722//722 1386//1386 925//925
f 134//134 926//926 1387//1387 650//650
f 85//85 551//551 1387//1387 926//926
f 7//7 650//650 1387//1387 551//551
f 151//151 674//674 1388//1388 927//927
f 154//154 874//874 1388//1388 674//674
f 126//126 927//927 1388//1388 874//874
f 233//233 710//710 1389//1389 928//928
f 219//219 921//921 1389//1389 710//710
f 232//232 928//928 1389//1389 921//921
f 180//180 638//638 1390//1390 919//919
f 163//163 929//929 1390//1390 638//638
f 238//238 919//919 1390//1390 929//929
f 238//238 930//930 1391//1391 917//917
f 231//231 931//931 1391//1391 930//930
f 75//75 917//917 1391//1391 931//931
f 227//227 923//923 1392//1392 932//932
f 232//232 920//920 1392//1392 923//923
f 220//220 932//932 1392//1392 920//920
f 217//217 933//933 1393//1393 925//925
f 151//151 927//927 1393//1393 933//933
f 126//126 925//925 1393//1393 927//927
f 163//163 655//655 1394//1394 929//929
f 231//231 930//930 1394//1394 655//655
f 238//238 929//929 1394//1394 930//930
f 231//231 307//307 1395//1395 931//931
f 55//55 283//283 1395//1395 307//307
f 75//75 931//931 1395//1395 283//283
f 208//208 900//900 1396//1396 934//934
f 213//213 935//935 1396//1396 900//900
f 212//212 934//934 1396//1396 935//935
f 194//194 936//936 1397//1397 924//924
f 221//221 937//937 1397//1397 936//936
f 217//217 924//924 1397//1397 937//937
f 169//169 938//938 1398//1398 719//719
f 209//209 939//939 1398//1398 938//938
f 194//194 719//719 1398//1398 939//939
f 151//151 940//940 1399//1399 625//625
f 134//134 617//617 1399//1399 940//940
f 152//152 625//625 1399//1399 617//617
f 236//236 942//942 1400//1400 941//941
f 151//151 933//933 1400//1400 942//942
f 217//217 941//941 1400//1400 933//933
f 221//221 936//936 1401//1401 943//943
f 194//194 939//939 1401//1401 936//936
f 209//209 943//943 1401//1401 939//939
f 218//218 945//945 1402//1402 944//944
f 221//221 943//943 1402//1402 945//945
f 209//209 944//944 1402//1402 943//943
f 215//215 947//947 1403//1403 946//946
f 218//218 944//944 1403//1403 947//947
f 209//209 946//946 1403//1403 944//944
f 169//169 718//718 1404//1404 399//399
f 168//168 809//809 1404//1404 718//718
f 175//175 399//399 1404//1404 809//809
f 209//209 938//938 1405//1405 490//490
f 169//169 398//398 1405//1405 938//938
f 191//191 490//490 1405//1405 398//398
f 85//85 926//926 1406//1406 948//948
f 134//134 940//940 1406//1406 926//926
f 151//151 948//948 1406//1406 940//940
f 138//138 689//689 1407//1407 867//867
f 139//139 587//587 1407//1407 689//689
f 116//116 867//867 1407//1407 587//587
f 238//238 912//912 1408//1408 918//918
f 183//183 754//754 1408//1408 912//912
f 179//179 918//918 1408//1408 754//754
f 211//211 950//950 1409//1409 949//949
f 215//215 946//946 1409//1409 950//950
f 209//209 949//949 1409//1409 946//946
f 81//81 467//467 1410//1410 951//951
f 10//10 506//506 1410//1410 467//467
f 82//82 951//951 1410//1410 506//506
f 81//81 951//951 1411//1411 878//878
f 82//82 913//913 1411//1411 951//951
f 242//242 878//878 1411//1411 913//913
f 239//239 952//952 1412//1412 824//824
f 151//151 942//942 1412//1412 952//952
f 236//236 824//824 1412//1412 942//942
f 114//114 889//889 1413//1413 483//483
f 213//213 899//899 1413//1413 889//889
f 115//115 483//483 1413//1413 899//899
f 211//211 743//743 1414//1414 950//950
f 222//222 953//953 1414//1414 743//743
f 215//215 950//950 1414//1414 953//953
f 219//219 776//776 1415//1415 518//518
f 241//241 954//954 1415//1415 776//776
f 235//235 518//518 1415//1415 954//954
f 226//226 955//955 1416//1416 790//790
f 221//221 945//945 1416//1416 955//955
f 218//218 790//790 1416//1416 945//945
f 208//208 934//934 1417//1417 906//906
f 212//212 733//733 1417//1417 934//934
f 210//210 906//906 1417//1417 733//733
f 85//85 948//948 1418//1418 571//571
f 151//151 952//952 1418//1418 948//948
f 239//239 571//571 1418//1418 952//952
f 209//209 489//489 1419//1419 949//949
f 208//208 905//905 1419//1419 489//489
f 211//211 949//949 1419//1419 905//905
f 82//82 468//468 1420//1420 914//914
f 12//12 881//881 1420//1420 468//468
f 243//243 914//914 1420//1420 881//881
