# Blender 4.5.3 LTS
# www.blender.org
o DirtyPerson
v 0.115774 3.922398 0.649693
v -0.445521 4.019782 0.542071
v 0.034938 3.619083 -0.221270
v 0.096468 2.264585 0.668639
v -0.373680 0.436204 0.446018
v -0.030742 3.872615 0.605532
v 0.484240 2.896636 0.666830
v -0.296635 0.409404 0.353214
v -0.305486 4.349535 0.461098
v -0.221273 3.993387 0.731508
v 0.107401 2.006338 0.078511
v 0.282037 2.937198 0.851361
v 0.341420 0.160998 -0.351821
v 0.508880 2.260481 -0.764289
v -0.132791 1.325994 0.237349
v 0.074353 2.626228 0.785770
v -0.280397 4.553796 0.534959
v -0.410964 2.679005 -0.041067
v -0.181907 3.613694 -0.330172
v -0.184448 3.064441 -0.163714
v -0.017914 4.303924 0.556764
v 0.193096 3.357928 0.890914
v 0.185236 3.262618 0.813146
v 0.374512 2.068953 -0.351554
v -0.344601 2.657073 0.040354
v 0.093107 3.652104 -0.196052
v 0.330110 0.122413 -0.159038
v -0.299983 1.369748 0.600277
v 0.002830 2.685803 0.638013
v 0.271431 0.617174 -0.386435
v -0.009955 0.572087 0.358663
v -0.039598 4.156116 0.575653
v 0.482687 0.183597 -0.449761
v -0.372786 2.259549 0.422296
v -0.315732 2.746732 0.472954
v 0.283765 3.903817 0.510511
v -0.281845 2.945298 0.411863
v -0.456826 3.010206 -0.151133
v -0.226268 0.668269 0.560134
v -0.094170 4.204343 0.464308
v -0.193120 2.104016 -0.571987
v 0.074742 1.376935 -0.174717
v -0.381577 2.489281 0.182839
v 0.374949 3.177349 0.533841
v 0.355871 0.771485 -0.125769
v 0.513481 2.208519 -0.593330
v -0.309876 3.926189 0.044299
v -0.323516 2.790752 -0.039083
v 0.336461 2.742244 0.317361
v 0.133961 1.756256 0.531382
v -0.450357 2.500130 0.046562
v -0.088851 2.710319 -0.239450
v -0.405791 2.100414 -0.558209
v 0.047693 2.047410 0.701263
v -0.471625 4.560559 0.919639
v -0.019729 1.542335 0.578907
v 0.046297 1.268236 0.523149
v -0.025725 4.065833 0.234684
v 0.009426 2.327573 0.727723
v 0.008100 2.261374 0.722590
v 0.464222 2.295705 -0.698598
v -0.554820 4.201159 0.728781
v 0.199865 2.315868 -0.287113
v 0.165942 2.009567 -0.306415
v 0.064314 2.410333 -0.531716
v 0.086125 1.594544 0.471990
v -0.772108 0.062203 0.862445
v -0.805386 0.087701 0.807149
v -0.292186 1.729126 0.515784
v -0.195356 1.523950 0.601773
v -0.360515 3.575610 0.069636
v -0.165172 3.967850 0.669673
v 0.119983 1.855697 -0.000381
v 0.012774 2.316319 0.660963
v 0.026087 1.005593 0.286392
v 0.520576 0.143961 -0.233809
v -0.074793 1.178150 -0.270502
v -0.354550 3.437821 -0.038151
v 0.211694 1.977477 -0.456019
v 0.030834 1.191683 0.298202
v 0.270446 3.821116 0.762137
v -0.011907 1.784514 0.703688
v 0.061233 2.113530 -0.245060
v 0.227259 0.009031 -0.076040
v 0.195480 2.659654 0.628250
v -0.124281 2.273273 0.744752
v -0.187288 3.051240 -0.336466
v -0.184839 4.616722 0.706228
v -0.353092 4.548979 0.869052
v -0.635266 4.363511 0.832318
v -0.136296 1.263389 -0.249988
v 0.382277 2.730502 -0.275351
v -0.407433 2.389452 0.150984
v -0.100278 1.323397 0.606066
v 0.111864 0.030143 -0.138172
v -0.615041 4.389312 0.908780
v 0.209995 1.853798 0.289832
v -0.504916 2.074353 0.021692
v 0.472063 3.529459 0.443251
v -0.093787 2.477966 0.709733
v -0.147984 2.382955 0.690976
v -0.116049 2.357626 0.760625
v 0.379380 2.478937 0.102757
v 0.512312 2.829333 0.737635
v -0.321726 2.555186 -0.146723
v 0.072816 1.317317 0.007236
v 0.234868 2.698091 0.602421
v -0.252731 1.366913 0.291832
v -0.108448 1.325425 0.124602
v 0.413502 0.926856 -0.238650
v -0.365064 3.927234 0.533976
v 0.464052 0.780624 -0.231530
v 0.367332 2.198664 0.283446
v -0.058636 1.614673 0.201212
v -0.008286 1.403838 0.110298
v 0.264619 0.067859 -0.361217
v -0.098272 0.635826 0.539905
v -0.422102 0.105400 0.401655
v 0.295812 0.402470 -0.282601
v -0.246920 0.323198 0.551246
v -0.571010 0.134698 0.537006
v 0.236895 -0.006240 -0.297451
v 0.387031 0.020261 -0.413945
v -0.270842 3.696365 0.435586
v -0.138667 0.537033 0.561438
v -0.255279 1.938846 0.605413
v 0.390677 2.766471 -0.324980
v -0.150247 0.303963 0.496706
v -0.316537 3.765037 0.131312
v -0.384491 2.271356 -0.191028
v 0.303726 2.879202 0.671514
v 0.225812 3.022450 0.735499
v 0.321711 2.946332 0.440699
v -0.351378 4.375645 0.464373
v -0.385006 3.462745 -0.340837
v 0.275527 3.271930 0.948758
v -0.246326 0.596479 0.303367
v 0.378313 0.410233 -0.403437
v -0.370486 1.993577 -0.442087
v -0.027561 3.654774 -0.235100
v -0.252080 3.920290 0.555584
v -0.197289 4.352292 0.463547
v -0.147509 3.987641 0.083943
v -0.413078 2.282386 -0.315500
v 0.208051 1.199626 -0.270950
v -0.348805 2.141111 -0.466187
v 0.473580 2.798134 0.818829
v -0.197075 3.932590 0.123638
v 0.178071 1.979513 0.172762
v -0.322763 3.228811 -0.095056
v -0.347849 1.961504 -0.560749
v 0.253055 2.485930 -0.239344
v 0.137992 0.071569 -0.069644
v -0.294756 3.347960 -0.052029
v -0.518143 4.557319 0.792064
v 0.333385 0.154210 -0.184831
v 0.250504 2.987553 -0.026584
v -0.418975 0.311677 0.465491
v 0.397032 0.186729 -0.165829
v -0.139436 4.240115 0.820103
v 0.021857 3.965844 0.612309
v -0.278356 4.041217 0.423868
v 0.312093 2.776580 0.879503
v 0.447787 2.433734 0.099968
v -0.356348 3.697850 -0.127483
v 0.389750 0.298755 -0.187712
v 0.315066 0.522966 -0.198707
v -0.088997 4.338276 0.467751
v 0.043208 1.914835 -0.334460
v 0.086184 2.645455 0.690098
v -0.118552 1.104351 -0.204474
v 0.333607 2.745039 -0.492294
v 0.393223 2.666315 -0.539714
v -0.614436 4.358634 0.796368
v 0.514191 2.329803 -0.433172
v -0.477719 4.051202 0.656168
v 0.198461 2.778832 -0.426414
v -0.348659 0.370008 0.364716
v -0.453041 3.979376 0.638077
v -0.427934 1.804561 0.063040
v -0.034471 3.277838 -0.192850
v 0.023061 2.627383 -0.264821
v 0.617039 0.256009 -0.266676
v 0.278311 2.789518 -0.518970
v -0.222520 1.896491 -0.233879
v 0.130583 1.568749 0.370046
v -0.413362 4.459331 0.518346
v -0.706822 0.090839 0.678931
v 0.370521 2.260821 0.156689
v -0.304246 4.360716 0.427073
v -0.112736 0.263485 0.367146
v 0.256624 2.181905 0.003183
v 0.543348 0.614901 -0.329225
v -0.171315 0.454226 0.517231
v -0.089867 0.298855 0.462221
v -0.210784 0.172171 0.541752
v 0.050250 1.368306 0.537532
v 0.180539 3.888419 0.696009
v 0.394662 0.479671 -0.166820
v -0.181885 3.454580 -0.367400
v -0.350762 3.719317 0.229160
v -0.274752 1.419965 0.624839
v -0.058012 4.490208 0.726756
v -0.178311 1.666140 -0.240184
v 0.054006 1.418756 0.284864
v 0.340106 2.562003 0.496492
v -0.257720 1.208350 -0.039158
v 0.528088 0.453481 -0.212447
v 0.605813 0.538852 -0.386945
v 0.414250 2.625399 0.136312
v 0.519602 0.615392 -0.386737
v 0.150007 2.374175 0.630129
v 0.210708 2.373000 0.587123
v -0.412268 3.441401 -0.283497
v -0.150295 1.564704 -0.212428
v 0.185973 1.743142 0.381183
v -0.284672 2.353263 0.388166
v 0.509290 2.321930 -0.585581
v -0.297335 1.934280 -0.288984
v -0.269733 1.878528 -0.353190
v -0.162170 1.894463 0.746707
v -0.475845 2.876664 -0.264643
v -0.355457 3.387220 0.391187
v -0.379841 2.290107 -0.123387
v -0.088498 1.385867 0.600345
v 0.751429 0.283640 -0.373448
v -0.340059 2.157295 0.386192
v -0.206712 3.428463 0.640059
v 0.523336 0.399171 -0.235707
v -0.273194 3.456313 0.540670
v -0.590179 4.507734 0.868261
v -0.234530 3.264173 -0.103785
v 0.079971 1.912186 0.133402
v -0.193881 2.977101 -0.223252
v -0.389235 0.380039 0.492747
v -0.158306 4.191639 0.787755
v 0.433077 0.088079 -0.137797
v 0.441021 0.008637 -0.154184
v -0.165383 4.570074 0.589094
v 0.473283 0.730407 -0.403631
v -0.294230 1.316693 0.479793
v -0.123082 3.798598 0.547412
v -0.433857 4.130074 0.810086
v 0.075527 2.855931 -0.264676
v -0.158258 2.574763 0.580908
v -0.341612 4.313766 0.466239
v 0.241148 3.678926 0.022399
v -0.286980 4.270023 0.898079
v -0.293484 2.726115 -0.175694
v 0.289221 2.027241 0.388641
v -0.301074 1.304297 0.067713
v 0.494929 3.452649 0.760328
v -0.359572 3.337057 -0.103783
v -0.011853 4.379619 0.664627
v 0.038497 1.269467 -0.298650
v -0.260499 2.021020 0.669632
v 0.143076 1.142330 -0.349248
v -0.060402 0.370640 0.375816
v -0.078600 1.864088 0.756478
v -0.295696 2.188129 0.494629
v -0.343070 1.684654 0.161004
v -0.150487 1.425643 -0.246667
v 0.182277 3.255206 0.764756
v 0.341537 2.381135 0.475932
v -0.379350 4.029135 0.788054
v -0.448054 2.261833 -0.489769
v -0.230067 2.170506 -0.638404
v -0.318880 4.416714 0.934843
v -0.236895 0.006240 0.297451
v -0.133151 0.018357 0.349731
v -0.380724 0.285520 0.544631
v -0.417406 2.170911 -0.512870
v 0.084432 1.396667 -0.007120
v 0.102349 1.523502 0.297451
v -0.167683 1.262277 0.261149
v 0.533617 0.338294 -0.227181
v -0.641631 0.119553 0.687433
v 0.005883 1.409975 -0.174566
v 0.068845 1.917189 -0.165278
v 0.156838 2.059949 0.059713
v 0.356109 2.827745 -0.422982
v 0.367243 2.801488 0.031817
v 0.021846 3.860908 -0.146505
v 0.156147 2.651651 -0.265750
v -0.177411 1.730840 0.231182
v 0.209199 2.488525 0.621621
v -0.304004 2.873788 -0.121273
v 0.123979 2.032984 -0.112385
v 0.272841 2.620061 0.825115
v -0.210227 4.242197 0.866435
v -0.228107 2.372018 0.529378
v 0.367651 0.336112 -0.346043
v -0.031638 2.591147 -0.252739
v 0.166196 2.144610 -0.185946
v -0.294154 3.482452 0.474976
v 0.299184 0.081691 -0.115846
v 0.490725 0.542862 -0.202006
v 0.290555 0.490333 -0.349121
v 0.075041 1.296607 0.450784
v -0.620014 4.434226 0.720419
v -0.006955 0.644101 0.469616
v -0.134754 3.276464 0.691991
v -0.184124 4.178941 0.418446
v -0.480802 4.323313 0.878488
v -0.275097 3.197305 -0.027826
v 0.557199 0.544657 -0.258733
v 0.362046 0.385573 -0.218943
v 0.514223 3.298982 0.763409
v -0.024996 3.991329 0.033367
v -0.168123 1.514049 0.231520
v 0.260890 2.025608 0.203210
v -0.419901 3.178351 -0.244677
v -0.404587 3.460334 0.128758
v -0.119208 1.375096 0.226813
v -0.402640 4.299124 0.474034
v -0.046726 1.221709 0.584310
v 0.259700 3.273664 0.856127
v -0.523243 4.176711 0.614971
v -0.504200 4.543817 0.690738
v -0.419169 4.594172 0.632740
v 0.449305 2.574156 -0.497003
v 0.381910 2.262678 0.318074
v -0.032789 1.066573 0.575629
v 0.046610 1.494617 0.062057
v -0.048362 1.239287 0.078557
v -0.414288 2.836228 -0.069223
v -0.554729 0.166728 0.609844
v -0.503750 0.231560 0.528390
v -0.420349 0.085598 0.737775
v 0.495434 3.525209 0.683219
v 0.280846 2.492950 -0.222874
v 0.373386 3.160617 0.479515
v 0.291897 2.393394 -0.071026
v 0.441420 0.328558 -0.411199
v -0.106995 3.058722 0.631959
v -0.383948 3.633962 0.170475
v -0.297070 1.569132 -0.173005
v -0.020083 1.255697 0.264797
v -0.105413 4.530662 0.800064
v -0.223525 2.133605 0.700839
v -0.373631 3.413108 0.081265
v 0.122942 1.931372 0.598018
v 0.583961 0.577060 -0.402597
v -0.505745 2.458698 0.058239
v -0.369519 2.489643 -0.048505
v -0.409806 2.480209 -0.110792
v 0.425247 2.262214 -0.320752
v -0.393252 4.633168 0.736817
v -0.285517 2.441564 0.476140
v -0.348937 2.334893 0.407025
v 0.388714 3.544773 0.914366
v -0.303415 2.948486 -0.119974
v -0.345902 3.396033 0.032824
v -0.468542 0.231436 0.571425
v -0.530018 4.053124 0.646593
v 0.413970 3.300696 0.884291
v 0.210638 3.752784 0.872438
v -0.280770 2.639431 -0.107989
v -0.483629 4.591004 0.850789
v -0.376847 2.502330 -0.045160
v 0.262270 3.689340 0.924850
v -0.439314 2.515574 0.048616
v 0.560647 2.127843 -0.412962
v -0.072614 1.936340 -0.260042
v -0.295431 0.641512 0.506374
v -0.328274 0.594000 0.439309
v -0.177609 2.507023 -0.407244
v -0.025202 1.457444 0.233366
v 0.340754 0.308864 -0.241572
v 0.491578 0.670567 -0.420962
v -0.344787 1.351744 -0.025550
v 0.200499 2.584008 0.607133
v 0.311794 2.583625 0.718389
v -0.117142 0.461425 0.286465
v -0.595830 4.349611 0.875715
v -0.077655 1.503746 0.677230
v 0.352979 3.814992 0.638944
v -0.339401 0.237028 0.579701
v 0.398323 2.719283 -0.469076
v 0.387391 2.773999 -0.445279
v -0.258565 4.542394 0.899832
v -0.280711 1.871240 0.430601
v 0.431611 0.507292 -0.461255
v -0.412352 2.503678 -0.276237
v 0.081665 4.036030 0.394151
v -0.435450 2.485774 -0.250090
v -0.296760 2.733018 -0.173667
v 0.331187 0.038245 -0.096404
v -0.064414 4.317157 0.784129
v -0.288924 0.411836 0.562280
v 0.313011 2.474593 -0.075832
v 0.442649 0.621694 -0.453443
v -0.251764 1.277348 -0.156878
v -0.288843 2.770740 -0.274873
v -0.019291 2.439115 -0.637797
v 0.357226 2.372466 0.381499
v -0.160779 2.960299 -0.171113
v 0.612878 0.197016 -0.316103
v -0.362596 0.404660 0.533237
v 0.169309 3.932904 0.205403
v -0.049380 1.188448 0.586216
v -0.245589 1.228308 0.557088
v 0.436906 3.384426 0.391786
v -0.108292 0.188617 0.383392
v -0.299219 1.849362 -0.197621
v 0.118241 3.504052 0.874538
v 0.523395 2.157937 -0.550463
v 0.293785 3.567831 0.160774
v -0.427731 0.039115 0.777546
v -0.522180 2.409167 -0.117096
v -0.519361 2.389867 -0.115004
v 0.395456 2.696571 -0.581864
v 0.344355 0.268315 -0.212474
v -0.229138 0.291659 0.302827
v 0.505483 2.070001 -0.399900
v 0.281904 0.707295 -0.144752
v -0.327353 3.741817 -0.233501
v -0.260350 3.863128 0.253827
v 0.231949 2.662759 -0.289181
v -0.334195 1.263662 0.457264
v 0.111875 2.605373 -0.590960
v 0.437830 3.717482 0.652504
v -0.130688 3.198509 -0.205897
v -0.377036 2.837641 0.246721
v -0.154159 3.718008 0.593630
v 0.091935 1.661818 0.019813
v 0.279388 2.754303 -0.341361
v 0.078430 1.571546 0.035189
v 0.014270 4.058184 0.549450
v -0.482201 2.435011 -0.394122
v -0.032559 1.128911 0.257280
v -0.199128 0.401906 0.278899
v -0.050933 1.066622 0.247199
v 0.499713 0.700650 -0.220655
v 0.060526 1.501500 -0.041210
v 0.727890 0.358879 -0.338340
v -0.063137 2.450280 0.754561
v -0.174466 4.162471 0.774978
v -0.333131 3.461908 -0.314042
v 0.306882 3.087439 -0.237030
v -0.316291 3.221853 0.237730
v -0.455374 2.293153 -0.078295
v 0.211181 0.665577 -0.215341
v -0.602967 0.075114 0.825622
v 0.238496 0.090760 -0.253333
v 0.028469 1.723199 -0.153600
v 0.367414 3.052701 0.481521
v 0.258971 2.934644 0.789577
v -0.258168 3.087796 -0.392513
v -0.468671 2.377661 -0.111775
v -0.197923 3.850065 0.445330
v -0.558522 4.343898 0.777627
v -0.133226 0.335605 0.279218
v 0.199425 1.197345 -0.074820
v -0.264395 1.418953 0.139725
v -0.009838 4.276347 0.656807
v -0.170864 1.146220 -0.184545
v -0.149186 2.841618 0.594610
v -0.402332 0.221314 0.395580
v -0.077830 1.053216 -0.098331
v 0.020979 3.617784 0.784126
v 0.177811 2.436944 -0.214823
v -0.413613 2.325896 -0.374287
v 0.064317 1.137019 0.480773
v 0.067681 1.115988 0.343994
v -0.329983 0.450954 0.329854
v -0.333960 4.245267 0.455512
v -0.098023 3.975321 -0.050992
v -0.004868 1.077489 -0.018989
v 0.041542 1.341903 -0.260744
v 0.121630 1.315499 -0.081686
v -0.190099 1.183769 0.282436
v 0.008421 1.324717 0.289038
v -0.097694 3.434527 -0.316267
v 0.029606 1.850156 0.164948
v 0.027189 1.123735 0.508129
v -0.378675 3.328614 0.220431
v -0.284175 1.992935 0.323449
v 0.041280 1.330438 0.397742
v -0.069808 4.449813 0.626030
v -0.480343 4.367374 0.528706
v -0.000429 2.388290 0.788994
v -0.225938 3.831400 0.381850
v 0.371094 2.789408 -0.516121
v 0.115471 1.322838 -0.223409
v -0.450719 4.047030 0.701063
v -0.364432 2.598334 -0.087186
v 0.087205 1.384671 0.380400
v -0.197931 3.912640 0.358309
v -0.006456 1.294661 0.092891
v 0.016624 1.244176 0.296152
v -0.271671 1.251628 0.310773
v 0.421003 0.678904 -0.201644
v 0.344809 3.130656 0.036590
v -0.144272 0.384442 0.552620
v 0.155388 3.041771 0.605753
v 0.344385 0.866859 -0.383602
v -0.496503 0.093288 0.757706
v -0.060896 3.675146 -0.270016
v -0.151807 1.802434 0.702980
v -0.245500 1.855462 -0.289664
v 0.756775 0.383386 -0.430969
v 0.064382 1.514792 0.500923
v -0.194586 1.174511 -0.026598
v -0.180333 1.796359 -0.221338
v -0.236760 3.996562 -0.059670
v -0.230823 2.286527 0.651618
v -0.035767 1.851895 -0.220139
v -0.017369 1.801602 -0.217242
v 0.514150 2.204275 -0.670791
v -0.236952 0.332267 0.277541
v 0.044701 2.718563 -0.459221
v -0.325995 1.923626 0.192372
v -0.207236 1.160328 0.592788
v -0.062626 3.883070 -0.185333
v 0.415338 2.774747 0.636630
v -0.165653 4.037410 0.316165
v -0.377093 2.668156 -0.255401
v -0.629994 0.013530 0.845702
v 0.313880 0.424821 -0.382280
v 0.179051 3.560749 -0.117504
v 0.224651 1.907531 0.436244
v -0.372678 3.424629 -0.082766
v 0.431023 0.370791 -0.203340
v -0.313081 1.511336 0.530318
v -0.093614 2.622837 -0.544366
v -0.173707 1.118151 0.270921
v 0.229819 2.240085 0.555752
v -0.195790 3.896181 -0.213208
v -0.274225 2.845387 -0.143618
v -0.469098 4.171124 0.840955
v 0.344380 2.452804 0.050568
v 0.677821 0.355541 -0.522655
v 0.022459 0.933290 0.531171
v -0.159070 1.106122 0.585760
v -0.418033 0.220914 0.606010
v 0.204258 2.024158 0.538526
v -0.499392 4.465336 0.886405
v 0.379763 3.217509 0.234581
v -0.264327 3.285441 0.007938
v 0.396355 3.697129 0.379120
v -0.359610 0.032810 0.428382
v 0.179078 1.261675 -0.120261
v -0.494081 4.154787 0.711642
v -0.627342 4.440685 0.892180
v -0.147830 4.262682 0.859159
v -0.574905 4.251798 0.627159
v 0.423366 3.612813 0.853397
v 0.191271 0.734735 -0.372781
v 0.325787 0.733857 -0.411515
v 0.138977 3.661789 0.887655
v -0.362008 3.891281 0.611404
v -0.380006 3.168658 -0.163377
v -0.387566 3.779711 -0.000170
v -0.297594 3.932401 -0.131938
v 0.073232 1.828305 -0.135300
v 0.222513 2.191058 0.562734
v -0.005791 1.530306 -0.141996
v 0.412512 2.410609 0.246248
v -0.464824 0.273305 0.503564
v 0.526910 0.653845 -0.332813
v 0.444304 2.532468 -0.389753
v 0.075865 1.209500 0.468609
v -0.456500 2.133146 0.208988
v -0.372235 2.022481 0.222440
v -0.493144 4.198171 0.515803
v -0.149812 4.468908 0.495941
v -0.304514 4.638851 0.614701
v -0.041491 0.433931 0.447582
v -0.088233 1.485683 -0.199854
v 0.222696 2.831503 0.555231
v -0.142727 2.519526 0.552344
v -0.344012 0.480897 0.502157
v 0.463358 3.290957 0.643291
v 0.395575 2.433875 0.196787
v -0.041383 2.309739 0.764953
v -0.359213 2.692872 0.306955
v 0.150468 2.500746 0.647625
v -0.111928 3.034438 -0.247360
v -0.219918 0.073121 0.573545
v -0.510783 2.312537 0.031739
v -0.065896 1.370909 -0.261425
v 0.659286 0.477935 -0.365545
v 0.299457 0.456203 -0.226992
v -0.334646 3.031161 0.241078
v -0.352709 3.075144 0.207703
v -0.261060 1.991809 0.464951
v -0.296886 4.248963 0.458420
v -0.311720 4.297563 0.405702
v -0.129732 4.031322 0.209639
v -0.165728 4.476762 0.904065
v -0.050938 2.996954 -0.282533
v -0.358579 2.458539 0.057494
v -0.106061 1.272208 0.566833
v -0.245943 1.118858 0.496274
v -0.139976 4.531059 0.843410
v -0.569222 4.418796 0.705596
v -0.357042 1.963640 -0.512482
v -0.081065 2.431620 0.792315
v -0.206661 1.101384 0.286816
v 0.362548 2.822958 -0.435478
v 0.141945 3.626030 -0.151386
v -0.510816 2.524916 -0.005654
v -0.059016 4.475596 0.828538
v -0.259573 0.027343 0.554653
v -0.172943 1.998227 -0.559246
v 0.235168 2.965132 0.617787
v 0.201674 2.802630 0.854258
v -0.271204 0.544482 0.536115
v -0.450200 4.498986 0.570262
v 0.069560 3.532324 -0.230550
v -0.379577 2.593714 -0.413165
v 0.042528 2.394819 0.663287
v -0.361943 4.517033 0.529667
v -0.082612 2.046838 -0.659721
v -0.538566 4.470301 0.619248
v 0.313721 2.661379 0.012161
v 0.145978 0.965876 -0.375802
v -0.515357 4.416396 0.569921
v -0.024545 3.273434 0.714909
v -0.172376 1.818612 0.201250
v 0.019797 1.442486 -0.165640
v -0.286270 1.158335 0.446537
v -0.234770 0.077944 0.292604
v -0.299365 4.293446 0.450765
v -0.158006 4.381455 0.894037
v -0.426114 2.547399 -0.242546
v -0.371898 2.312712 0.425712
v 0.092478 3.447206 0.821929
v -0.247854 4.609170 0.845383
v -0.096862 3.383254 -0.229724
v 0.012655 4.087908 0.469357
v -0.233666 1.929220 0.216616
v 0.511337 0.428433 -0.436946
v 0.345422 0.373621 -0.319764
v 0.206604 3.142033 0.643302
v 0.249723 0.594062 -0.217534
v -0.249726 1.943190 0.312004
v -0.345616 3.057278 -0.381245
v -0.189521 0.565844 0.245111
v -0.410775 3.632270 -0.071429
v -0.560585 2.436758 0.027856
v -0.114650 4.443368 0.858398
v 0.467265 0.804473 -0.317577
v -0.224572 3.077347 -0.184885
v 0.169498 2.039315 0.167954
v -0.252066 2.899492 0.557069
v 0.076491 1.731478 -0.114866
v 0.582244 0.524291 -0.405753
v 0.391857 2.538284 -0.284261
v 0.133024 2.088682 -0.089440
v -0.140422 0.085523 0.297772
v -0.381991 0.300602 0.360577
v 0.471488 2.146133 -0.644679
v 0.741655 0.305635 -0.503132
v 0.448816 3.185114 0.876482
v -0.009949 2.424117 0.773291
v -0.119621 0.038799 0.430388
v -0.185058 0.373653 0.573801
v 0.208024 0.043308 -0.288684
v -0.063855 3.755819 -0.259524
v -0.417406 4.603884 0.835350
v -0.255171 1.416153 -0.196692
v -0.008726 1.675239 0.158752
v 0.345519 2.905797 0.648959
v 0.304126 3.243178 0.630469
v -0.084385 4.099410 0.342095
v -0.087669 4.067966 0.661643
v 0.567837 0.187102 -0.457923
v -0.209936 1.903846 -0.459292
v 0.018106 2.122538 -0.687477
v -0.352139 2.482739 -0.358506
v -0.106472 0.324580 0.304417
v -0.095410 2.604595 -0.272390
v 0.361425 2.625774 -0.287623
v -0.120217 2.875783 -0.287369
v -0.135048 2.569369 -0.250379
v -0.299422 1.695068 0.385144
v -0.661243 -0.001779 0.608032
v -0.343934 4.174700 0.439306
v -0.413956 4.509354 0.884490
v 0.457874 0.469176 -0.467748
v 0.190239 2.240279 -0.184272
v 0.395383 3.290444 0.567149
v -0.273472 1.286148 0.587903
v -0.254370 2.547855 -0.230653
v -0.251175 2.611969 -0.451516
v -0.224988 4.349314 0.901190
v -0.341350 2.451416 0.346783
v -0.389545 2.572312 -0.223981
v -0.205537 3.908239 0.234274
v -0.473769 4.360778 0.915305
v 0.089130 2.116306 -0.611564
v -0.138682 4.175534 0.831735
v -0.307525 0.323544 0.579342
v -0.401560 0.001871 0.740475
v 0.486022 3.503391 0.649334
v -0.159211 1.444576 0.217750
v 0.441024 2.519573 -0.632437
v 0.444698 0.434368 -0.170616
v 0.032270 1.151040 0.018468
v -0.112641 4.545062 0.760293
v 0.414194 2.680709 -0.334760
v -0.126624 2.541100 -0.578637
v 0.121117 3.999280 0.554278
v -0.290892 1.467447 0.418859
v 0.376340 0.543586 -0.466833
v 0.139147 1.724879 0.241196
v 0.185326 3.290922 0.704711
v 0.489840 3.405832 0.679701
v 0.112536 3.809211 -0.047976
v -0.404147 1.923291 -0.090410
v 0.309709 0.103791 -0.364619
v -0.062035 4.215816 0.501052
v 0.437900 2.456036 0.048935
v -0.142317 2.484405 0.615068
v 0.100351 2.557213 0.647109
v -0.200097 4.193621 0.808850
v -0.345046 2.527389 0.440311
v -0.419736 1.917491 0.204952
v 0.032357 1.421701 0.032589
v 0.247015 3.093752 -0.152877
v -0.402254 2.446556 -0.116767
v 0.386886 3.349412 0.239900
v -0.234940 1.486228 0.268699
v -0.499665 2.534744 -0.132332
v -0.547236 4.517549 0.902807
v -0.162629 0.190709 0.315657
v -0.476425 4.067566 0.615346
v -0.511958 4.342048 0.896376
v 0.044005 2.026793 -0.196312
v 0.358908 2.460939 -0.572262
v 0.002959 1.806046 0.174404
v -0.319310 4.612540 0.805872
v 0.204854 0.583621 -0.336844
v -0.243694 0.856829 0.298223
v -0.115338 2.433426 0.649083
v 0.343732 0.276828 -0.314563
v 0.620390 0.473990 -0.447498
v -0.413319 0.015350 0.514085
v 0.122502 1.224437 -0.011375
v -0.401074 2.481108 -0.110886
v 0.112412 0.082093 -0.136239
v -0.401163 4.317246 0.916574
v 0.293147 3.150436 0.138785
v -0.402489 3.960646 0.674490
v 0.243896 0.512263 -0.289907
v -0.253046 3.634432 0.484056
v -0.196665 0.294551 0.581513
v -0.543043 2.415939 0.039442
v -0.322277 0.476164 0.433523
v -0.392718 2.419540 -0.123725
v -0.422164 4.618280 0.796549
v -0.000910 1.512059 -0.197289
v 0.514204 2.258534 -0.746518
v -0.128968 1.499742 0.169090
v 0.270327 2.012944 0.362038
v 0.194495 0.654294 -0.293714
v 0.382207 0.540718 -0.151365
v 0.513934 0.639168 -0.267327
v -0.185730 4.123257 0.797458
v -0.269830 0.268701 0.296854
v -0.377444 3.385851 -0.201733
v 0.077914 0.944663 0.386918
v 0.102811 2.166142 -0.250922
v -0.234851 1.717127 0.207584
v -0.755692 0.114421 0.857876
v -0.291468 0.504465 0.565134
v 0.159986 1.837156 0.220868
v 0.127556 2.143398 -0.701506
v 0.219148 2.497978 -0.161835
v 0.330299 3.795185 0.782638
v 0.381186 3.298074 0.612279
v -0.500321 2.212429 0.106712
v -0.371450 2.486327 0.006726
v -0.006860 3.031190 0.667062
v -0.083300 4.183537 0.714509
v 0.342830 2.187330 -0.298666
v 0.280141 3.525914 0.074363
v -0.032103 2.700286 0.590801
v -0.387258 2.517210 0.034252
v -0.525803 0.061214 0.504452
v -0.377592 2.533270 -0.103048
v -0.515406 2.392891 -0.080976
v 0.268898 3.480635 0.936804
v 0.242871 4.089690 0.523064
v 0.355655 3.954518 0.493147
v 0.454986 3.830050 0.636928
v -0.527664 3.749626 0.767341
v -0.215759 3.481053 1.170912
v 0.652482 3.652888 0.808267
v -0.010955 3.363351 1.063233
v 0.644178 2.846012 -0.014075
v -0.233123 4.720877 0.813814
v -0.033574 4.654078 0.742520
v -0.708551 3.528689 -0.578286
v -0.533920 3.832950 -0.463075
v -0.525639 3.586550 -0.615332
v -0.515929 3.919448 -0.773372
v -0.707663 3.630569 -0.910369
v -0.723980 2.110080 0.696797
v 0.136837 1.789206 0.814043
v 0.437069 2.897637 0.790344
v 0.299201 3.350024 1.086083
v -0.270730 4.330744 1.020707
v -0.659079 4.123903 0.493171
v -0.669062 4.312890 0.514311
v -0.604147 2.603920 0.159334
v -0.348786 2.372018 0.541571
v -0.464146 2.924816 0.917062
v -0.464146 2.924816 0.917062
v -0.386357 2.807971 0.736013
v 0.385943 3.608912 -0.137934
v 0.463731 3.492067 -0.318983
v -0.719662 3.493107 0.875762
v -0.641873 3.376262 0.694713
v -0.684681 3.377272 0.899031
v -0.577325 3.349893 0.818485
v -1.033682 3.814713 -0.064146
v -0.897544 3.815312 -0.248398
v -1.038627 3.712981 -0.133494
v -0.912641 3.690468 -0.182312
vn 0.7813 0.5770 -0.2381
vn -0.6255 -0.0108 0.7802
vn -0.9209 -0.2306 0.3143
vn 0.9292 0.2661 0.2565
vn -0.2032 -0.6711 0.7129
vn -0.3219 0.1095 -0.9404
vn 0.4556 -0.0735 -0.8871
vn 0.0129 0.9237 -0.3829
vn 0.0432 -0.7856 0.6173
vn -0.9279 -0.0634 -0.3673
vn 0.6914 -0.0637 0.7196
vn -0.0744 0.0635 0.9952
vn -0.7880 0.2310 -0.5708
vn 0.3773 0.7937 -0.4772
vn -0.6575 -0.6440 0.3912
vn 0.4034 0.5385 0.7398
vn 0.7247 -0.0307 -0.6883
vn -0.2238 0.2196 -0.9496
vn 0.7185 -0.2885 0.6329
vn -0.2882 0.2749 -0.9173
vn 0.0256 0.5822 -0.8126
vn 0.6125 -0.0790 0.7865
vn 0.9757 0.0674 0.2085
vn -0.1985 0.9484 0.2474
vn -0.8978 -0.3988 -0.1870
vn 0.0397 -0.3252 0.9448
vn -0.2035 0.8973 -0.3916
vn 0.2528 0.6159 0.7462
vn -0.5557 -0.2997 0.7755
vn -0.0791 0.9897 -0.1194
vn 0.4720 -0.6086 0.6379
vn -0.9139 0.0849 -0.3970
vn 0.8693 0.4688 0.1565
vn 0.5712 0.4957 -0.6543
vn -0.7894 -0.3477 0.5059
vn -0.9608 -0.1645 -0.2232
vn -0.7626 -0.6468 -0.0077
vn 0.5068 0.8091 -0.2976
vn 0.4890 0.8233 0.2884
vn 0.2246 0.4892 -0.8428
vn -0.6256 0.4017 -0.6688
vn 0.9275 -0.3713 0.0434
vn 0.5878 -0.5435 0.5992
vn 0.8434 -0.0495 0.5350
vn 0.3342 0.2614 -0.9055
vn -0.9531 -0.2475 -0.1745
vn 0.8844 0.2234 -0.4098
vn 0.6692 0.1527 -0.7273
vn -0.1311 0.1395 -0.9815
vn -0.2493 0.6778 0.6917
vn 0.8510 -0.5083 0.1321
vn -0.7948 -0.5135 -0.3234
vn -0.2057 0.6131 0.7628
vn -0.6432 0.7557 -0.1230
vn -0.4586 -0.6268 -0.6300
vn 0.7420 0.4141 0.5272
vn -0.2317 -0.6863 0.6894
vn 0.8237 0.3515 0.4450
vn -0.6308 0.0795 0.7719
vn -0.6312 0.0818 0.7713
vn -0.6312 0.0815 0.7713
vn -0.9847 -0.0787 0.1554
vn -0.6646 0.0253 0.7468
vn -0.9034 -0.3869 0.1848
vn 0.5227 0.6590 -0.5408
vn -0.3956 -0.9021 0.1722
vn 0.3392 0.8964 0.2852
vn -0.9211 0.2095 -0.3280
vn -0.9867 0.1346 0.0915
vn -0.9867 0.1348 0.0914
vn 0.1096 0.2176 0.9699
vn 0.6711 -0.0362 0.7405
vn 0.6451 -0.0773 -0.7602
vn 0.5781 0.0043 0.8159
vn 0.2809 -0.0742 0.9569
vn 0.9219 -0.2754 -0.2724
vn 0.6071 0.5728 0.5507
vn 0.9720 -0.1744 -0.1577
vn -0.0844 -0.1120 0.9901
vn -0.4491 0.3880 0.8048
vn 0.0483 0.6262 0.7781
vn 0.9993 0.0365 0.0066
vn 0.8946 -0.2018 -0.3988
vn -0.9052 -0.3479 -0.2440
vn 0.3601 -0.2520 -0.8982
vn -0.6813 -0.1552 -0.7154
vn -0.1621 0.3374 0.9273
vn -0.1561 0.3432 0.9262
vn -0.1572 0.3421 0.9264
vn 0.9846 -0.1130 -0.1337
vn -0.6565 -0.1213 -0.7445
vn 0.2886 -0.1475 0.9460
vn -0.5395 0.1275 0.8323
vn -0.1514 0.1358 -0.9791
vn -0.8415 -0.0635 0.5365
vn -0.4233 -0.9054 0.0333
vn 0.7576 0.1861 0.6257
vn 0.1496 -0.8199 0.5526
vn -0.0577 -0.4914 0.8690
vn -0.1673 0.1335 -0.9768
vn -0.9948 0.0977 0.0296
vn -0.9948 0.0974 0.0297
vn -0.5886 0.0187 -0.8082
vn -0.8331 -0.3299 0.4440
vn -0.0201 -0.9976 0.0669
vn 0.7681 -0.3483 -0.5373
vn 0.7013 0.3599 -0.6153
vn 0.9022 0.1766 -0.3935
vn -0.0374 0.2652 -0.9635
vn -0.8471 -0.2389 0.4747
vn -0.5412 0.4299 -0.7227
vn -0.5446 0.4327 -0.7185
vn -0.5405 0.4294 -0.7235
vn -0.7705 -0.1746 0.6131
vn 0.1882 0.8443 -0.5018
vn -0.9057 0.1894 0.3793
vn -0.3639 0.2911 0.8848
vn 0.8434 0.5373 -0.0012
vn -0.8456 0.5313 0.0523
vn -0.6028 0.7876 0.1273
vn -0.2677 0.2873 -0.9197
vn 0.7471 0.6508 -0.1351
vn 0.0591 0.4222 -0.9046
vn 0.0389 0.5317 -0.8460
vn 0.2683 0.2368 0.9338
vn 0.5888 -0.3773 -0.7149
vn -0.4129 0.3034 0.8588
vn -0.3011 -0.0182 -0.9534
vn -0.4185 -0.5338 0.7348
vn -0.1031 0.0273 -0.9943
vn -0.7143 -0.0729 -0.6960
vn -0.7763 0.2347 0.5850
vn 0.8727 -0.0168 0.4879
vn -0.4046 0.4877 -0.7736
vn -0.7357 0.3365 -0.5878
vn 0.9945 0.0833 0.0636
vn 0.3777 0.9223 -0.0820
vn -0.8740 -0.2915 -0.3888
vn 0.3036 -0.3705 0.8778
vn -0.3169 0.1360 -0.9387
vn -0.7352 -0.0649 -0.6748
vn 0.7881 -0.1746 -0.5903
vn -0.0562 0.8887 0.4550
vn 0.0949 0.9888 0.1150
vn 0.9456 0.3139 -0.0855
vn -0.2329 -0.3720 0.8986
vn -0.5431 0.8078 -0.2293
vn -0.5201 0.7393 0.4276
vn -0.9906 -0.0983 0.0953
vn -0.9173 0.2071 0.3401
vn 0.7844 0.0072 -0.6202
vn -0.4809 0.2902 -0.8274
vn 0.8915 -0.3046 0.3353
vn -0.1739 0.8423 0.5102
vn -0.1152 -0.0481 -0.9922
vn 0.8492 -0.2868 0.4434
vn 0.9000 -0.3348 0.2790
vn -0.7391 0.0065 0.6736
vn 0.1649 -0.8769 -0.4515
vn 0.9559 0.2170 0.1978
vn -0.8413 0.5339 -0.0845
vn 0.9659 -0.2533 0.0527
vn 0.9659 -0.2532 0.0536
vn 0.9660 -0.2535 0.0511
vn 0.0841 0.6943 0.7148
vn -0.7910 0.3049 -0.5305
vn 0.8524 -0.0375 0.5216
vn 0.1199 0.4778 0.8703
vn 0.8442 0.1616 -0.5112
vn -0.0228 -0.1457 -0.9891
vn 0.9091 -0.3708 -0.1899
vn -0.6798 -0.0961 -0.7271
vn -0.7609 -0.3714 0.5321
vn 0.5424 -0.1128 -0.8325
vn -0.8201 0.4959 0.2857
vn 0.2492 0.3809 -0.8904
vn 0.1321 0.0451 0.9902
vn -0.9960 -0.0894 -0.0014
vn -0.1905 0.1347 0.9724
vn -0.6120 0.5731 0.5450
vn -0.1818 0.6542 0.7342
vn 0.1512 -0.6166 0.7726
vn -0.0782 0.2336 -0.9692
vn -0.5831 -0.0700 -0.8094
vn 0.8826 0.0049 0.4701
vn -0.4851 0.7331 0.4768
vn 0.6824 -0.2791 0.6756
vn 0.1487 0.4749 0.8674
vn 0.1054 -0.0919 -0.9902
vn -0.2414 -0.6220 -0.7449
vn 0.3170 -0.2263 -0.9210
vn 0.3152 -0.2302 -0.9207
vn 0.3145 -0.2302 -0.9209
vn 0.2054 0.9540 0.2183
vn 0.2363 0.8647 -0.4433
vn 0.6935 -0.6550 -0.3000
vn 0.6661 0.5914 -0.4545
vn -0.4460 -0.8511 0.2768
vn -0.9337 -0.0035 0.3581
vn -0.7556 -0.0594 0.6523
vn 0.4815 0.0684 -0.8738
vn -0.6024 -0.0170 -0.7980
vn 0.0861 -0.7253 -0.6830
vn 0.5421 -0.3972 0.7405
vn -0.6628 0.0740 -0.7452
vn 0.5114 -0.8537 -0.0985
vn 0.3567 -0.0240 -0.9339
vn -0.5694 -0.3237 0.7557
vn -0.5649 -0.3265 0.7578
vn -0.5698 -0.3236 0.7554
vn -0.4916 -0.5964 0.6345
vn 0.2251 0.8268 0.5155
vn -0.1549 -0.9599 0.2335
vn 0.1070 0.7713 0.6275
vn 0.3800 0.5674 -0.7305
vn 0.9092 0.0236 -0.4157
vn -0.2599 -0.4381 0.8605
vn -0.4176 -0.6595 0.6250
vn 0.6405 -0.2120 0.7381
vn 0.4346 -0.8582 0.2732
vn 0.9624 -0.2306 0.1436
vn -0.8496 -0.4526 0.2708
vn -0.3849 0.8917 -0.2382
vn 0.2323 0.6779 -0.6974
vn 0.2082 -0.0890 0.9740
vn -0.3899 -0.7170 0.5779
vn -0.5984 0.5421 0.5899
vn -0.8943 -0.2017 -0.3993
vn -0.2908 -0.1849 -0.9387
vn -0.9022 -0.2261 -0.3673
vn 0.6947 0.3516 0.6276
vn -0.7127 0.6567 -0.2464
vn 0.7429 -0.6658 0.0690
vn -0.4448 0.0256 -0.8952
vn 0.8242 -0.5349 0.1860
vn -0.5986 -0.2487 -0.7614
vn -0.8570 -0.0614 -0.5117
vn -0.2692 0.0374 -0.9624
vn -0.7947 0.1803 0.5796
vn 0.2749 0.4463 0.8516
vn -0.6733 -0.7370 -0.0594
vn -0.8947 -0.4241 -0.1400
vn -0.0578 -0.4815 -0.8746
vn -0.8750 -0.2328 0.4244
vn 0.7746 -0.3350 0.5364
vn 0.1132 0.7583 -0.6420
vn 0.2457 -0.3750 0.8939
vn 0.2351 -0.3785 0.8952
vn 0.2455 -0.3751 0.8939
vn -0.1247 -0.9469 -0.2962
vn 0.9469 -0.0598 -0.3160
vn 0.9952 0.0353 0.0914
vn 0.8193 0.1662 0.5488
vn 0.0811 -0.7395 -0.6682
vn 0.6870 0.0125 0.7266
vn 0.9035 -0.0947 0.4180
vn -0.4359 -0.2448 -0.8661
vn 0.9876 -0.1494 0.0473
vn 0.1285 -0.5060 0.8529
vn -0.8766 -0.4749 -0.0780
vn 0.0654 -0.0335 -0.9973
vn 0.0613 -0.9872 0.1475
vn 0.4023 0.2110 -0.8908
vn 0.7440 0.1156 0.6581
vn 0.7639 -0.5736 -0.2956
vn 0.8554 -0.1926 0.4809
vn 0.7638 -0.2887 -0.5773
vn 0.2901 -0.5437 -0.7876
vn -0.8564 -0.0015 -0.5163
vn 0.5333 0.0349 -0.8452
vn 0.8829 0.4585 0.1014
vn 0.8060 0.4622 -0.3697
vn -0.3771 -0.3518 -0.8567
vn -0.4724 -0.7594 -0.4474
vn -0.8723 0.4885 -0.0221
vn -0.4908 0.3950 -0.7766
vn 0.8684 -0.0711 -0.4908
vn -0.5728 0.6391 -0.5134
vn -0.1330 -0.5152 0.8467
vn 0.6848 -0.7221 -0.0983
vn 0.9817 0.0448 0.1851
vn 0.5609 0.2256 -0.7965
vn 0.0318 0.0547 0.9980
vn 0.4496 0.8403 0.3028
vn 0.8515 -0.0833 -0.5177
vn -0.2803 0.4782 -0.8323
vn -0.6528 0.7112 0.2609
vn 0.9890 0.1158 -0.0921
vn -0.9419 0.2917 -0.1664
vn 0.4310 -0.1408 0.8913
vn 0.3001 -0.2804 0.9118
vn 0.7548 -0.0593 0.6533
vn 0.2047 0.5215 0.8284
vn 0.9192 -0.0904 -0.3832
vn -0.9427 -0.2323 0.2393
vn 0.2941 0.1772 0.9392
vn 0.7519 -0.6496 0.1125
vn -0.6396 -0.1238 -0.7587
vn 0.8911 -0.4290 0.1479
vn -0.9251 -0.3587 0.1248
vn 0.9241 0.2176 0.3141
vn 0.5610 0.7006 0.4409
vn 0.6462 -0.6900 -0.3261
vn -0.7135 0.5347 0.4527
vn -0.7806 -0.1956 0.5936
vn 0.4194 -0.0105 0.9077
vn -0.4574 -0.8547 -0.2454
vn 0.6004 0.7854 -0.1503
vn 0.5304 0.8230 -0.2034
vn -0.2465 -0.4990 0.8308
vn 0.1598 -0.9576 -0.2397
vn 0.7887 0.2988 0.5373
vn 0.9634 -0.0908 -0.2522
vn 0.2932 0.3589 0.8861
vn -0.9941 0.0919 0.0585
vn -0.0985 0.9683 -0.2294
vn -0.5753 0.7594 0.3040
vn -0.8152 0.1084 -0.5690
vn 0.9246 -0.1669 0.3423
vn 0.6945 -0.1714 0.6988
vn 0.3222 -0.1659 0.9320
vn -0.9345 0.1373 0.3284
vn -0.7943 0.4191 0.4398
vn -0.8989 -0.0451 0.4357
vn -0.7149 0.3416 -0.6102
vn -0.9892 0.1383 -0.0474
vn -0.6413 0.7448 -0.1842
vn 0.2167 0.8628 0.4568
vn 0.4990 -0.3755 0.7811
vn -0.8150 0.4497 0.3655
vn 0.0918 0.2899 0.9526
vn 0.2864 0.9326 0.2198
vn -0.8424 0.5371 -0.0437
vn -0.9277 -0.2756 0.2518
vn 0.0279 0.9539 0.2989
vn -0.0922 -0.6746 -0.7324
vn -0.1181 -0.5973 -0.7933
vn -0.9883 0.1479 0.0378
vn 0.7264 0.3833 -0.5705
vn -0.6438 -0.2486 0.7237
vn -0.8989 0.3062 -0.3134
vn -0.4041 -0.3980 0.8236
vn 0.9363 -0.1624 0.3115
vn 0.5384 -0.1474 0.8297
vn -0.9942 -0.0907 -0.0581
vn -0.6377 0.3794 0.6703
vn -0.7915 0.0748 -0.6066
vn -0.4076 -0.3042 0.8610
vn -0.8597 0.1841 0.4764
vn 0.3817 0.8788 -0.2866
vn 0.9586 0.1656 -0.2317
vn -0.6220 0.7788 -0.0812
vn -0.9930 0.0863 -0.0807
vn 0.2833 -0.2276 0.9316
vn 0.7712 -0.4596 -0.4405
vn -0.3263 0.0133 0.9452
vn 0.8861 -0.3206 0.3348
vn 0.2512 0.1986 0.9473
vn 0.7207 -0.6687 -0.1827
vn 0.8020 -0.5166 0.2999
vn 0.0455 -0.9971 -0.0617
vn 0.1784 -0.0930 -0.9796
vn 0.8283 -0.4396 0.3475
vn -0.2042 0.1265 -0.9707
vn -0.3886 -0.6670 -0.6357
vn -0.3884 -0.6672 -0.6356
vn -0.3888 -0.6669 -0.6357
vn 0.4480 -0.0530 0.8925
vn -0.3914 0.9157 -0.0915
vn -0.0917 0.1854 -0.9784
vn -0.5846 -0.1250 -0.8016
vn -0.3326 0.4687 -0.8183
vn -0.2437 0.6249 -0.7417
vn 0.7717 -0.0998 0.6281
vn -0.9947 0.0980 0.0295
vn 0.9972 0.0165 -0.0725
vn -0.1575 0.1356 -0.9782
vn -0.4343 0.1141 -0.8935
vn -0.3974 0.4712 0.7874
vn -0.0775 0.5724 0.8163
vn 0.9104 0.0585 0.4097
vn -0.4333 -0.2471 0.8667
vn 0.2984 -0.4908 0.8186
vn 0.7555 0.6349 -0.1619
vn -0.3940 -0.0836 0.9153
vn 0.4096 0.8821 -0.2326
vn 0.9210 0.3524 -0.1660
vn 0.9659 -0.2185 -0.1387
vn 0.8260 -0.1543 0.5421
vn -0.1407 0.7940 0.5915
vn -0.4541 -0.3046 0.8373
vn -0.8396 0.4082 0.3584
vn 0.5690 -0.5026 0.6509
vn -0.9189 -0.0841 -0.3854
vn 0.4718 0.6692 0.5741
vn -0.8864 0.2196 -0.4075
vn 0.3475 -0.4465 -0.8245
vn 0.8891 0.2031 0.4101
vn -0.7966 -0.4113 0.4429
vn 0.6492 -0.1529 0.7451
vn 0.0063 0.4549 -0.8905
vn -0.0976 0.9291 0.3567
vn -0.0339 -0.5907 0.8061
vn -0.2305 -0.9702 0.0753
vn -0.2283 -0.0745 -0.9707
vn -0.4707 0.0830 -0.8784
vn 0.8719 0.3351 -0.3571
vn 0.8416 -0.1156 0.5276
vn 0.2006 -0.2772 0.9396
vn 0.2000 -0.2752 0.9403
vn 0.2005 -0.2768 0.9398
vn -0.9922 -0.1008 0.0739
vn -0.9916 -0.1034 0.0773
vn -0.9924 -0.0996 0.0724
vn -0.8258 -0.4034 0.3940
vn 0.9895 -0.1274 -0.0684
vn 0.0245 -0.9143 -0.4043
vn -0.9708 0.2013 -0.1308
vn 0.6822 0.1654 0.7122
vn -0.8436 0.4618 0.2742
vn 0.5767 -0.0240 0.8166
vn 0.3500 -0.0373 -0.9360
vn 0.1732 -0.3676 0.9137
vn 0.1825 0.9759 0.1200
vn 0.1806 0.9818 0.0591
vn -0.0601 -0.2898 -0.9552
vn 0.7731 -0.2878 0.5652
vn 0.5596 -0.2304 0.7961
vn -0.1978 0.6383 0.7439
vn 0.5050 -0.0727 -0.8600
vn 0.6395 0.0743 0.7652
vn -0.1222 0.9409 0.3158
vn 0.9309 -0.2720 -0.2439
vn 0.8542 0.1145 0.5071
vn 0.0938 0.2051 -0.9742
vn -0.0966 -0.1832 -0.9783
vn 0.9746 0.1938 -0.1119
vn 0.7302 0.2295 0.6435
vn -0.4675 -0.4683 -0.7498
vn -0.3997 0.8971 -0.1884
vn 0.6360 -0.1486 -0.7573
vn 0.2798 0.3098 -0.9087
vn -0.8159 0.1161 0.5664
vn 0.5071 0.1343 0.8514
vn 0.5490 0.8326 -0.0732
vn -0.1635 -0.5836 -0.7954
vn 0.5929 0.6040 -0.5327
vn 0.2526 -0.1482 0.9562
vn 0.7794 -0.0859 0.6207
vn 0.8954 0.0498 0.4424
vn -0.9529 0.0119 -0.3029
vn -0.5639 -0.3271 0.7583
vn 0.8349 0.2941 -0.4653
vn 0.3056 0.0519 -0.9508
vn 0.6243 0.7566 -0.1946
vn -0.8216 -0.1262 0.5559
vn 0.3920 -0.8971 0.2037
vn -0.9551 0.1877 -0.2294
vn -0.3442 -0.1758 0.9223
vn -0.4590 0.0653 -0.8860
vn -0.7783 -0.4557 -0.4319
vn -0.7405 -0.0223 -0.6716
vn 0.3180 0.3488 -0.8816
vn 0.0944 0.5118 -0.8539
vn -0.2182 0.0040 -0.9759
vn 0.0637 -0.5324 0.8441
vn -0.0295 0.9973 0.0667
vn 0.9631 -0.2368 0.1277
vn 0.4651 -0.0093 0.8852
vn -0.9677 0.1047 -0.2294
vn 0.3030 -0.9333 -0.1930
vn 0.3120 -0.5663 0.7628
vn 0.3117 -0.5657 0.7634
vn 0.3116 -0.5654 0.7636
vn 0.2395 -0.2094 -0.9480
vn 0.4116 0.7983 -0.4397
vn -0.0962 0.9679 -0.2320
vn -0.0999 0.9677 -0.2314
vn -0.1021 0.9676 -0.2310
vn 0.8153 -0.0094 0.5790
vn 0.9801 -0.1869 -0.0670
vn 0.7336 0.6717 0.1037
vn 0.7362 0.6681 0.1074
vn 0.7364 0.6679 0.1078
vn 0.7366 0.6677 0.1079
vn -0.0896 0.0374 0.9953
vn -0.1590 -0.1142 0.9806
vn 0.2761 0.1789 0.9443
vn 0.2289 0.7892 0.5699
vn 0.0328 -0.2658 -0.9635
vn -0.4584 0.4704 0.7541
vn 0.9690 -0.2427 -0.0467
vn -0.9998 0.0175 0.0076
vn 0.1283 -0.3795 0.9163
vn 0.1600 -0.9802 0.1166
vn -0.3667 0.2455 -0.8974
vn 0.5208 0.0113 0.8536
vn -0.1174 0.2262 -0.9670
vn 0.1587 -0.0688 0.9849
vn 0.8559 0.3403 -0.3895
vn -0.3145 -0.9476 -0.0564
vn 0.3626 0.3273 0.8726
vn 0.3627 0.3272 0.8726
vn 0.1237 -0.9709 0.2050
vn 0.9911 0.1142 0.0686
vn 0.7819 0.0026 -0.6234
vn -0.1985 0.2156 0.9561
vn 0.7544 -0.5400 0.3732
vn 0.1331 0.2875 0.9485
vn -0.1309 0.3241 -0.9369
vn 0.8083 -0.2781 -0.5190
vn 0.9561 0.1984 -0.2156
vn -0.4232 0.2104 -0.8813
vn 0.8669 -0.2123 -0.4510
vn -0.0655 -0.9931 -0.0976
vn 0.8478 -0.1658 0.5038
vn -0.4836 -0.8713 0.0834
vn 0.9554 0.2772 -0.1015
vn -0.3928 0.2520 0.8844
vn -0.0107 0.9319 -0.3625
vn -0.7908 0.0932 -0.6050
vn 0.8196 0.1675 0.5479
vn 0.7755 -0.0896 -0.6249
vn 0.9731 0.2039 -0.1074
vn 0.5269 0.4273 -0.7347
vn -0.8331 -0.0153 0.5530
vn 0.9176 -0.0122 0.3972
vn 0.6799 0.7206 -0.1358
vn 0.3273 -0.2839 -0.9012
vn -0.3210 0.1648 -0.9326
vn 0.1590 -0.4813 0.8620
vn -0.8632 -0.0269 -0.5042
vn -0.8170 -0.5755 0.0362
vn 0.4239 -0.4868 -0.7638
vn 0.7491 0.5135 -0.4185
vn -0.9767 0.1772 0.1207
vn -0.0874 -0.1643 -0.9825
vn 0.4516 0.4302 -0.7816
vn -0.5204 -0.2271 0.8232
vn -0.4297 -0.7318 0.5289
vn 0.7650 0.3286 -0.5539
vn -0.5651 -0.7108 0.4189
vn 0.3544 -0.2270 0.9071
vn -0.1405 -0.3329 0.9324
vn -0.5098 0.1037 -0.8540
vn 0.6283 0.1863 -0.7554
vn 0.5637 -0.2388 -0.7907
vn -0.5090 -0.4518 0.7326
vn 0.7506 0.1122 -0.6511
vn -0.2146 0.1182 -0.9695
vn 0.6858 -0.1281 -0.7165
vn -0.8529 -0.4546 -0.2566
vn 0.5227 0.8085 0.2704
vn -0.2823 -0.3899 0.8765
vn -0.2841 -0.3875 0.8770
vn -0.2819 -0.3905 0.8764
vn -0.9334 -0.2987 -0.1988
vn 0.5412 0.7899 0.2883
vn -0.8646 0.4833 -0.1370
vn -0.1512 0.2915 0.9445
vn 0.1367 0.1647 -0.9768
vn 0.1204 -0.1033 -0.9873
vn -0.9465 -0.1314 0.2947
vn -0.5558 0.5526 -0.6210
vn 0.3241 0.5848 0.7436
vn 0.9982 -0.0242 0.0541
vn -0.6169 -0.5248 0.5865
vn 0.3631 0.6816 0.6353
vn 0.5642 0.1268 -0.8158
vn -0.9090 0.2021 -0.3645
vn 0.5539 0.7792 0.2931
vn 0.0137 0.9981 0.0604
vn -0.0724 -0.2146 -0.9740
vn 0.3207 -0.6944 -0.6442
vn -0.6030 -0.1418 0.7850
vn 0.3513 0.0445 -0.9352
vn 0.6132 0.0273 -0.7895
vn -0.6660 -0.4396 0.6027
vn -0.6659 -0.4420 0.6010
vn -0.6659 -0.4431 0.6002
vn 0.9695 0.0853 0.2297
vn -0.6754 -0.1718 0.7172
vn 0.9199 0.0254 -0.3912
vn -0.7400 -0.6207 -0.2590
vn -0.8074 0.4851 -0.3358
vn 0.6485 0.5943 0.4758
vn -0.8769 0.4786 -0.0442
vn -0.6998 0.3046 0.6462
vn -0.9127 0.2852 -0.2928
vn -0.4385 -0.6853 0.5815
vn -0.8806 -0.4713 0.0486
vn 0.4880 -0.7512 -0.4445
vn 0.8101 0.5053 -0.2975
vn 0.2464 0.0686 0.9667
vn 0.0946 -0.7616 0.6411
vn -0.6804 -0.7253 0.1054
vn 0.9583 -0.0169 -0.2852
vn -0.5882 -0.0717 0.8056
vn 0.2700 -0.1716 -0.9474
vn 0.2703 -0.1721 -0.9473
vn 0.2703 -0.1720 -0.9473
vn -0.6900 0.0331 -0.7230
vn 0.8142 -0.0199 0.5802
vn -0.7409 0.0348 -0.6708
vn -0.1656 -0.3098 -0.9363
vn 0.4804 -0.0322 -0.8764
vn -0.5159 0.1024 -0.8505
vn -0.1709 0.5624 -0.8090
vn 0.9424 0.3340 -0.0154
vn -0.9923 -0.1050 -0.0663
vn 0.9813 0.1594 0.1077
vn -0.8997 -0.2271 -0.3728
vn -0.6761 0.7340 0.0639
vn -0.5452 0.4331 -0.7177
vn 0.3576 -0.1805 0.9162
vn -0.2917 0.2541 -0.9221
vn -0.2083 -0.0803 -0.9748
vn -0.2824 0.1198 -0.9518
vn -0.6268 0.2484 -0.7385
vn -0.6638 0.0590 -0.7456
vn -0.3464 0.4136 0.8420
vn -0.3579 0.1702 -0.9181
vn 0.9322 -0.3118 0.1840
vn -0.1635 -0.1670 0.9723
vn 0.3333 -0.2091 0.9193
vn -0.1656 -0.9824 -0.0864
vn -0.3732 -0.3532 -0.8579
vn -0.0229 0.3617 -0.9320
vn -0.5790 -0.1974 -0.7911
vn 0.0486 -0.6110 0.7901
vn 0.1166 0.4455 0.8876
vn -0.3649 0.6061 -0.7068
vn 0.6568 -0.0261 0.7537
vn 0.7761 -0.6195 0.1180
vn -0.5773 0.2971 -0.7605
vn -0.1471 -0.5386 0.8297
vn -0.7151 -0.6988 0.0178
vn -0.0583 -0.2533 0.9656
vn 0.2930 -0.2039 0.9341
vn 0.6914 -0.5924 -0.4135
vn -0.9309 0.1692 -0.3236
vn 0.2304 0.9723 0.0403
vn 0.8139 -0.5798 0.0388
vn -0.5639 -0.6655 -0.4890
vn 0.6865 0.7271 0.0078
vn -0.8624 0.3115 0.3991
vn -0.7482 0.3143 -0.5843
vn 0.2037 -0.6098 0.7659
vn 0.2039 -0.6091 0.7665
vn 0.2039 -0.6092 0.7664
vn 0.9196 0.2828 -0.2726
vn -0.8491 -0.0197 0.5279
vn -0.8251 0.1173 -0.5527
vn 0.8357 -0.4251 -0.3476
vn -0.9477 0.2379 -0.2128
vn -0.6500 0.1221 -0.7501
vn 0.1781 0.6948 0.6968
vn 0.3451 0.7158 -0.6071
vn 0.3506 0.7110 -0.6095
vn 0.3430 0.7176 -0.6062
vn 0.9970 0.0250 -0.0736
vn -0.7368 0.1432 -0.6608
vn 0.9795 -0.1594 -0.1230
vn 0.9270 -0.2133 0.3086
vn -0.5084 0.4050 -0.7600
vn -0.2744 -0.6111 -0.7425
vn 0.1968 -0.0772 0.9774
vn -0.5336 0.0547 -0.8440
vn 0.6243 -0.1789 0.7604
vn -0.5100 -0.3593 0.7815
vn -0.2305 -0.4810 -0.8459
vn -0.9526 0.3016 0.0407
vn -0.6588 -0.7498 -0.0610
vn -0.9727 0.2102 -0.0988
vn 0.7045 -0.1768 0.6873
vn 0.8290 0.1088 0.5486
vn 0.8260 0.1018 0.5543
vn 0.8265 0.1029 0.5535
vn 0.9465 -0.0358 -0.3207
vn 0.9291 -0.3539 -0.1077
vn -0.4982 0.3138 -0.8083
vn 0.8087 -0.0208 0.5879
vn 0.9608 -0.2224 0.1656
vn 0.9679 -0.1602 -0.1939
vn -0.6064 -0.7952 0.0026
vn -0.9112 0.3800 0.1590
vn 0.5511 -0.3962 0.7344
vn -0.8481 -0.1213 -0.5158
vn -0.9833 -0.0622 -0.1712
vn 0.6495 -0.7445 -0.1542
vn -0.5874 0.5430 0.6001
vn -0.5899 0.5431 0.5975
vn -0.5883 0.5441 0.5982
vn 0.4649 -0.3472 -0.8144
vn 0.5244 0.4044 0.7493
vn 0.6945 0.6562 -0.2950
vn -0.8302 0.2083 0.5171
vn -0.9465 -0.1665 0.2764
vn 0.6196 0.7845 0.0274
vn -0.3867 -0.2906 0.8752
vn 0.7822 0.5277 0.3313
vn -0.3518 -0.0919 0.9315
vn 0.9503 -0.1299 -0.2830
vn -0.9864 0.1437 -0.0800
vn -0.5323 -0.6972 -0.4802
vn -0.4099 -0.1610 -0.8978
vn 0.5747 0.4669 -0.6721
vn -0.8748 -0.0716 0.4791
vn 0.9799 -0.0149 0.1991
vn -0.6618 -0.3812 0.6456
vn -0.8223 -0.3819 0.4219
vn -0.8269 -0.5594 -0.0573
vn 0.5816 0.4898 -0.6495
vn 0.1648 -0.9817 0.0951
vn 0.2649 -0.2781 0.9233
vn 0.4130 0.0055 0.9107
vn -0.2878 -0.8447 -0.4513
vn 0.1416 0.0638 0.9879
vn -0.5876 0.5419 0.6009
vn -0.8561 -0.0182 -0.5164
vn -0.9689 -0.0611 0.2399
vn -0.2765 -0.0667 -0.9587
vn 0.6474 0.0121 0.7621
vn -0.5386 0.0085 0.8425
vn 0.4967 -0.1261 -0.8587
vn 0.9129 -0.4006 -0.0779
vn 0.0744 0.1773 0.9813
vn -0.8115 -0.5745 -0.1071
vn -0.8711 -0.3987 -0.2866
vn 0.0501 0.2340 -0.9709
vn -0.2288 0.9058 0.3567
vn -0.8682 -0.3449 0.3567
vn 0.2706 -0.1725 -0.9471
vn 0.5216 -0.8338 -0.1807
vn -0.1847 0.2529 -0.9497
vn -0.2606 -0.7634 -0.5911
vn 0.0033 -0.3606 -0.9327
vn -0.7726 -0.3573 -0.5248
vn 0.2317 0.2988 -0.9258
vn 0.3079 0.0158 -0.9513
vn -0.0157 -0.3065 -0.9517
vn -0.8127 0.3016 -0.4986
vn -0.0156 0.9867 0.1619
vn -0.9280 0.2317 -0.2916
vn 0.3297 -0.5425 0.7727
vn 0.4716 0.6888 -0.5505
vn 0.4791 -0.0769 -0.8744
vn 0.2593 0.3410 -0.9036
vn -0.5747 0.0536 -0.8166
vn -0.4228 -0.0789 -0.9028
vn -0.0353 -0.9987 0.0371
vn -0.2423 -0.0912 0.9659
vn 0.5378 -0.7061 -0.4608
vn -0.4631 0.0509 0.8848
vn 0.2249 0.0787 -0.9712
vn -0.1103 0.0162 0.9938
vn -0.3652 0.3082 -0.8784
vn 0.1899 0.9071 0.3757
vn -0.5918 0.5358 0.6022
vn -0.7663 0.5700 0.2965
vn 0.7778 -0.2285 0.5856
vn 0.4352 0.5398 -0.7206
vn -0.6760 -0.7253 0.1299
vn -0.0650 0.8833 0.4643
vn 0.7546 -0.0123 -0.6561
vn -0.8855 0.0813 0.4574
vn 0.7731 0.4552 -0.4417
vn 0.0918 -0.6030 -0.7924
vn 0.1048 0.1229 0.9869
vn 0.5045 0.7452 0.4361
vn 0.3611 0.2051 -0.9097
vn 0.7662 0.0563 0.6401
vn 0.8123 -0.3556 0.4622
vn -0.5948 0.4170 0.6872
vn -0.5269 0.8394 -0.1332
vn 0.6530 -0.2017 -0.7300
vn 0.2466 -0.3748 0.8937
vn 0.7801 0.4723 -0.4104
vn 0.7727 0.4902 -0.4032
vn 0.5886 -0.7192 0.3693
vn -0.3425 -0.7687 0.5402
vn -0.7055 -0.5668 0.4255
vn 0.8882 -0.4401 -0.1318
vn 0.0869 -0.5642 0.8211
vn 0.1571 0.1241 0.9798
vn 0.9316 -0.1228 -0.3421
vn 0.0184 0.1562 -0.9876
vn 0.6089 0.2100 0.7649
vn 0.8857 -0.3944 -0.2448
vn 0.8633 0.4179 -0.2830
vn -0.8764 -0.3508 0.3298
vn 0.9343 0.1392 0.3282
vn 0.0398 0.1756 -0.9836
vn 0.9482 0.0691 -0.3101
vn -0.3101 0.8286 0.4660
vn -0.8580 0.5136 -0.0029
vn -0.2689 0.1205 0.9556
vn 0.0621 -0.1091 -0.9921
vn 0.2308 0.7244 0.6496
vn 0.7567 -0.2260 0.6135
vn 0.3902 -0.1871 -0.9015
vn -0.9922 -0.0238 0.1226
vn 0.5912 -0.7692 -0.2426
vn 0.4394 0.3973 0.8056
vn -0.9504 -0.2537 0.1800
vn 0.1238 0.1271 0.9841
vn -0.9712 0.1966 -0.1345
vn -0.4069 0.1786 -0.8959
vn -0.1689 0.0508 -0.9843
vn -0.5309 0.5791 -0.6186
vn -0.4340 0.5890 -0.6817
vn -0.8500 -0.1554 -0.5033
vn -0.8501 -0.1549 -0.5034
vn -0.8470 -0.1647 -0.5054
vn 0.8677 -0.2541 -0.4272
vn -0.6334 -0.3511 0.6896
vn 0.4287 0.8940 -0.1300
vn 0.9876 -0.1517 -0.0392
vn -0.1962 -0.4150 0.8884
vn -0.8897 -0.4416 -0.1160
vn 0.1402 -0.3751 -0.9163
vn -0.7407 0.0548 0.6696
vn 0.7997 -0.0925 0.5932
vn -0.2433 0.8140 0.5274
vn -0.7765 0.5244 0.3495
vn -0.8764 0.2611 -0.4046
vn -0.8976 -0.2544 0.3598
vn -0.2912 -0.2387 -0.9264
vn -0.9713 0.1381 -0.1937
vn -0.1333 0.1399 -0.9811
vn -0.7976 -0.4922 -0.3486
vn -0.9406 0.1596 0.2998
vn -0.5555 -0.8048 0.2090
vn -0.7029 0.6889 -0.1769
vn -0.7566 -0.3582 0.5471
vn -0.3539 0.6992 0.6211
vn -0.2842 -0.3873 0.8771
vn -0.9562 -0.2288 -0.1825
vn 0.5592 -0.1652 0.8124
vn -0.0212 -0.4086 0.9125
vn 0.0338 -0.9280 -0.3709
vn 0.2927 -0.7049 0.6461
vn -0.2488 -0.3891 0.8870
vn 0.0593 0.6066 0.7928
vn -0.0734 0.4579 0.8860
vn 0.0011 0.9585 0.2851
vn 0.6560 -0.1819 -0.7325
vn 0.6340 -0.0263 0.7729
vn 0.0871 -0.2250 0.9705
vn -0.9988 0.0024 -0.0488
vn 0.0769 -0.6112 0.7877
vn 0.3216 0.0630 0.9448
vn 0.4443 -0.1902 0.8755
vn 0.4804 0.0648 -0.8747
vn -0.8053 -0.3401 0.4856
vn -0.7877 -0.5030 0.3556
vn -0.6019 0.7718 -0.2049
vn 0.6320 0.3741 0.6787
vn -0.6854 0.0462 -0.7267
vn 0.8953 0.4196 0.1497
vn -0.8613 0.5040 -0.0640
vn 0.5663 -0.6817 0.4632
vn -0.6761 0.6776 0.2894
vn 0.7983 -0.5921 0.1102
vn -0.2561 -0.0125 -0.9666
vn 0.3540 -0.6087 0.7101
vn -0.3062 -0.1033 0.9464
vn 0.8919 -0.2461 0.3794
vn -0.3944 -0.1093 0.9124
vn -0.9581 0.1449 0.2470
vn -0.4396 0.4749 -0.7624
vn -0.1693 0.9241 -0.3426
vn -0.2796 0.3555 -0.8919
vn 0.7326 0.0396 0.6795
vn -0.6930 -0.0204 0.7206
vn -0.8350 -0.4428 0.3267
vn -0.8348 -0.3052 0.4582
vn -0.2732 -0.0581 0.9602
vn 0.2614 0.1277 0.9567
vn -0.4984 0.0396 -0.8661
vn -0.7156 0.4504 0.5338
vn -0.8356 0.2623 -0.4828
vn 0.8921 0.4519 0.0039
vn 0.8986 -0.1543 -0.4107
vn 0.1533 0.9876 -0.0339
vn -0.0074 0.0023 -1.0000
vn 0.0967 0.6935 0.7139
vn 0.8656 0.4293 0.2577
vn 0.3681 0.5700 0.7346
vn -0.8466 -0.1658 -0.5057
vn 0.9206 0.0629 -0.3853
vn -0.7055 -0.6318 -0.3212
vn 0.6348 -0.2281 -0.7382
vn -0.9470 -0.2869 0.1446
vn -0.6238 0.2312 0.7466
vn -0.9076 0.0096 0.4197
vn -0.5361 -0.7935 -0.2880
vn -0.4545 0.2637 -0.8508
vn -0.8085 0.5585 -0.1857
vn -0.3720 -0.2503 0.8938
vn -0.3691 0.9030 -0.2198
vn -0.5180 -0.0276 0.8550
vn 0.5990 -0.7371 0.3130
vn -0.1631 0.3366 0.9274
vn 0.6008 0.6571 -0.4554
vn -0.7555 0.2890 0.5879
vn 0.0823 0.7707 0.6318
vn 0.0053 -0.2626 -0.9649
vn -0.4791 -0.0219 -0.8775
vn 0.4573 -0.5598 0.6910
vn -0.2012 -0.4740 0.8572
vn 0.3643 0.5767 0.7313
vn -0.0796 0.9065 0.4147
vn 0.4106 0.1283 -0.9027
vn 0.9308 -0.1277 0.3426
vn -0.2666 0.2391 -0.9337
vn -0.5141 -0.2127 -0.8309
vn 0.3397 0.2529 0.9059
vn 0.7387 0.3152 0.5958
vn -0.8412 0.4723 0.2633
vn -0.3097 -0.2739 0.9105
vn 0.8119 -0.2465 -0.5292
vn -0.5657 -0.8237 -0.0394
vn 0.3310 -0.6355 0.6976
vn 0.3306 -0.6351 0.6981
vn 0.3315 -0.6359 0.6970
vn 0.3517 -0.3109 -0.8829
vn 0.2494 -0.7551 0.6063
vn -0.7998 0.0167 -0.6000
vn -0.7033 -0.5362 0.4667
vn 0.6329 0.5702 0.5238
vn -0.5223 -0.0583 -0.8508
vn 0.3304 -0.0847 0.9400
vn 0.3351 -0.0852 0.9383
vn 0.3289 -0.0845 0.9406
vn -0.8292 -0.5464 0.1179
vn -0.2469 0.4440 0.8613
vn -0.1134 0.6203 0.7761
vn -0.4462 0.6624 0.6018
vn -0.4555 0.7870 -0.4161
vn -0.6276 0.7402 -0.2413
vn 0.4884 0.6239 -0.6101
vn 0.7689 0.4035 -0.4960
vn 0.8671 -0.3228 0.3793
vn -0.7759 0.6219 -0.1064
vn -0.9474 -0.2078 0.2435
vn 0.0100 -0.5469 0.8371
vn 0.6551 -0.6109 0.4447
vn -0.9954 0.0849 -0.0444
vn -0.6283 0.2110 0.7488
vn 0.6990 -0.4057 0.5889
vn -0.9019 0.1485 -0.4056
vn 0.5123 0.1072 -0.8521
vn -0.0259 0.3313 0.9432
vn 0.8560 -0.4613 -0.2335
vn -0.6296 -0.7259 -0.2769
vn -0.0189 -0.0935 -0.9954
vn -0.4796 0.6088 0.6319
vn -0.9356 0.1073 0.3363
vn 0.4101 -0.0288 -0.9116
vn 0.9870 -0.1339 -0.0888
vn 0.8469 -0.0983 0.5227
vn 0.8479 -0.0981 0.5210
vn 0.8462 -0.0984 0.5236
vn 0.6419 0.1402 0.7539
vn 0.8474 0.5223 -0.0955
vn -0.9928 -0.0886 0.0807
vn -0.9136 0.3405 -0.2223
vn 0.7659 0.1089 0.6337
vn 0.9200 -0.3533 0.1697
vn 0.7755 -0.6296 0.0478
vn 0.1682 -0.9516 -0.2573
vn -0.5182 -0.4489 0.7280
vn 0.3875 0.2492 0.8876
vn -0.5336 0.0454 0.8445
vn 0.9399 0.2156 0.2647
vn 0.1550 -0.4526 0.8781
vn -0.4067 -0.0276 -0.9131
vn -0.8178 -0.1410 0.5580
vn 0.7060 0.4689 -0.5307
vn 0.4940 0.4535 -0.7418
vn -0.0972 0.1702 -0.9806
vn 0.2542 0.9326 -0.2562
vn -0.9045 0.0426 -0.4244
vn 0.8887 0.0473 -0.4560
vn -0.0826 -0.9761 0.2012
vn -0.5798 0.5805 -0.5717
vn 0.2693 -0.8674 0.4184
vn -0.5302 0.8192 0.2188
vn -0.3157 0.2442 0.9169
vn -0.2414 0.9396 -0.2428
vn -0.0945 0.9681 -0.2323
vn -0.4473 0.6570 -0.6069
vn -0.4126 0.3445 -0.8432
vn 0.7197 -0.6829 0.1255
vn -0.9789 0.1378 -0.1506
vn -0.8130 0.5756 -0.0880
vn -0.2837 -0.0429 -0.9580
vn 0.8280 0.4737 0.2999
vn -0.8899 -0.1860 0.4166
vn 0.9660 -0.2535 0.0503
vn -0.4823 0.5240 0.7021
vn 0.8722 -0.2850 -0.3976
vn -0.6906 -0.0647 -0.7204
vn -0.6513 0.2340 0.7219
vn -0.1617 0.1008 -0.9817
vn -0.8875 0.3432 0.3074
vn 0.9434 -0.0886 0.3196
vn 0.9984 -0.0545 0.0147
vn -0.8542 -0.5129 -0.0851
vn 0.7175 0.0661 0.6935
vn 0.8186 0.5188 0.2465
vn 0.1997 -0.0619 0.9779
vn 0.6802 0.4499 0.5788
vn -0.6545 -0.5885 -0.4748
vn 0.2889 -0.5415 0.7895
vn -0.8271 0.2931 0.4795
vn 0.7080 -0.1541 0.6892
vn -0.0393 -0.4409 -0.8967
vn 0.3529 -0.0541 0.9341
vn 0.9327 0.0204 0.3602
vn -0.3681 -0.2647 -0.8913
vn 0.0931 0.9768 0.1931
vn 0.0948 0.9766 0.1931
vn 0.1009 0.9760 0.1929
vn 0.9136 0.1011 -0.3937
vn 0.2076 0.2005 0.9574
vn 0.7446 -0.2857 0.6033
vn -0.5270 0.2940 -0.7974
vn 0.2876 -0.3255 0.9008
vn 0.0525 0.7587 -0.6493
vn 0.0466 -0.2306 -0.9719
vn -0.2605 -0.6857 0.6797
vn 0.0357 0.1493 -0.9882
vn -0.7110 0.0682 0.6999
vn 0.5307 -0.1126 0.8401
vn -0.5123 -0.2787 -0.8123
vn -0.9287 0.1942 -0.3159
vn -0.2545 -0.6100 0.7504
vn -0.0552 -0.2633 0.9631
vn -0.8886 0.2162 0.4044
vn -0.8882 0.2154 0.4059
vn -0.8883 0.2156 0.4055
vn -0.0181 0.3782 -0.9256
vn 0.4981 -0.8616 -0.0980
vn -0.6656 -0.0816 -0.7418
vn -0.9362 0.0664 0.3452
vn 0.3904 0.5974 0.7005
vn 0.7263 -0.6608 -0.1895
vn 0.8898 0.2234 -0.3979
vn 0.3432 0.2501 -0.9054
vn 0.4780 0.1414 -0.8669
vn -0.1853 -0.4920 0.8506
vn -0.1203 -0.4016 0.9079
vn 0.1606 0.8329 -0.5296
vn 0.9217 0.3128 0.2293
vn 0.8996 0.2082 -0.3839
vn 0.4588 0.0085 -0.8885
vn 0.8955 0.1052 0.4324
vn 0.7291 -0.6836 -0.0321
vn 0.4685 0.8636 -0.1861
vn 0.3948 0.1148 -0.9116
vn 0.6582 -0.4640 -0.5929
vn 0.5481 -0.8238 0.1445
vn 0.6487 0.6428 -0.4075
vn 0.6424 -0.0038 -0.7663
vn -0.3417 -0.8042 -0.4862
vn -0.6263 0.4361 -0.6462
vn -0.3605 -0.3233 -0.8750
vn -0.0087 0.0891 -0.9960
vn -0.2306 -0.0575 0.9714
vn -0.8023 0.2144 0.5571
vn -0.5224 0.8352 -0.1720
vn -0.8528 -0.3496 0.3880
vn 0.5402 0.1858 -0.8208
vn 0.2031 0.8108 0.5490
vn -0.7969 0.1909 -0.5732
vn -0.8350 -0.4005 0.3773
vn -0.0116 -0.9688 0.2475
vn -0.0263 -0.3261 0.9450
vn -0.9567 -0.1791 0.2296
vn 0.1999 -0.2750 0.9404
vn 0.9053 -0.4126 -0.1006
vn -0.8036 -0.2000 0.5605
vn -0.2757 0.1949 -0.9413
vn -0.9008 -0.1784 -0.3959
vn -0.2927 -0.9554 -0.0400
vn 0.6605 0.1547 0.7347
vn -0.9112 -0.3913 -0.1291
vn 0.7504 -0.2483 0.6126
vn 0.9627 0.2682 -0.0367
vn -0.4410 0.5344 -0.7211
vn -0.8271 -0.5510 -0.1111
vn 0.5221 0.8140 0.2546
vn -0.2944 0.9338 -0.2035
vn -0.2445 0.3917 -0.8870
vn 0.1114 -0.9851 -0.1309
vn -0.7828 -0.4357 0.4442
vn 0.0967 -0.2233 0.9699
vn -0.6336 0.2298 -0.7387
vn -0.9318 0.0160 0.3625
vn -0.5938 0.7004 0.3961
vn 0.0496 0.1483 -0.9877
vn -0.8865 0.2129 0.4108
vn 0.3118 -0.3547 0.8815
vn 0.8380 0.0592 0.5424
vn 0.8744 -0.2443 0.4193
vn -0.7427 -0.3142 0.5913
vn 0.7981 -0.4012 0.4496
vn -0.7553 0.2011 -0.6237
vn 0.0944 -0.9935 -0.0641
vn -0.1709 -0.3514 0.9205
vn -0.5468 0.3645 0.7538
vn 0.2277 -0.0836 0.9701
vn 0.5345 -0.1590 -0.8301
vn 0.1573 -0.0219 -0.9873
vn 0.9389 0.1508 0.3095
vn -0.8555 0.2285 -0.4646
vn 0.9339 -0.0533 -0.3535
vn -0.7701 0.4614 0.4404
vn -0.3116 -0.9448 0.1018
vn -0.9771 0.0677 0.2018
vn 0.7524 0.1579 -0.6395
vn -0.5591 -0.6998 -0.4446
vn -0.8360 0.0285 0.5479
vn 0.2941 -0.5452 0.7850
vn -0.4255 -0.2496 0.8699
vn -0.5385 0.4175 0.7319
vn 0.9653 -0.2349 0.1144
vn 0.8957 0.0241 0.4440
vn 0.4606 -0.2564 0.8498
vn 0.9759 0.0787 -0.2036
vn -0.9914 -0.1045 0.0787
vn 0.4701 -0.3264 0.8200
vn -0.8766 0.0476 0.4789
vn 0.9748 0.2200 -0.0382
vn 0.2343 -0.8454 -0.4800
vn -0.5207 0.5831 -0.6236
vn -0.8017 -0.5842 0.1263
vn -0.7524 0.0849 -0.6532
vn 0.6061 -0.0735 0.7920
vn -0.8518 0.4271 -0.3034
vn -0.1656 0.2742 0.9473
vn -0.0835 0.2981 -0.9509
vn -0.0795 0.3127 -0.9465
vn 0.2592 -0.3526 0.8991
vn -0.7552 0.2341 -0.6123
vn -0.0506 -0.3780 -0.9244
vn 0.5950 -0.6831 -0.4234
vn 0.3173 -0.2257 -0.9211
vn 0.6518 -0.7395 -0.1686
vn -0.8049 -0.3893 0.4479
vn 0.4888 0.0785 0.8688
vn -0.5024 -0.2627 -0.8238
vn -0.0221 -0.9966 -0.0793
vn -0.8969 0.4272 -0.1141
vn -0.4114 0.4852 0.7716
vn -0.2063 0.9489 -0.2390
vn 0.4932 0.3870 -0.7791
vn -0.2533 0.4569 -0.8527
vn -0.8274 0.4919 0.2711
vn 0.8673 -0.0369 0.4965
vn -0.8624 0.1641 0.4788
vn 0.8484 -0.0980 0.5202
vn 0.3432 0.8578 0.3825
vn 0.2454 0.7139 0.6558
vn -0.9824 0.1679 0.0823
vn -0.6712 -0.4638 0.5782
vn 0.5400 -0.8392 -0.0649
vn -0.4480 0.1898 -0.8737
vn -0.6216 -0.2844 -0.7299
vn 0.8248 -0.5305 -0.1956
vn -0.9165 0.3157 -0.2456
vn 0.9266 0.0616 -0.3709
vn -0.2919 0.1161 -0.9494
vn 0.6018 -0.6626 0.4459
vn -0.3385 0.1772 -0.9241
vn -0.8291 -0.5200 -0.2052
vn -0.2919 0.2312 -0.9281
vn -0.8547 0.4342 0.2847
vn 0.8239 0.0846 0.5604
vn 0.6337 -0.4396 0.6365
vn 0.7431 0.6163 -0.2608
vn 0.9228 -0.1500 0.3550
vn -0.2733 0.7335 0.6223
vn 0.5424 0.1915 -0.8180
vn 0.9356 0.3296 0.1263
vn 0.0679 0.2781 0.9581
vn 0.1519 0.0613 0.9865
vn -0.4868 -0.2301 0.8427
vn -0.0236 0.1253 -0.9918
vn 0.0098 0.2686 0.9632
vn -0.2352 0.6284 -0.7414
vn -0.9903 0.1389 -0.0056
vn -0.1549 0.8122 0.5624
vn 0.3343 0.5728 -0.7484
vn -0.6535 -0.7249 0.2178
vn 0.6025 0.4135 0.6827
vn -0.9451 -0.2886 0.1529
vn 0.4732 0.3975 -0.7862
vn -0.9603 -0.1279 -0.2478
vn 0.1991 -0.2015 0.9590
vn 0.1996 -0.2007 0.9591
vn 0.2026 -0.1967 0.9593
vn 0.1863 0.9284 0.3216
vn 0.1037 0.9780 0.1811
vn 0.2693 -0.1303 0.9542
vn 0.2742 -0.3483 0.8964
vn -0.9561 0.1117 0.2709
vn -0.3882 -0.6673 -0.6356
vn -0.6660 -0.4361 0.6052
vn 0.5965 -0.0693 -0.7996
vn 0.8910 -0.1838 -0.4150
vn -0.9645 0.2288 0.1319
vn -0.5128 0.7455 0.4257
vn -0.5168 0.7455 0.4209
vn -0.5136 0.7455 0.4249
vn 0.7963 -0.4563 -0.3970
vn -0.1783 -0.5577 0.8107
vn -0.6379 -0.6966 -0.3284
vn 0.8232 -0.5651 -0.0538
vn 0.3346 -0.5818 0.7413
vn 0.1440 0.3024 0.9422
vn -0.3341 0.2152 -0.9176
vn -0.7928 -0.2211 -0.5680
vn -0.1264 0.9531 0.2749
vn 0.6182 -0.5063 0.6012
vn 0.7266 -0.5851 0.3601
vn -0.1161 -0.9832 -0.1407
vn -0.2711 -0.8613 0.4298
vn -0.8958 -0.3582 0.2631
vn 0.7627 0.5256 0.3769
vn 0.3608 -0.1104 -0.9261
vn -0.5102 0.8366 0.1993
vn 0.9599 -0.2427 -0.1406
vn -0.1306 0.0504 -0.9902
vn 0.6731 -0.4594 -0.5796
vn -0.2688 0.8583 0.4372
vn 0.4359 -0.8995 0.0293
vn -0.3469 0.1369 0.9278
vn -0.7395 -0.6260 0.2476
vn 0.1751 -0.9834 -0.0483
vn 0.1801 -0.9824 -0.0491
vn 0.1811 -0.9822 -0.0493
vn 0.9809 -0.0878 -0.1735
vn -0.0740 0.1328 -0.9884
vn -0.2533 -0.3429 -0.9046
vn 0.1737 -0.9836 -0.0481
vn 0.6499 0.7102 -0.2706
vn 0.3898 0.2799 -0.8773
vn -0.4726 -0.2506 -0.8449
vn 0.4233 0.0669 -0.9035
vn 0.7317 0.0162 0.6814
vn 0.3794 0.2598 -0.8880
vn 0.3472 0.0862 0.9338
vn -0.9136 -0.4060 -0.0220
vn 0.9287 -0.3552 0.1064
vn -0.8083 -0.3323 0.4861
vn -0.9756 -0.1343 0.1738
vn -0.6649 0.5102 0.5455
vn 0.1665 0.7953 0.5830
vn 0.3209 -0.9358 0.1457
vn 0.1174 -0.1529 -0.9812
vn 0.5322 -0.4946 0.6871
vn 0.1209 -0.9902 -0.0694
vn 0.1193 -0.7811 -0.6129
vn 0.9184 0.3433 -0.1967
vn 0.9872 0.0069 -0.1592
vn 0.9998 0.0146 -0.0153
vn 0.0074 -0.3534 -0.9354
vn -0.1696 0.8035 -0.5706
vn 0.4903 -0.1088 0.8647
vn 0.2037 -0.6100 0.7658
vn 0.3628 -0.1146 0.9248
vn -0.1896 0.0442 -0.9809
vn -0.9661 0.0156 -0.2578
vn 0.4157 0.4235 0.8049
vn 0.8293 0.1092 0.5481
vn 0.5129 0.2329 -0.8262
vn -0.6991 0.4350 -0.5674
vn -0.5113 0.6999 -0.4987
vn -0.4057 0.8440 0.3507
vn -0.2279 -0.9088 -0.3495
vn -0.3268 0.9288 -0.1747
vn 0.1492 -0.8304 -0.5369
vn -0.9245 -0.1251 -0.3601
vn 0.0751 -0.4047 0.9114
vn -0.8934 -0.0031 -0.4493
vn 0.0250 -0.9063 -0.4218
vn 0.2715 0.5567 0.7851
vn -0.2939 0.7479 0.5953
vn -0.4224 -0.2922 -0.8580
vn -0.9849 0.0991 -0.1423
vn -0.3192 -0.6130 -0.7227
vn -0.4623 -0.6318 0.6222
vn -0.8424 -0.2821 0.4591
vn -0.1778 -0.0756 -0.9812
vn -0.9945 -0.0287 0.1004
vn -0.8295 -0.4635 -0.3115
vn -0.0106 0.0688 0.9976
vn -0.9400 -0.1557 0.3036
vn 0.1441 -0.2257 0.9635
vn 0.3518 -0.8363 -0.4206
vn -0.4486 0.5519 -0.7030
vn -0.6109 -0.6085 0.5065
vn 0.8228 -0.5182 -0.2334
vn -0.2562 0.3482 -0.9017
vn -0.7045 -0.1411 0.6955
vn -0.9362 0.0903 -0.3396
vn 0.9271 0.1134 -0.3573
vn 0.7290 0.0349 -0.6836
vn 0.6062 -0.7293 -0.3172
vn -0.6148 0.1367 0.7767
vn 0.6695 0.7210 -0.1788
vn 0.2332 -0.5130 0.8261
vn 0.4996 0.8147 0.2942
vn -0.9328 0.2415 0.2675
vn -0.6846 0.6330 0.3614
vn -0.8591 0.2055 0.4687
vn 0.2926 0.4381 0.8500
vn -0.0224 0.9067 -0.4212
vn 0.5455 -0.7120 0.4422
vn 0.8652 0.3692 -0.3393
vn 0.5300 -0.1821 -0.8282
vn 0.9464 -0.2349 -0.2217
vn 0.0351 -0.7687 -0.6387
vn 0.6418 -0.5340 0.5504
vn -0.2697 -0.2457 -0.9311
vn 0.9979 0.0633 0.0148
vn 0.0598 0.1970 -0.9786
vn -0.5540 0.4620 -0.6925
vn 0.7105 -0.0739 0.6998
vn 0.9037 -0.1838 -0.3868
vn -0.6340 0.1315 -0.7621
vn -0.2974 0.9093 0.2911
vn 0.8128 -0.4757 0.3361
vn 0.6835 -0.6274 0.3732
vn 0.1024 -0.4861 -0.8679
vn 0.9839 -0.1169 -0.1354
vn 0.4965 0.5379 0.6813
vn -0.7887 -0.3188 0.5257
vn 0.8357 -0.1572 -0.5262
vn -0.4659 -0.7529 -0.4649
vn -0.2099 -0.9760 0.0582
vn -0.9298 -0.0878 -0.3574
vn -0.9895 0.0879 -0.1147
vn -0.8132 -0.1622 0.5589
vn 0.7752 -0.0489 -0.6298
vn 0.6800 -0.1584 -0.7159
vn 0.0237 -0.9973 0.0698
vn 0.4983 0.7412 0.4498
vn 0.8118 -0.4516 -0.3702
vn -0.7957 0.6055 -0.0139
vn 0.1816 0.7241 0.6654
vn 0.3293 -0.5397 0.7747
vn 0.3027 -0.8230 0.4806
vn 0.8333 -0.3015 -0.4633
vn 0.3729 -0.5011 0.7809
vn 0.9345 0.0157 -0.3556
vn -0.6758 0.4633 0.5733
vn -0.8496 -0.4655 0.2479
vn 0.0286 -0.1124 -0.9933
vn -0.8613 0.3267 -0.3892
vn -0.1293 -0.2305 0.9645
vn -0.9430 0.3301 0.0415
vn -0.2178 -0.6811 -0.6990
vn -0.5638 0.3942 0.7258
vn 0.0622 -0.2299 0.9712
vn 0.6059 0.7272 -0.3226
vn -0.4335 0.3235 -0.8411
vn 0.1772 -0.8425 0.5087
vn 0.2163 0.3069 -0.9268
vn 0.9694 -0.1922 -0.1528
vn -0.9411 0.2453 -0.2328
vn 0.3735 -0.6262 0.6844
vn 0.9062 -0.0268 0.4220
vn -0.9812 0.1855 -0.0538
vn -0.9271 0.1881 -0.3243
vn -0.7113 0.7024 -0.0248
vn 0.8388 0.1825 -0.5130
vn 0.8394 0.1820 -0.5121
vn 0.8455 0.1780 -0.5034
vn 0.9900 -0.1065 -0.0927
vn 0.9618 -0.2442 0.1239
vn 0.2841 0.2134 -0.9347
vn 0.4707 0.8801 0.0625
vn -0.0156 0.3041 0.9525
vn -0.5829 0.8102 0.0609
vn -0.6492 0.5636 -0.5108
vn -0.0437 -0.2662 0.9629
vn -0.0632 -0.4274 0.9019
vn -0.9453 -0.3254 -0.0220
vn -0.5210 0.0446 0.8524
vn 0.6795 -0.0467 0.7322
vn -0.3762 0.0411 0.9256
vn -0.3569 0.6420 -0.6786
vn -0.2797 -0.0430 0.9591
vn 0.3255 0.1708 0.9300
vn 0.6581 0.1382 -0.7401
vn -0.2307 -0.2582 0.9382
vn 0.0155 0.2529 -0.9674
vn 0.9391 0.3313 -0.0912
vn 0.3312 -0.3848 -0.8616
vn -0.4515 0.0358 -0.8916
vn -0.3566 0.1154 -0.9271
vn -0.5343 0.2779 -0.7983
vn 0.0652 -0.3421 0.9374
vn 0.6771 -0.0119 0.7358
vn 0.2898 0.9226 0.2544
vn -0.9972 -0.0737 0.0133
vn -0.8070 0.2896 -0.5146
vn -0.9666 -0.1485 0.2088
vn -0.5609 -0.3420 -0.7539
vn 0.9921 0.1128 -0.0545
vn 0.3309 0.6260 0.7061
vn -0.0412 -0.7188 -0.6940
vn -0.6470 -0.7537 -0.1149
vn -0.8743 -0.2123 -0.4366
vn 0.0345 -0.3535 0.9348
vn -0.3304 -0.2692 0.9046
vn -0.0053 0.9977 0.0681
vn -0.1406 -0.9877 0.0686
vn 0.9596 -0.1845 0.2127
vn -0.9867 0.1345 0.0915
vn -0.8436 -0.0786 0.5312
vn 0.7240 0.6586 0.2051
vn 0.6482 -0.5594 0.5166
vn -0.8099 0.0085 -0.5864
vn -0.6337 0.4131 0.6540
vn 0.5185 0.8524 0.0679
vn 0.3398 -0.8836 -0.3220
vn 0.4695 0.0749 0.8797
vn 0.7042 -0.0212 0.7097
vn 0.2436 0.2899 0.9255
vn -0.2816 0.3234 -0.9034
vn 0.6332 -0.3028 0.7123
vn 0.0223 0.8818 0.4710
vn -0.5196 0.0966 -0.8489
vn 0.8697 -0.3870 -0.3063
vn 0.3852 -0.1028 -0.9171
vn -0.7419 -0.0548 -0.6683
vn 0.4325 -0.0661 0.8992
vn -0.0931 -0.2178 -0.9715
vn 0.4311 -0.4044 0.8066
vn 0.6493 -0.0010 -0.7605
vn 0.5058 0.0470 -0.8614
vn -0.8755 -0.3070 -0.3733
vn -0.0779 -0.3129 -0.9466
vn 0.0419 0.0241 -0.9988
vn -0.2142 -0.3746 0.9021
vn 0.9125 -0.2613 0.3147
vn -0.7054 -0.4729 0.5280
vn -0.4841 -0.3871 -0.7848
vn -0.5290 -0.2255 -0.8181
vn 0.2029 -0.1963 0.9593
vn -0.4172 -0.6692 0.6149
vn 0.1410 -0.1300 0.9814
vn 0.2012 -0.4698 0.8596
vn 0.9665 0.1385 -0.2160
vn 0.1861 0.9803 0.0670
vn -0.6831 0.0828 -0.7256
vn -0.6366 -0.2275 -0.7369
vn 0.7667 -0.5003 -0.4022
vn 0.9327 0.3555 0.0602
vn 0.6736 0.7323 -0.1005
vn -0.9959 -0.0158 -0.0889
vn 0.2144 -0.3770 0.9010
vn -0.7764 0.1061 -0.6212
vn 0.1495 0.8022 0.5780
vn -0.4883 -0.7385 0.4649
vn -0.8822 0.4645 -0.0774
vn -0.2962 0.9036 0.3095
vn 0.4610 0.2848 -0.8404
vn -0.8930 0.1533 -0.4231
vn -0.5103 -0.5834 0.6319
vn -0.9473 0.2703 -0.1719
vn -0.0534 0.9592 0.2777
vn -0.9810 -0.1695 0.0946
vn 0.7555 -0.1140 0.6452
vn -0.9764 0.1095 -0.1863
vn 0.6071 -0.2240 0.7624
vn 0.8277 0.0165 0.5609
vn -0.6809 0.6653 -0.3061
vn -0.1862 -0.5334 0.8251
vn -0.5010 -0.6222 -0.6015
vn -0.9576 -0.0601 0.2816
vn 0.7568 0.2616 -0.5990
vn -0.0273 -0.3223 0.9462
vn -0.8699 0.4902 -0.0545
vn -0.5176 0.7455 0.4199
vn 0.8799 0.3956 0.2630
vn 0.9115 -0.2739 -0.3067
vn 0.6924 -0.1652 -0.7023
vn -0.6236 0.7817 -0.0089
vn -0.4690 -0.2447 -0.8486
vn -0.8970 -0.2887 -0.3347
vn 0.0692 -0.3807 0.9221
vn 0.0931 0.8743 0.4763
vn -0.6735 -0.7385 0.0301
vn 0.8925 -0.2551 -0.3719
vn -0.6979 0.2869 -0.6562
vn -0.6307 0.0792 0.7720
vn -0.7218 0.6524 -0.2309
vn 0.6753 -0.2203 0.7039
vn -0.7943 -0.2150 0.5682
vn 0.3084 0.3031 0.9017
vn -0.8240 0.5411 0.1678
vn 0.9838 0.1209 -0.1323
vn 0.1483 -0.0312 0.9884
vn 0.9793 0.2018 -0.0141
vn 0.3358 -0.0854 0.9381
vn -0.3956 -0.7298 0.5576
vn 0.9633 0.1769 -0.2019
vn 0.3419 0.9018 0.2644
vn 0.9404 -0.1022 0.3244
vn -0.6326 -0.4934 -0.5970
vn 0.9242 -0.3134 -0.2182
vn -0.2824 -0.9521 0.1174
vn 0.8354 0.5426 0.0879
vn 0.9878 0.0647 0.1420
vn -0.8519 -0.2116 0.4790
vn 0.5227 -0.6702 0.5269
vn 0.0149 -0.2594 -0.9657
vn 0.3435 0.1726 0.9232
vn 0.5596 -0.6468 -0.5182
vn 0.9840 0.1457 0.1025
vn -0.0964 -0.2975 0.9498
vn 0.7942 0.1172 0.5963
vn 0.7667 0.1716 0.6186
vn -0.6476 0.6648 -0.3723
vn 0.5345 0.6929 0.4840
vn -0.0839 -0.2132 0.9734
vn -0.7945 -0.4586 -0.3981
vn 0.2381 -0.1071 0.9653
vn 0.7257 0.3979 -0.5612
vn -0.9566 -0.2793 0.0831
vn 0.9380 0.3114 -0.1519
vn 0.8905 0.3236 -0.3199
vn -0.4382 -0.0940 -0.8940
vn -0.4551 0.2858 0.8434
vn 0.5413 0.5296 0.6531
vn 0.9263 -0.1851 0.3281
vn 0.8299 0.5227 -0.1949
vn 0.0013 -0.4618 -0.8870
vn -0.0109 -0.1826 -0.9831
vn -0.7709 0.5796 0.2643
vn -0.3866 -0.7252 -0.5698
vn 0.6338 -0.0902 0.7682
vn -0.3307 0.7692 -0.5467
vn -0.0955 -0.0938 -0.9910
vn 0.7889 0.5329 -0.3061
vn -0.9577 0.2368 -0.1637
vn 0.9744 -0.2242 -0.0153
vn -0.5915 0.7846 -0.1859
vn -0.8066 0.1914 -0.5592
vn 0.4705 -0.8020 0.3680
vn 0.0556 -0.0796 0.9953
vn -0.1101 0.4127 0.9042
vn -0.0386 0.7791 0.6257
vn -0.0407 -0.0606 0.9973
vn -0.7177 -0.0065 -0.6964
vn 0.9313 -0.3495 0.1022
vn 0.0645 0.0087 0.9979
vn -0.9724 -0.0339 0.2308
vn 0.0219 -0.0653 0.9976
vn 0.1657 0.6495 0.7421
vn 0.1020 0.9759 0.1929
vn 0.8372 -0.5327 0.1237
vn -0.7853 0.1847 -0.5909
vn -0.2536 0.9562 -0.1462
vn -0.7319 -0.0243 -0.6810
vn 0.3254 -0.4518 0.8306
vn 0.1528 -0.1128 -0.9818
vn -0.3218 0.1132 0.9400
vn -0.9810 -0.0316 0.1912
vn 0.8458 0.1783 -0.5029
vn -0.9071 0.3842 0.1720
vn -0.9062 0.3436 -0.2465
vn 0.7966 -0.0406 0.6031
vn 0.3319 -0.6362 0.6965
vn 0.1195 0.6467 0.7533
vn -0.3361 -0.0037 -0.9418
vn 0.5022 -0.4565 0.7344
vn 0.1491 -0.6667 -0.7302
vn -0.6861 0.6532 -0.3204
vn 0.1502 -0.5086 0.8478
vn 0.8625 0.1943 -0.4672
vn -0.8197 0.5546 0.1436
vn -0.9265 -0.1914 -0.3239
vn 0.4553 -0.0048 -0.8903
vn 0.9371 0.2553 0.2379
vn 0.3692 -0.3863 0.8453
vn -0.4556 0.7803 0.4283
vn -0.9835 -0.0810 0.1615
vn -0.0753 -0.2534 -0.9644
vn -0.8966 0.0601 -0.4388
vn -0.7513 0.6248 -0.2125
vn -0.9437 -0.1739 0.2816
vn 0.1249 0.3410 0.9317
vn -0.8253 0.0262 -0.5640
vn -0.7971 0.5008 0.3373
vn -0.2382 0.9274 -0.2886
vn -0.0122 -0.7654 0.6435
vn -0.8587 -0.1450 -0.4916
vn -0.9463 -0.2885 -0.1456
vn -0.3660 -0.1358 -0.9207
vn 0.3382 0.9236 0.1807
vn 0.6339 -0.1552 0.7577
vn 0.2208 0.6997 -0.6795
vn -0.7830 0.3835 0.4898
vn 0.9691 0.2462 0.0114
vn -0.8815 0.4689 -0.0552
vn -0.4463 0.2276 -0.8654
vn 0.4090 -0.3893 0.8253
vn 0.3525 0.7094 -0.6104
vn 0.5570 -0.5630 -0.6106
vn 0.3121 -0.5667 0.7625
vn 0.4787 -0.4810 0.7345
vn 0.7220 -0.4736 0.5045
vn 0.2861 -0.2598 0.9223
vn -0.8970 -0.3127 -0.3125
vn 0.4625 0.5370 0.7055
vn -0.9387 -0.3216 -0.1243
vn -0.9361 -0.2969 0.1887
vn 0.5607 0.7664 0.3135
vn -0.4104 0.7468 0.5233
vn 0.3101 -0.9489 -0.0591
vn 0.2156 -0.3580 -0.9085
vn 0.8871 0.3661 -0.2812
vn 0.2930 -0.5792 0.7607
vn -0.9167 -0.1922 0.3502
vn -0.9083 -0.0874 -0.4090
vn -0.7435 -0.3596 -0.5639
vn -0.2609 -0.0865 -0.9615
vn -0.4402 -0.8837 0.1588
vn -0.5953 0.2953 -0.7472
vn -0.2440 0.3915 -0.8872
vn 0.3383 -0.2341 0.9115
vn 0.6661 -0.1717 0.7259
vn 0.0688 0.2409 -0.9681
vn -0.1834 -0.1990 0.9627
vn 0.3393 0.1839 -0.9225
vn -0.8544 0.1250 -0.5044
vn -0.0374 0.1665 -0.9853
vn 0.7744 0.6235 -0.1078
vn -0.8435 0.0289 -0.5364
vn 0.8006 0.5924 -0.0900
vn -0.8812 0.3838 0.2760
vn 0.5528 0.7775 -0.2998
vn -0.4012 0.8644 0.3030
vn -0.0000 -0.0000 1.0000
s 1
f 36//1 541//1 400//1
f 340//2 256//2 221//2
f 251//3 180//3 371//3
f 548//4 252//4 330//4
f 251//5 701//5 325//5
f 255//6 257//6 77//6
f 624//7 270//7 269//7
f 184//8 601//8 484//8
f 552//9 10//9 265//9
f 597//10 616//10 619//10
f 234//11 645//11 18//11
f 107//12 245//12 372//12
f 678//13 382//13 285//13
f 468//14 309//14 283//14
f 375//15 96//15 90//15
f 630//16 381//16 596//16
f 288//17 279//17 731//17
f 421//18 14//18 770//18
f 195//19 749//19 196//19
f 713//20 123//20 116//20
f 184//21 484//21 412//21
f 117//22 125//22 301//22
f 760//23 561//23 434//23
f 93//24 350//24 217//24
f 141//25 162//25 451//25
f 701//26 416//26 45//26
f 667//27 58//27 590//27
f 476//28 535//28 323//28
f 544//29 355//29 486//29
f 468//30 143//30 309//30
f 94//31 299//31 197//31
f 420//32 108//32 492//32
f 429//33 632//33 714//33
f 714//34 632//34 40//34
f 22//35 406//35 23//35
f 642//36 410//36 411//36
f 750//37 642//37 411//37
f 309//38 58//38 400//38
f 134//39 9//39 190//39
f 515//40 661//40 529//40
f 303//41 517//41 162//41
f 522//42 97//42 757//42
f 226//43 183//43 398//43
f 557//44 322//44 528//44
f 52//45 293//45 674//45
f 144//46 463//46 146//46
f 299//47 80//47 491//47
f 80//48 338//48 491//48
f 472//49 433//49 527//49
f 536//50 327//50 329//50
f 44//51 607//51 332//51
f 477//52 353//52 540//52
f 89//53 681//53 381//53
f 753//54 348//54 320//54
f 118//55 624//55 542//55
f 471//56 741//56 543//56
f 96//57 375//57 730//57
f 106//58 741//58 471//58
f 39//59 595//60 365//61
f 452//62 547//62 62//62
f 406//63 551//63 461//63
f 544//64 318//64 729//64
f 392//65 561//65 211//65
f 119//66 635//66 307//66
f 120//67 749//67 128//67
f 25//68 775//68 424//68
f 126//69 587//70 382//69
f 591//71 381//71 268//71
f 18//72 487//72 234//72
f 683//73 765//73 462//73
f 212//74 4//74 213//74
f 286//75 613//75 212//75
f 216//76 186//76 708//76
f 208//77 209//77 343//77
f 330//78 252//78 697//78
f 268//79 692//79 744//79
f 489//80 517//80 483//80
f 156//81 27//81 237//81
f 46//82 510//82 218//82
f 426//83 428//83 446//83
f 477//84 313//84 341//84
f 646//85 769//85 475//85
f 149//86 769//86 646//86
f 681//87 538//88 268//89
f 206//90 49//90 539//90
f 666//91 665//91 132//91
f 668//92 72//92 161//92
f 166//93 413//93 159//93
f 395//94 770//94 671//94
f 317//95 12//95 163//95
f 246//96 589//96 625//96
f 656//97 308//97 356//97
f 430//98 672//98 627//98
f 672//99 430//99 266//99
f 395//100 671//100 267//100
f 69//101 678//101 525//102
f 352//103 530//103 287//103
f 28//104 420//104 685//104
f 519//105 679//105 696//105
f 588//106 680//106 589//106
f 247//107 521//107 711//107
f 569//108 258//108 374//108
f 530//109 249//109 387//109
f 302//110 228//110 335//110
f 610//111 619//112 616//113
f 399//114 235//114 695//114
f 506//115 515//115 529//115
f 350//116 581//116 774//116
f 289//117 657//117 482//117
f 495//118 195//118 673//118
f 590//119 148//119 691//119
f 691//120 148//120 418//120
f 672//121 732//121 146//121
f 88//122 702//122 239//122
f 614//123 142//123 134//123
f 512//124 395//124 704//124
f 553//125 326//125 645//125
f 211//126 707//126 392//126
f 326//127 38//127 603//127
f 611//128 181//128 3//128
f 460//129 443//129 416//129
f 723//130 224//130 450//130
f 723//131 752//131 224//131
f 425//132 230//132 228//132
f 656//133 147//133 308//133
f 526//134 704//134 612//134
f 328//135 560//135 459//135
f 9//136 588//136 190//136
f 58//137 667//137 385//137
f 581//138 450//138 442//138
f 65//139 367//139 41//139
f 257//140 618//140 77//140
f 405//141 337//141 712//141
f 539//142 49//142 745//142
f 245//143 717//143 372//143
f 348//144 88//144 568//144
f 434//145 370//145 240//145
f 695//146 271//146 196//146
f 517//147 667//147 590//147
f 328//148 354//148 560//148
f 224//149 752//149 130//149
f 783//150 627//150 723//150
f 333//151 462//151 771//151
f 704//152 266//152 612//152
f 50//153 186//153 216//153
f 354//154 536//154 560//154
f 134//155 246//155 315//155
f 607//156 571//156 332//156
f 631//157 645//157 87//157
f 307//158 369//158 166//158
f 765//159 294//159 651//159
f 645//160 234//160 87//160
f 627//161 612//161 430//161
f 332//162 403//163 99//164
f 27//165 296//165 237//165
f 223//166 441//166 586//166
f 447//167 403//167 332//167
f 237//168 296//168 388//168
f 247//169 722//169 521//169
f 592//170 244//170 52//170
f 394//171 87//171 234//171
f 121//172 118//172 782//172
f 136//173 22//173 23//173
f 731//174 279//174 364//174
f 12//175 448//175 608//175
f 529//176 499//176 19//176
f 767//177 67//177 519//177
f 413//178 369//178 738//178
f 12//179 608//179 163//179
f 357//180 198//180 551//180
f 1//181 551//181 198//181
f 107//182 29//182 245//182
f 467//183 680//183 315//183
f 725//184 698//184 108//184
f 92//185 562//185 703//185
f 536//186 271//186 158//186
f 462//187 765//187 63//187
f 685//188 316//188 594//188
f 411//189 410//189 742//189
f 30//190 747//190 735//190
f 733//191 708//192 114//193
f 749//194 195//194 128//194
f 470//195 582//195 42//195
f 415//196 654//196 407//196
f 40//197 632//197 667//197
f 139//198 598//198 670//198
f 153//199 743//199 95//199
f 12//200 317//200 263//200
f 247//201 494//201 157//201
f 121//202 782//202 679//202
f 111//203 162//203 141//203
f 607//204 29//204 571//204
f 459//205 118//205 121//205
f 149//206 311//206 757//206
f 646//207 311//207 149//207
f 416//208 637//209 167//210
f 469//211 460//211 416//211
f 437//212 599//212 657//212
f 747//213 298//213 167//213
f 161//214 1//214 705//214
f 485//215 145//215 257//215
f 651//216 288//216 83//216
f 221//217 500//217 259//217
f 227//218 565//218 633//218
f 286//219 213//219 264//219
f 495//220 673//220 258//220
f 26//221 592//221 611//221
f 223//222 477//222 441//222
f 320//223 348//223 568//223
f 239//224 567//224 17//224
f 535//225 39//225 534//225
f 504//226 460//226 469//226
f 727//227 231//227 545//227
f 586//228 305//228 20//228
f 267//229 615//229 151//229
f 581//230 726//230 450//230
f 662//231 55//231 681//231
f 231//232 155//232 616//232
f 196//233 191//233 195//233
f 600//234 527//234 736//234
f 264//235 396//235 559//235
f 91//236 77//236 457//236
f 232//237 20//237 305//237
f 255//238 77//238 91//238
f 425//239 748//239 295//239
f 599//240 482//240 657//240
f 251//241 371//241 393//241
f 448//242 132//242 131//242
f 674//243 677//243 686//243
f 78//244 523//244 253//244
f 537//245 342//245 522//245
f 303//246 40//246 667//246
f 154//247 150//248 645//249
f 220//250 670//250 501//250
f 73//251 556//251 279//251
f 11//252 73//252 288//252
f 125//253 569//253 31//253
f 670//254 606//254 654//254
f 316//255 464//255 563//255
f 503//256 186//256 66//256
f 639//257 518//257 222//257
f 563//258 464//258 465//258
f 768//259 194//259 125//259
f 638//260 633//260 621//260
f 185//261 508//261 509//261
f 263//262 317//262 23//262
f 512//263 704//263 526//263
f 562//264 347//264 175//264
f 487//265 518//265 387//265
f 537//266 250//266 322//266
f 104//267 516//267 7//267
f 280//268 233//268 11//268
f 366//269 736//269 137//269
f 31//270 374//270 640//270
f 32//271 429//271 714//271
f 480//272 254//272 21//272
f 262//273 582//273 663//273
f 139//274 670//274 220//274
f 156//275 13//275 713//275
f 131//276 85//276 170//276
f 465//277 764//277 75//277
f 623//278 527//278 600//278
f 685//279 402//279 316//279
f 757//280 311//280 250//280
f 546//281 694//281 160//281
f 244//282 331//282 284//282
f 316//283 514//283 401//283
f 429//284 705//284 632//284
f 694//285 438//285 160//285
f 649//286 739//286 634//286
f 182//287 512//287 526//287
f 175//288 407//288 46//288
f 369//289 292//289 738//289
f 388//290 238//290 237//290
f 484//291 65//291 61//291
f 237//292 238//292 76//292
f 153//293 388//293 296//293
f 308//294 574//294 710//294
f 720//295 98//295 180//295
f 409//296 444//296 519//296
f 503//297 274//297 186//297
f 190//298 246//298 134//298
f 503//299 205//299 274//299
f 723//300 386//300 752//300
f 92//301 703//301 127//301
f 596//302 604//302 339//302
f 415//303 407//303 363//303
f 6//304 242//304 425//304
f 406//305 461//305 629//305
f 276//306 159//306 183//306
f 559//307 575//307 164//307
f 385//308 36//308 400//308
f 385//309 400//309 58//309
f 717//310 245//310 572//310
f 670//311 169//311 501//311
f 454//312 112//312 110//312
f 270//313 652//313 404//313
f 183//314 159//314 237//314
f 726//315 38//315 222//315
f 116//316 445//316 27//316
f 445//317 296//317 27//317
f 341//318 287//318 487//318
f 534//319 301//319 764//319
f 557//320 54//320 342//320
f 664//321 756//321 115//321
f 349//322 43//322 93//322
f 38//323 553//323 312//323
f 253//324 312//324 553//324
f 384//325 672//325 463//325
f 545//326 300//326 90//326
f 327//327 354//327 121//327
f 695//328 749//328 120//328
f 152//329 462//329 63//329
f 201//330 124//330 418//330
f 212//331 74//331 4//331
f 767//332 444//332 277//332
f 201//333 418//333 129//333
f 340//334 260//334 478//334
f 444//335 498//335 277//335
f 682//336 634//336 138//336
f 138//337 634//337 292//337
f 23//338 709//338 263//338
f 602//339 26//339 283//339
f 261//340 251//340 455//340
f 417//341 135//341 214//341
f 744//342 243//342 265//342
f 482//343 59//343 613//343
f 475//344 733//344 664//344
f 386//345 463//345 144//345
f 16//346 100//346 437//346
f 68//347 188//347 679//347
f 35//348 780//348 647//348
f 271//349 235//349 158//349
f 568//350 88//350 239//350
f 408//351 779//351 247//351
f 231//352 359//352 155//352
f 603//353 38//353 726//353
f 72//354 6//354 161//354
f 569//355 374//355 31//355
f 163//356 437//356 657//356
f 522//357 50//357 216//357
f 767//358 519//358 444//358
f 479//359 473//359 488//359
f 172//360 484//360 601//360
f 679//361 740//361 696//361
f 726//362 346//362 450//362
f 456//363 777//363 32//363
f 346//364 723//364 450//364
f 174//365 597//366 452//367
f 718//368 761//368 236//368
f 188//369 277//369 121//369
f 472//370 431//370 433//370
f 618//371 549//371 171//371
f 240//372 392//372 30//372
f 414//373 762//373 653//373
f 664//374 324//374 428//374
f 69//101 382//375 678//101
f 252//376 710//376 697//376
f 246//377 467//377 315//377
f 334//378 533//378 33//378
f 1//379 6//379 461//379
f 760//380 199//380 297//380
f 297//381 193//381 760//381
f 304//382 531//382 744//382
f 388//383 84//383 238//383
f 377//384 422//384 541//384
f 35//385 719//385 780//385
f 667//386 632//386 385//386
f 99//387 541//387 422//387
f 631//388 87//388 474//388
f 342//389 50//389 522//389
f 182//390 284//390 177//390
f 759//391 584//391 199//391
f 599//392 100//392 101//392
f 297//393 199//393 306//393
f 25//394 48//394 358//394
f 297//395 306//395 193//395
f 25//396 358//396 775//396
f 511//397 191//397 414//397
f 210//398 494//398 745//398
f 260//399 34//399 227//399
f 699//400 484//400 61//400
f 421//401 699//401 14//401
f 359//402 662//402 753//402
f 72//403 242//403 6//403
f 174//404 452//404 730//404
f 676//405 674//405 686//405
f 713//406 33//406 123//406
f 561//407 193//407 211//407
f 528//408 322//408 396//408
f 688//409 290//410 546//411
f 71//412 78//413 287//414
f 34//415 774//415 227//415
f 322//416 189//416 575//416
f 532//417 715//417 164//417
f 584//418 520//418 119//418
f 454//419 45//419 112//419
f 399//420 5//420 235//420
f 352//421 487//421 530//421
f 574//422 7//422 773//422
f 490//423 109//423 325//423
f 690//424 686//424 612//424
f 690//425 105//425 686//425
f 693//426 654//426 606//426
f 160//427 668//427 777//427
f 286//428 212//428 213//428
f 630//429 89//429 381//429
f 474//430 87//430 200//430
f 238//431 398//431 76//431
f 783//432 105//432 690//432
f 133//433 724//433 403//433
f 133//434 206//434 724//434
f 310//435 368//435 698//435
f 698//436 314//436 15//436
f 210//437 715//437 282//437
f 668//438 429//438 32//438
f 466//439 432//439 453//439
f 573//440 751//440 466//440
f 80//441 465//441 431//441
f 275//442 80//442 431//442
f 500//443 69//443 525//443
f 390//444 120//444 128//444
f 14//445 61//445 755//445
f 518//446 346//446 726//446
f 110//447 644//447 497//447
f 115//448 109//448 490//448
f 273//449 115//449 490//449
f 650//450 347//450 562//450
f 5//451 178//451 235//451
f 416//208 443//452 637//209
f 428//453 435//453 558//453
f 698//454 205//454 314//454
f 754//455 558//455 435//455
f 230//456 424//456 37//456
f 537//457 757//457 250//457
f 467//458 589//458 680//458
f 261//459 455//459 766//459
f 224//460 185//460 405//460
f 171//461 549//461 758//461
f 224//462 405//462 98//462
f 211//463 383//463 707//463
f 211//464 343//464 383//464
f 52//465 182//465 293//465
f 272//466 53//466 41//466
f 687//467 674//467 526//467
f 301//468 31//468 764//468
f 332//469 571//469 447//469
f 139//470 146//470 598//470
f 14//471 755//471 615//471
f 61//472 615//473 755//474
f 640//475 374//475 432//475
f 515//476 468//476 283//476
f 346//477 781//478 742//479
f 321//480 46//480 218//480
f 322//481 113//481 189//481
f 604//482 203//483 339//484
f 339//484 203//483 702//485
f 656//486 317//486 163//486
f 356//487 317//487 656//487
f 229//488 524//488 276//488
f 498//489 444//489 329//489
f 505//490 509//490 558//490
f 18//491 603//491 51//491
f 280//492 294//492 683//492
f 413//493 738//493 13//493
f 367//494 272//494 41//494
f 213//495 396//495 264//495
f 579//496 592//496 676//496
f 60//497 54//497 4//497
f 19//498 200//498 135//498
f 60//499 86//499 54//499
f 321//500 218//500 173//500
f 420//501 492//501 402//501
f 700//502 208//503 306//503
f 152//504 331//504 771//504
f 391//505 722//505 157//505
f 21//506 714//506 168//506
f 538//507 692//507 268//507
f 183//508 237//508 76//508
f 44//509 496//509 607//509
f 303//510 680//510 588//510
f 97//511 769//511 149//511
f 175//512 363//512 407//512
f 173//513 732//513 172//513
f 407//514 654//514 46//514
f 174//515 730//515 375//515
f 537//516 322//516 557//516
f 207//517 457//517 504//517
f 440//518 127//518 601//518
f 159//519 413//519 156//519
f 184//520 281//520 601//520
f 285//521 725//521 678//521
f 196//522 404//522 191//522
f 404//523 728//523 191//523
f 434//524 240//524 644//524
f 314//525 488//525 473//525
f 228//526 230//526 647//526
f 389//527 456//527 254//527
f 370//528 434//528 561//528
f 15//529 314//529 473//529
f 200//530 639//530 439//530
f 248//531 10//531 761//531
f 207//532 91//532 457//532
f 460//533 171//533 758//533
f 374//534 258//534 432//534
f 400//535 247//535 711//535
f 167//536 298//536 584//536
f 669//537 123//537 33//537
f 380//538 379//538 172//538
f 759//539 167//539 584//539
f 746//540 552//540 265//540
f 541//541 408//541 400//541
f 746//542 179//542 552//542
f 578//543 613//543 286//543
f 599//544 102//544 482//544
f 481//545 315//545 566//545
f 508//546 556//546 509//546
f 556//547 508//547 279//547
f 154//548 78//548 253//548
f 661//549 140//549 499//549
f 661//550 499//550 529//550
f 556//551 648//551 509//551
f 353//552 154//552 232//552
f 106//553 471//553 42//553
f 700//554 307//555 524//556
f 179//557 729//557 2//557
f 705//558 81//558 36//558
f 105//559 358//559 676//559
f 307//560 166//560 524//560
f 665//561 7//561 516//561
f 773//562 7//562 665//562
f 96//563 545//563 90//563
f 8//564 178//564 5//564
f 329//565 444//565 409//565
f 59//566 60//566 74//566
f 486//567 179//567 746//567
f 60//568 4//568 74//568
f 558//569 204//569 505//569
f 547//570 597//570 619//570
f 88//571 630//571 702//571
f 734//572 630//572 88//572
f 114//573 368//573 310//573
f 191//574 453//574 673//574
f 253//575 150//575 154//575
f 649//576 634//576 343//576
f 209//577 649//577 343//577
f 185//578 219//579 501//580
f 396//581 322//581 575//581
f 253//582 553//582 150//582
f 308//583 7//583 574//583
f 552//584 2//584 111//584
f 235//585 653//585 158//585
f 115//586 273//586 721//586
f 47//587 555//587 554//587
f 242//588 124//588 748//588
f 554//589 555//589 641//589
f 84//590 153//590 95//590
f 402//591 492//591 514//591
f 426//592 446//592 648//592
f 254//593 480//593 203//593
f 524//594 166//594 276//594
f 620//595 666//595 709//595
f 256//596 478//596 587//596
f 588//597 589//597 190//597
f 245//598 719//598 349//598
f 631//599 181//600 423//601
f 631//602 423//602 232//602
f 528//603 396//603 213//603
f 547//604 619//604 481//604
f 621//605 733//605 285//605
f 343//606 634//606 682//606
f 725//607 310//607 698//607
f 303//608 667//608 517//608
f 703//609 321//609 379//609
f 735//610 758//610 549//610
f 562//611 321//611 703//611
f 638//612 621//612 382//612
f 16//613 170//613 100//613
f 610//111 187//614 619//112
f 765//615 83//615 64//615
f 146//616 693//616 598//616
f 267//617 671//617 615//617
f 367//618 732//618 672//618
f 634//619 334//619 292//619
f 628//620 350//620 34//620
f 361//621 357//621 551//621
f 184//622 412//622 699//622
f 322//623 250//623 113//623
f 102//624 86//624 576//624
f 416//625 167//625 493//625
f 771//626 331//626 391//626
f 275//627 431//627 492//627
f 492//628 431//628 472//628
f 123//629 122//629 660//629
f 94//630 685//630 594//630
f 427//631 419//631 675//631
f 512//632 184//632 421//632
f 591//633 626//633 643//633
f 197//634 479//634 488//634
f 582//635 91//635 393//635
f 692//636 96//636 730//636
f 504//637 457//637 460//637
f 756//638 455//638 109//638
f 756//639 109//639 115//639
f 651//640 83//640 765//640
f 483//641 517//641 590//641
f 470//642 471//642 485//642
f 654//643 510//643 46//643
f 740//644 118//644 542//644
f 471//645 543//645 485//645
f 425//646 295//646 230//646
f 560//647 158//647 459//647
f 594//648 563//649 57//650
f 563//651 465//651 80//651
f 507//652 628//652 34//652
f 439//653 639//653 312//653
f 575//654 532//654 103//654
f 763//655 439//655 312//655
f 292//656 334//656 13//656
f 390//657 659//657 495//657
f 582//658 278//659 42//660
f 456//661 21//661 254//661
f 121//662 679//662 188//662
f 456//663 32//663 21//663
f 208//664 229//664 209//664
f 272//665 267//665 53//665
f 30//666 392//666 747//666
f 766//667 756//667 664//667
f 527//668 640//668 736//668
f 476//669 464//669 401//669
f 295//670 223//670 585//670
f 383//671 520//671 707//671
f 340//672 478//672 256//672
f 623//673 600//673 595//673
f 230//674 585//674 424//674
f 557//675 342//675 537//675
f 196//676 580//677 658//678
f 73//679 648//679 556//679
f 697//680 684//680 99//680
f 170//681 85//681 717//681
f 426//682 664//682 428//682
f 684//683 44//683 99//683
f 426//684 648//684 73//684
f 318//685 544//685 62//685
f 28//686 202//686 706//686
f 503//687 82//687 56//687
f 623//688 472//688 527//688
f 525//689 678//689 706//689
f 123//690 669//690 398//690
f 245//691 780//692 719//693
f 87//694 394//694 449//694
f 361//695 351//695 548//695
f 309//696 711//696 283//696
f 227//697 774//697 564//697
f 720//698 564//698 774//698
f 632//699 705//699 385//699
f 302//700 335//700 776//700
f 772//701 548//701 422//701
f 335//702 458//702 776//702
f 403//703 724//703 99//703
f 35//704 37//704 719//704
f 466//705 453//705 8//705
f 640//706 432//706 466//706
f 432//707 258//707 673//707
f 609//708 365//708 366//708
f 264//709 210//709 206//709
f 221//710 69//710 500//710
f 221//711 256//711 126//711
f 478//712 633//712 638//712
f 502//713 655//713 533//713
f 605//714 269//714 658//714
f 83//715 364//715 64//715
f 197//716 225//716 94//716
f 214//717 135//717 763//717
f 225//718 202//718 94//718
f 245//691 29//719 780//692
f 366//720 137//720 751//720
f 768//721 366//721 751//721
f 618//722 550//722 549//722
f 4//723 557//723 528//723
f 427//724 675//724 92//724
f 274//725 205//725 368//725
f 387//726 394//726 234//726
f 326//727 603//727 18//727
f 353//728 232//728 540//728
f 162//729 489//729 451//729
f 421//730 770//730 395//730
f 399//731 390//731 5//731
f 637//732 758//732 735//732
f 181//600 397//733 423//601
f 669//734 655//734 226//734
f 732//735 510//735 693//735
f 782//736 118//736 740//736
f 533//737 655//737 669//737
f 95//738 660//738 122//738
f 283//739 26//739 3//739
f 282//740 715//740 617//740
f 639//741 449//741 518//741
f 477//742 540//742 305//742
f 153//743 296//743 743//743
f 540//744 232//744 305//744
f 125//745 194//745 569//745
f 379//746 173//746 172//746
f 114//747 274//747 368//747
f 370//748 392//748 240//748
f 334//749 33//749 13//749
f 108//750 275//750 492//750
f 200//751 439//751 135//751
f 163//752 608//752 437//752
f 642//753 362//753 344//753
f 86//754 340//754 221//754
f 26//755 244//755 592//755
f 86//756 221//756 259//756
f 287//757 530//757 387//757
f 327//758 498//758 329//758
f 29//719 607//759 780//692
f 350//760 93//760 581//760
f 233//761 664//761 426//761
f 732//762 218//762 510//762
f 141//763 451//763 242//763
f 277//764 498//764 327//764
f 714//765 40//765 168//765
f 37//766 424//766 577//766
f 21//767 168//767 567//767
f 652//768 270//768 624//768
f 175//769 415//769 363//769
f 271//770 378//770 196//770
f 710//771 574//771 773//771
f 415//772 175//772 347//772
f 389//773 777//773 456//773
f 493//774 167//774 759//774
f 155//775 753//775 320//775
f 697//776 710//776 773//776
f 154//247 645//249 232//777
f 480//778 21//778 567//778
f 239//779 480//779 567//779
f 771//780 462//780 152//780
f 390//781 128//781 659//781
f 420//782 402//782 685//782
f 250//783 311//783 189//783
f 629//784 620//784 709//784
f 153//785 84//785 388//785
f 575//786 333//786 532//786
f 134//787 142//787 9//787
f 583//788 229//788 276//788
f 216//789 708//789 97//789
f 479//790 299//790 473//790
f 720//791 180//791 261//791
f 436//792 226//792 502//792
f 728//793 652//793 624//793
f 210//794 282//794 494//794
f 716//795 717//795 572//795
f 448//796 170//796 16//796
f 107//797 372//797 286//797
f 215//798 754//798 570//798
f 361//799 772//799 357//799
f 631//800 232//800 645//800
f 676//801 592//801 52//801
f 452//802 597//802 547//802
f 651//803 294//803 280//803
f 717//804 578//804 286//804
f 585//805 586//805 48//805
f 513//806 720//806 766//806
f 382//807 587//807 638//807
f 611//808 592//808 579//808
f 527//809 433//809 640//809
f 616//810 320//810 610//810
f 320//811 614//811 610//811
f 371//812 337//813 663//814
f 273//815 278//815 622//815
f 406//816 629//816 23//816
f 278//817 273//817 42//817
f 106//818 42//818 273//818
f 629//819 302//819 620//819
f 23//820 629//820 709//820
f 754//821 622//821 570//821
f 737//822 716//822 291//822
f 699//823 61//823 14//823
f 536//824 158//824 560//824
f 101//825 291//825 507//825
f 586//826 20//826 48//826
f 747//827 637//827 735//827
f 185//828 505//828 405//828
f 595//829 600//829 736//829
f 405//830 505//830 204//830
f 547//831 566//831 318//831
f 223//832 201//832 336//832
f 62//833 544//833 531//833
f 5//834 573//834 466//834
f 265//835 544//835 486//835
f 124//836 691//836 418//836
f 199//837 307//555 700//554
f 251//838 393//838 207//838
f 688//839 160//839 389//839
f 248//840 744//840 265//840
f 355//841 729//841 176//841
f 306//503 199//502 700//502
f 290//842 718//842 236//842
f 692//843 730//843 744//843
f 350//844 628//844 217//844
f 662//845 681//845 89//845
f 662//846 734//846 348//846
f 631//847 499//847 140//847
f 4//848 54//848 557//848
f 727//849 545//849 538//849
f 28//850 706//850 241//850
f 576//851 86//851 60//851
f 86//852 259//852 54//852
f 325//853 701//853 741//853
f 722//854 244//854 26//854
f 521//855 26//855 440//855
f 243//856 544//856 265//856
f 121//857 277//857 327//857
f 112//858 45//858 434//858
f 232//859 423//859 20//859
f 434//860 644//860 112//860
f 100//861 737//861 101//861
f 580//862 409//862 605//862
f 291//863 101//863 737//863
f 475//864 233//864 646//864
f 285//865 114//865 310//865
f 659//866 128//866 195//866
f 228//867 458//867 335//867
f 783//868 249//868 530//868
f 228//869 647//869 458//869
f 253//870 763//870 312//870
f 555//871 529//871 417//871
f 143//872 58//872 309//872
f 529//873 19//873 417//873
f 718//874 248//874 761//874
f 291//875 716//875 349//875
f 349//876 719//876 689//876
f 242//877 451//877 483//877
f 92//878 675//878 650//878
f 675//879 152//879 650//879
f 459//880 624//880 118//880
f 242//881 483//881 124//881
f 246//882 190//882 589//882
f 127//883 380//883 601//883
f 97//884 149//884 757//884
f 506//885 143//885 468//885
f 244//886 284//886 182//886
f 536//887 329//887 378//887
f 193//888 306//888 343//888
f 378//889 329//889 409//889
f 371//812 663//814 393//890
f 52//891 674//891 676//891
f 552//892 179//892 2//892
f 509//893 648//893 446//893
f 224//894 130//894 219//894
f 86//895 101//895 507//895
f 102//896 101//896 86//896
f 103//897 164//897 575//897
f 463//898 672//898 146//898
f 155//899 319//899 616//899
f 202//900 28//900 685//900
f 767//901 277//901 188//901
f 461//902 228//902 629//902
f 666//903 684//903 773//903
f 681//87 268//89 381//904
f 400//905 711//905 309//905
f 67//906 767//906 68//906
f 284//907 419//907 177//907
f 204//908 754//908 215//908
f 285//909 310//909 725//909
f 503//910 56//910 488//910
f 455//911 251//911 109//911
f 209//912 229//912 583//912
f 359//913 55//913 662//913
f 722//914 331//914 244//914
f 604//915 389//915 254//915
f 172//916 732//916 367//916
f 383//917 682//917 138//917
f 596//918 643//918 604//918
f 596//919 591//919 643//919
f 360//920 783//920 346//920
f 720//921 261//921 766//921
f 97//922 708//922 769//922
f 68//923 679//923 67//923
f 64//924 364//925 169//926
f 708//927 274//927 114//927
f 501//928 169//928 364//928
f 287//929 78//929 352//929
f 265//930 486//930 746//930
f 543//931 741//931 454//931
f 423//932 397//932 20//932
f 650//933 778//934 347//935
f 219//936 220//936 501//936
f 717//937 716//937 737//937
f 768//938 125//938 609//938
f 366//939 768//939 609//939
f 100//940 717//940 737//940
f 231//941 616//941 300//941
f 739//942 502//942 533//942
f 711//943 602//943 283//943
f 324//944 115//944 721//944
f 590//945 143//945 148//945
f 448//946 263//946 132//946
f 376//947 202//947 225//947
f 490//948 325//948 106//948
f 156//949 413//949 13//949
f 86//950 507//950 340//950
f 389//951 160//951 777//951
f 738//952 292//952 13//952
f 644//953 550//953 497//953
f 447//954 571//954 107//954
f 783//955 690//955 249//955
f 119//956 520//956 635//956
f 582//957 470//957 91//957
f 177//958 419//958 427//958
f 783//959 487//959 627//959
f 157//960 282//960 617//960
f 499//961 631//961 474//961
f 353//962 487//963 352//964
f 206//965 133//965 286//965
f 36//966 377//966 541//966
f 577//967 424//967 593//967
f 181//968 611//968 579//968
f 356//969 308//969 252//969
f 487//970 387//970 234//970
f 484//971 172//971 65//971
f 670//972 79//972 169//972
f 647//973 780//973 458//973
f 378//974 580//974 196//974
f 82//975 70//975 376//975
f 49//976 210//976 745//976
f 82//977 259//977 70//977
f 20//978 397//978 358//978
f 78//979 554//979 641//979
f 110//980 497//980 145//980
f 145//981 497//981 257//981
f 742//982 723//982 411//982
f 781//983 345//983 742//983
f 71//984 287//984 341//984
f 345//985 723//985 742//985
f 362//986 346//986 345//986
f 362//987 345//987 344//987
f 410//988 723//988 345//988
f 346//989 410//989 345//989
f 362//990 642//990 750//990
f 642//991 344//991 410//991
f 362//992 781//478 346//477
f 750//993 344//993 781//993
f 170//994 717//994 100//994
f 344//995 750//995 410//995
f 719//996 37//996 689//996
f 418//997 148//997 129//997
f 733//998 114//998 285//998
f 454//999 110//999 543//999
f 78//1000 641//1000 523//1000
f 44//1001 332//162 99//164
f 70//1002 525//1002 202//1002
f 192//1003 683//1003 333//1003
f 162//1004 517//1004 489//1004
f 461//1005 425//1005 228//1005
f 200//1006 449//1006 639//1006
f 34//1007 350//1007 774//1007
f 233//1008 73//1008 11//1008
f 206//1009 539//1009 724//1009
f 441//1010 477//1010 305//1010
f 323//1011 534//1011 476//1011
f 376//1012 197//1012 488//1012
f 621//1013 766//1013 664//1013
f 429//1014 668//1014 161//1014
f 623//1015 492//1015 472//1015
f 376//1016 225//1016 197//1016
f 129//1017 47//1017 554//1017
f 54//1018 82//1018 342//1018
f 364//1019 508//1019 185//1019
f 741//1020 701//1020 45//1020
f 476//1021 534//1021 764//1021
f 582//1022 393//1022 663//1022
f 177//1023 427//1024 184//1025
f 471//1026 470//1026 42//1026
f 166//1027 159//1027 276//1027
f 759//1028 760//1028 434//1028
f 187//1029 481//1029 619//1029
f 778//1030 64//1030 24//1030
f 550//1031 644//1031 240//1031
f 240//1032 30//1032 550//1032
f 199//1033 584//1033 119//1033
f 257//1034 497//1034 618//1034
f 535//1035 595//1035 39//1035
f 54//1036 259//1036 82//1036
f 222//1037 518//1037 726//1037
f 424//1038 585//1038 25//1038
f 150//1039 553//1039 645//1039
f 266//1040 272//1040 367//1040
f 295//1041 748//1042 223//1043
f 184//1044 699//1044 421//1044
f 669//1045 226//1045 398//1045
f 641//1046 165//1046 523//1046
f 507//1047 260//1047 340//1047
f 381//1048 591//1048 596//1048
f 387//1049 518//1049 394//1049
f 515//1050 140//1050 661//1050
f 515//1051 3//1051 140//1051
f 284//1052 331//1052 152//1052
f 349//1053 572//1053 245//1053
f 701//1054 469//1054 416//1054
f 506//1055 468//1055 515//1055
f 548//1056 330//1056 422//1056
f 330//1057 697//1057 422//1057
f 431//1058 75//1058 433//1058
f 745//1059 494//1059 779//1059
f 11//1060 288//1060 280//1060
f 193//1061 343//1061 211//1061
f 499//1062 474//1062 19//1062
f 731//1063 83//1063 288//1063
f 613//1064 373//1064 482//1064
f 432//1065 673//1065 453//1065
f 724//1066 539//1066 408//1066
f 520//1067 138//1067 635//1067
f 665//1068 85//1068 131//1068
f 383//1069 138//1069 520//1069
f 665//1070 516//1070 85//1070
f 565//1071 564//1071 720//1071
f 93//1072 51//1072 581//1072
f 155//1073 359//1073 753//1073
f 291//1074 93//1074 217//1074
f 649//1075 209//1075 583//1075
f 198//1076 81//1076 705//1076
f 627//1077 384//1077 386//1077
f 349//1078 93//1078 291//1078
f 269//1079 270//1079 658//1079
f 323//1080 535//1080 534//1080
f 752//1081 386//1081 144//1081
f 290//410 694//1082 546//411
f 435//1083 721//1083 622//1083
f 304//1084 62//1084 531//1084
f 693//1085 606//1085 598//1085
f 26//1086 601//1086 281//1086
f 90//1087 174//1087 375//1087
f 741//1088 45//1088 454//1088
f 729//1089 318//1089 2//1089
f 342//1090 82//1090 503//1090
f 127//1091 703//1091 379//1091
f 614//1092 187//1092 610//1092
f 62//1093 547//1093 318//1093
f 559//1094 164//1094 715//1094
f 68//1095 767//1095 188//1095
f 417//1096 19//1096 135//1096
f 740//1097 542//1097 605//1097
f 260//1098 227//1098 478//1098
f 39//1099 609//1099 117//1099
f 466//1100 137//1100 640//1100
f 748//1101 124//1101 201//1101
f 349//1102 716//1102 572//1102
f 173//1103 218//1103 732//1103
f 748//1042 201//1104 223//1043
f 172//1105 367//1105 65//1105
f 548//1106 351//1106 252//1106
f 82//1107 376//1107 56//1107
f 136//1108 406//1108 22//1108
f 50//1109 66//1109 186//1109
f 105//1110 676//1110 686//1110
f 740//1111 605//1111 696//1111
f 287//1112 387//1112 249//1112
f 235//1113 271//1113 695//1113
f 591//1114 268//1114 626//1114
f 279//1115 508//1115 364//1115
f 762//1116 414//1116 728//1116
f 264//1117 559//1117 210//1117
f 358//1118 397//1118 676//1118
f 189//1119 333//1119 575//1119
f 92//1120 281//1120 184//1120
f 67//1121 679//1121 519//1121
f 223//1122 336//1122 313//1122
f 521//1123 722//1123 26//1123
f 709//1124 666//1124 263//1124
f 37//1125 577//1125 689//1125
f 415//1126 24//1126 169//1126
f 259//1127 500//1127 70//1127
f 129//1128 148//1128 47//1128
f 324//1129 721//1129 435//1129
f 92//1130 650//1130 562//1130
f 347//1131 778//1131 24//1131
f 391//1132 331//1132 722//1132
f 71//412 554//1133 78//413
f 684//1134 496//1134 44//1134
f 129//1135 554//1135 71//1135
f 422//1136 697//1136 99//1136
f 763//1137 135//1137 439//1137
f 355//1138 544//1138 729//1138
f 478//1139 638//1139 587//1139
f 20//1140 358//1140 48//1140
f 59//1141 576//1141 60//1141
f 235//1142 178//1142 653//1142
f 609//1143 125//1143 117//1143
f 614//1144 567//1144 142//1144
f 17//1145 567//1145 614//1145
f 362//1146 750//1146 781//1146
f 627//1147 672//1147 384//1147
f 510//1148 654//1148 693//1148
f 280//1149 683//1149 192//1149
f 769//1150 708//192 733//191
f 238//1151 123//1151 398//1151
f 486//1152 176//1152 179//1152
f 436//1153 276//1153 183//1153
f 442//1154 224//1154 98//1154
f 355//1155 176//1155 486//1155
f 201//1156 129//1156 336//1156
f 70//1157 202//1157 376//1157
f 612//1158 687//1158 526//1158
f 470//1159 485//1159 255//1159
f 470//1160 255//1160 91//1160
f 608//1161 448//1161 16//1161
f 376//1162 488//1162 56//1162
f 417//1163 214//1163 763//1163
f 341//1164 487//963 353//962
f 51//1165 593//1165 775//1165
f 51//1166 93//1166 593//1166
f 156//1167 713//1167 27//1167
f 167//1168 637//1168 747//1168
f 147//1169 516//1169 104//1169
f 134//1170 315//1170 481//1170
f 77//1171 618//1171 171//1171
f 147//1172 373//1172 516//1172
f 93//1173 43//1173 593//1173
f 299//1174 491//1174 473//1174
f 625//1175 467//1175 246//1175
f 289//1176 373//1176 147//1176
f 8//1177 453//1177 178//1177
f 353//1178 78//1178 154//1178
f 704//1179 395//1179 267//1179
f 507//1180 291//1180 217//1180
f 438//1181 761//1181 668//1181
f 668//1182 761//1182 72//1182
f 563//1183 80//1183 57//1183
f 537//1184 522//1184 757//1184
f 354//1185 327//1185 536//1185
f 474//1186 200//1186 19//1186
f 112//1187 644//1187 110//1187
f 675//1188 419//1188 152//1188
f 785//1189 351//1189 361//1189
f 500//1190 525//1190 70//1190
f 410//1191 346//1191 742//1191
f 538//1192 96//1192 692//1192
f 568//1193 17//1193 614//1193
f 523//1194 417//1194 763//1194
f 92//1195 127//1195 281//1195
f 255//1196 485//1196 257//1196
f 531//1197 544//1197 243//1197
f 378//1198 409//1198 580//1198
f 127//1199 440//1199 281//1199
f 172//1200 601//1200 380//1200
f 180//1201 712//1201 371//1201
f 626//1202 268//1203 688//1204
f 662//1205 348//1205 753//1205
f 348//1206 734//1206 88//1206
f 613//1207 74//1207 212//1207
f 65//1208 41//1208 61//1208
f 723//1209 627//1209 386//1209
f 174//365 300//1210 597//366
f 224//1211 219//579 185//578
f 200//1212 87//1212 449//1212
f 32//1213 714//1213 21//1213
f 369//1214 307//1214 635//1214
f 231//1215 727//1216 359//1217
f 694//1218 761//1218 438//1218
f 109//1219 251//1219 325//1219
f 5//1220 466//1220 8//1220
f 233//1221 192//1221 646//1221
f 160//1222 438//1222 668//1222
f 493//1223 759//1223 434//1223
f 178//1224 414//1224 653//1224
f 532//1225 157//1225 617//1225
f 686//1226 677//1226 687//1226
f 482//1227 576//1227 59//1227
f 125//1228 31//1228 301//1228
f 771//1229 391//1229 532//1229
f 744//1230 730//1230 304//1230
f 440//1231 26//1231 281//1231
f 436//1232 502//1232 583//1232
f 140//1233 181//1233 631//1233
f 526//1234 293//1234 182//1234
f 195//1235 191//1235 673//1235
f 680//1236 303//1236 162//1236
f 731//1237 364//1237 83//1237
f 410//1238 784//1238 723//1238
f 784//1239 411//1239 723//1239
f 159//1240 156//1240 237//1240
f 460//1241 758//1241 443//1241
f 136//1242 317//1243 356//1244
f 280//1245 288//1245 651//1245
f 337//1246 570//1246 663//1246
f 337//1247 215//1247 570//1247
f 136//1242 23//1248 317//1243
f 688//1249 546//1249 160//1249
f 570//1250 622//1250 262//1250
f 566//1251 680//1251 2//1251
f 622//1252 278//1252 262//1252
f 490//1253 106//1253 273//1253
f 142//1254 40//1254 303//1254
f 302//1255 776//1255 496//1255
f 525//1256 706//1256 202//1256
f 59//1257 74//1257 613//1257
f 144//1258 139//1258 220//1258
f 424//1259 775//1259 593//1259
f 121//1260 354//1260 328//1260
f 357//1261 81//1261 198//1261
f 552//1262 141//1262 72//1262
f 516//1263 578//1263 85//1263
f 761//1264 10//1264 72//1264
f 122//1265 123//1265 238//1265
f 646//1266 192//1266 311//1266
f 503//1267 488//1267 205//1267
f 408//1268 745//1268 779//1268
f 247//1269 157//1269 722//1269
f 275//1270 15//1270 338//1270
f 555//1271 506//1271 529//1271
f 63//1272 765//1272 64//1272
f 94//1273 594//648 57//650
f 656//1274 163//1274 147//1274
f 244//1275 182//1275 52//1275
f 165//1276 417//1276 523//1276
f 583//1277 276//1277 436//1277
f 404//1278 196//676 658//678
f 414//1279 191//1279 728//1279
f 328//1280 459//1280 121//1280
f 743//1281 445//1281 660//1281
f 512//1282 182//1282 177//1282
f 396//1283 575//1283 559//1283
f 512//1284 177//1284 184//1284
f 670//1285 654//1285 79//1285
f 241//1286 706//1286 725//1286
f 776//1287 458//1287 607//1287
f 581//1288 442//1288 98//1288
f 111//1289 141//1289 552//1289
f 429//1290 161//1290 705//1290
f 89//1291 630//1291 734//1291
f 680//1292 111//1292 2//1292
f 595//1293 736//1293 365//1293
f 762//1294 728//1294 459//1294
f 573//1295 495//1295 768//1295
f 623//1296 595//1296 514//1296
f 773//1297 665//1297 666//1297
f 774//1298 581//1298 98//1298
f 341//1299 353//1299 477//1299
f 513//1300 766//1300 621//1300
f 720//1301 774//1301 98//1301
f 565//1302 720//1302 513//1302
f 314//1303 205//1303 488//1303
f 512//1304 421//1304 395//1304
f 514//1305 595//1305 535//1305
f 113//1306 250//1306 189//1306
f 728//1307 624//1307 459//1307
f 307//1308 199//1308 119//1308
f 158//1309 653//1309 459//1309
f 435//1310 622//1310 754//1310
f 539//1311 745//1311 408//1311
f 349//1312 689//1312 43//1312
f 51//1313 603//1313 581//1313
f 204//1314 558//1314 754//1314
f 45//1315 416//1315 493//1315
f 81//1316 377//1316 36//1316
f 647//1317 37//1317 35//1317
f 514//1318 492//1318 623//1318
f 599//1319 101//1319 102//1319
f 776//1320 607//1320 496//1320
f 178//1321 453//1321 511//1321
f 482//1322 373//1322 289//1322
f 379//1323 321//1323 173//1323
f 75//1324 31//1324 640//1324
f 186//1325 274//1325 708//1325
f 511//1326 453//1326 191//1326
f 636//1327 496//1327 684//1327
f 550//1328 735//1328 549//1328
f 464//1329 764//1329 465//1329
f 618//1330 497//1330 550//1330
f 13//1331 33//1331 713//1331
f 206//1332 286//1332 264//1332
f 428//1333 558//1333 446//1333
f 550//1334 30//1334 735//1334
f 628//1335 507//1335 217//1335
f 773//1336 684//1336 697//1336
f 495//1337 258//1337 569//1337
f 192//1338 233//1338 280//1338
f 658//1339 270//1339 404//1339
f 768//1340 495//1340 194//1340
f 507//1341 34//1341 260//1341
f 764//1342 31//1342 75//1342
f 207//1343 393//1343 91//1343
f 95//1344 122//1344 84//1344
f 706//1345 678//1345 725//1345
f 585//1346 48//1346 25//1346
f 390//1347 573//1347 5//1347
f 333//1348 683//1348 462//1348
f 683//1349 294//1349 765//1349
f 122//1350 238//1350 84//1350
f 594//1351 316//1351 563//1351
f 189//1352 311//1352 192//1352
f 241//1353 108//1353 420//1353
f 390//1354 495//1354 573//1354
f 519//1355 696//1355 409//1355
f 185//1356 501//1356 364//1356
f 189//1357 192//1357 333//1357
f 401//1358 535//1358 476//1358
f 104//1359 7//1359 308//1359
f 551//1360 1//1360 461//1360
f 443//1361 758//1361 637//1361
f 185//1362 509//1362 505//1362
f 129//1363 71//1363 336//1363
f 152//1364 63//1364 778//1364
f 483//1365 691//1365 124//1365
f 782//1366 740//1366 679//1366
f 461//1367 6//1367 425//1367
f 268//1368 744//1368 248//1368
f 649//1369 583//1369 739//1369
f 739//1370 533//1370 334//1370
f 552//1371 72//1371 10//1371
f 343//1372 682//1372 383//1372
f 360//1373 518//1373 487//1373
f 577//1374 593//1374 43//1374
f 626//1375 688//1375 389//1375
f 308//1376 147//1376 104//1376
f 38//1377 312//1377 222//1377
f 313//1378 336//1378 71//1378
f 47//1379 506//1379 555//1379
f 99//1380 724//1381 541//1382
f 226//1383 655//1383 502//1383
f 306//1384 208//1384 343//1384
f 26//1385 611//1385 3//1385
f 721//1386 273//1386 622//1386
f 545//1387 96//1387 538//1387
f 627//1388 690//1388 612//1388
f 448//1389 131//1389 170//1389
f 202//1390 685//1390 94//1390
f 251//1391 469//1391 701//1391
f 584//1392 298//1392 520//1392
f 228//1393 302//1393 629//1393
f 759//1394 199//1394 760//1394
f 406//1395 785//1395 361//1395
f 568//1396 614//1396 320//1396
f 551//1397 406//1397 361//1397
f 372//1398 717//1398 286//1398
f 465//1399 75//1399 431//1399
f 513//1400 621//1400 633//1400
f 9//1401 142//1401 303//1401
f 400//1402 408//1402 247//1402
f 769//1403 733//1403 475//1403
f 315//1404 680//1404 566//1404
f 266//1405 704//1405 272//1405
f 704//1406 267//1406 272//1406
f 163//1407 657//1407 289//1407
f 316//1408 401//1408 464//1408
f 51//1409 775//1409 360//1409
f 256//1410 587//1410 126//1410
f 386//1411 384//1411 463//1411
f 130//1412 752//1412 144//1412
f 457//1413 77//1413 171//1413
f 353//1414 352//1414 78//1414
f 399//1415 695//1415 120//1415
f 606//1416 670//1416 598//1416
f 457//1417 171//1417 460//1417
f 138//1418 292//1418 635//1418
f 342//1419 66//1419 50//1419
f 399//1420 120//1420 390//1420
f 743//1421 296//1421 445//1421
f 542//1422 269//1422 605//1422
f 503//1423 66//1423 342//1423
f 126//69 382//69 69//1424
f 221//1425 126//1425 69//1425
f 772//1426 422//1426 377//1426
f 666//1427 636//1427 684//1427
f 298//1428 707//1428 520//1428
f 369//1429 413//1429 166//1429
f 385//1430 705//1430 36//1430
f 79//1431 654//1431 415//1431
f 106//1432 325//1432 741//1432
f 286//1433 447//1433 107//1433
f 419//1434 284//1434 152//1434
f 732//1435 693//1435 146//1435
f 476//1436 764//1436 464//1436
f 360//1437 105//1437 783//1437
f 665//1438 131//1438 132//1438
f 360//1439 346//1439 518//1439
f 75//1440 640//1440 433//1440
f 263//1441 666//1441 132//1441
f 351//1442 136//1442 356//1442
f 770//1443 14//1443 615//1443
f 41//1444 151//1444 615//1444
f 473//1445 491//1445 338//1445
f 494//1446 282//1446 157//1446
f 98//1447 712//1447 180//1447
f 533//1448 669//1448 33//1448
f 168//1449 40//1449 142//1449
f 565//1450 513//1450 633//1450
f 783//1451 530//1451 487//1451
f 227//1452 564//1452 565//1452
f 450//1453 224//1453 442//1453
f 653//1454 762//1454 459//1454
f 268//1203 248//1455 688//1204
f 532//1456 164//1456 103//1456
f 733//1457 621//1457 664//1457
f 248//1458 265//1458 10//1458
f 532//1459 391//1459 157//1459
f 526//1460 674//1460 293//1460
f 98//1461 405//1461 712//1461
f 680//1462 162//1462 111//1462
f 561//1463 392//1463 370//1463
f 604//1464 254//1464 203//1464
f 702//1465 203//1465 239//1465
f 581//1466 603//1466 726//1466
f 55//1467 538//1467 681//1467
f 481//1468 566//1468 547//1468
f 357//1469 772//1469 81//1469
f 207//1470 504//1470 251//1470
f 775//1471 358//1471 105//1471
f 360//1472 775//1472 105//1472
f 283//1473 3//1473 515//1473
f 397//1474 579//1474 676//1474
f 141//1475 242//1475 72//1475
f 441//1476 305//1476 586//1476
f 612//1477 686//1477 687//1477
f 523//1478 763//1478 253//1478
f 664//1479 115//1479 324//1479
f 241//1480 725//1480 108//1480
f 534//1481 117//1481 301//1481
f 351//1482 356//1482 252//1482
f 660//1483 445//1483 116//1483
f 302//1484 496//1484 620//1484
f 660//1485 116//1485 123//1485
f 230//1486 295//1486 585//1486
f 404//1487 652//1487 728//1487
f 55//1488 727//1488 538//1488
f 137//1489 466//1489 751//1489
f 727//1216 55//1490 359//1217
f 760//1491 193//1491 561//1491
f 447//1492 133//1492 403//1492
f 446//1493 558//1493 509//1493
f 116//1494 27//1494 713//1494
f 698//1495 15//1495 108//1495
f 318//1496 566//1496 2//1496
f 620//1497 496//1497 636//1497
f 599//1498 437//1498 100//1498
f 290//1499 236//1499 694//1499
f 73//1500 279//1500 288//1500
f 392//1501 298//1501 747//1501
f 39//59 365//61 609//1502
f 298//1503 392//1503 707//1503
f 604//1504 626//1504 389//1504
f 304//1505 452//1505 62//1505
f 643//1506 626//1506 604//1506
f 483//1507 590//1507 691//1507
f 252//1508 308//1508 710//1508
f 534//1509 39//1509 117//1509
f 127//1510 379//1510 380//1510
f 650//933 152//1511 778//934
f 251//1512 504//1512 469//1512
f 779//1513 494//1513 247//1513
f 596//1514 339//1514 702//1514
f 233//1515 426//1515 73//1515
f 178//1516 511//1516 414//1516
f 286//1517 133//1517 447//1517
f 411//1518 784//1518 750//1518
f 750//1519 784//1519 410//1519
f 210//1520 559//1520 715//1520
f 261//1521 180//1521 251//1521
f 580//1522 605//1522 658//1522
f 739//1523 334//1523 634//1523
f 645//1524 326//1524 18//1524
f 613//1525 578//1525 373//1525
f 562//1526 46//1526 321//1526
f 695//1527 196//1527 749//1527
f 18//1528 51//1528 487//1528
f 487//1529 51//1529 360//1529
f 616//1530 319//1530 320//1530
f 299//1531 94//1531 57//1531
f 766//1532 455//1532 756//1532
f 90//1533 300//1533 174//1533
f 666//1534 620//1534 636//1534
f 602//1535 601//1535 26//1535
f 711//1536 521//1536 440//1536
f 440//1537 601//1537 602//1537
f 711//1538 440//1538 602//1538
f 15//1539 275//1539 108//1539
f 553//1540 38//1540 326//1540
f 361//1541 548//1541 772//1541
f 777//1542 668//1542 32//1542
f 197//1543 299//1543 479//1543
f 275//1544 338//1544 80//1544
f 617//1545 715//1545 532//1545
f 589//1546 467//1546 625//1546
f 300//1547 616//1547 597//1547
f 528//1548 213//1548 4//1548
f 663//1549 570//1549 262//1549
f 85//1550 578//1550 717//1550
f 203//1551 480//1551 239//1551
f 555//1552 417//1552 165//1552
f 522//1553 216//1553 97//1553
f 155//1554 320//1554 319//1554
f 641//1555 555//1555 165//1555
f 344//1556 345//1556 781//1556
f 514//1557 535//1557 401//1557
f 316//1558 402//1558 514//1558
f 705//1559 1//1559 198//1559
f 458//1560 780//1560 607//1560
f 736//1561 640//1561 137//1561
f 324//1562 435//1562 428//1562
f 41//1563 53//1563 151//1563
f 577//1564 43//1564 689//1564
f 63//1565 64//1565 778//1565
f 662//1566 89//1566 734//1566
f 184//1025 427//1024 92//1567
f 57//1568 80//1568 299//1568
f 312//1569 639//1569 222//1569
f 573//1570 768//1570 751//1570
f 624//1571 269//1571 542//1571
f 45//1572 493//1572 434//1572
f 140//1573 3//1573 181//1573
f 161//1574 6//1574 1//1574
f 647//1575 230//1575 37//1575
f 541//1382 724//1381 408//1576
f 365//1577 736//1577 366//1577
f 181//1578 579//1578 397//1578
f 605//1579 409//1579 696//1579
f 64//924 169//926 24//1580
f 271//1581 536//1581 378//1581
f 9//1582 303//1582 588//1582
f 659//1583 195//1583 495//1583
f 698//1584 368//1584 205//1584
f 28//1585 241//1585 420//1585
f 744//1586 531//1586 243//1586
f 532//1587 333//1587 771//1587
f 487//1588 249//1588 627//1588
f 227//1589 633//1589 478//1589
f 627//1590 249//1590 690//1590
f 206//1591 210//1591 49//1591
f 147//1592 163//1592 289//1592
f 687//1593 677//1593 674//1593
f 223//1594 313//1594 477//1594
f 770//1595 615//1595 671//1595
f 144//1596 146//1596 139//1596
f 608//1597 16//1597 437//1597
f 223//1598 586//1598 585//1598
f 571//1599 29//1599 107//1599
f 71//1600 341//1600 313//1600
f 425//1601 242//1601 748//1601
f 590//1602 58//1602 143//1602
f 290//1603 248//1603 718//1603
f 371//1604 712//1604 337//1604
f 176//1605 729//1605 179//1605
f 267//1606 151//1606 53//1606
f 81//1607 772//1607 377//1607
f 226//1608 436//1608 183//1608
f 568//1609 239//1609 17//1609
f 761//1610 694//1610 236//1610
f 484//1611 699//1611 412//1611
f 545//1612 231//1612 300//1612
f 187//1613 134//1613 481//1613
f 208//1614 524//1614 229//1614
f 262//1615 278//659 582//658
f 516//1616 373//1616 578//1616
f 61//472 41//1617 615//473
f 208//1618 700//1618 524//1618
f 76//1619 398//1619 183//1619
f 688//1620 248//1620 290//1620
f 369//1621 635//1621 292//1621
f 495//1622 569//1622 194//1622
f 219//1623 144//1623 220//1623
f 130//1624 144//1624 219//1624
f 630//1625 596//1625 702//1625
f 47//1626 148//1626 143//1626
f 169//1627 79//1627 415//1627
f 449//1628 394//1628 518//1628
f 562//1629 175//1629 46//1629
f 672//1630 266//1630 367//1630
f 12//1631 263//1631 448//1631
f 382//1632 621//1632 285//1632
f 405//1633 204//1633 215//1633
f 405//1634 215//1634 337//1634
f 452//1635 304//1635 730//1635
f 612//1636 266//1636 430//1636
f 614//1637 134//1637 187//1637
f 347//1638 24//1638 415//1638
f 475//1639 664//1639 233//1639
f 567//1640 168//1640 142//1640
f 482//1641 102//1641 576//1641
f 15//1642 473//1642 338//1642
f 487//1643 287//1643 249//1643
f 346//1644 783//1644 723//1644
f 543//1645 145//1645 485//1645
f 95//1646 743//1646 660//1646
f 543//1647 110//1647 145//1647
f 451//1648 489//1648 483//1648
f 739//1649 583//1649 502//1649
f 47//1650 143//1650 506//1650
s 0
f 811//1651 812//1651 810//1651
s 1
f 785//1189 136//1189 351//1189
f 406//1395 136//1395 785//1395
l 705 786
l 377 788
l 353 796
l 817 818
l 259 802
l 147 803
l 355 806
l 547 807
l 35 808
l 291 809
l 36 787
l 772 789
l 548 791
l 604 795
l 340 801
l 819 820
l 819 821
l 381 794
l 165 797
l 813 814
l 798 799
l 821 822
l 551 790
l 351 792
l 447 793
l 135 798
l 799 800
l 351 804
l 591 805
l 815 816
l 815 817
